2025-12-18 09:20:09 - exhaustive_index - INFO - Starting process
2025-12-18 09:20:09 - exhaustive_index - INFO - Read 1 table(s) from /app/data/canada_us_uk_open_data/datasets_USA.zip
2025-12-18 09:20:12 - exhaustive_index - INFO - Read 101 table(s) from /app/data/canada_us_uk_open_data/datasets_USA.zip
2025-12-18 09:20:13 - exhaustive_index - INFO - Read 201 table(s) from /app/data/canada_us_uk_open_data/datasets_USA.zip
2025-12-18 09:20:15 - exhaustive_index - INFO - Read 301 table(s) from /app/data/canada_us_uk_open_data/datasets_USA.zip
2025-12-18 09:20:16 - exhaustive_index - INFO - Read 401 table(s) from /app/data/canada_us_uk_open_data/datasets_USA.zip
2025-12-18 09:20:17 - exhaustive_index - INFO - Read 501 table(s) from /app/data/canada_us_uk_open_data/datasets_USA.zip
2025-12-18 09:20:17 - exhaustive_index - INFO - Read 601 table(s) from /app/data/canada_us_uk_open_data/datasets_USA.zip
2025-12-18 09:20:17 - exhaustive_index - INFO - Read 701 table(s) from /app/data/canada_us_uk_open_data/datasets_USA.zip
2025-12-18 09:20:18 - exhaustive_index - INFO - Read 801 table(s) from /app/data/canada_us_uk_open_data/datasets_USA.zip
2025-12-18 09:20:18 - exhaustive_index - INFO - Read 901 table(s) from /app/data/canada_us_uk_open_data/datasets_USA.zip
2025-12-18 09:20:19 - exhaustive_index - INFO - Read 1001 table(s) from /app/data/canada_us_uk_open_data/datasets_USA.zip
2025-12-18 09:20:20 - exhaustive_index - INFO - Read 1101 table(s) from /app/data/canada_us_uk_open_data/datasets_USA.zip
2025-12-18 09:20:20 - exhaustive_index - INFO - Read 1201 table(s) from /app/data/canada_us_uk_open_data/datasets_USA.zip
2025-12-18 09:20:21 - exhaustive_index - INFO - Read 1301 table(s) from /app/data/canada_us_uk_open_data/datasets_USA.zip
2025-12-18 09:20:21 - exhaustive_index - INFO - Read 1401 table(s) from /app/data/canada_us_uk_open_data/datasets_USA.zip
2025-12-18 09:20:22 - exhaustive_index - INFO - Read 1501 table(s) from /app/data/canada_us_uk_open_data/datasets_USA.zip
2025-12-18 09:20:23 - exhaustive_index - INFO - Read 1601 table(s) from /app/data/canada_us_uk_open_data/datasets_USA.zip
2025-12-18 09:20:23 - exhaustive_index - INFO - Read 1701 table(s) from /app/data/canada_us_uk_open_data/datasets_USA.zip
2025-12-18 09:20:24 - exhaustive_index - INFO - Read 1801 table(s) from /app/data/canada_us_uk_open_data/datasets_USA.zip
2025-12-18 09:20:24 - exhaustive_index - INFO - Read 1901 table(s) from /app/data/canada_us_uk_open_data/datasets_USA.zip
2025-12-18 09:20:25 - exhaustive_index - INFO - Read 2001 table(s) from /app/data/canada_us_uk_open_data/datasets_USA.zip
2025-12-18 09:20:25 - exhaustive_index - INFO - Read 2101 table(s) from /app/data/canada_us_uk_open_data/datasets_USA.zip
2025-12-18 09:20:26 - exhaustive_index - INFO - Read 2201 table(s) from /app/data/canada_us_uk_open_data/datasets_USA.zip
2025-12-18 09:20:27 - exhaustive_index - INFO - Read 2301 table(s) from /app/data/canada_us_uk_open_data/datasets_USA.zip
2025-12-18 09:20:27 - exhaustive_index - INFO - Read 2401 table(s) from /app/data/canada_us_uk_open_data/datasets_USA.zip
2025-12-18 09:20:30 - exhaustive_index - INFO - Read 2501 table(s) from /app/data/canada_us_uk_open_data/datasets_USA.zip
2025-12-18 09:20:31 - exhaustive_index - INFO - Read 2601 table(s) from /app/data/canada_us_uk_open_data/datasets_USA.zip
2025-12-18 09:20:34 - exhaustive_index - INFO - Read 2701 table(s) from /app/data/canada_us_uk_open_data/datasets_USA.zip
2025-12-18 09:20:38 - exhaustive_index - INFO - Read 2801 table(s) from /app/data/canada_us_uk_open_data/datasets_USA.zip
2025-12-18 09:20:42 - exhaustive_index - INFO - Read 2901 table(s) from /app/data/canada_us_uk_open_data/datasets_USA.zip
2025-12-18 09:20:47 - exhaustive_index - INFO - Read 3001 table(s) from /app/data/canada_us_uk_open_data/datasets_USA.zip
2025-12-18 09:20:51 - exhaustive_index - INFO - Read 3101 table(s) from /app/data/canada_us_uk_open_data/datasets_USA.zip
2025-12-18 09:20:58 - exhaustive_index - INFO - Read 3201 table(s) from /app/data/canada_us_uk_open_data/datasets_USA.zip
2025-12-18 09:21:00 - exhaustive_index - INFO - Read 3301 table(s) from /app/data/canada_us_uk_open_data/datasets_USA.zip
2025-12-18 09:21:10 - exhaustive_index - INFO - Read 3401 table(s) from /app/data/canada_us_uk_open_data/datasets_USA.zip
2025-12-18 09:21:15 - exhaustive_index - INFO - Read 3501 table(s) from /app/data/canada_us_uk_open_data/datasets_USA.zip
2025-12-18 09:21:19 - exhaustive_index - INFO - Read 3601 table(s) from /app/data/canada_us_uk_open_data/datasets_USA.zip
2025-12-18 09:21:22 - exhaustive_index - INFO - Read 3701 table(s) from /app/data/canada_us_uk_open_data/datasets_USA.zip
2025-12-18 09:21:25 - exhaustive_index - INFO - Read 3801 table(s) from /app/data/canada_us_uk_open_data/datasets_USA.zip
2025-12-18 09:21:31 - exhaustive_index - INFO - Read 3901 table(s) from /app/data/canada_us_uk_open_data/datasets_USA.zip
2025-12-18 09:21:39 - exhaustive_index - INFO - Read 4001 table(s) from /app/data/canada_us_uk_open_data/datasets_USA.zip
2025-12-18 09:21:42 - exhaustive_index - INFO - Read 4101 table(s) from /app/data/canada_us_uk_open_data/datasets_USA.zip
2025-12-18 09:21:50 - exhaustive_index - INFO - Read 4201 table(s) from /app/data/canada_us_uk_open_data/datasets_USA.zip
2025-12-18 09:21:53 - exhaustive_index - INFO - Read 4301 table(s) from /app/data/canada_us_uk_open_data/datasets_USA.zip
2025-12-18 09:22:00 - exhaustive_index - INFO - Read 4401 table(s) from /app/data/canada_us_uk_open_data/datasets_USA.zip
2025-12-18 09:22:07 - exhaustive_index - INFO - Read 4501 table(s) from /app/data/canada_us_uk_open_data/datasets_USA.zip
2025-12-18 09:22:14 - exhaustive_index - INFO - Read 4601 table(s) from /app/data/canada_us_uk_open_data/datasets_USA.zip
2025-12-18 09:22:21 - exhaustive_index - INFO - Read 4701 table(s) from /app/data/canada_us_uk_open_data/datasets_USA.zip
2025-12-18 09:22:29 - exhaustive_index - INFO - Read 4801 table(s) from /app/data/canada_us_uk_open_data/datasets_USA.zip
2025-12-18 09:22:34 - exhaustive_index - INFO - Read 4901 table(s) from /app/data/canada_us_uk_open_data/datasets_USA.zip
2025-12-18 09:22:41 - exhaustive_index - INFO - Read 5001 table(s) from /app/data/canada_us_uk_open_data/datasets_USA.zip
2025-12-18 09:22:42 - exhaustive_index - INFO - Read 5101 table(s) from /app/data/canada_us_uk_open_data/datasets_USA.zip
2025-12-18 09:22:42 - exhaustive_index - INFO - Processing table 0 - datasets_USA/USA_CSV0000000000000009.csv
2025-12-18 09:22:42 - exhaustive_index - INFO - Table datasets_USA/USA_CSV0000000000000009.csv has 0 rows and 7 columns
2025-12-18 09:22:42 - exhaustive_index - INFO - Processed table 0 - datasets_USA/USA_CSV0000000000000009.csv
2025-12-18 09:22:44 - exhaustive_index - INFO - Processing table 1 - datasets_USA/USA_CSV0000000000000030.csv
2025-12-18 09:22:44 - exhaustive_index - INFO - Table datasets_USA/USA_CSV0000000000000030.csv has 154 rows and 10 columns
2025-12-18 09:22:44 - exhaustive_index - INFO - Processed table 1 - datasets_USA/USA_CSV0000000000000030.csv
2025-12-18 09:22:44 - exhaustive_index - INFO - Processing table 2 - datasets_USA/USA_CSV0000000000000153.csv
2025-12-18 09:22:44 - exhaustive_index - INFO - Table datasets_USA/USA_CSV0000000000000153.csv has 230 rows and 9 columns
2025-12-18 09:22:44 - exhaustive_index - INFO - Processed table 2 - datasets_USA/USA_CSV0000000000000153.csv
2025-12-18 09:22:45 - exhaustive_index - INFO - Processing table 3 - datasets_USA/USA_CSV0000000000000157.csv
2025-12-18 09:22:45 - exhaustive_index - INFO - Table datasets_USA/USA_CSV0000000000000157.csv has 302 rows and 10 columns
2025-12-18 09:22:45 - exhaustive_index - INFO - Processed table 3 - datasets_USA/USA_CSV0000000000000157.csv
2025-12-18 09:22:45 - exhaustive_index - INFO - Processing table 4 - datasets_USA/USA_CSV0000000000000230.csv
2025-12-18 09:22:45 - exhaustive_index - INFO - Table datasets_USA/USA_CSV0000000000000230.csv has 123 rows and 6 columns
2025-12-18 09:22:45 - exhaustive_index - INFO - Processed table 4 - datasets_USA/USA_CSV0000000000000230.csv
2025-12-18 09:22:45 - exhaustive_index - INFO - Processing table 5 - datasets_USA/USA_CSV0000000000000235.csv
2025-12-18 09:22:45 - exhaustive_index - INFO - Table datasets_USA/USA_CSV0000000000000235.csv has 274 rows and 6 columns
2025-12-18 09:22:45 - exhaustive_index - INFO - Processed table 5 - datasets_USA/USA_CSV0000000000000235.csv
2025-12-18 09:22:48 - exhaustive_index - INFO - Processing table 6 - datasets_USA/USA_CSV0000000000000373__10.csv
2025-12-18 09:22:48 - exhaustive_index - INFO - Table datasets_USA/USA_CSV0000000000000373__10.csv has 49504 rows and 8 columns
2025-12-18 09:22:48 - exhaustive_index - INFO - Processed table 6 - datasets_USA/USA_CSV0000000000000373__10.csv
2025-12-18 09:22:52 - exhaustive_index - INFO - Processing table 7 - datasets_USA/USA_CSV0000000000000376__0.csv
2025-12-18 09:22:52 - exhaustive_index - INFO - Table datasets_USA/USA_CSV0000000000000376__0.csv has 64691 rows and 7 columns
2025-12-18 09:22:52 - exhaustive_index - INFO - Processed table 7 - datasets_USA/USA_CSV0000000000000376__0.csv
2025-12-18 09:22:56 - exhaustive_index - INFO - Processing table 8 - datasets_USA/USA_CSV0000000000000382__50.csv
2025-12-18 09:22:56 - exhaustive_index - INFO - Table datasets_USA/USA_CSV0000000000000382__50.csv has 49504 rows and 8 columns
2025-12-18 09:22:56 - exhaustive_index - INFO - Processed table 8 - datasets_USA/USA_CSV0000000000000382__50.csv
2025-12-18 09:22:58 - exhaustive_index - INFO - Processing table 9 - datasets_USA/USA_CSV0000000000000463.csv
2025-12-18 09:22:58 - exhaustive_index - INFO - Table datasets_USA/USA_CSV0000000000000463.csv has 8760 rows and 21 columns
2025-12-18 09:22:58 - exhaustive_index - INFO - Processed table 9 - datasets_USA/USA_CSV0000000000000463.csv
2025-12-18 09:22:59 - exhaustive_index - INFO - Processing table 10 - datasets_USA/USA_CSV0000000000000470.csv
2025-12-18 09:22:59 - exhaustive_index - INFO - Table datasets_USA/USA_CSV0000000000000470.csv has 57 rows and 10 columns
2025-12-18 09:22:59 - exhaustive_index - INFO - Processed table 10 - datasets_USA/USA_CSV0000000000000470.csv
2025-12-18 09:23:05 - exhaustive_index - INFO - Processing table 11 - datasets_USA/USA_CSV0000000000000487.csv
2025-12-18 09:23:05 - exhaustive_index - INFO - Table datasets_USA/USA_CSV0000000000000487.csv has 92156 rows and 11 columns
2025-12-18 09:23:05 - exhaustive_index - INFO - Processed table 11 - datasets_USA/USA_CSV0000000000000487.csv
2025-12-18 09:23:08 - exhaustive_index - INFO - Processing table 12 - datasets_USA/USA_CSV0000000000000491.csv
2025-12-18 09:23:08 - exhaustive_index - INFO - Table datasets_USA/USA_CSV0000000000000491.csv has 8784 rows and 21 columns
2025-12-18 09:23:08 - exhaustive_index - INFO - Processed table 12 - datasets_USA/USA_CSV0000000000000491.csv
2025-12-18 09:23:10 - exhaustive_index - INFO - Processing table 13 - datasets_USA/USA_CSV0000000000000504__09.csv
2025-12-18 09:23:10 - exhaustive_index - INFO - Table datasets_USA/USA_CSV0000000000000504__09.csv has 33422 rows and 8 columns
2025-12-18 09:23:10 - exhaustive_index - INFO - Processed table 13 - datasets_USA/USA_CSV0000000000000504__09.csv
2025-12-18 09:23:11 - exhaustive_index - INFO - Processing table 14 - datasets_USA/USA_CSV0000000000000505.csv
2025-12-18 09:23:11 - exhaustive_index - INFO - Table datasets_USA/USA_CSV0000000000000505.csv has 6629 rows and 9 columns
2025-12-18 09:23:11 - exhaustive_index - INFO - Processed table 14 - datasets_USA/USA_CSV0000000000000505.csv
2025-12-18 09:23:19 - exhaustive_index - INFO - Processing table 15 - datasets_USA/USA_CSV0000000000000508.csv
2025-12-18 09:23:19 - exhaustive_index - INFO - Table datasets_USA/USA_CSV0000000000000508.csv has 121448 rows and 7 columns
2025-12-18 09:23:19 - exhaustive_index - INFO - Processed table 15 - datasets_USA/USA_CSV0000000000000508.csv
2025-12-18 09:23:22 - exhaustive_index - INFO - Processing table 16 - datasets_USA/USA_CSV0000000000000509.csv
2025-12-18 09:23:22 - exhaustive_index - INFO - Table datasets_USA/USA_CSV0000000000000509.csv has 8760 rows and 21 columns
2025-12-18 09:23:22 - exhaustive_index - INFO - Processed table 16 - datasets_USA/USA_CSV0000000000000509.csv
2025-12-18 09:23:23 - exhaustive_index - INFO - Processing table 17 - datasets_USA/USA_CSV0000000000000510.csv
2025-12-18 09:23:23 - exhaustive_index - INFO - Table datasets_USA/USA_CSV0000000000000510.csv has 487 rows and 14 columns
2025-12-18 09:23:23 - exhaustive_index - INFO - Processed table 17 - datasets_USA/USA_CSV0000000000000510.csv
2025-12-18 09:23:29 - exhaustive_index - INFO - Processing table 18 - datasets_USA/USA_CSV0000000000000511.csv
2025-12-18 09:23:29 - exhaustive_index - INFO - Table datasets_USA/USA_CSV0000000000000511.csv has 31436 rows and 22 columns
2025-12-18 09:23:29 - exhaustive_index - INFO - Processed table 18 - datasets_USA/USA_CSV0000000000000511.csv
2025-12-18 09:23:33 - exhaustive_index - INFO - Processing table 19 - datasets_USA/USA_CSV0000000000000514.csv
2025-12-18 09:23:33 - exhaustive_index - INFO - Table datasets_USA/USA_CSV0000000000000514.csv has 14011 rows and 19 columns
2025-12-18 09:23:33 - exhaustive_index - INFO - Processed table 19 - datasets_USA/USA_CSV0000000000000514.csv
2025-12-18 09:23:36 - exhaustive_index - INFO - Processing table 20 - datasets_USA/USA_CSV0000000000000517.csv
2025-12-18 09:23:36 - exhaustive_index - INFO - Table datasets_USA/USA_CSV0000000000000517.csv has 8760 rows and 21 columns
2025-12-18 09:23:36 - exhaustive_index - INFO - Processed table 20 - datasets_USA/USA_CSV0000000000000517.csv
2025-12-18 09:23:40 - exhaustive_index - INFO - Processing table 21 - datasets_USA/USA_CSV0000000000000520.csv
2025-12-18 09:23:40 - exhaustive_index - INFO - Table datasets_USA/USA_CSV0000000000000520.csv has 8760 rows and 21 columns
2025-12-18 09:23:40 - exhaustive_index - INFO - Processed table 21 - datasets_USA/USA_CSV0000000000000520.csv
2025-12-18 09:23:42 - exhaustive_index - INFO - Processing table 22 - datasets_USA/USA_CSV0000000000000522.csv
2025-12-18 09:23:42 - exhaustive_index - INFO - Table datasets_USA/USA_CSV0000000000000522.csv has 8784 rows and 21 columns
2025-12-18 09:23:42 - exhaustive_index - INFO - Processed table 22 - datasets_USA/USA_CSV0000000000000522.csv
2025-12-18 09:23:42 - exhaustive_index - INFO - Processing table 23 - datasets_USA/USA_CSV0000000000000524.csv
2025-12-18 09:23:42 - exhaustive_index - INFO - Table datasets_USA/USA_CSV0000000000000524.csv has 17 rows and 6 columns
2025-12-18 09:23:42 - exhaustive_index - INFO - Processed table 23 - datasets_USA/USA_CSV0000000000000524.csv
2025-12-18 09:23:43 - exhaustive_index - INFO - Processing table 24 - datasets_USA/USA_CSV0000000000000539.csv
2025-12-18 09:23:43 - exhaustive_index - INFO - Table datasets_USA/USA_CSV0000000000000539.csv has 35238 rows and 9 columns
2025-12-18 09:23:43 - exhaustive_index - INFO - Processed table 24 - datasets_USA/USA_CSV0000000000000539.csv
2025-12-18 09:23:44 - exhaustive_index - INFO - Processing table 25 - datasets_USA/USA_CSV0000000000000548.csv
2025-12-18 09:23:44 - exhaustive_index - INFO - Table datasets_USA/USA_CSV0000000000000548.csv has 34387 rows and 4 columns
2025-12-18 09:23:44 - exhaustive_index - INFO - Processed table 25 - datasets_USA/USA_CSV0000000000000548.csv
2025-12-18 09:24:04 - exhaustive_index - INFO - Processing table 26 - datasets_USA/USA_CSV0000000000000549.csv
2025-12-18 09:24:04 - exhaustive_index - INFO - Table datasets_USA/USA_CSV0000000000000549.csv has 24813 rows and 32 columns
2025-12-18 09:24:04 - exhaustive_index - INFO - Processed table 26 - datasets_USA/USA_CSV0000000000000549.csv
2025-12-18 09:24:05 - exhaustive_index - INFO - Processing table 27 - datasets_USA/USA_CSV0000000000000552.csv
2025-12-18 09:24:05 - exhaustive_index - INFO - Table datasets_USA/USA_CSV0000000000000552.csv has 85207 rows and 4 columns
2025-12-18 09:24:05 - exhaustive_index - INFO - Processed table 27 - datasets_USA/USA_CSV0000000000000552.csv
2025-12-18 09:24:06 - exhaustive_index - INFO - Processing table 28 - datasets_USA/USA_CSV0000000000000553.csv
2025-12-18 09:24:06 - exhaustive_index - INFO - Table datasets_USA/USA_CSV0000000000000553.csv has 81002 rows and 3 columns
2025-12-18 09:24:06 - exhaustive_index - INFO - Processed table 28 - datasets_USA/USA_CSV0000000000000553.csv
2025-12-18 09:24:08 - exhaustive_index - INFO - Processing table 29 - datasets_USA/USA_CSV0000000000000555.csv
2025-12-18 09:24:08 - exhaustive_index - INFO - Table datasets_USA/USA_CSV0000000000000555.csv has 91548 rows and 7 columns
2025-12-18 09:24:08 - exhaustive_index - INFO - Processed table 29 - datasets_USA/USA_CSV0000000000000555.csv
2025-12-18 09:24:09 - exhaustive_index - INFO - Processing table 30 - datasets_USA/USA_CSV0000000000000558.csv
2025-12-18 09:24:09 - exhaustive_index - INFO - Table datasets_USA/USA_CSV0000000000000558.csv has 40503 rows and 10 columns
2025-12-18 09:24:09 - exhaustive_index - INFO - Processed table 30 - datasets_USA/USA_CSV0000000000000558.csv
2025-12-18 09:24:09 - exhaustive_index - INFO - Processing table 31 - datasets_USA/USA_CSV0000000000000561.csv
2025-12-18 09:24:09 - exhaustive_index - INFO - Table datasets_USA/USA_CSV0000000000000561.csv has 54 rows and 4 columns
2025-12-18 09:24:09 - exhaustive_index - INFO - Processed table 31 - datasets_USA/USA_CSV0000000000000561.csv
2025-12-18 09:24:09 - exhaustive_index - INFO - Processing table 32 - datasets_USA/USA_CSV0000000000000562.csv
2025-12-18 09:24:09 - exhaustive_index - INFO - Table datasets_USA/USA_CSV0000000000000562.csv has 0 rows and 7 columns
2025-12-18 09:24:09 - exhaustive_index - INFO - Processed table 32 - datasets_USA/USA_CSV0000000000000562.csv
2025-12-18 09:24:16 - exhaustive_index - INFO - Processing table 33 - datasets_USA/USA_CSV0000000000000564.csv
2025-12-18 09:24:16 - exhaustive_index - INFO - Table datasets_USA/USA_CSV0000000000000564.csv has 49981 rows and 25 columns
2025-12-18 09:24:16 - exhaustive_index - INFO - Processed table 33 - datasets_USA/USA_CSV0000000000000564.csv
2025-12-18 09:24:19 - exhaustive_index - INFO - Processing table 34 - datasets_USA/USA_CSV0000000000000572.csv
2025-12-18 09:24:19 - exhaustive_index - INFO - Table datasets_USA/USA_CSV0000000000000572.csv has 8760 rows and 21 columns
2025-12-18 09:24:19 - exhaustive_index - INFO - Processed table 34 - datasets_USA/USA_CSV0000000000000572.csv
2025-12-18 09:24:20 - exhaustive_index - INFO - Processing table 35 - datasets_USA/USA_CSV0000000000000577.csv
2025-12-18 09:24:20 - exhaustive_index - INFO - Table datasets_USA/USA_CSV0000000000000577.csv has 34429 rows and 4 columns
2025-12-18 09:24:20 - exhaustive_index - INFO - Processed table 35 - datasets_USA/USA_CSV0000000000000577.csv
2025-12-18 09:24:20 - exhaustive_index - INFO - Processing table 36 - datasets_USA/USA_CSV0000000000000578.csv
2025-12-18 09:24:20 - exhaustive_index - INFO - Table datasets_USA/USA_CSV0000000000000578.csv has 586 rows and 3 columns
2025-12-18 09:24:20 - exhaustive_index - INFO - Processed table 36 - datasets_USA/USA_CSV0000000000000578.csv
2025-12-18 09:24:22 - exhaustive_index - INFO - Processing table 37 - datasets_USA/USA_CSV0000000000000584.csv
2025-12-18 09:24:22 - exhaustive_index - INFO - Table datasets_USA/USA_CSV0000000000000584.csv has 60838 rows and 6 columns
2025-12-18 09:24:22 - exhaustive_index - INFO - Processed table 37 - datasets_USA/USA_CSV0000000000000584.csv
2025-12-18 09:24:23 - exhaustive_index - INFO - Processing table 38 - datasets_USA/USA_CSV0000000000000585.csv
2025-12-18 09:24:23 - exhaustive_index - INFO - Table datasets_USA/USA_CSV0000000000000585.csv has 8760 rows and 21 columns
2025-12-18 09:24:23 - exhaustive_index - INFO - Processed table 38 - datasets_USA/USA_CSV0000000000000585.csv
2025-12-18 09:24:54 - exhaustive_index - INFO - Processing table 39 - datasets_USA/USA_CSV0000000000000601.csv
2025-12-18 09:24:54 - exhaustive_index - INFO - Table datasets_USA/USA_CSV0000000000000601.csv has 44274 rows and 23 columns
2025-12-18 09:24:54 - exhaustive_index - INFO - Processed table 39 - datasets_USA/USA_CSV0000000000000601.csv
2025-12-18 09:25:16 - exhaustive_index - INFO - Processing table 40 - datasets_USA/USA_CSV0000000000000610.csv
2025-12-18 09:25:16 - exhaustive_index - INFO - Table datasets_USA/USA_CSV0000000000000610.csv has 272750 rows and 25 columns
2025-12-18 09:25:16 - exhaustive_index - INFO - Processed table 40 - datasets_USA/USA_CSV0000000000000610.csv
2025-12-18 09:26:24 - exhaustive_index - INFO - Processing table 41 - datasets_USA/USA_CSV0000000000000620.csv
2025-12-18 09:26:24 - exhaustive_index - INFO - Table datasets_USA/USA_CSV0000000000000620.csv has 2645 rows and 36 columns
2025-12-18 09:26:24 - exhaustive_index - INFO - Processed table 41 - datasets_USA/USA_CSV0000000000000620.csv
2025-12-18 09:26:28 - exhaustive_index - INFO - Processing table 42 - datasets_USA/USA_CSV0000000000000622.csv
2025-12-18 09:26:28 - exhaustive_index - INFO - Table datasets_USA/USA_CSV0000000000000622.csv has 38674 rows and 25 columns
2025-12-18 09:26:28 - exhaustive_index - INFO - Processed table 42 - datasets_USA/USA_CSV0000000000000622.csv
2025-12-18 09:28:08 - exhaustive_index - INFO - Processing table 43 - datasets_USA/USA_CSV0000000000000636.csv
2025-12-18 09:28:08 - exhaustive_index - INFO - Table datasets_USA/USA_CSV0000000000000636.csv has 1518 rows and 77 columns
2025-12-18 09:28:08 - exhaustive_index - INFO - Processed table 43 - datasets_USA/USA_CSV0000000000000636.csv
2025-12-18 09:28:08 - exhaustive_index - INFO - Processing table 44 - datasets_USA/USA_CSV0000000000000638.csv
2025-12-18 09:28:08 - exhaustive_index - INFO - Table datasets_USA/USA_CSV0000000000000638.csv has 106 rows and 11 columns
2025-12-18 09:28:08 - exhaustive_index - INFO - Processed table 44 - datasets_USA/USA_CSV0000000000000638.csv
2025-12-18 09:28:10 - exhaustive_index - INFO - Processing table 45 - datasets_USA/USA_CSV0000000000000647.csv
2025-12-18 09:28:10 - exhaustive_index - INFO - Table datasets_USA/USA_CSV0000000000000647.csv has 13620 rows and 14 columns
2025-12-18 09:28:10 - exhaustive_index - INFO - Processed table 45 - datasets_USA/USA_CSV0000000000000647.csv
2025-12-18 09:28:12 - exhaustive_index - INFO - Processing table 46 - datasets_USA/USA_CSV0000000000000656.csv
2025-12-18 09:28:12 - exhaustive_index - INFO - Table datasets_USA/USA_CSV0000000000000656.csv has 73713 rows and 6 columns
2025-12-18 09:28:12 - exhaustive_index - INFO - Processed table 46 - datasets_USA/USA_CSV0000000000000656.csv
2025-12-18 09:28:52 - exhaustive_index - INFO - Processing table 47 - datasets_USA/USA_CSV0000000000000657.csv
2025-12-18 09:28:52 - exhaustive_index - INFO - Table datasets_USA/USA_CSV0000000000000657.csv has 189028 rows and 30 columns
2025-12-18 09:28:52 - exhaustive_index - INFO - Processed table 47 - datasets_USA/USA_CSV0000000000000657.csv
2025-12-18 09:28:52 - exhaustive_index - INFO - Processing table 48 - datasets_USA/USA_CSV0000000000000669.csv
2025-12-18 09:28:52 - exhaustive_index - INFO - Table datasets_USA/USA_CSV0000000000000669.csv has 39257 rows and 3 columns
2025-12-18 09:28:52 - exhaustive_index - INFO - Processed table 48 - datasets_USA/USA_CSV0000000000000669.csv
2025-12-18 09:28:54 - exhaustive_index - INFO - Processing table 49 - datasets_USA/USA_CSV0000000000000672.csv
2025-12-18 09:28:54 - exhaustive_index - INFO - Table datasets_USA/USA_CSV0000000000000672.csv has 8784 rows and 21 columns
2025-12-18 09:28:54 - exhaustive_index - INFO - Processed table 49 - datasets_USA/USA_CSV0000000000000672.csv
2025-12-18 09:28:55 - exhaustive_index - INFO - Processing table 50 - datasets_USA/USA_CSV0000000000000673.csv
2025-12-18 09:28:55 - exhaustive_index - INFO - Table datasets_USA/USA_CSV0000000000000673.csv has 136 rows and 17 columns
2025-12-18 09:28:55 - exhaustive_index - INFO - Processed table 50 - datasets_USA/USA_CSV0000000000000673.csv
2025-12-18 09:28:55 - exhaustive_index - INFO - Processing table 51 - datasets_USA/USA_CSV0000000000000682.csv
2025-12-18 09:28:55 - exhaustive_index - INFO - Table datasets_USA/USA_CSV0000000000000682.csv has 10 rows and 3 columns
2025-12-18 09:28:55 - exhaustive_index - INFO - Processed table 51 - datasets_USA/USA_CSV0000000000000682.csv
2025-12-18 09:28:58 - exhaustive_index - INFO - Processing table 52 - datasets_USA/USA_CSV0000000000000683.csv
2025-12-18 09:28:58 - exhaustive_index - INFO - Table datasets_USA/USA_CSV0000000000000683.csv has 8784 rows and 21 columns
2025-12-18 09:28:58 - exhaustive_index - INFO - Processed table 52 - datasets_USA/USA_CSV0000000000000683.csv
2025-12-18 09:29:54 - exhaustive_index - INFO - Processing table 53 - datasets_USA/USA_CSV0000000000000703.csv
2025-12-18 09:29:54 - exhaustive_index - INFO - Table datasets_USA/USA_CSV0000000000000703.csv has 25589 rows and 38 columns
2025-12-18 09:29:54 - exhaustive_index - INFO - Processed table 53 - datasets_USA/USA_CSV0000000000000703.csv
2025-12-18 09:29:58 - exhaustive_index - INFO - Processing table 54 - datasets_USA/USA_CSV0000000000000707.csv
2025-12-18 09:29:58 - exhaustive_index - INFO - Table datasets_USA/USA_CSV0000000000000707.csv has 78622 rows and 8 columns
2025-12-18 09:29:58 - exhaustive_index - INFO - Processed table 54 - datasets_USA/USA_CSV0000000000000707.csv
2025-12-18 09:30:01 - exhaustive_index - INFO - Processing table 55 - datasets_USA/USA_CSV0000000000000708.csv
2025-12-18 09:30:01 - exhaustive_index - INFO - Table datasets_USA/USA_CSV0000000000000708.csv has 8760 rows and 21 columns
2025-12-18 09:30:01 - exhaustive_index - INFO - Processed table 55 - datasets_USA/USA_CSV0000000000000708.csv
2025-12-18 09:30:19 - exhaustive_index - INFO - Processing table 56 - datasets_USA/USA_CSV0000000000000713.csv
2025-12-18 09:30:19 - exhaustive_index - INFO - Table datasets_USA/USA_CSV0000000000000713.csv has 12023 rows and 29 columns
2025-12-18 09:30:19 - exhaustive_index - INFO - Processed table 56 - datasets_USA/USA_CSV0000000000000713.csv
2025-12-18 09:30:20 - exhaustive_index - INFO - Processing table 57 - datasets_USA/USA_CSV0000000000000715.csv
2025-12-18 09:30:20 - exhaustive_index - INFO - Table datasets_USA/USA_CSV0000000000000715.csv has 8760 rows and 21 columns
2025-12-18 09:30:20 - exhaustive_index - INFO - Processed table 57 - datasets_USA/USA_CSV0000000000000715.csv
2025-12-18 09:30:25 - exhaustive_index - INFO - Processing table 58 - datasets_USA/USA_CSV0000000000000720.csv
2025-12-18 09:30:25 - exhaustive_index - INFO - Table datasets_USA/USA_CSV0000000000000720.csv has 302 rows and 16 columns
2025-12-18 09:30:25 - exhaustive_index - INFO - Processed table 58 - datasets_USA/USA_CSV0000000000000720.csv
2025-12-18 09:30:25 - exhaustive_index - INFO - Processing table 59 - datasets_USA/USA_CSV0000000000000724.csv
2025-12-18 09:30:25 - exhaustive_index - INFO - Table datasets_USA/USA_CSV0000000000000724.csv has 34429 rows and 4 columns
2025-12-18 09:30:25 - exhaustive_index - INFO - Processed table 59 - datasets_USA/USA_CSV0000000000000724.csv
2025-12-18 09:30:33 - exhaustive_index - INFO - Processing table 60 - datasets_USA/USA_CSV0000000000000727.csv
2025-12-18 09:30:33 - exhaustive_index - INFO - Table datasets_USA/USA_CSV0000000000000727.csv has 99845 rows and 8 columns
2025-12-18 09:30:33 - exhaustive_index - INFO - Processed table 60 - datasets_USA/USA_CSV0000000000000727.csv
2025-12-18 09:30:35 - exhaustive_index - INFO - Processing table 61 - datasets_USA/USA_CSV0000000000000730.csv
2025-12-18 09:30:35 - exhaustive_index - INFO - Table datasets_USA/USA_CSV0000000000000730.csv has 154 rows and 9 columns
2025-12-18 09:30:35 - exhaustive_index - INFO - Processed table 61 - datasets_USA/USA_CSV0000000000000730.csv
2025-12-18 09:30:38 - exhaustive_index - INFO - Processing table 62 - datasets_USA/USA_CSV0000000000000736.csv
2025-12-18 09:30:38 - exhaustive_index - INFO - Table datasets_USA/USA_CSV0000000000000736.csv has 8760 rows and 21 columns
2025-12-18 09:30:38 - exhaustive_index - INFO - Processed table 62 - datasets_USA/USA_CSV0000000000000736.csv
2025-12-18 09:30:39 - exhaustive_index - INFO - Processing table 63 - datasets_USA/USA_CSV0000000000000739.csv
2025-12-18 09:30:39 - exhaustive_index - INFO - Table datasets_USA/USA_CSV0000000000000739.csv has 9818 rows and 16 columns
2025-12-18 09:30:39 - exhaustive_index - INFO - Processed table 63 - datasets_USA/USA_CSV0000000000000739.csv
2025-12-18 09:30:40 - exhaustive_index - INFO - Processing table 64 - datasets_USA/USA_CSV0000000000000740.csv
2025-12-18 09:30:40 - exhaustive_index - INFO - Table datasets_USA/USA_CSV0000000000000740.csv has 281 rows and 10 columns
2025-12-18 09:30:40 - exhaustive_index - INFO - Processed table 64 - datasets_USA/USA_CSV0000000000000740.csv
2025-12-18 09:31:30 - exhaustive_index - INFO - Processing table 65 - datasets_USA/USA_CSV0000000000000744.csv
2025-12-18 09:31:30 - exhaustive_index - INFO - Table datasets_USA/USA_CSV0000000000000744.csv has 2399997 rows, sampling 1_000_000 rows
2025-12-18 09:31:30 - exhaustive_index - INFO - Table datasets_USA/USA_CSV0000000000000744.csv has 2399997 rows and 15 columns
2025-12-18 09:31:30 - exhaustive_index - INFO - Processed table 65 - datasets_USA/USA_CSV0000000000000744.csv
2025-12-18 09:31:35 - exhaustive_index - INFO - Processing table 66 - datasets_USA/USA_CSV0000000000000746.csv
2025-12-18 09:31:35 - exhaustive_index - INFO - Table datasets_USA/USA_CSV0000000000000746.csv has 30238 rows and 11 columns
2025-12-18 09:31:35 - exhaustive_index - INFO - Processed table 66 - datasets_USA/USA_CSV0000000000000746.csv
2025-12-18 09:31:37 - exhaustive_index - INFO - Processing table 67 - datasets_USA/USA_CSV0000000000000765.csv
2025-12-18 09:31:37 - exhaustive_index - INFO - Table datasets_USA/USA_CSV0000000000000765.csv has 8760 rows and 21 columns
2025-12-18 09:31:37 - exhaustive_index - INFO - Processed table 67 - datasets_USA/USA_CSV0000000000000765.csv
2025-12-18 09:31:39 - exhaustive_index - INFO - Processing table 68 - datasets_USA/USA_CSV0000000000000768.csv
2025-12-18 09:31:39 - exhaustive_index - INFO - Table datasets_USA/USA_CSV0000000000000768.csv has 8760 rows and 21 columns
2025-12-18 09:31:39 - exhaustive_index - INFO - Processed table 68 - datasets_USA/USA_CSV0000000000000768.csv
2025-12-18 09:31:39 - exhaustive_index - INFO - Processing table 69 - datasets_USA/USA_CSV0000000000000769.csv
2025-12-18 09:31:39 - exhaustive_index - INFO - Table datasets_USA/USA_CSV0000000000000769.csv has 801 rows and 9 columns
2025-12-18 09:31:39 - exhaustive_index - INFO - Processed table 69 - datasets_USA/USA_CSV0000000000000769.csv
2025-12-18 09:31:40 - exhaustive_index - INFO - Processing table 70 - datasets_USA/USA_CSV0000000000000796.csv
2025-12-18 09:31:40 - exhaustive_index - INFO - Table datasets_USA/USA_CSV0000000000000796.csv has 69392 rows and 4 columns
2025-12-18 09:31:40 - exhaustive_index - INFO - Processed table 70 - datasets_USA/USA_CSV0000000000000796.csv
2025-12-18 09:31:40 - exhaustive_index - INFO - Processing table 71 - datasets_USA/USA_CSV0000000000000806.csv
2025-12-18 09:31:55 - exhaustive_index - INFO - Processing table 72 - datasets_USA/USA_CSV0000000000000809.csv
2025-12-18 09:31:55 - exhaustive_index - INFO - Table datasets_USA/USA_CSV0000000000000809.csv has 44105 rows and 23 columns
2025-12-18 09:31:55 - exhaustive_index - INFO - Processed table 72 - datasets_USA/USA_CSV0000000000000809.csv
2025-12-18 09:31:59 - exhaustive_index - INFO - Processing table 73 - datasets_USA/USA_CSV0000000000000818.csv
2025-12-18 09:31:59 - exhaustive_index - INFO - Table datasets_USA/USA_CSV0000000000000818.csv has 35856 rows and 10 columns
2025-12-18 09:31:59 - exhaustive_index - INFO - Processed table 73 - datasets_USA/USA_CSV0000000000000818.csv
2025-12-18 09:32:02 - exhaustive_index - INFO - Processing table 74 - datasets_USA/USA_CSV0000000000000820.csv
2025-12-18 09:32:02 - exhaustive_index - INFO - Table datasets_USA/USA_CSV0000000000000820.csv has 15302 rows and 11 columns
2025-12-18 09:32:02 - exhaustive_index - INFO - Processed table 74 - datasets_USA/USA_CSV0000000000000820.csv
2025-12-18 09:32:04 - exhaustive_index - INFO - Processing table 75 - datasets_USA/USA_CSV0000000000000822.csv
2025-12-18 09:32:04 - exhaustive_index - INFO - Table datasets_USA/USA_CSV0000000000000822.csv has 8760 rows and 21 columns
2025-12-18 09:32:04 - exhaustive_index - INFO - Processed table 75 - datasets_USA/USA_CSV0000000000000822.csv
2025-12-18 09:32:04 - exhaustive_index - INFO - Processing table 76 - datasets_USA/USA_CSV0000000000000824.csv
2025-12-18 09:32:04 - exhaustive_index - INFO - Table datasets_USA/USA_CSV0000000000000824.csv has 123 rows and 5 columns
2025-12-18 09:32:04 - exhaustive_index - INFO - Processed table 76 - datasets_USA/USA_CSV0000000000000824.csv
2025-12-18 09:32:05 - exhaustive_index - INFO - Processing table 77 - datasets_USA/USA_CSV0000000000000830.csv
2025-12-18 09:32:05 - exhaustive_index - INFO - Table datasets_USA/USA_CSV0000000000000830.csv has 449 rows and 9 columns
2025-12-18 09:32:05 - exhaustive_index - INFO - Processed table 77 - datasets_USA/USA_CSV0000000000000830.csv
2025-12-18 09:32:06 - exhaustive_index - INFO - Processing table 78 - datasets_USA/USA_CSV0000000000000835.csv
2025-12-18 09:32:06 - exhaustive_index - INFO - Table datasets_USA/USA_CSV0000000000000835.csv has 64020 rows and 3 columns
2025-12-18 09:32:06 - exhaustive_index - INFO - Processed table 78 - datasets_USA/USA_CSV0000000000000835.csv
2025-12-18 09:33:13 - exhaustive_index - INFO - Processing table 79 - datasets_USA/USA_CSV0000000000000840.csv
2025-12-18 09:33:13 - exhaustive_index - INFO - Table datasets_USA/USA_CSV0000000000000840.csv has 152569 rows and 31 columns
2025-12-18 09:33:13 - exhaustive_index - INFO - Processed table 79 - datasets_USA/USA_CSV0000000000000840.csv
2025-12-18 09:34:40 - exhaustive_index - INFO - Processing table 80 - datasets_USA/USA_CSV0000000000000848.csv
2025-12-18 09:34:40 - exhaustive_index - INFO - Table datasets_USA/USA_CSV0000000000000848.csv has 24907 rows and 29 columns
2025-12-18 09:34:40 - exhaustive_index - INFO - Processed table 80 - datasets_USA/USA_CSV0000000000000848.csv
2025-12-18 09:34:42 - exhaustive_index - INFO - Processing table 81 - datasets_USA/USA_CSV0000000000000860.csv
2025-12-18 09:34:42 - exhaustive_index - INFO - Table datasets_USA/USA_CSV0000000000000860.csv has 44976 rows and 12 columns
2025-12-18 09:34:42 - exhaustive_index - INFO - Processed table 81 - datasets_USA/USA_CSV0000000000000860.csv
2025-12-18 09:34:45 - exhaustive_index - INFO - Processing table 82 - datasets_USA/USA_CSV0000000000000864__0.csv
2025-12-18 09:34:45 - exhaustive_index - INFO - Table datasets_USA/USA_CSV0000000000000864__0.csv has 64691 rows and 7 columns
2025-12-18 09:34:45 - exhaustive_index - INFO - Processed table 82 - datasets_USA/USA_CSV0000000000000864__0.csv
2025-12-18 09:34:47 - exhaustive_index - INFO - Processing table 83 - datasets_USA/USA_CSV0000000000000879.csv
2025-12-18 09:34:47 - exhaustive_index - INFO - Table datasets_USA/USA_CSV0000000000000879.csv has 17225 rows and 22 columns
2025-12-18 09:34:47 - exhaustive_index - INFO - Processed table 83 - datasets_USA/USA_CSV0000000000000879.csv
2025-12-18 09:34:49 - exhaustive_index - INFO - Processing table 84 - datasets_USA/USA_CSV0000000000000891.csv
2025-12-18 09:34:49 - exhaustive_index - INFO - Table datasets_USA/USA_CSV0000000000000891.csv has 15351 rows and 12 columns
2025-12-18 09:34:49 - exhaustive_index - INFO - Processed table 84 - datasets_USA/USA_CSV0000000000000891.csv
2025-12-18 09:34:49 - exhaustive_index - INFO - Processing table 85 - datasets_USA/USA_CSV0000000000000908.csv
2025-12-18 09:34:49 - exhaustive_index - INFO - Table datasets_USA/USA_CSV0000000000000908.csv has 265 rows and 6 columns
2025-12-18 09:34:49 - exhaustive_index - INFO - Processed table 85 - datasets_USA/USA_CSV0000000000000908.csv
2025-12-18 09:34:50 - exhaustive_index - INFO - Processing table 86 - datasets_USA/USA_CSV0000000000000909.csv
2025-12-18 09:34:50 - exhaustive_index - INFO - Table datasets_USA/USA_CSV0000000000000909.csv has 236 rows and 6 columns
2025-12-18 09:34:50 - exhaustive_index - INFO - Processed table 86 - datasets_USA/USA_CSV0000000000000909.csv
2025-12-18 09:34:51 - exhaustive_index - INFO - Processing table 87 - datasets_USA/USA_CSV0000000000000920.csv
2025-12-18 09:34:51 - exhaustive_index - INFO - Table datasets_USA/USA_CSV0000000000000920.csv has 13703 rows and 14 columns
2025-12-18 09:34:51 - exhaustive_index - INFO - Processed table 87 - datasets_USA/USA_CSV0000000000000920.csv
2025-12-18 09:34:52 - exhaustive_index - INFO - Processing table 88 - datasets_USA/USA_CSV0000000000000922.csv
2025-12-18 09:34:52 - exhaustive_index - INFO - Table datasets_USA/USA_CSV0000000000000922.csv has 1940 rows and 13 columns
2025-12-18 09:34:52 - exhaustive_index - INFO - Processed table 88 - datasets_USA/USA_CSV0000000000000922.csv
2025-12-18 09:34:53 - exhaustive_index - INFO - Processing table 89 - datasets_USA/USA_CSV0000000000000923.csv
2025-12-18 09:34:53 - exhaustive_index - INFO - Table datasets_USA/USA_CSV0000000000000923.csv has 27537 rows and 10 columns
2025-12-18 09:34:53 - exhaustive_index - INFO - Processed table 89 - datasets_USA/USA_CSV0000000000000923.csv
2025-12-18 09:34:53 - exhaustive_index - INFO - Processing table 90 - datasets_USA/USA_CSV0000000000000926.csv
2025-12-18 09:34:54 - exhaustive_index - INFO - Processing table 91 - datasets_USA/USA_CSV0000000000000928.csv
2025-12-18 09:34:54 - exhaustive_index - INFO - Table datasets_USA/USA_CSV0000000000000928.csv has 67221 rows and 3 columns
2025-12-18 09:34:54 - exhaustive_index - INFO - Processed table 91 - datasets_USA/USA_CSV0000000000000928.csv
2025-12-18 09:35:01 - exhaustive_index - INFO - Processing table 92 - datasets_USA/USA_CSV0000000000000945.csv
2025-12-18 09:35:01 - exhaustive_index - INFO - Table datasets_USA/USA_CSV0000000000000945.csv has 10577 rows and 20 columns
2025-12-18 09:35:01 - exhaustive_index - INFO - Processed table 92 - datasets_USA/USA_CSV0000000000000945.csv
2025-12-18 09:35:20 - exhaustive_index - INFO - Processing table 93 - datasets_USA/USA_CSV0000000000000949.csv
2025-12-18 09:35:20 - exhaustive_index - INFO - Table datasets_USA/USA_CSV0000000000000949.csv has 65219 rows and 22 columns
2025-12-18 09:35:20 - exhaustive_index - INFO - Processed table 93 - datasets_USA/USA_CSV0000000000000949.csv
2025-12-18 09:38:40 - exhaustive_index - INFO - Processing table 94 - datasets_USA/USA_CSV0000000000000960.csv
2025-12-18 09:38:40 - exhaustive_index - INFO - Table datasets_USA/USA_CSV0000000000000960.csv has 27312 rows and 32 columns
2025-12-18 09:38:40 - exhaustive_index - INFO - Processed table 94 - datasets_USA/USA_CSV0000000000000960.csv
2025-12-18 09:38:42 - exhaustive_index - INFO - Processing table 95 - datasets_USA/USA_CSV0000000000000965.csv
2025-12-18 09:38:42 - exhaustive_index - INFO - Table datasets_USA/USA_CSV0000000000000965.csv has 397 rows and 9 columns
2025-12-18 09:38:42 - exhaustive_index - INFO - Processed table 95 - datasets_USA/USA_CSV0000000000000965.csv
2025-12-18 09:38:50 - exhaustive_index - INFO - Processing table 96 - datasets_USA/USA_CSV0000000000000984.csv
2025-12-18 09:38:50 - exhaustive_index - INFO - Table datasets_USA/USA_CSV0000000000000984.csv has 50646 rows and 12 columns
2025-12-18 09:38:50 - exhaustive_index - INFO - Processed table 96 - datasets_USA/USA_CSV0000000000000984.csv
2025-12-18 09:39:16 - exhaustive_index - INFO - Processing table 97 - datasets_USA/USA_CSV0000000000000999.csv
2025-12-18 09:39:16 - exhaustive_index - INFO - Table datasets_USA/USA_CSV0000000000000999.csv has 8105 rows and 23 columns
2025-12-18 09:39:16 - exhaustive_index - INFO - Processed table 97 - datasets_USA/USA_CSV0000000000000999.csv
2025-12-18 09:39:16 - exhaustive_index - INFO - Processing table 98 - datasets_USA/USA_CSV0000000000001003.csv
2025-12-18 09:39:16 - exhaustive_index - INFO - Table datasets_USA/USA_CSV0000000000001003.csv has 1610 rows and 4 columns
2025-12-18 09:39:16 - exhaustive_index - INFO - Processed table 98 - datasets_USA/USA_CSV0000000000001003.csv
2025-12-18 09:39:17 - exhaustive_index - INFO - Processing table 99 - datasets_USA/USA_CSV0000000000001021.csv
2025-12-18 09:39:17 - exhaustive_index - INFO - Table datasets_USA/USA_CSV0000000000001021.csv has 14085 rows and 9 columns
2025-12-18 09:39:17 - exhaustive_index - INFO - Processed table 99 - datasets_USA/USA_CSV0000000000001021.csv
2025-12-18 09:39:27 - exhaustive_index - INFO - Processing table 100 - datasets_USA/USA_CSV0000000000001023.csv
2025-12-18 09:39:27 - exhaustive_index - INFO - Table datasets_USA/USA_CSV0000000000001023.csv has 1002 rows and 27 columns
2025-12-18 09:39:27 - exhaustive_index - INFO - Processed table 100 - datasets_USA/USA_CSV0000000000001023.csv
2025-12-18 09:39:29 - exhaustive_index - INFO - Processing table 101 - datasets_USA/USA_CSV0000000000001026.csv
2025-12-18 09:39:29 - exhaustive_index - INFO - Table datasets_USA/USA_CSV0000000000001026.csv has 70 rows and 32 columns
2025-12-18 09:39:29 - exhaustive_index - INFO - Processed table 101 - datasets_USA/USA_CSV0000000000001026.csv
2025-12-18 09:55:17 - exhaustive_index - INFO - Processing table 102 - datasets_USA/USA_CSV0000000000001027.csv
2025-12-18 09:55:17 - exhaustive_index - INFO - Table datasets_USA/USA_CSV0000000000001027.csv has 5225 rows and 98 columns
2025-12-18 09:55:17 - exhaustive_index - INFO - Processed table 102 - datasets_USA/USA_CSV0000000000001027.csv
2025-12-18 09:55:27 - exhaustive_index - INFO - Processing table 103 - datasets_USA/USA_CSV0000000000001050.csv
2025-12-18 09:55:27 - exhaustive_index - INFO - Table datasets_USA/USA_CSV0000000000001050.csv has 1001 rows and 27 columns
2025-12-18 09:55:27 - exhaustive_index - INFO - Processed table 103 - datasets_USA/USA_CSV0000000000001050.csv
2025-12-18 09:55:28 - exhaustive_index - INFO - Processing table 104 - datasets_USA/USA_CSV0000000000001051.csv
2025-12-18 09:55:28 - exhaustive_index - INFO - Table datasets_USA/USA_CSV0000000000001051.csv has 8160 rows and 11 columns
2025-12-18 09:55:28 - exhaustive_index - INFO - Processed table 104 - datasets_USA/USA_CSV0000000000001051.csv
2025-12-18 09:56:36 - exhaustive_index - INFO - Processing table 105 - datasets_USA/USA_CSV0000000000001056.csv
2025-12-18 09:56:36 - exhaustive_index - INFO - Table datasets_USA/USA_CSV0000000000001056.csv has 2645 rows and 36 columns
2025-12-18 09:56:36 - exhaustive_index - INFO - Processed table 105 - datasets_USA/USA_CSV0000000000001056.csv
2025-12-18 09:56:39 - exhaustive_index - INFO - Processing table 106 - datasets_USA/USA_CSV0000000000001061.csv
2025-12-18 09:56:39 - exhaustive_index - INFO - Table datasets_USA/USA_CSV0000000000001061.csv has 67712 rows and 18 columns
2025-12-18 09:56:39 - exhaustive_index - INFO - Processed table 106 - datasets_USA/USA_CSV0000000000001061.csv
2025-12-18 09:56:39 - exhaustive_index - INFO - Processing table 107 - datasets_USA/USA_CSV0000000000001064.csv
2025-12-18 09:56:39 - exhaustive_index - INFO - Table datasets_USA/USA_CSV0000000000001064.csv has 843 rows and 6 columns
2025-12-18 09:56:39 - exhaustive_index - INFO - Processed table 107 - datasets_USA/USA_CSV0000000000001064.csv
2025-12-18 09:56:40 - exhaustive_index - INFO - Processing table 108 - datasets_USA/USA_CSV0000000000001069.csv
2025-12-18 09:56:40 - exhaustive_index - INFO - Table datasets_USA/USA_CSV0000000000001069.csv has 13953 rows and 6 columns
2025-12-18 09:56:40 - exhaustive_index - INFO - Processed table 108 - datasets_USA/USA_CSV0000000000001069.csv
2025-12-18 09:56:41 - exhaustive_index - INFO - Processing table 109 - datasets_USA/USA_CSV0000000000001070.csv
2025-12-18 09:56:41 - exhaustive_index - INFO - Table datasets_USA/USA_CSV0000000000001070.csv has 422 rows and 8 columns
2025-12-18 09:56:41 - exhaustive_index - INFO - Processed table 109 - datasets_USA/USA_CSV0000000000001070.csv
2025-12-18 09:56:43 - exhaustive_index - INFO - Processing table 110 - datasets_USA/USA_CSV0000000000001094.csv
2025-12-18 09:56:43 - exhaustive_index - INFO - Table datasets_USA/USA_CSV0000000000001094.csv has 2217 rows and 12 columns
2025-12-18 09:56:43 - exhaustive_index - INFO - Processed table 110 - datasets_USA/USA_CSV0000000000001094.csv
2025-12-18 09:56:43 - exhaustive_index - INFO - Processing table 111 - datasets_USA/USA_CSV0000000000001106.csv
2025-12-18 09:56:43 - exhaustive_index - INFO - Table datasets_USA/USA_CSV0000000000001106.csv has 127 rows and 5 columns
2025-12-18 09:56:43 - exhaustive_index - INFO - Processed table 111 - datasets_USA/USA_CSV0000000000001106.csv
2025-12-18 09:57:21 - exhaustive_index - INFO - Processing table 112 - datasets_USA/USA_CSV0000000000001151.csv
2025-12-18 09:57:21 - exhaustive_index - INFO - Table datasets_USA/USA_CSV0000000000001151.csv has 17152 rows and 35 columns
2025-12-18 09:57:21 - exhaustive_index - INFO - Processed table 112 - datasets_USA/USA_CSV0000000000001151.csv
2025-12-18 09:57:32 - exhaustive_index - INFO - Processing table 113 - datasets_USA/USA_CSV0000000000001168.csv
2025-12-18 09:57:32 - exhaustive_index - INFO - Table datasets_USA/USA_CSV0000000000001168.csv has 13381 rows and 30 columns
2025-12-18 09:57:32 - exhaustive_index - INFO - Processed table 113 - datasets_USA/USA_CSV0000000000001168.csv
2025-12-18 09:57:37 - exhaustive_index - INFO - Processing table 114 - datasets_USA/USA_CSV0000000000001176.csv
2025-12-18 09:57:37 - exhaustive_index - INFO - Table datasets_USA/USA_CSV0000000000001176.csv has 15840 rows and 23 columns
2025-12-18 09:57:37 - exhaustive_index - INFO - Processed table 114 - datasets_USA/USA_CSV0000000000001176.csv
2025-12-18 09:57:42 - exhaustive_index - INFO - Processing table 115 - datasets_USA/USA_CSV0000000000001213.csv
2025-12-18 09:57:42 - exhaustive_index - INFO - Table datasets_USA/USA_CSV0000000000001213.csv has 3450 rows and 18 columns
2025-12-18 09:57:42 - exhaustive_index - INFO - Processed table 115 - datasets_USA/USA_CSV0000000000001213.csv
2025-12-18 09:57:44 - exhaustive_index - INFO - Processing table 116 - datasets_USA/USA_CSV0000000000001218.csv
2025-12-18 09:57:44 - exhaustive_index - INFO - Table datasets_USA/USA_CSV0000000000001218.csv has 33376 rows and 9 columns
2025-12-18 09:57:44 - exhaustive_index - INFO - Processed table 116 - datasets_USA/USA_CSV0000000000001218.csv
2025-12-18 09:57:46 - exhaustive_index - INFO - Processing table 117 - datasets_USA/USA_CSV0000000000001231.csv
2025-12-18 09:57:46 - exhaustive_index - INFO - Table datasets_USA/USA_CSV0000000000001231.csv has 13887 rows and 8 columns
2025-12-18 09:57:46 - exhaustive_index - INFO - Processed table 117 - datasets_USA/USA_CSV0000000000001231.csv
2025-12-18 09:57:53 - exhaustive_index - INFO - Processing table 118 - datasets_USA/USA_CSV0000000000001243.csv
2025-12-18 09:57:53 - exhaustive_index - INFO - Table datasets_USA/USA_CSV0000000000001243.csv has 51906 rows and 20 columns
2025-12-18 09:57:53 - exhaustive_index - INFO - Processed table 118 - datasets_USA/USA_CSV0000000000001243.csv
2025-12-18 09:57:54 - exhaustive_index - INFO - Processing table 119 - datasets_USA/USA_CSV0000000000001271.csv
2025-12-18 09:57:54 - exhaustive_index - INFO - Table datasets_USA/USA_CSV0000000000001271.csv has 32543 rows and 7 columns
2025-12-18 09:57:54 - exhaustive_index - INFO - Processed table 119 - datasets_USA/USA_CSV0000000000001271.csv
2025-12-18 09:57:58 - exhaustive_index - INFO - Processing table 120 - datasets_USA/USA_CSV0000000000001272.csv
2025-12-18 09:57:58 - exhaustive_index - INFO - Table datasets_USA/USA_CSV0000000000001272.csv has 4358 rows and 16 columns
2025-12-18 09:57:58 - exhaustive_index - INFO - Processed table 120 - datasets_USA/USA_CSV0000000000001272.csv
2025-12-18 09:57:58 - exhaustive_index - INFO - Processing table 121 - datasets_USA/USA_CSV0000000000001315.csv
2025-12-18 09:57:58 - exhaustive_index - INFO - Table datasets_USA/USA_CSV0000000000001315.csv has 61505 rows and 11 columns
2025-12-18 09:57:58 - exhaustive_index - INFO - Processed table 121 - datasets_USA/USA_CSV0000000000001315.csv
2025-12-18 09:58:06 - exhaustive_index - INFO - Processing table 122 - datasets_USA/USA_CSV0000000000001317.csv
2025-12-18 09:58:06 - exhaustive_index - INFO - Table datasets_USA/USA_CSV0000000000001317.csv has 86003 rows and 7 columns
2025-12-18 09:58:06 - exhaustive_index - INFO - Processed table 122 - datasets_USA/USA_CSV0000000000001317.csv
2025-12-18 09:58:06 - exhaustive_index - INFO - Processing table 123 - datasets_USA/USA_CSV0000000000001331.csv
2025-12-18 09:58:06 - exhaustive_index - INFO - Table datasets_USA/USA_CSV0000000000001331.csv has 195 rows and 6 columns
2025-12-18 09:58:06 - exhaustive_index - INFO - Processed table 123 - datasets_USA/USA_CSV0000000000001331.csv
2025-12-18 09:58:12 - exhaustive_index - INFO - Processing table 124 - datasets_USA/USA_CSV0000000000001335.csv
2025-12-18 09:58:12 - exhaustive_index - INFO - Table datasets_USA/USA_CSV0000000000001335.csv has 42843 rows and 21 columns
2025-12-18 09:58:12 - exhaustive_index - INFO - Processed table 124 - datasets_USA/USA_CSV0000000000001335.csv
2025-12-18 09:59:09 - exhaustive_index - INFO - Processing table 125 - datasets_USA/USA_CSV0000000000001344.csv
2025-12-18 09:59:09 - exhaustive_index - INFO - Table datasets_USA/USA_CSV0000000000001344.csv has 25764 rows and 16 columns
2025-12-18 09:59:09 - exhaustive_index - INFO - Processed table 125 - datasets_USA/USA_CSV0000000000001344.csv
2025-12-18 09:59:11 - exhaustive_index - INFO - Processing table 126 - datasets_USA/USA_CSV0000000000001356.csv
2025-12-18 09:59:11 - exhaustive_index - INFO - Table datasets_USA/USA_CSV0000000000001356.csv has 9544 rows and 9 columns
2025-12-18 09:59:11 - exhaustive_index - INFO - Processed table 126 - datasets_USA/USA_CSV0000000000001356.csv
2025-12-18 09:59:17 - exhaustive_index - INFO - Processing table 127 - datasets_USA/USA_CSV0000000000001360.csv
2025-12-18 09:59:17 - exhaustive_index - INFO - Table datasets_USA/USA_CSV0000000000001360.csv has 50272 rows and 18 columns
2025-12-18 09:59:17 - exhaustive_index - INFO - Processed table 127 - datasets_USA/USA_CSV0000000000001360.csv
2025-12-18 09:59:19 - exhaustive_index - INFO - Processing table 128 - datasets_USA/USA_CSV0000000000001368.csv
2025-12-18 09:59:19 - exhaustive_index - INFO - Table datasets_USA/USA_CSV0000000000001368.csv has 28162 rows and 10 columns
2025-12-18 09:59:19 - exhaustive_index - INFO - Processed table 128 - datasets_USA/USA_CSV0000000000001368.csv
2025-12-18 09:59:20 - exhaustive_index - INFO - Processing table 129 - datasets_USA/USA_CSV0000000000001376.csv
2025-12-18 09:59:20 - exhaustive_index - INFO - Table datasets_USA/USA_CSV0000000000001376.csv has 833 rows and 10 columns
2025-12-18 09:59:20 - exhaustive_index - INFO - Processed table 129 - datasets_USA/USA_CSV0000000000001376.csv
2025-12-18 09:59:21 - exhaustive_index - INFO - Processing table 130 - datasets_USA/USA_CSV0000000000001388.csv
2025-12-18 09:59:21 - exhaustive_index - INFO - Table datasets_USA/USA_CSV0000000000001388.csv has 21624 rows and 17 columns
2025-12-18 09:59:21 - exhaustive_index - INFO - Processed table 130 - datasets_USA/USA_CSV0000000000001388.csv
2025-12-18 09:59:22 - exhaustive_index - INFO - Processing table 131 - datasets_USA/USA_CSV0000000000001394.csv
2025-12-18 09:59:22 - exhaustive_index - INFO - Table datasets_USA/USA_CSV0000000000001394.csv has 364 rows and 11 columns
2025-12-18 09:59:22 - exhaustive_index - INFO - Processed table 131 - datasets_USA/USA_CSV0000000000001394.csv
2025-12-18 09:59:25 - exhaustive_index - INFO - Processing table 132 - datasets_USA/USA_CSV0000000000001404.csv
2025-12-18 09:59:25 - exhaustive_index - INFO - Table datasets_USA/USA_CSV0000000000001404.csv has 18876 rows and 11 columns
2025-12-18 09:59:25 - exhaustive_index - INFO - Processed table 132 - datasets_USA/USA_CSV0000000000001404.csv
2025-12-18 09:59:28 - exhaustive_index - INFO - Processing table 133 - datasets_USA/USA_CSV0000000000001420.csv
2025-12-18 09:59:28 - exhaustive_index - INFO - Table datasets_USA/USA_CSV0000000000001420.csv has 27720 rows and 7 columns
2025-12-18 09:59:28 - exhaustive_index - INFO - Processed table 133 - datasets_USA/USA_CSV0000000000001420.csv
2025-12-18 09:59:48 - exhaustive_index - INFO - Processing table 134 - datasets_USA/USA_CSV0000000000001428.csv
2025-12-18 09:59:48 - exhaustive_index - INFO - Table datasets_USA/USA_CSV0000000000001428.csv has 422 rows and 57 columns
2025-12-18 09:59:48 - exhaustive_index - INFO - Processed table 134 - datasets_USA/USA_CSV0000000000001428.csv
2025-12-18 09:59:51 - exhaustive_index - INFO - Processing table 135 - datasets_USA/USA_CSV0000000000001434.csv
2025-12-18 09:59:51 - exhaustive_index - INFO - Table datasets_USA/USA_CSV0000000000001434.csv has 6229 rows and 13 columns
2025-12-18 09:59:51 - exhaustive_index - INFO - Processed table 135 - datasets_USA/USA_CSV0000000000001434.csv
2025-12-18 09:59:54 - exhaustive_index - INFO - Processing table 136 - datasets_USA/USA_CSV0000000000001438.csv
2025-12-18 09:59:54 - exhaustive_index - INFO - Table datasets_USA/USA_CSV0000000000001438.csv has 44759 rows and 7 columns
2025-12-18 09:59:54 - exhaustive_index - INFO - Processed table 136 - datasets_USA/USA_CSV0000000000001438.csv
2025-12-18 09:59:54 - exhaustive_index - INFO - Processing table 137 - datasets_USA/USA_CSV0000000000001445.csv
2025-12-18 09:59:54 - exhaustive_index - INFO - Table datasets_USA/USA_CSV0000000000001445.csv has 60 rows and 17 columns
2025-12-18 09:59:54 - exhaustive_index - INFO - Processed table 137 - datasets_USA/USA_CSV0000000000001445.csv
2025-12-18 09:59:55 - exhaustive_index - INFO - Processing table 138 - datasets_USA/USA_CSV0000000000001460.csv
2025-12-18 09:59:55 - exhaustive_index - INFO - Table datasets_USA/USA_CSV0000000000001460.csv has 98441 rows and 3 columns
2025-12-18 09:59:55 - exhaustive_index - INFO - Processed table 138 - datasets_USA/USA_CSV0000000000001460.csv
2025-12-18 09:59:56 - exhaustive_index - INFO - Processing table 139 - datasets_USA/USA_CSV0000000000001465.csv
2025-12-18 09:59:56 - exhaustive_index - INFO - Table datasets_USA/USA_CSV0000000000001465.csv has 397 rows and 16 columns
2025-12-18 09:59:56 - exhaustive_index - INFO - Processed table 139 - datasets_USA/USA_CSV0000000000001465.csv
2025-12-18 09:59:56 - exhaustive_index - INFO - Processing table 140 - datasets_USA/USA_CSV0000000000001501.csv
2025-12-18 09:59:56 - exhaustive_index - INFO - Table datasets_USA/USA_CSV0000000000001501.csv has 191 rows and 7 columns
2025-12-18 09:59:56 - exhaustive_index - INFO - Processed table 140 - datasets_USA/USA_CSV0000000000001501.csv
2025-12-18 09:59:58 - exhaustive_index - INFO - Processing table 141 - datasets_USA/USA_CSV0000000000001506.csv
2025-12-18 09:59:58 - exhaustive_index - INFO - Table datasets_USA/USA_CSV0000000000001506.csv has 41156 rows and 18 columns
2025-12-18 09:59:58 - exhaustive_index - INFO - Processed table 141 - datasets_USA/USA_CSV0000000000001506.csv
2025-12-18 10:00:00 - exhaustive_index - INFO - Processing table 142 - datasets_USA/USA_CSV0000000000001511.csv
2025-12-18 10:00:00 - exhaustive_index - INFO - Table datasets_USA/USA_CSV0000000000001511.csv has 15377 rows and 5 columns
2025-12-18 10:00:00 - exhaustive_index - INFO - Processed table 142 - datasets_USA/USA_CSV0000000000001511.csv
2025-12-18 10:00:01 - exhaustive_index - INFO - Processing table 143 - datasets_USA/USA_CSV0000000000001535.csv
2025-12-18 10:00:01 - exhaustive_index - INFO - Table datasets_USA/USA_CSV0000000000001535.csv has 27514 rows and 15 columns
2025-12-18 10:00:01 - exhaustive_index - INFO - Processed table 143 - datasets_USA/USA_CSV0000000000001535.csv
2025-12-18 10:00:01 - exhaustive_index - INFO - Processing table 144 - datasets_USA/USA_CSV0000000000001541.csv
2025-12-18 10:00:01 - exhaustive_index - INFO - Table datasets_USA/USA_CSV0000000000001541.csv has 13 rows and 14 columns
2025-12-18 10:00:01 - exhaustive_index - INFO - Processed table 144 - datasets_USA/USA_CSV0000000000001541.csv
2025-12-18 10:00:03 - exhaustive_index - INFO - Processing table 145 - datasets_USA/USA_CSV0000000000001554.csv
2025-12-18 10:00:03 - exhaustive_index - INFO - Table datasets_USA/USA_CSV0000000000001554.csv has 13896 rows and 9 columns
2025-12-18 10:00:03 - exhaustive_index - INFO - Processed table 145 - datasets_USA/USA_CSV0000000000001554.csv
2025-12-18 10:00:03 - exhaustive_index - INFO - Processing table 146 - datasets_USA/USA_CSV0000000000001556.csv
2025-12-18 10:00:03 - exhaustive_index - INFO - Table datasets_USA/USA_CSV0000000000001556.csv has 51083 rows and 11 columns
2025-12-18 10:00:03 - exhaustive_index - INFO - Processed table 146 - datasets_USA/USA_CSV0000000000001556.csv
2025-12-18 10:00:03 - exhaustive_index - INFO - Processing table 147 - datasets_USA/USA_CSV0000000000001559.csv
2025-12-18 10:00:03 - exhaustive_index - INFO - Table datasets_USA/USA_CSV0000000000001559.csv has 207 rows and 6 columns
2025-12-18 10:00:03 - exhaustive_index - INFO - Processed table 147 - datasets_USA/USA_CSV0000000000001559.csv
2025-12-18 10:00:03 - exhaustive_index - INFO - Processing table 148 - datasets_USA/USA_CSV0000000000001600.csv
2025-12-18 10:00:03 - exhaustive_index - INFO - Table datasets_USA/USA_CSV0000000000001600.csv has 9 rows and 4 columns
2025-12-18 10:00:03 - exhaustive_index - INFO - Processed table 148 - datasets_USA/USA_CSV0000000000001600.csv
2025-12-18 10:00:04 - exhaustive_index - INFO - Processing table 149 - datasets_USA/USA_CSV0000000000001618.csv
2025-12-18 10:00:04 - exhaustive_index - INFO - Table datasets_USA/USA_CSV0000000000001618.csv has 98230 rows and 6 columns
2025-12-18 10:00:04 - exhaustive_index - INFO - Processed table 149 - datasets_USA/USA_CSV0000000000001618.csv
2025-12-18 10:00:47 - exhaustive_index - INFO - Processing table 150 - datasets_USA/USA_CSV0000000000001623.csv
2025-12-18 10:00:47 - exhaustive_index - INFO - Table datasets_USA/USA_CSV0000000000001623.csv has 22708 rows and 16 columns
2025-12-18 10:00:47 - exhaustive_index - INFO - Processed table 150 - datasets_USA/USA_CSV0000000000001623.csv
2025-12-18 10:00:47 - exhaustive_index - INFO - Processing table 151 - datasets_USA/USA_CSV0000000000001630.csv
2025-12-18 10:00:47 - exhaustive_index - INFO - Table datasets_USA/USA_CSV0000000000001630.csv has 162 rows and 8 columns
2025-12-18 10:00:47 - exhaustive_index - INFO - Processed table 151 - datasets_USA/USA_CSV0000000000001630.csv
2025-12-18 10:00:49 - exhaustive_index - INFO - Processing table 152 - datasets_USA/USA_CSV0000000000001635.csv
2025-12-18 10:00:49 - exhaustive_index - INFO - Table datasets_USA/USA_CSV0000000000001635.csv has 14794 rows and 21 columns
2025-12-18 10:00:49 - exhaustive_index - INFO - Processed table 152 - datasets_USA/USA_CSV0000000000001635.csv
2025-12-18 10:00:58 - exhaustive_index - INFO - Processing table 153 - datasets_USA/USA_CSV0000000000001657.csv
2025-12-18 10:00:58 - exhaustive_index - INFO - Table datasets_USA/USA_CSV0000000000001657.csv has 81578 rows and 13 columns
2025-12-18 10:00:58 - exhaustive_index - INFO - Processed table 153 - datasets_USA/USA_CSV0000000000001657.csv
2025-12-18 10:01:13 - exhaustive_index - INFO - Processing table 154 - datasets_USA/USA_CSV0000000000001676.csv
2025-12-18 10:01:13 - exhaustive_index - INFO - Table datasets_USA/USA_CSV0000000000001676.csv has 43928 rows and 21 columns
2025-12-18 10:01:13 - exhaustive_index - INFO - Processed table 154 - datasets_USA/USA_CSV0000000000001676.csv
2025-12-18 10:01:13 - exhaustive_index - INFO - Processing table 155 - datasets_USA/USA_CSV0000000000001691.csv
2025-12-18 10:01:16 - exhaustive_index - INFO - Processing table 156 - datasets_USA/USA_CSV0000000000001722.csv
2025-12-18 10:01:16 - exhaustive_index - INFO - Table datasets_USA/USA_CSV0000000000001722.csv has 87 rows and 27 columns
2025-12-18 10:01:16 - exhaustive_index - INFO - Processed table 156 - datasets_USA/USA_CSV0000000000001722.csv
2025-12-18 10:19:34 - exhaustive_index - INFO - Processing table 157 - datasets_USA/USA_CSV0000000000001724.csv
2025-12-18 10:19:34 - exhaustive_index - INFO - Table datasets_USA/USA_CSV0000000000001724.csv has 7703 rows and 84 columns
2025-12-18 10:19:34 - exhaustive_index - INFO - Processed table 157 - datasets_USA/USA_CSV0000000000001724.csv
2025-12-18 10:19:34 - exhaustive_index - INFO - Processing table 158 - datasets_USA/USA_CSV0000000000001736.csv
2025-12-18 10:19:34 - exhaustive_index - INFO - Table datasets_USA/USA_CSV0000000000001736.csv has 34679 rows and 7 columns
2025-12-18 10:19:34 - exhaustive_index - INFO - Processed table 158 - datasets_USA/USA_CSV0000000000001736.csv
2025-12-18 10:19:35 - exhaustive_index - INFO - Processing table 159 - datasets_USA/USA_CSV0000000000001742.csv
2025-12-18 10:19:35 - exhaustive_index - INFO - Table datasets_USA/USA_CSV0000000000001742.csv has 35342 rows and 4 columns
2025-12-18 10:19:35 - exhaustive_index - INFO - Processed table 159 - datasets_USA/USA_CSV0000000000001742.csv
2025-12-18 10:19:37 - exhaustive_index - INFO - Processing table 160 - datasets_USA/USA_CSV0000000000001755.csv
2025-12-18 10:19:37 - exhaustive_index - INFO - Table datasets_USA/USA_CSV0000000000001755.csv has 9205 rows and 18 columns
2025-12-18 10:19:37 - exhaustive_index - INFO - Processed table 160 - datasets_USA/USA_CSV0000000000001755.csv
2025-12-18 10:19:42 - exhaustive_index - INFO - Processing table 161 - datasets_USA/USA_CSV0000000000001759.csv
2025-12-18 10:19:42 - exhaustive_index - INFO - Table datasets_USA/USA_CSV0000000000001759.csv has 103660 rows and 5 columns
2025-12-18 10:19:42 - exhaustive_index - INFO - Processed table 161 - datasets_USA/USA_CSV0000000000001759.csv
2025-12-18 10:19:43 - exhaustive_index - INFO - Processing table 162 - datasets_USA/USA_CSV0000000000001760.csv
2025-12-18 10:19:43 - exhaustive_index - INFO - Table datasets_USA/USA_CSV0000000000001760.csv has 11226 rows and 16 columns
2025-12-18 10:19:43 - exhaustive_index - INFO - Processed table 162 - datasets_USA/USA_CSV0000000000001760.csv
2025-12-18 10:19:48 - exhaustive_index - INFO - Processing table 163 - datasets_USA/USA_CSV0000000000001770.csv
2025-12-18 10:19:48 - exhaustive_index - INFO - Table datasets_USA/USA_CSV0000000000001770.csv has 2067 rows and 17 columns
2025-12-18 10:19:48 - exhaustive_index - INFO - Processed table 163 - datasets_USA/USA_CSV0000000000001770.csv
2025-12-18 10:20:02 - exhaustive_index - INFO - Processing table 164 - datasets_USA/USA_CSV0000000000001774.csv
2025-12-18 10:20:02 - exhaustive_index - INFO - Table datasets_USA/USA_CSV0000000000001774.csv has 733592 rows and 12 columns
2025-12-18 10:20:02 - exhaustive_index - INFO - Processed table 164 - datasets_USA/USA_CSV0000000000001774.csv
2025-12-18 10:20:07 - exhaustive_index - INFO - Processing table 165 - datasets_USA/USA_CSV0000000000001791.csv
2025-12-18 10:20:07 - exhaustive_index - INFO - Table datasets_USA/USA_CSV0000000000001791.csv has 3218 rows and 23 columns
2025-12-18 10:20:07 - exhaustive_index - INFO - Processed table 165 - datasets_USA/USA_CSV0000000000001791.csv
2025-12-18 10:20:10 - exhaustive_index - INFO - Processing table 166 - datasets_USA/USA_CSV0000000000001798.csv
2025-12-18 10:20:10 - exhaustive_index - INFO - Table datasets_USA/USA_CSV0000000000001798.csv has 7010 rows and 12 columns
2025-12-18 10:20:10 - exhaustive_index - INFO - Processed table 166 - datasets_USA/USA_CSV0000000000001798.csv
2025-12-18 10:20:10 - exhaustive_index - INFO - Processing table 167 - datasets_USA/USA_CSV0000000000001849.csv
2025-12-18 10:20:10 - exhaustive_index - INFO - Table datasets_USA/USA_CSV0000000000001849.csv has 45 rows and 6 columns
2025-12-18 10:20:10 - exhaustive_index - INFO - Processed table 167 - datasets_USA/USA_CSV0000000000001849.csv
2025-12-18 10:20:28 - exhaustive_index - INFO - Processing table 168 - datasets_USA/USA_CSV0000000000001864.csv
2025-12-18 10:20:28 - exhaustive_index - INFO - Table datasets_USA/USA_CSV0000000000001864.csv has 116731 rows and 16 columns
2025-12-18 10:20:28 - exhaustive_index - INFO - Processed table 168 - datasets_USA/USA_CSV0000000000001864.csv
2025-12-18 10:20:41 - exhaustive_index - INFO - Processing table 169 - datasets_USA/USA_CSV0000000000001866.csv
2025-12-18 10:20:41 - exhaustive_index - INFO - Table datasets_USA/USA_CSV0000000000001866.csv has 7646 rows and 16 columns
2025-12-18 10:20:41 - exhaustive_index - INFO - Processed table 169 - datasets_USA/USA_CSV0000000000001866.csv
2025-12-18 10:20:57 - exhaustive_index - INFO - Processing table 170 - datasets_USA/USA_CSV0000000000001868.csv
2025-12-18 10:20:57 - exhaustive_index - INFO - Table datasets_USA/USA_CSV0000000000001868.csv has 43019 rows and 17 columns
2025-12-18 10:20:57 - exhaustive_index - INFO - Processed table 170 - datasets_USA/USA_CSV0000000000001868.csv
2025-12-18 10:20:58 - exhaustive_index - INFO - Processing table 171 - datasets_USA/USA_CSV0000000000001869.csv
2025-12-18 10:20:58 - exhaustive_index - INFO - Table datasets_USA/USA_CSV0000000000001869.csv has 98441 rows and 3 columns
2025-12-18 10:20:58 - exhaustive_index - INFO - Processed table 171 - datasets_USA/USA_CSV0000000000001869.csv
2025-12-18 10:21:00 - exhaustive_index - INFO - Processing table 172 - datasets_USA/USA_CSV0000000000001891.csv
2025-12-18 10:21:00 - exhaustive_index - INFO - Table datasets_USA/USA_CSV0000000000001891.csv has 35848 rows and 19 columns
2025-12-18 10:21:00 - exhaustive_index - INFO - Processed table 172 - datasets_USA/USA_CSV0000000000001891.csv
2025-12-18 10:21:00 - exhaustive_index - INFO - Processing table 173 - datasets_USA/USA_CSV0000000000001904.csv
2025-12-18 10:21:00 - exhaustive_index - INFO - Table datasets_USA/USA_CSV0000000000001904.csv has 256 rows and 9 columns
2025-12-18 10:21:00 - exhaustive_index - INFO - Processed table 173 - datasets_USA/USA_CSV0000000000001904.csv
2025-12-18 10:21:06 - exhaustive_index - INFO - Processing table 174 - datasets_USA/USA_CSV0000000000001916.csv
2025-12-18 10:21:06 - exhaustive_index - INFO - Table datasets_USA/USA_CSV0000000000001916.csv has 39867 rows and 13 columns
2025-12-18 10:21:06 - exhaustive_index - INFO - Processed table 174 - datasets_USA/USA_CSV0000000000001916.csv
2025-12-18 10:21:21 - exhaustive_index - INFO - Processing table 175 - datasets_USA/USA_CSV0000000000001935.csv
2025-12-18 10:21:21 - exhaustive_index - INFO - Table datasets_USA/USA_CSV0000000000001935.csv has 12806 rows and 19 columns
2025-12-18 10:21:21 - exhaustive_index - INFO - Processed table 175 - datasets_USA/USA_CSV0000000000001935.csv
2025-12-18 10:21:35 - exhaustive_index - INFO - Processing table 176 - datasets_USA/USA_CSV0000000000001954.csv
2025-12-18 10:21:35 - exhaustive_index - INFO - Table datasets_USA/USA_CSV0000000000001954.csv has 38290 rows and 13 columns
2025-12-18 10:21:35 - exhaustive_index - INFO - Processed table 176 - datasets_USA/USA_CSV0000000000001954.csv
2025-12-18 10:21:38 - exhaustive_index - INFO - Processing table 177 - datasets_USA/USA_CSV0000000000001968.csv
2025-12-18 10:21:38 - exhaustive_index - INFO - Table datasets_USA/USA_CSV0000000000001968.csv has 30644 rows and 6 columns
2025-12-18 10:21:38 - exhaustive_index - INFO - Processed table 177 - datasets_USA/USA_CSV0000000000001968.csv
2025-12-18 10:25:42 - exhaustive_index - INFO - Processing table 178 - datasets_USA/USA_CSV0000000000001980.csv
2025-12-18 10:25:42 - exhaustive_index - INFO - Table datasets_USA/USA_CSV0000000000001980.csv has 7407 rows and 77 columns
2025-12-18 10:25:42 - exhaustive_index - INFO - Processed table 178 - datasets_USA/USA_CSV0000000000001980.csv
2025-12-18 10:25:42 - exhaustive_index - INFO - Processing table 179 - datasets_USA/USA_CSV0000000000002001.csv
2025-12-18 10:25:42 - exhaustive_index - INFO - Table datasets_USA/USA_CSV0000000000002001.csv has 444 rows and 6 columns
2025-12-18 10:25:42 - exhaustive_index - INFO - Processed table 179 - datasets_USA/USA_CSV0000000000002001.csv
2025-12-18 10:25:45 - exhaustive_index - INFO - Processing table 180 - datasets_USA/USA_CSV0000000000002008.csv
2025-12-18 10:25:45 - exhaustive_index - INFO - Table datasets_USA/USA_CSV0000000000002008.csv has 55956 rows and 20 columns
2025-12-18 10:25:45 - exhaustive_index - INFO - Processed table 180 - datasets_USA/USA_CSV0000000000002008.csv
2025-12-18 10:25:45 - exhaustive_index - INFO - Processing table 181 - datasets_USA/USA_CSV0000000000002016.csv
2025-12-18 10:25:45 - exhaustive_index - INFO - Table datasets_USA/USA_CSV0000000000002016.csv has 16 rows and 6 columns
2025-12-18 10:25:45 - exhaustive_index - INFO - Processed table 181 - datasets_USA/USA_CSV0000000000002016.csv
2025-12-18 10:25:47 - exhaustive_index - INFO - Processing table 182 - datasets_USA/USA_CSV0000000000002019.csv
2025-12-18 10:25:47 - exhaustive_index - INFO - Table datasets_USA/USA_CSV0000000000002019.csv has 5393 rows and 18 columns
2025-12-18 10:25:47 - exhaustive_index - INFO - Processed table 182 - datasets_USA/USA_CSV0000000000002019.csv
2025-12-18 10:25:50 - exhaustive_index - INFO - Processing table 183 - datasets_USA/USA_CSV0000000000002046.csv
2025-12-18 10:25:50 - exhaustive_index - INFO - Table datasets_USA/USA_CSV0000000000002046.csv has 74772 rows and 5 columns
2025-12-18 10:25:50 - exhaustive_index - INFO - Processed table 183 - datasets_USA/USA_CSV0000000000002046.csv
2025-12-18 10:25:55 - exhaustive_index - INFO - Processing table 184 - datasets_USA/USA_CSV0000000000002048.csv
2025-12-18 10:25:55 - exhaustive_index - INFO - Table datasets_USA/USA_CSV0000000000002048.csv has 13614 rows and 18 columns
2025-12-18 10:25:55 - exhaustive_index - INFO - Processed table 184 - datasets_USA/USA_CSV0000000000002048.csv
2025-12-18 10:25:55 - exhaustive_index - INFO - Processing table 185 - datasets_USA/USA_CSV0000000000002058.csv
2025-12-18 10:25:56 - exhaustive_index - INFO - Processing table 186 - datasets_USA/USA_CSV0000000000002071.csv
2025-12-18 10:25:56 - exhaustive_index - INFO - Table datasets_USA/USA_CSV0000000000002071.csv has 451 rows and 8 columns
2025-12-18 10:25:56 - exhaustive_index - INFO - Processed table 186 - datasets_USA/USA_CSV0000000000002071.csv
2025-12-18 10:25:59 - exhaustive_index - INFO - Processing table 187 - datasets_USA/USA_CSV0000000000002073.csv
2025-12-18 10:25:59 - exhaustive_index - INFO - Table datasets_USA/USA_CSV0000000000002073.csv has 108127 rows and 6 columns
2025-12-18 10:25:59 - exhaustive_index - INFO - Processed table 187 - datasets_USA/USA_CSV0000000000002073.csv
2025-12-18 10:26:01 - exhaustive_index - INFO - Processing table 188 - datasets_USA/USA_CSV0000000000002093.csv
2025-12-18 10:26:01 - exhaustive_index - INFO - Table datasets_USA/USA_CSV0000000000002093.csv has 39304 rows and 6 columns
2025-12-18 10:26:01 - exhaustive_index - INFO - Processed table 188 - datasets_USA/USA_CSV0000000000002093.csv
2025-12-18 10:26:02 - exhaustive_index - INFO - Processing table 189 - datasets_USA/USA_CSV0000000000002107.csv
2025-12-18 10:26:02 - exhaustive_index - INFO - Table datasets_USA/USA_CSV0000000000002107.csv has 118 rows and 9 columns
2025-12-18 10:26:02 - exhaustive_index - INFO - Processed table 189 - datasets_USA/USA_CSV0000000000002107.csv
2025-12-18 10:26:04 - exhaustive_index - INFO - Processing table 190 - datasets_USA/USA_CSV0000000000002111.csv
2025-12-18 10:26:04 - exhaustive_index - INFO - Table datasets_USA/USA_CSV0000000000002111.csv has 8523 rows and 22 columns
2025-12-18 10:26:04 - exhaustive_index - INFO - Processed table 190 - datasets_USA/USA_CSV0000000000002111.csv
2025-12-18 10:26:05 - exhaustive_index - INFO - Processing table 191 - datasets_USA/USA_CSV0000000000002114.csv
2025-12-18 10:26:05 - exhaustive_index - INFO - Table datasets_USA/USA_CSV0000000000002114.csv has 605 rows and 8 columns
2025-12-18 10:26:05 - exhaustive_index - INFO - Processed table 191 - datasets_USA/USA_CSV0000000000002114.csv
2025-12-18 10:26:08 - exhaustive_index - INFO - Processing table 192 - datasets_USA/USA_CSV0000000000002159.csv
2025-12-18 10:26:08 - exhaustive_index - INFO - Table datasets_USA/USA_CSV0000000000002159.csv has 13096 rows and 10 columns
2025-12-18 10:26:08 - exhaustive_index - INFO - Processed table 192 - datasets_USA/USA_CSV0000000000002159.csv
2025-12-18 10:26:10 - exhaustive_index - INFO - Processing table 193 - datasets_USA/USA_CSV0000000000002170.csv
2025-12-18 10:26:10 - exhaustive_index - INFO - Table datasets_USA/USA_CSV0000000000002170.csv has 46587 rows and 22 columns
2025-12-18 10:26:10 - exhaustive_index - INFO - Processed table 193 - datasets_USA/USA_CSV0000000000002170.csv
2025-12-18 10:26:12 - exhaustive_index - INFO - Processing table 194 - datasets_USA/USA_CSV0000000000002176.csv
2025-12-18 10:26:12 - exhaustive_index - INFO - Table datasets_USA/USA_CSV0000000000002176.csv has 52720 rows and 4 columns
2025-12-18 10:26:12 - exhaustive_index - INFO - Processed table 194 - datasets_USA/USA_CSV0000000000002176.csv
2025-12-18 10:26:28 - exhaustive_index - INFO - Processing table 195 - datasets_USA/USA_CSV0000000000002182.csv
2025-12-18 10:26:28 - exhaustive_index - INFO - Table datasets_USA/USA_CSV0000000000002182.csv has 50025 rows and 15 columns
2025-12-18 10:26:28 - exhaustive_index - INFO - Processed table 195 - datasets_USA/USA_CSV0000000000002182.csv
2025-12-18 10:26:31 - exhaustive_index - INFO - Processing table 196 - datasets_USA/USA_CSV0000000000002189.csv
2025-12-18 10:26:31 - exhaustive_index - INFO - Table datasets_USA/USA_CSV0000000000002189.csv has 15878 rows and 10 columns
2025-12-18 10:26:31 - exhaustive_index - INFO - Processed table 196 - datasets_USA/USA_CSV0000000000002189.csv
2025-12-18 10:26:33 - exhaustive_index - INFO - Processing table 197 - datasets_USA/USA_CSV0000000000002200.csv
2025-12-18 10:26:33 - exhaustive_index - INFO - Table datasets_USA/USA_CSV0000000000002200.csv has 169 rows and 26 columns
2025-12-18 10:26:33 - exhaustive_index - INFO - Processed table 197 - datasets_USA/USA_CSV0000000000002200.csv
2025-12-18 10:26:37 - exhaustive_index - INFO - Processing table 198 - datasets_USA/USA_CSV0000000000002233.csv
2025-12-18 10:26:37 - exhaustive_index - INFO - Table datasets_USA/USA_CSV0000000000002233.csv has 12460 rows and 10 columns
2025-12-18 10:26:37 - exhaustive_index - INFO - Processed table 198 - datasets_USA/USA_CSV0000000000002233.csv
2025-12-18 10:26:39 - exhaustive_index - INFO - Processing table 199 - datasets_USA/USA_CSV0000000000002235.csv
2025-12-18 10:26:39 - exhaustive_index - INFO - Table datasets_USA/USA_CSV0000000000002235.csv has 230 rows and 8 columns
2025-12-18 10:26:39 - exhaustive_index - INFO - Processed table 199 - datasets_USA/USA_CSV0000000000002235.csv
2025-12-18 10:26:45 - exhaustive_index - INFO - Processing table 200 - datasets_USA/USA_CSV0000000000002257.csv
2025-12-18 10:26:45 - exhaustive_index - INFO - Table datasets_USA/USA_CSV0000000000002257.csv has 10647 rows and 11 columns
2025-12-18 10:26:45 - exhaustive_index - INFO - Processed table 200 - datasets_USA/USA_CSV0000000000002257.csv
2025-12-18 10:26:48 - exhaustive_index - INFO - Processing table 201 - datasets_USA/USA_CSV0000000000002260.csv
2025-12-18 10:26:48 - exhaustive_index - INFO - Table datasets_USA/USA_CSV0000000000002260.csv has 14812 rows and 21 columns
2025-12-18 10:26:48 - exhaustive_index - INFO - Processed table 201 - datasets_USA/USA_CSV0000000000002260.csv
2025-12-18 10:27:02 - exhaustive_index - INFO - Processing table 202 - datasets_USA/USA_CSV0000000000002261.csv
2025-12-18 10:27:02 - exhaustive_index - INFO - Table datasets_USA/USA_CSV0000000000002261.csv has 45108 rows and 17 columns
2025-12-18 10:27:02 - exhaustive_index - INFO - Processed table 202 - datasets_USA/USA_CSV0000000000002261.csv
2025-12-18 10:27:02 - exhaustive_index - INFO - Processing table 203 - datasets_USA/USA_CSV0000000000002265.csv
2025-12-18 10:27:02 - exhaustive_index - INFO - Table datasets_USA/USA_CSV0000000000002265.csv has 43479 rows and 4 columns
2025-12-18 10:27:02 - exhaustive_index - INFO - Processed table 203 - datasets_USA/USA_CSV0000000000002265.csv
2025-12-18 10:27:05 - exhaustive_index - INFO - Processing table 204 - datasets_USA/USA_CSV0000000000002274.csv
2025-12-18 10:27:05 - exhaustive_index - INFO - Table datasets_USA/USA_CSV0000000000002274.csv has 8893 rows and 13 columns
2025-12-18 10:27:05 - exhaustive_index - INFO - Processed table 204 - datasets_USA/USA_CSV0000000000002274.csv
2025-12-18 10:27:06 - exhaustive_index - INFO - Processing table 205 - datasets_USA/USA_CSV0000000000002298.csv
2025-12-18 10:27:06 - exhaustive_index - INFO - Table datasets_USA/USA_CSV0000000000002298.csv has 210 rows and 7 columns
2025-12-18 10:27:06 - exhaustive_index - INFO - Processed table 205 - datasets_USA/USA_CSV0000000000002298.csv
2025-12-18 10:27:07 - exhaustive_index - INFO - Processing table 206 - datasets_USA/USA_CSV0000000000002299.csv
2025-12-18 10:27:07 - exhaustive_index - INFO - Table datasets_USA/USA_CSV0000000000002299.csv has 5584 rows and 25 columns
2025-12-18 10:27:07 - exhaustive_index - INFO - Processed table 206 - datasets_USA/USA_CSV0000000000002299.csv
2025-12-18 10:27:10 - exhaustive_index - INFO - Processing table 207 - datasets_USA/USA_CSV0000000000002300.csv
2025-12-18 10:27:10 - exhaustive_index - INFO - Table datasets_USA/USA_CSV0000000000002300.csv has 11788 rows and 12 columns
2025-12-18 10:27:10 - exhaustive_index - INFO - Processed table 207 - datasets_USA/USA_CSV0000000000002300.csv
2025-12-18 10:27:12 - exhaustive_index - INFO - Processing table 208 - datasets_USA/USA_CSV0000000000002305__70.csv
2025-12-18 10:27:12 - exhaustive_index - INFO - Table datasets_USA/USA_CSV0000000000002305__70.csv has 265 rows and 11 columns
2025-12-18 10:27:12 - exhaustive_index - INFO - Processed table 208 - datasets_USA/USA_CSV0000000000002305__70.csv
2025-12-18 10:27:40 - exhaustive_index - INFO - Processing table 209 - datasets_USA/USA_CSV0000000000002357.csv
2025-12-18 10:27:40 - exhaustive_index - INFO - Table datasets_USA/USA_CSV0000000000002357.csv has 7347 rows and 55 columns
2025-12-18 10:27:40 - exhaustive_index - INFO - Processed table 209 - datasets_USA/USA_CSV0000000000002357.csv
2025-12-18 10:27:42 - exhaustive_index - INFO - Processing table 210 - datasets_USA/USA_CSV0000000000002387.csv
2025-12-18 10:27:42 - exhaustive_index - INFO - Table datasets_USA/USA_CSV0000000000002387.csv has 55494 rows and 6 columns
2025-12-18 10:27:42 - exhaustive_index - INFO - Processed table 210 - datasets_USA/USA_CSV0000000000002387.csv
2025-12-18 10:28:07 - exhaustive_index - INFO - Processing table 211 - datasets_USA/USA_CSV0000000000002420.csv
2025-12-18 10:28:07 - exhaustive_index - INFO - Table datasets_USA/USA_CSV0000000000002420.csv has 15261 rows and 92 columns
2025-12-18 10:28:07 - exhaustive_index - INFO - Processed table 211 - datasets_USA/USA_CSV0000000000002420.csv
2025-12-18 10:28:08 - exhaustive_index - INFO - Processing table 212 - datasets_USA/USA_CSV0000000000002429.csv
2025-12-18 10:28:08 - exhaustive_index - INFO - Table datasets_USA/USA_CSV0000000000002429.csv has 38051 rows and 7 columns
2025-12-18 10:28:08 - exhaustive_index - INFO - Processed table 212 - datasets_USA/USA_CSV0000000000002429.csv
2025-12-18 10:28:11 - exhaustive_index - INFO - Processing table 213 - datasets_USA/USA_CSV0000000000002448.csv
2025-12-18 10:28:11 - exhaustive_index - INFO - Table datasets_USA/USA_CSV0000000000002448.csv has 7887 rows and 10 columns
2025-12-18 10:28:11 - exhaustive_index - INFO - Processed table 213 - datasets_USA/USA_CSV0000000000002448.csv
2025-12-18 10:28:11 - exhaustive_index - INFO - Processing table 214 - datasets_USA/USA_CSV0000000000002478.csv
2025-12-18 10:28:11 - exhaustive_index - INFO - Table datasets_USA/USA_CSV0000000000002478.csv has 9033 rows and 15 columns
2025-12-18 10:28:11 - exhaustive_index - INFO - Processed table 214 - datasets_USA/USA_CSV0000000000002478.csv
2025-12-18 10:28:13 - exhaustive_index - INFO - Processing table 215 - datasets_USA/USA_CSV0000000000002538.csv
2025-12-18 10:28:13 - exhaustive_index - INFO - Table datasets_USA/USA_CSV0000000000002538.csv has 87007 rows and 11 columns
2025-12-18 10:28:13 - exhaustive_index - INFO - Processed table 215 - datasets_USA/USA_CSV0000000000002538.csv
2025-12-18 10:28:18 - exhaustive_index - INFO - Processing table 216 - datasets_USA/USA_CSV0000000000002540.csv
2025-12-18 10:28:18 - exhaustive_index - INFO - Table datasets_USA/USA_CSV0000000000002540.csv has 17428 rows and 11 columns
2025-12-18 10:28:18 - exhaustive_index - INFO - Processed table 216 - datasets_USA/USA_CSV0000000000002540.csv
2025-12-18 10:28:20 - exhaustive_index - INFO - Processing table 217 - datasets_USA/USA_CSV0000000000002577.csv
2025-12-18 10:28:20 - exhaustive_index - INFO - Table datasets_USA/USA_CSV0000000000002577.csv has 72646 rows and 4 columns
2025-12-18 10:28:20 - exhaustive_index - INFO - Processed table 217 - datasets_USA/USA_CSV0000000000002577.csv
2025-12-18 10:28:20 - exhaustive_index - INFO - Processing table 218 - datasets_USA/USA_CSV0000000000002600.csv
2025-12-18 10:28:20 - exhaustive_index - INFO - Table datasets_USA/USA_CSV0000000000002600.csv has 344 rows and 7 columns
2025-12-18 10:28:20 - exhaustive_index - INFO - Processed table 218 - datasets_USA/USA_CSV0000000000002600.csv
2025-12-18 10:28:36 - exhaustive_index - INFO - Processing table 219 - datasets_USA/USA_CSV0000000000002601.csv
2025-12-18 10:28:36 - exhaustive_index - INFO - Table datasets_USA/USA_CSV0000000000002601.csv has 40267 rows and 18 columns
2025-12-18 10:28:36 - exhaustive_index - INFO - Processed table 219 - datasets_USA/USA_CSV0000000000002601.csv
2025-12-18 10:28:40 - exhaustive_index - INFO - Processing table 220 - datasets_USA/USA_CSV0000000000002626.csv
2025-12-18 10:28:40 - exhaustive_index - INFO - Table datasets_USA/USA_CSV0000000000002626.csv has 27972 rows and 10 columns
2025-12-18 10:28:40 - exhaustive_index - INFO - Processed table 220 - datasets_USA/USA_CSV0000000000002626.csv
2025-12-18 10:28:40 - exhaustive_index - INFO - Processing table 221 - datasets_USA/USA_CSV0000000000002642.csv
2025-12-18 10:28:40 - exhaustive_index - INFO - Table datasets_USA/USA_CSV0000000000002642.csv has 33 rows and 4 columns
2025-12-18 10:28:40 - exhaustive_index - INFO - Processed table 221 - datasets_USA/USA_CSV0000000000002642.csv
2025-12-18 10:28:53 - exhaustive_index - INFO - Processing table 222 - datasets_USA/USA_CSV0000000000002691.csv
2025-12-18 10:28:53 - exhaustive_index - INFO - Table datasets_USA/USA_CSV0000000000002691.csv has 556920 rows and 12 columns
2025-12-18 10:28:53 - exhaustive_index - INFO - Processed table 222 - datasets_USA/USA_CSV0000000000002691.csv
2025-12-18 10:28:56 - exhaustive_index - INFO - Processing table 223 - datasets_USA/USA_CSV0000000000002703.csv
2025-12-18 10:28:56 - exhaustive_index - INFO - Table datasets_USA/USA_CSV0000000000002703.csv has 8473 rows and 14 columns
2025-12-18 10:28:56 - exhaustive_index - INFO - Processed table 223 - datasets_USA/USA_CSV0000000000002703.csv
2025-12-18 10:28:56 - exhaustive_index - INFO - Processing table 224 - datasets_USA/USA_CSV0000000000002714.csv
2025-12-18 10:28:56 - exhaustive_index - INFO - Table datasets_USA/USA_CSV0000000000002714.csv has 28355 rows and 7 columns
2025-12-18 10:28:56 - exhaustive_index - INFO - Processed table 224 - datasets_USA/USA_CSV0000000000002714.csv
2025-12-18 10:29:08 - exhaustive_index - INFO - Processing table 225 - datasets_USA/USA_CSV0000000000002732.csv
2025-12-18 10:29:08 - exhaustive_index - INFO - Table datasets_USA/USA_CSV0000000000002732.csv has 33447 rows and 16 columns
2025-12-18 10:29:08 - exhaustive_index - INFO - Processed table 225 - datasets_USA/USA_CSV0000000000002732.csv
2025-12-18 10:29:13 - exhaustive_index - INFO - Processing table 226 - datasets_USA/USA_CSV0000000000002741.csv
2025-12-18 10:29:13 - exhaustive_index - INFO - Table datasets_USA/USA_CSV0000000000002741.csv has 20449 rows and 13 columns
2025-12-18 10:29:13 - exhaustive_index - INFO - Processed table 226 - datasets_USA/USA_CSV0000000000002741.csv
2025-12-18 10:29:14 - exhaustive_index - INFO - Processing table 227 - datasets_USA/USA_CSV0000000000002757.csv
2025-12-18 10:29:14 - exhaustive_index - INFO - Table datasets_USA/USA_CSV0000000000002757.csv has 26497 rows and 4 columns
2025-12-18 10:29:14 - exhaustive_index - INFO - Processed table 227 - datasets_USA/USA_CSV0000000000002757.csv
2025-12-18 10:29:22 - exhaustive_index - INFO - Processing table 228 - datasets_USA/USA_CSV0000000000002767.csv
2025-12-18 10:29:22 - exhaustive_index - INFO - Table datasets_USA/USA_CSV0000000000002767.csv has 20060 rows and 33 columns
2025-12-18 10:29:22 - exhaustive_index - INFO - Processed table 228 - datasets_USA/USA_CSV0000000000002767.csv
2025-12-18 10:29:28 - exhaustive_index - INFO - Processing table 229 - datasets_USA/USA_CSV0000000000002822.csv
2025-12-18 10:29:28 - exhaustive_index - INFO - Table datasets_USA/USA_CSV0000000000002822.csv has 81002 rows and 3 columns
2025-12-18 10:29:28 - exhaustive_index - INFO - Processed table 229 - datasets_USA/USA_CSV0000000000002822.csv
2025-12-18 10:29:29 - exhaustive_index - INFO - Processing table 230 - datasets_USA/USA_CSV0000000000002836.csv
2025-12-18 10:29:29 - exhaustive_index - INFO - Table datasets_USA/USA_CSV0000000000002836.csv has 6475 rows and 25 columns
2025-12-18 10:29:29 - exhaustive_index - INFO - Processed table 230 - datasets_USA/USA_CSV0000000000002836.csv
2025-12-18 10:29:32 - exhaustive_index - INFO - Processing table 231 - datasets_USA/USA_CSV0000000000002837.csv
2025-12-18 10:29:32 - exhaustive_index - INFO - Table datasets_USA/USA_CSV0000000000002837.csv has 15504 rows and 9 columns
2025-12-18 10:29:32 - exhaustive_index - INFO - Processed table 231 - datasets_USA/USA_CSV0000000000002837.csv
2025-12-18 10:29:36 - exhaustive_index - INFO - Processing table 232 - datasets_USA/USA_CSV0000000000002843.csv
2025-12-18 10:29:36 - exhaustive_index - INFO - Table datasets_USA/USA_CSV0000000000002843.csv has 36346 rows and 7 columns
2025-12-18 10:29:36 - exhaustive_index - INFO - Processed table 232 - datasets_USA/USA_CSV0000000000002843.csv
2025-12-18 10:29:37 - exhaustive_index - INFO - Processing table 233 - datasets_USA/USA_CSV0000000000002851.csv
2025-12-18 10:29:37 - exhaustive_index - INFO - Table datasets_USA/USA_CSV0000000000002851.csv has 42 rows and 10 columns
2025-12-18 10:29:37 - exhaustive_index - INFO - Processed table 233 - datasets_USA/USA_CSV0000000000002851.csv
2025-12-18 10:29:38 - exhaustive_index - INFO - Processing table 234 - datasets_USA/USA_CSV0000000000002860.csv
2025-12-18 10:29:38 - exhaustive_index - INFO - Table datasets_USA/USA_CSV0000000000002860.csv has 15100 rows and 10 columns
2025-12-18 10:29:38 - exhaustive_index - INFO - Processed table 234 - datasets_USA/USA_CSV0000000000002860.csv
2025-12-18 10:31:34 - exhaustive_index - INFO - Processing table 235 - datasets_USA/USA_CSV0000000000002875.csv
2025-12-18 10:31:34 - exhaustive_index - INFO - Table datasets_USA/USA_CSV0000000000002875.csv has 27686 rows and 44 columns
2025-12-18 10:31:34 - exhaustive_index - INFO - Processed table 235 - datasets_USA/USA_CSV0000000000002875.csv
2025-12-18 10:31:39 - exhaustive_index - INFO - Processing table 236 - datasets_USA/USA_CSV0000000000002882.csv
2025-12-18 10:31:39 - exhaustive_index - INFO - Table datasets_USA/USA_CSV0000000000002882.csv has 50862 rows and 7 columns
2025-12-18 10:31:39 - exhaustive_index - INFO - Processed table 236 - datasets_USA/USA_CSV0000000000002882.csv
2025-12-18 10:31:40 - exhaustive_index - INFO - Processing table 237 - datasets_USA/USA_CSV0000000000002892.csv
2025-12-18 10:31:40 - exhaustive_index - INFO - Table datasets_USA/USA_CSV0000000000002892.csv has 18288 rows and 8 columns
2025-12-18 10:31:40 - exhaustive_index - INFO - Processed table 237 - datasets_USA/USA_CSV0000000000002892.csv
2025-12-18 10:31:40 - exhaustive_index - INFO - Processing table 238 - datasets_USA/USA_CSV0000000000002940.csv
2025-12-18 10:31:40 - exhaustive_index - INFO - Table datasets_USA/USA_CSV0000000000002940.csv has 72932 rows and 7 columns
2025-12-18 10:31:40 - exhaustive_index - INFO - Processed table 238 - datasets_USA/USA_CSV0000000000002940.csv
2025-12-18 10:31:43 - exhaustive_index - INFO - Processing table 239 - datasets_USA/USA_CSV0000000000002952.csv
2025-12-18 10:31:43 - exhaustive_index - INFO - Table datasets_USA/USA_CSV0000000000002952.csv has 7076 rows and 14 columns
2025-12-18 10:31:43 - exhaustive_index - INFO - Processed table 239 - datasets_USA/USA_CSV0000000000002952.csv
2025-12-18 10:31:47 - exhaustive_index - INFO - Processing table 240 - datasets_USA/USA_CSV0000000000002958.csv
2025-12-18 10:31:47 - exhaustive_index - INFO - Table datasets_USA/USA_CSV0000000000002958.csv has 30635 rows and 5 columns
2025-12-18 10:31:47 - exhaustive_index - INFO - Processed table 240 - datasets_USA/USA_CSV0000000000002958.csv
2025-12-18 10:31:47 - exhaustive_index - INFO - Processing table 241 - datasets_USA/USA_CSV0000000000002964.csv
2025-12-18 10:31:47 - exhaustive_index - INFO - Table datasets_USA/USA_CSV0000000000002964.csv has 65535 rows and 9 columns
2025-12-18 10:31:47 - exhaustive_index - INFO - Processed table 241 - datasets_USA/USA_CSV0000000000002964.csv
2025-12-18 10:31:49 - exhaustive_index - INFO - Processing table 242 - datasets_USA/USA_CSV0000000000002971.csv
2025-12-18 10:31:49 - exhaustive_index - INFO - Table datasets_USA/USA_CSV0000000000002971.csv has 34093 rows and 20 columns
2025-12-18 10:31:49 - exhaustive_index - INFO - Processed table 242 - datasets_USA/USA_CSV0000000000002971.csv
2025-12-18 10:31:51 - exhaustive_index - INFO - Processing table 243 - datasets_USA/USA_CSV0000000000002986.csv
2025-12-18 10:31:51 - exhaustive_index - INFO - Table datasets_USA/USA_CSV0000000000002986.csv has 12612 rows and 10 columns
2025-12-18 10:31:51 - exhaustive_index - INFO - Processed table 243 - datasets_USA/USA_CSV0000000000002986.csv
2025-12-18 10:31:51 - exhaustive_index - INFO - Processing table 244 - datasets_USA/USA_CSV0000000000003064.csv
2025-12-18 10:31:51 - exhaustive_index - INFO - Table datasets_USA/USA_CSV0000000000003064.csv has 10000 rows and 11 columns
2025-12-18 10:31:51 - exhaustive_index - INFO - Processed table 244 - datasets_USA/USA_CSV0000000000003064.csv
2025-12-18 10:31:51 - exhaustive_index - INFO - Processing table 245 - datasets_USA/USA_CSV0000000000003071.csv
2025-12-18 10:31:51 - exhaustive_index - INFO - Table datasets_USA/USA_CSV0000000000003071.csv has 351 rows and 5 columns
2025-12-18 10:31:51 - exhaustive_index - INFO - Processed table 245 - datasets_USA/USA_CSV0000000000003071.csv
2025-12-18 10:31:58 - exhaustive_index - INFO - Processing table 246 - datasets_USA/USA_CSV0000000000003087.csv
2025-12-18 10:31:58 - exhaustive_index - INFO - Table datasets_USA/USA_CSV0000000000003087.csv has 11727 rows and 14 columns
2025-12-18 10:31:58 - exhaustive_index - INFO - Processed table 246 - datasets_USA/USA_CSV0000000000003087.csv
2025-12-18 10:31:58 - exhaustive_index - INFO - Processing table 247 - datasets_USA/USA_CSV0000000000003095.csv
2025-12-18 10:31:58 - exhaustive_index - INFO - Table datasets_USA/USA_CSV0000000000003095.csv has 4078 rows and 6 columns
2025-12-18 10:31:58 - exhaustive_index - INFO - Processed table 247 - datasets_USA/USA_CSV0000000000003095.csv
2025-12-18 10:31:59 - exhaustive_index - INFO - Processing table 248 - datasets_USA/USA_CSV0000000000003102.csv
2025-12-18 10:31:59 - exhaustive_index - INFO - Table datasets_USA/USA_CSV0000000000003102.csv has 236 rows and 6 columns
2025-12-18 10:31:59 - exhaustive_index - INFO - Processed table 248 - datasets_USA/USA_CSV0000000000003102.csv
2025-12-18 10:31:59 - exhaustive_index - INFO - Processing table 249 - datasets_USA/USA_CSV0000000000003103.csv
2025-12-18 10:31:59 - exhaustive_index - INFO - Table datasets_USA/USA_CSV0000000000003103.csv has 240 rows and 5 columns
2025-12-18 10:31:59 - exhaustive_index - INFO - Processed table 249 - datasets_USA/USA_CSV0000000000003103.csv
2025-12-18 10:32:02 - exhaustive_index - INFO - Processing table 250 - datasets_USA/USA_CSV0000000000003115.csv
2025-12-18 10:32:02 - exhaustive_index - INFO - Table datasets_USA/USA_CSV0000000000003115.csv has 8025 rows and 21 columns
2025-12-18 10:32:02 - exhaustive_index - INFO - Processed table 250 - datasets_USA/USA_CSV0000000000003115.csv
2025-12-18 10:32:06 - exhaustive_index - INFO - Processing table 251 - datasets_USA/USA_CSV0000000000003156.csv
2025-12-18 10:32:06 - exhaustive_index - INFO - Table datasets_USA/USA_CSV0000000000003156.csv has 6729 rows and 13 columns
2025-12-18 10:32:06 - exhaustive_index - INFO - Processed table 251 - datasets_USA/USA_CSV0000000000003156.csv
2025-12-18 10:32:08 - exhaustive_index - INFO - Processing table 252 - datasets_USA/USA_CSV0000000000003191.csv
2025-12-18 10:32:08 - exhaustive_index - INFO - Table datasets_USA/USA_CSV0000000000003191.csv has 30273 rows and 9 columns
2025-12-18 10:32:08 - exhaustive_index - INFO - Processed table 252 - datasets_USA/USA_CSV0000000000003191.csv
2025-12-18 10:32:11 - exhaustive_index - INFO - Processing table 253 - datasets_USA/USA_CSV0000000000003212.csv
2025-12-18 10:32:11 - exhaustive_index - INFO - Table datasets_USA/USA_CSV0000000000003212.csv has 9786 rows and 11 columns
2025-12-18 10:32:11 - exhaustive_index - INFO - Processed table 253 - datasets_USA/USA_CSV0000000000003212.csv
2025-12-18 10:32:47 - exhaustive_index - INFO - Processing table 254 - datasets_USA/USA_CSV0000000000003235.csv
2025-12-18 10:32:47 - exhaustive_index - INFO - Table datasets_USA/USA_CSV0000000000003235.csv has 19125 rows and 25 columns
2025-12-18 10:32:47 - exhaustive_index - INFO - Processed table 254 - datasets_USA/USA_CSV0000000000003235.csv
2025-12-18 10:32:47 - exhaustive_index - INFO - Processing table 255 - datasets_USA/USA_CSV0000000000003252.csv
2025-12-18 10:32:47 - exhaustive_index - INFO - Table datasets_USA/USA_CSV0000000000003252.csv has 50216 rows and 7 columns
2025-12-18 10:32:47 - exhaustive_index - INFO - Processed table 255 - datasets_USA/USA_CSV0000000000003252.csv
2025-12-18 10:32:54 - exhaustive_index - INFO - Processing table 256 - datasets_USA/USA_CSV0000000000003257.csv
2025-12-18 10:32:54 - exhaustive_index - INFO - Table datasets_USA/USA_CSV0000000000003257.csv has 4134 rows and 21 columns
2025-12-18 10:32:54 - exhaustive_index - INFO - Processed table 256 - datasets_USA/USA_CSV0000000000003257.csv
2025-12-18 10:33:00 - exhaustive_index - INFO - Processing table 257 - datasets_USA/USA_CSV0000000000003281.csv
2025-12-18 10:33:00 - exhaustive_index - INFO - Table datasets_USA/USA_CSV0000000000003281.csv has 11492 rows and 20 columns
2025-12-18 10:33:00 - exhaustive_index - INFO - Processed table 257 - datasets_USA/USA_CSV0000000000003281.csv
2025-12-18 10:33:05 - exhaustive_index - INFO - Processing table 258 - datasets_USA/USA_CSV0000000000003285.csv
2025-12-18 10:33:05 - exhaustive_index - INFO - Table datasets_USA/USA_CSV0000000000003285.csv has 23735 rows and 16 columns
2025-12-18 10:33:05 - exhaustive_index - INFO - Processed table 258 - datasets_USA/USA_CSV0000000000003285.csv
2025-12-18 10:33:05 - exhaustive_index - INFO - Processing table 259 - datasets_USA/USA_CSV0000000000003294.csv
2025-12-18 10:33:05 - exhaustive_index - INFO - Processing table 260 - datasets_USA/USA_CSV0000000000003307.csv
2025-12-18 10:33:05 - exhaustive_index - INFO - Table datasets_USA/USA_CSV0000000000003307.csv has 60475 rows and 4 columns
2025-12-18 10:33:05 - exhaustive_index - INFO - Processed table 260 - datasets_USA/USA_CSV0000000000003307.csv
2025-12-18 10:38:11 - exhaustive_index - INFO - Processing table 261 - datasets_USA/USA_CSV0000000000003344.csv
2025-12-18 10:38:11 - exhaustive_index - INFO - Table datasets_USA/USA_CSV0000000000003344.csv has 5336 rows and 61 columns
2025-12-18 10:38:11 - exhaustive_index - INFO - Processed table 261 - datasets_USA/USA_CSV0000000000003344.csv
2025-12-18 10:38:42 - exhaustive_index - INFO - Processing table 262 - datasets_USA/USA_CSV0000000000003377.csv
2025-12-18 10:38:42 - exhaustive_index - INFO - Table datasets_USA/USA_CSV0000000000003377.csv has 4206863 rows, sampling 1_000_000 rows
2025-12-18 10:38:42 - exhaustive_index - INFO - Table datasets_USA/USA_CSV0000000000003377.csv has 4206863 rows and 7 columns
2025-12-18 10:38:42 - exhaustive_index - INFO - Processed table 262 - datasets_USA/USA_CSV0000000000003377.csv
2025-12-18 10:38:43 - exhaustive_index - INFO - Processing table 263 - datasets_USA/USA_CSV0000000000003417.csv
2025-12-18 10:38:43 - exhaustive_index - INFO - Table datasets_USA/USA_CSV0000000000003417.csv has 28929 rows and 6 columns
2025-12-18 10:38:43 - exhaustive_index - INFO - Processed table 263 - datasets_USA/USA_CSV0000000000003417.csv
2025-12-18 10:38:43 - exhaustive_index - INFO - Processing table 264 - datasets_USA/USA_CSV0000000000003428.csv
2025-12-18 10:38:43 - exhaustive_index - INFO - Table datasets_USA/USA_CSV0000000000003428.csv has 99 rows and 6 columns
2025-12-18 10:38:43 - exhaustive_index - INFO - Processed table 264 - datasets_USA/USA_CSV0000000000003428.csv
2025-12-18 10:38:44 - exhaustive_index - INFO - Processing table 265 - datasets_USA/USA_CSV0000000000003445.csv
2025-12-18 10:38:44 - exhaustive_index - INFO - Table datasets_USA/USA_CSV0000000000003445.csv has 103 rows and 7 columns
2025-12-18 10:38:44 - exhaustive_index - INFO - Processed table 265 - datasets_USA/USA_CSV0000000000003445.csv
2025-12-18 10:38:45 - exhaustive_index - INFO - Processing table 266 - datasets_USA/USA_CSV0000000000003449.csv
2025-12-18 10:38:45 - exhaustive_index - INFO - Table datasets_USA/USA_CSV0000000000003449.csv has 305 rows and 8 columns
2025-12-18 10:38:45 - exhaustive_index - INFO - Processed table 266 - datasets_USA/USA_CSV0000000000003449.csv
2025-12-18 10:38:50 - exhaustive_index - INFO - Processing table 267 - datasets_USA/USA_CSV0000000000003498.csv
2025-12-18 10:38:50 - exhaustive_index - INFO - Table datasets_USA/USA_CSV0000000000003498.csv has 19601 rows and 15 columns
2025-12-18 10:38:50 - exhaustive_index - INFO - Processed table 267 - datasets_USA/USA_CSV0000000000003498.csv
2025-12-18 10:38:51 - exhaustive_index - INFO - Processing table 268 - datasets_USA/USA_CSV0000000000003518.csv
2025-12-18 10:38:51 - exhaustive_index - INFO - Table datasets_USA/USA_CSV0000000000003518.csv has 12725 rows and 4 columns
2025-12-18 10:38:51 - exhaustive_index - INFO - Processed table 268 - datasets_USA/USA_CSV0000000000003518.csv
2025-12-18 10:39:59 - exhaustive_index - INFO - Processing table 269 - datasets_USA/USA_CSV0000000000003537.csv
2025-12-18 10:39:59 - exhaustive_index - INFO - Table datasets_USA/USA_CSV0000000000003537.csv has 2631 rows and 36 columns
2025-12-18 10:39:59 - exhaustive_index - INFO - Processed table 269 - datasets_USA/USA_CSV0000000000003537.csv
2025-12-18 10:40:01 - exhaustive_index - INFO - Processing table 270 - datasets_USA/USA_CSV0000000000003542.csv
2025-12-18 10:40:01 - exhaustive_index - INFO - Table datasets_USA/USA_CSV0000000000003542.csv has 14652 rows and 9 columns
2025-12-18 10:40:01 - exhaustive_index - INFO - Processed table 270 - datasets_USA/USA_CSV0000000000003542.csv
2025-12-18 10:40:04 - exhaustive_index - INFO - Processing table 271 - datasets_USA/USA_CSV0000000000003570.csv
2025-12-18 10:40:04 - exhaustive_index - INFO - Table datasets_USA/USA_CSV0000000000003570.csv has 56466 rows and 9 columns
2025-12-18 10:40:04 - exhaustive_index - INFO - Processed table 271 - datasets_USA/USA_CSV0000000000003570.csv
2025-12-18 10:40:36 - exhaustive_index - INFO - Processing table 272 - datasets_USA/USA_CSV0000000000003633.csv
2025-12-18 10:40:36 - exhaustive_index - INFO - Table datasets_USA/USA_CSV0000000000003633.csv has 3375567 rows, sampling 1_000_000 rows
2025-12-18 10:40:36 - exhaustive_index - INFO - Table datasets_USA/USA_CSV0000000000003633.csv has 3375567 rows and 11 columns
2025-12-18 10:40:36 - exhaustive_index - INFO - Processed table 272 - datasets_USA/USA_CSV0000000000003633.csv
2025-12-18 10:40:41 - exhaustive_index - INFO - Processing table 273 - datasets_USA/USA_CSV0000000000003638.csv
2025-12-18 10:40:41 - exhaustive_index - INFO - Table datasets_USA/USA_CSV0000000000003638.csv has 3218 rows and 23 columns
2025-12-18 10:40:41 - exhaustive_index - INFO - Processed table 273 - datasets_USA/USA_CSV0000000000003638.csv
2025-12-18 10:40:41 - exhaustive_index - INFO - Processing table 274 - datasets_USA/USA_CSV0000000000003643.csv
2025-12-18 10:40:41 - exhaustive_index - INFO - Table datasets_USA/USA_CSV0000000000003643.csv has 1422 rows and 3 columns
2025-12-18 10:40:41 - exhaustive_index - INFO - Processed table 274 - datasets_USA/USA_CSV0000000000003643.csv
2025-12-18 10:40:44 - exhaustive_index - INFO - Processing table 275 - datasets_USA/USA_CSV0000000000003652.csv
2025-12-18 10:40:44 - exhaustive_index - INFO - Table datasets_USA/USA_CSV0000000000003652.csv has 7215 rows and 21 columns
2025-12-18 10:40:44 - exhaustive_index - INFO - Processed table 275 - datasets_USA/USA_CSV0000000000003652.csv
2025-12-18 10:40:50 - exhaustive_index - INFO - Processing table 276 - datasets_USA/USA_CSV0000000000003678.csv
2025-12-18 10:40:50 - exhaustive_index - INFO - Table datasets_USA/USA_CSV0000000000003678.csv has 15205 rows and 14 columns
2025-12-18 10:40:50 - exhaustive_index - INFO - Processed table 276 - datasets_USA/USA_CSV0000000000003678.csv
2025-12-18 10:40:52 - exhaustive_index - INFO - Processing table 277 - datasets_USA/USA_CSV0000000000003680.csv
2025-12-18 10:40:52 - exhaustive_index - INFO - Table datasets_USA/USA_CSV0000000000003680.csv has 176 rows and 9 columns
2025-12-18 10:40:52 - exhaustive_index - INFO - Processed table 277 - datasets_USA/USA_CSV0000000000003680.csv
2025-12-18 10:40:52 - exhaustive_index - INFO - Processing table 278 - datasets_USA/USA_CSV0000000000003684.csv
2025-12-18 10:40:52 - exhaustive_index - INFO - Table datasets_USA/USA_CSV0000000000003684.csv has 117 rows and 3 columns
2025-12-18 10:40:52 - exhaustive_index - INFO - Processed table 278 - datasets_USA/USA_CSV0000000000003684.csv
2025-12-18 10:40:56 - exhaustive_index - INFO - Processing table 279 - datasets_USA/USA_CSV0000000000003703.csv
2025-12-18 10:40:56 - exhaustive_index - INFO - Table datasets_USA/USA_CSV0000000000003703.csv has 2016 rows and 89 columns
2025-12-18 10:40:56 - exhaustive_index - INFO - Processed table 279 - datasets_USA/USA_CSV0000000000003703.csv
2025-12-18 10:41:03 - exhaustive_index - INFO - Processing table 280 - datasets_USA/USA_CSV0000000000003705.csv
2025-12-18 10:41:03 - exhaustive_index - INFO - Table datasets_USA/USA_CSV0000000000003705.csv has 11017 rows and 14 columns
2025-12-18 10:41:03 - exhaustive_index - INFO - Processed table 280 - datasets_USA/USA_CSV0000000000003705.csv
2025-12-18 10:41:31 - exhaustive_index - INFO - Processing table 281 - datasets_USA/USA_CSV0000000000003706.csv
2025-12-18 10:41:31 - exhaustive_index - INFO - Table datasets_USA/USA_CSV0000000000003706.csv has 484 rows and 55 columns
2025-12-18 10:41:31 - exhaustive_index - INFO - Processed table 281 - datasets_USA/USA_CSV0000000000003706.csv
2025-12-18 10:41:39 - exhaustive_index - INFO - Processing table 282 - datasets_USA/USA_CSV0000000000003716.csv
2025-12-18 10:41:39 - exhaustive_index - INFO - Table datasets_USA/USA_CSV0000000000003716.csv has 27819 rows and 14 columns
2025-12-18 10:41:39 - exhaustive_index - INFO - Processed table 282 - datasets_USA/USA_CSV0000000000003716.csv
2025-12-18 10:41:40 - exhaustive_index - INFO - Processing table 283 - datasets_USA/USA_CSV0000000000003746.csv
2025-12-18 10:41:40 - exhaustive_index - INFO - Table datasets_USA/USA_CSV0000000000003746.csv has 18672 rows and 6 columns
2025-12-18 10:41:40 - exhaustive_index - INFO - Processed table 283 - datasets_USA/USA_CSV0000000000003746.csv
2025-12-18 10:41:41 - exhaustive_index - INFO - Processing table 284 - datasets_USA/USA_CSV0000000000003751.csv
2025-12-18 10:41:41 - exhaustive_index - INFO - Table datasets_USA/USA_CSV0000000000003751.csv has 163 rows and 8 columns
2025-12-18 10:41:41 - exhaustive_index - INFO - Processed table 284 - datasets_USA/USA_CSV0000000000003751.csv
2025-12-18 10:41:43 - exhaustive_index - INFO - Processing table 285 - datasets_USA/USA_CSV0000000000003767.csv
2025-12-18 10:41:43 - exhaustive_index - INFO - Table datasets_USA/USA_CSV0000000000003767.csv has 8210 rows and 10 columns
2025-12-18 10:41:43 - exhaustive_index - INFO - Processed table 285 - datasets_USA/USA_CSV0000000000003767.csv
2025-12-18 10:41:44 - exhaustive_index - INFO - Processing table 286 - datasets_USA/USA_CSV0000000000003772.csv
2025-12-18 10:41:44 - exhaustive_index - INFO - Table datasets_USA/USA_CSV0000000000003772.csv has 846 rows and 7 columns
2025-12-18 10:41:44 - exhaustive_index - INFO - Processed table 286 - datasets_USA/USA_CSV0000000000003772.csv
2025-12-18 10:41:45 - exhaustive_index - INFO - Processing table 287 - datasets_USA/USA_CSV0000000000003777.csv
2025-12-18 10:41:45 - exhaustive_index - INFO - Table datasets_USA/USA_CSV0000000000003777.csv has 5155 rows and 5 columns
2025-12-18 10:41:45 - exhaustive_index - INFO - Processed table 287 - datasets_USA/USA_CSV0000000000003777.csv
2025-12-18 10:43:19 - exhaustive_index - INFO - Processing table 288 - datasets_USA/USA_CSV0000000000003785.csv
2025-12-18 10:43:19 - exhaustive_index - INFO - Table datasets_USA/USA_CSV0000000000003785.csv has 1667 rows and 50 columns
2025-12-18 10:43:19 - exhaustive_index - INFO - Processed table 288 - datasets_USA/USA_CSV0000000000003785.csv
2025-12-18 10:43:25 - exhaustive_index - INFO - Processing table 289 - datasets_USA/USA_CSV0000000000003787.csv
2025-12-18 10:43:25 - exhaustive_index - INFO - Table datasets_USA/USA_CSV0000000000003787.csv has 3970 rows and 30 columns
2025-12-18 10:43:25 - exhaustive_index - INFO - Processed table 289 - datasets_USA/USA_CSV0000000000003787.csv
2025-12-18 10:43:26 - exhaustive_index - INFO - Processing table 290 - datasets_USA/USA_CSV0000000000003792.csv
2025-12-18 10:43:26 - exhaustive_index - INFO - Table datasets_USA/USA_CSV0000000000003792.csv has 9841 rows and 10 columns
2025-12-18 10:43:26 - exhaustive_index - INFO - Processed table 290 - datasets_USA/USA_CSV0000000000003792.csv
2025-12-18 10:43:29 - exhaustive_index - INFO - Processing table 291 - datasets_USA/USA_CSV0000000000003809.csv
2025-12-18 10:43:29 - exhaustive_index - INFO - Table datasets_USA/USA_CSV0000000000003809.csv has 15965 rows and 8 columns
2025-12-18 10:43:29 - exhaustive_index - INFO - Processed table 291 - datasets_USA/USA_CSV0000000000003809.csv
2025-12-18 10:43:29 - exhaustive_index - INFO - Processing table 292 - datasets_USA/USA_CSV0000000000003848.csv
2025-12-18 10:43:29 - exhaustive_index - INFO - Table datasets_USA/USA_CSV0000000000003848.csv has 221 rows and 10 columns
2025-12-18 10:43:29 - exhaustive_index - INFO - Processed table 292 - datasets_USA/USA_CSV0000000000003848.csv
2025-12-18 10:43:36 - exhaustive_index - INFO - Processing table 293 - datasets_USA/USA_CSV0000000000003874.csv
2025-12-18 10:43:36 - exhaustive_index - INFO - Table datasets_USA/USA_CSV0000000000003874.csv has 15744 rows and 11 columns
2025-12-18 10:43:36 - exhaustive_index - INFO - Processed table 293 - datasets_USA/USA_CSV0000000000003874.csv
2025-12-18 10:43:36 - exhaustive_index - INFO - Processing table 294 - datasets_USA/USA_CSV0000000000003891.csv
2025-12-18 10:43:36 - exhaustive_index - INFO - Table datasets_USA/USA_CSV0000000000003891.csv has 169 rows and 5 columns
2025-12-18 10:43:36 - exhaustive_index - INFO - Processed table 294 - datasets_USA/USA_CSV0000000000003891.csv
2025-12-18 10:43:46 - exhaustive_index - INFO - Processing table 295 - datasets_USA/USA_CSV0000000000003901.csv
2025-12-18 10:43:46 - exhaustive_index - INFO - Table datasets_USA/USA_CSV0000000000003901.csv has 10251 rows and 14 columns
2025-12-18 10:43:46 - exhaustive_index - INFO - Processed table 295 - datasets_USA/USA_CSV0000000000003901.csv
2025-12-18 10:43:47 - exhaustive_index - INFO - Processing table 296 - datasets_USA/USA_CSV0000000000003908.csv
2025-12-18 10:43:47 - exhaustive_index - INFO - Table datasets_USA/USA_CSV0000000000003908.csv has 9742 rows and 5 columns
2025-12-18 10:43:47 - exhaustive_index - INFO - Processed table 296 - datasets_USA/USA_CSV0000000000003908.csv
2025-12-18 10:43:48 - exhaustive_index - INFO - Processing table 297 - datasets_USA/USA_CSV0000000000003912.csv
2025-12-18 10:43:48 - exhaustive_index - INFO - Table datasets_USA/USA_CSV0000000000003912.csv has 278 rows and 12 columns
2025-12-18 10:43:48 - exhaustive_index - INFO - Processed table 297 - datasets_USA/USA_CSV0000000000003912.csv
2025-12-18 10:43:50 - exhaustive_index - INFO - Processing table 298 - datasets_USA/USA_CSV0000000000003919.csv
2025-12-18 10:43:50 - exhaustive_index - INFO - Table datasets_USA/USA_CSV0000000000003919.csv has 421 rows and 12 columns
2025-12-18 10:43:50 - exhaustive_index - INFO - Processed table 298 - datasets_USA/USA_CSV0000000000003919.csv
2025-12-18 10:43:51 - exhaustive_index - INFO - Processing table 299 - datasets_USA/USA_CSV0000000000003920.csv
2025-12-18 10:43:51 - exhaustive_index - INFO - Table datasets_USA/USA_CSV0000000000003920.csv has 187 rows and 6 columns
2025-12-18 10:43:51 - exhaustive_index - INFO - Processed table 299 - datasets_USA/USA_CSV0000000000003920.csv
2025-12-18 10:43:53 - exhaustive_index - INFO - Processing table 300 - datasets_USA/USA_CSV0000000000003938.csv
2025-12-18 10:43:53 - exhaustive_index - INFO - Table datasets_USA/USA_CSV0000000000003938.csv has 12475 rows and 13 columns
2025-12-18 10:43:53 - exhaustive_index - INFO - Processed table 300 - datasets_USA/USA_CSV0000000000003938.csv
2025-12-18 10:43:56 - exhaustive_index - INFO - Processing table 301 - datasets_USA/USA_CSV0000000000003954.csv
2025-12-18 10:43:56 - exhaustive_index - INFO - Table datasets_USA/USA_CSV0000000000003954.csv has 47087 rows and 6 columns
2025-12-18 10:43:56 - exhaustive_index - INFO - Processed table 301 - datasets_USA/USA_CSV0000000000003954.csv
2025-12-18 10:43:57 - exhaustive_index - INFO - Processing table 302 - datasets_USA/USA_CSV0000000000003981.csv
2025-12-18 10:43:57 - exhaustive_index - INFO - Table datasets_USA/USA_CSV0000000000003981.csv has 19489 rows and 6 columns
2025-12-18 10:43:57 - exhaustive_index - INFO - Processed table 302 - datasets_USA/USA_CSV0000000000003981.csv
2025-12-18 10:44:07 - exhaustive_index - INFO - Processing table 303 - datasets_USA/USA_CSV0000000000003982.csv
2025-12-18 10:44:07 - exhaustive_index - INFO - Table datasets_USA/USA_CSV0000000000003982.csv has 23860 rows and 20 columns
2025-12-18 10:44:07 - exhaustive_index - INFO - Processed table 303 - datasets_USA/USA_CSV0000000000003982.csv
2025-12-18 10:44:09 - exhaustive_index - INFO - Processing table 304 - datasets_USA/USA_CSV0000000000004023.csv
2025-12-18 10:44:09 - exhaustive_index - INFO - Table datasets_USA/USA_CSV0000000000004023.csv has 7987 rows and 11 columns
2025-12-18 10:44:09 - exhaustive_index - INFO - Processed table 304 - datasets_USA/USA_CSV0000000000004023.csv
2025-12-18 10:44:09 - exhaustive_index - INFO - Processing table 305 - datasets_USA/USA_CSV0000000000004027.csv
2025-12-18 10:44:09 - exhaustive_index - INFO - Table datasets_USA/USA_CSV0000000000004027.csv has 112290 rows and 4 columns
2025-12-18 10:44:09 - exhaustive_index - INFO - Processed table 305 - datasets_USA/USA_CSV0000000000004027.csv
2025-12-18 10:44:11 - exhaustive_index - INFO - Processing table 306 - datasets_USA/USA_CSV0000000000004047.csv
2025-12-18 10:44:11 - exhaustive_index - INFO - Table datasets_USA/USA_CSV0000000000004047.csv has 37685 rows and 9 columns
2025-12-18 10:44:11 - exhaustive_index - INFO - Processed table 306 - datasets_USA/USA_CSV0000000000004047.csv
2025-12-18 10:44:12 - exhaustive_index - INFO - Processing table 307 - datasets_USA/USA_CSV0000000000004055.csv
2025-12-18 10:44:12 - exhaustive_index - INFO - Table datasets_USA/USA_CSV0000000000004055.csv has 434 rows and 10 columns
2025-12-18 10:44:12 - exhaustive_index - INFO - Processed table 307 - datasets_USA/USA_CSV0000000000004055.csv
2025-12-18 10:44:18 - exhaustive_index - INFO - Processing table 308 - datasets_USA/USA_CSV0000000000004060.csv
2025-12-18 10:44:18 - exhaustive_index - INFO - Table datasets_USA/USA_CSV0000000000004060.csv has 5002 rows and 15 columns
2025-12-18 10:44:18 - exhaustive_index - INFO - Processed table 308 - datasets_USA/USA_CSV0000000000004060.csv
2025-12-18 10:44:24 - exhaustive_index - INFO - Processing table 309 - datasets_USA/USA_CSV0000000000004095.csv
2025-12-18 10:44:24 - exhaustive_index - INFO - Table datasets_USA/USA_CSV0000000000004095.csv has 8662 rows and 14 columns
2025-12-18 10:44:24 - exhaustive_index - INFO - Processed table 309 - datasets_USA/USA_CSV0000000000004095.csv
2025-12-18 10:44:24 - exhaustive_index - INFO - Processing table 310 - datasets_USA/USA_CSV0000000000004122.csv
2025-12-18 10:44:24 - exhaustive_index - INFO - Table datasets_USA/USA_CSV0000000000004122.csv has 1422 rows and 3 columns
2025-12-18 10:44:24 - exhaustive_index - INFO - Processed table 310 - datasets_USA/USA_CSV0000000000004122.csv
2025-12-18 10:44:43 - exhaustive_index - INFO - Processing table 311 - datasets_USA/USA_CSV0000000000004125.csv
2025-12-18 10:44:43 - exhaustive_index - INFO - Table datasets_USA/USA_CSV0000000000004125.csv has 18322 rows and 35 columns
2025-12-18 10:44:43 - exhaustive_index - INFO - Processed table 311 - datasets_USA/USA_CSV0000000000004125.csv
2025-12-18 10:44:45 - exhaustive_index - INFO - Processing table 312 - datasets_USA/USA_CSV0000000000004130.csv
2025-12-18 10:44:45 - exhaustive_index - INFO - Table datasets_USA/USA_CSV0000000000004130.csv has 60485 rows and 7 columns
2025-12-18 10:44:45 - exhaustive_index - INFO - Processed table 312 - datasets_USA/USA_CSV0000000000004130.csv
2025-12-18 10:45:37 - exhaustive_index - INFO - Processing table 313 - datasets_USA/USA_CSV0000000000004155.csv
2025-12-18 10:45:37 - exhaustive_index - INFO - Table datasets_USA/USA_CSV0000000000004155.csv has 12107 rows and 21 columns
2025-12-18 10:45:37 - exhaustive_index - INFO - Processed table 313 - datasets_USA/USA_CSV0000000000004155.csv
2025-12-18 10:45:37 - exhaustive_index - INFO - Processing table 314 - datasets_USA/USA_CSV0000000000004166.csv
2025-12-18 10:45:37 - exhaustive_index - INFO - Table datasets_USA/USA_CSV0000000000004166.csv has 7688 rows and 21 columns
2025-12-18 10:45:37 - exhaustive_index - INFO - Processed table 314 - datasets_USA/USA_CSV0000000000004166.csv
2025-12-18 10:45:37 - exhaustive_index - INFO - Processing table 315 - datasets_USA/USA_CSV0000000000004188.csv
2025-12-18 10:45:37 - exhaustive_index - INFO - Table datasets_USA/USA_CSV0000000000004188.csv has 15 rows and 3 columns
2025-12-18 10:45:37 - exhaustive_index - INFO - Processed table 315 - datasets_USA/USA_CSV0000000000004188.csv
2025-12-18 10:45:55 - exhaustive_index - INFO - Processing table 316 - datasets_USA/USA_CSV0000000000004218.csv
2025-12-18 10:45:55 - exhaustive_index - INFO - Table datasets_USA/USA_CSV0000000000004218.csv has 14628 rows and 19 columns
2025-12-18 10:45:55 - exhaustive_index - INFO - Processed table 316 - datasets_USA/USA_CSV0000000000004218.csv
2025-12-18 10:46:30 - exhaustive_index - INFO - Processing table 317 - datasets_USA/USA_CSV0000000000004237.csv
2025-12-18 10:46:30 - exhaustive_index - INFO - Table datasets_USA/USA_CSV0000000000004237.csv has 7297 rows and 36 columns
2025-12-18 10:46:30 - exhaustive_index - INFO - Processed table 317 - datasets_USA/USA_CSV0000000000004237.csv
2025-12-18 10:46:39 - exhaustive_index - INFO - Processing table 318 - datasets_USA/USA_CSV0000000000004243.csv
2025-12-18 10:46:39 - exhaustive_index - INFO - Table datasets_USA/USA_CSV0000000000004243.csv has 7234 rows and 32 columns
2025-12-18 10:46:39 - exhaustive_index - INFO - Processed table 318 - datasets_USA/USA_CSV0000000000004243.csv
2025-12-18 10:46:39 - exhaustive_index - INFO - Processing table 319 - datasets_USA/USA_CSV0000000000004267.csv
2025-12-18 10:46:39 - exhaustive_index - INFO - Table datasets_USA/USA_CSV0000000000004267.csv has 14141 rows and 5 columns
2025-12-18 10:46:39 - exhaustive_index - INFO - Processed table 319 - datasets_USA/USA_CSV0000000000004267.csv
2025-12-18 10:48:42 - exhaustive_index - INFO - Processing table 320 - datasets_USA/USA_CSV0000000000004273.csv
2025-12-18 10:48:42 - exhaustive_index - INFO - Table datasets_USA/USA_CSV0000000000004273.csv has 3279 rows and 53 columns
2025-12-18 10:48:42 - exhaustive_index - INFO - Processed table 320 - datasets_USA/USA_CSV0000000000004273.csv
2025-12-18 10:48:45 - exhaustive_index - INFO - Processing table 321 - datasets_USA/USA_CSV0000000000004278.csv
2025-12-18 10:48:45 - exhaustive_index - INFO - Table datasets_USA/USA_CSV0000000000004278.csv has 31048 rows and 8 columns
2025-12-18 10:48:45 - exhaustive_index - INFO - Processed table 321 - datasets_USA/USA_CSV0000000000004278.csv
2025-12-18 10:48:50 - exhaustive_index - INFO - Processing table 322 - datasets_USA/USA_CSV0000000000004288.csv
2025-12-18 10:48:50 - exhaustive_index - INFO - Table datasets_USA/USA_CSV0000000000004288.csv has 6452 rows and 17 columns
2025-12-18 10:48:50 - exhaustive_index - INFO - Processed table 322 - datasets_USA/USA_CSV0000000000004288.csv
2025-12-18 10:48:52 - exhaustive_index - INFO - Processing table 323 - datasets_USA/USA_CSV0000000000004310.csv
2025-12-18 10:48:52 - exhaustive_index - INFO - Table datasets_USA/USA_CSV0000000000004310.csv has 142746 rows and 5 columns
2025-12-18 10:48:52 - exhaustive_index - INFO - Processed table 323 - datasets_USA/USA_CSV0000000000004310.csv
2025-12-18 10:48:53 - exhaustive_index - INFO - Processing table 324 - datasets_USA/USA_CSV0000000000004318.csv
2025-12-18 10:48:53 - exhaustive_index - INFO - Table datasets_USA/USA_CSV0000000000004318.csv has 342 rows and 10 columns
2025-12-18 10:48:53 - exhaustive_index - INFO - Processed table 324 - datasets_USA/USA_CSV0000000000004318.csv
2025-12-18 10:48:59 - exhaustive_index - INFO - Processing table 325 - datasets_USA/USA_CSV0000000000004349.csv
2025-12-18 10:48:59 - exhaustive_index - INFO - Table datasets_USA/USA_CSV0000000000004349.csv has 6789 rows and 17 columns
2025-12-18 10:48:59 - exhaustive_index - INFO - Processed table 325 - datasets_USA/USA_CSV0000000000004349.csv
2025-12-18 10:49:03 - exhaustive_index - INFO - Processing table 326 - datasets_USA/USA_CSV0000000000004350.csv
2025-12-18 10:49:03 - exhaustive_index - INFO - Table datasets_USA/USA_CSV0000000000004350.csv has 6677 rows and 17 columns
2025-12-18 10:49:03 - exhaustive_index - INFO - Processed table 326 - datasets_USA/USA_CSV0000000000004350.csv
2025-12-18 10:49:06 - exhaustive_index - INFO - Processing table 327 - datasets_USA/USA_CSV0000000000004352.csv
2025-12-18 10:49:06 - exhaustive_index - INFO - Table datasets_USA/USA_CSV0000000000004352.csv has 6019 rows and 12 columns
2025-12-18 10:49:06 - exhaustive_index - INFO - Processed table 327 - datasets_USA/USA_CSV0000000000004352.csv
2025-12-18 10:49:12 - exhaustive_index - INFO - Processing table 328 - datasets_USA/USA_CSV0000000000004353.csv
2025-12-18 10:49:12 - exhaustive_index - INFO - Table datasets_USA/USA_CSV0000000000004353.csv has 6504 rows and 17 columns
2025-12-18 10:49:12 - exhaustive_index - INFO - Processed table 328 - datasets_USA/USA_CSV0000000000004353.csv
2025-12-18 10:49:14 - exhaustive_index - INFO - Processing table 329 - datasets_USA/USA_CSV0000000000004369.csv
2025-12-18 10:49:14 - exhaustive_index - INFO - Table datasets_USA/USA_CSV0000000000004369.csv has 446 rows and 11 columns
2025-12-18 10:49:14 - exhaustive_index - INFO - Processed table 329 - datasets_USA/USA_CSV0000000000004369.csv
2025-12-18 10:49:19 - exhaustive_index - INFO - Processing table 330 - datasets_USA/USA_CSV0000000000004387.csv
2025-12-18 10:49:19 - exhaustive_index - INFO - Table datasets_USA/USA_CSV0000000000004387.csv has 21036 rows and 11 columns
2025-12-18 10:49:19 - exhaustive_index - INFO - Processed table 330 - datasets_USA/USA_CSV0000000000004387.csv
2025-12-18 10:49:19 - exhaustive_index - INFO - Processing table 331 - datasets_USA/USA_CSV0000000000004415.csv
2025-12-18 10:49:19 - exhaustive_index - INFO - Table datasets_USA/USA_CSV0000000000004415.csv has 29585 rows and 4 columns
2025-12-18 10:49:19 - exhaustive_index - INFO - Processed table 331 - datasets_USA/USA_CSV0000000000004415.csv
2025-12-18 10:49:20 - exhaustive_index - INFO - Processing table 332 - datasets_USA/USA_CSV0000000000004433.csv
2025-12-18 10:49:20 - exhaustive_index - INFO - Table datasets_USA/USA_CSV0000000000004433.csv has 64020 rows and 3 columns
2025-12-18 10:49:20 - exhaustive_index - INFO - Processed table 332 - datasets_USA/USA_CSV0000000000004433.csv
2025-12-18 10:49:37 - exhaustive_index - INFO - Processing table 333 - datasets_USA/USA_CSV0000000000004434.csv
2025-12-18 10:49:37 - exhaustive_index - INFO - Table datasets_USA/USA_CSV0000000000004434.csv has 9392 rows and 27 columns
2025-12-18 10:49:37 - exhaustive_index - INFO - Processed table 333 - datasets_USA/USA_CSV0000000000004434.csv
2025-12-18 10:50:21 - exhaustive_index - INFO - Processing table 334 - datasets_USA/USA_CSV0000000000004478.csv
2025-12-18 10:50:21 - exhaustive_index - INFO - Table datasets_USA/USA_CSV0000000000004478.csv has 25096 rows and 23 columns
2025-12-18 10:50:21 - exhaustive_index - INFO - Processed table 334 - datasets_USA/USA_CSV0000000000004478.csv
2025-12-18 10:50:37 - exhaustive_index - INFO - Processing table 335 - datasets_USA/USA_CSV0000000000004482.csv
2025-12-18 10:50:37 - exhaustive_index - INFO - Table datasets_USA/USA_CSV0000000000004482.csv has 437 rows and 48 columns
2025-12-18 10:50:37 - exhaustive_index - INFO - Processed table 335 - datasets_USA/USA_CSV0000000000004482.csv
2025-12-18 10:50:38 - exhaustive_index - INFO - Processing table 336 - datasets_USA/USA_CSV0000000000004493.csv
2025-12-18 10:50:38 - exhaustive_index - INFO - Table datasets_USA/USA_CSV0000000000004493.csv has 6615 rows and 25 columns
2025-12-18 10:50:38 - exhaustive_index - INFO - Processed table 336 - datasets_USA/USA_CSV0000000000004493.csv
2025-12-18 10:50:39 - exhaustive_index - INFO - Processing table 337 - datasets_USA/USA_CSV0000000000004509.csv
2025-12-18 10:50:39 - exhaustive_index - INFO - Table datasets_USA/USA_CSV0000000000004509.csv has 8813 rows and 10 columns
2025-12-18 10:50:39 - exhaustive_index - INFO - Processed table 337 - datasets_USA/USA_CSV0000000000004509.csv
2025-12-18 10:50:49 - exhaustive_index - INFO - Processing table 338 - datasets_USA/USA_CSV0000000000004512.csv
2025-12-18 10:50:49 - exhaustive_index - INFO - Table datasets_USA/USA_CSV0000000000004512.csv has 294 rows and 46 columns
2025-12-18 10:50:49 - exhaustive_index - INFO - Processed table 338 - datasets_USA/USA_CSV0000000000004512.csv
2025-12-18 10:50:56 - exhaustive_index - INFO - Processing table 339 - datasets_USA/USA_CSV0000000000004599.csv
2025-12-18 10:50:56 - exhaustive_index - INFO - Table datasets_USA/USA_CSV0000000000004599.csv has 9429 rows and 11 columns
2025-12-18 10:50:56 - exhaustive_index - INFO - Processed table 339 - datasets_USA/USA_CSV0000000000004599.csv
2025-12-18 10:50:58 - exhaustive_index - INFO - Processing table 340 - datasets_USA/USA_CSV0000000000004601.csv
2025-12-18 10:50:58 - exhaustive_index - INFO - Table datasets_USA/USA_CSV0000000000004601.csv has 75782 rows and 5 columns
2025-12-18 10:50:58 - exhaustive_index - INFO - Processed table 340 - datasets_USA/USA_CSV0000000000004601.csv
2025-12-18 10:54:29 - exhaustive_index - INFO - Processing table 341 - datasets_USA/USA_CSV0000000000004603.csv
2025-12-18 10:54:29 - exhaustive_index - INFO - Table datasets_USA/USA_CSV0000000000004603.csv has 7684 rows and 40 columns
2025-12-18 10:54:29 - exhaustive_index - INFO - Processed table 341 - datasets_USA/USA_CSV0000000000004603.csv
2025-12-18 10:54:29 - exhaustive_index - INFO - Processing table 342 - datasets_USA/USA_CSV0000000000004615.csv
2025-12-18 10:54:29 - exhaustive_index - INFO - Table datasets_USA/USA_CSV0000000000004615.csv has 15 rows and 3 columns
2025-12-18 10:54:29 - exhaustive_index - INFO - Processed table 342 - datasets_USA/USA_CSV0000000000004615.csv
2025-12-18 10:54:29 - exhaustive_index - INFO - Processing table 343 - datasets_USA/USA_CSV0000000000004660.csv
2025-12-18 10:54:29 - exhaustive_index - INFO - Table datasets_USA/USA_CSV0000000000004660.csv has 169 rows and 8 columns
2025-12-18 10:54:29 - exhaustive_index - INFO - Processed table 343 - datasets_USA/USA_CSV0000000000004660.csv
2025-12-18 10:54:54 - exhaustive_index - INFO - Processing table 344 - datasets_USA/USA_CSV0000000000004693.csv
2025-12-18 10:54:54 - exhaustive_index - INFO - Table datasets_USA/USA_CSV0000000000004693.csv has 5263 rows and 44 columns
2025-12-18 10:54:54 - exhaustive_index - INFO - Processed table 344 - datasets_USA/USA_CSV0000000000004693.csv
2025-12-18 10:54:56 - exhaustive_index - INFO - Processing table 345 - datasets_USA/USA_CSV0000000000004708.csv
2025-12-18 10:54:56 - exhaustive_index - INFO - Table datasets_USA/USA_CSV0000000000004708.csv has 76672 rows and 7 columns
2025-12-18 10:54:56 - exhaustive_index - INFO - Processed table 345 - datasets_USA/USA_CSV0000000000004708.csv
2025-12-18 10:54:59 - exhaustive_index - INFO - Processing table 346 - datasets_USA/USA_CSV0000000000004717.csv
2025-12-18 10:54:59 - exhaustive_index - INFO - Table datasets_USA/USA_CSV0000000000004717.csv has 12925 rows and 10 columns
2025-12-18 10:54:59 - exhaustive_index - INFO - Processed table 346 - datasets_USA/USA_CSV0000000000004717.csv
2025-12-18 10:55:01 - exhaustive_index - INFO - Processing table 347 - datasets_USA/USA_CSV0000000000004778.csv
2025-12-18 10:55:01 - exhaustive_index - INFO - Table datasets_USA/USA_CSV0000000000004778.csv has 263 rows and 7 columns
2025-12-18 10:55:01 - exhaustive_index - INFO - Processed table 347 - datasets_USA/USA_CSV0000000000004778.csv
2025-12-18 10:55:01 - exhaustive_index - INFO - Processing table 348 - datasets_USA/USA_CSV0000000000004816.csv
2025-12-18 10:55:01 - exhaustive_index - INFO - Table datasets_USA/USA_CSV0000000000004816.csv has 16996 rows and 9 columns
2025-12-18 10:55:01 - exhaustive_index - INFO - Processed table 348 - datasets_USA/USA_CSV0000000000004816.csv
2025-12-18 10:55:52 - exhaustive_index - INFO - Processing table 349 - datasets_USA/USA_CSV0000000000004818.csv
2025-12-18 10:55:52 - exhaustive_index - INFO - Table datasets_USA/USA_CSV0000000000004818.csv has 2119 rows and 62 columns
2025-12-18 10:55:52 - exhaustive_index - INFO - Processed table 349 - datasets_USA/USA_CSV0000000000004818.csv
2025-12-18 10:55:56 - exhaustive_index - INFO - Processing table 350 - datasets_USA/USA_CSV0000000000004924.csv
2025-12-18 10:55:56 - exhaustive_index - INFO - Table datasets_USA/USA_CSV0000000000004924.csv has 24530 rows and 12 columns
2025-12-18 10:55:56 - exhaustive_index - INFO - Processed table 350 - datasets_USA/USA_CSV0000000000004924.csv
2025-12-18 10:55:56 - exhaustive_index - INFO - Processing table 351 - datasets_USA/USA_CSV0000000000004937.csv
2025-12-18 10:55:56 - exhaustive_index - INFO - Table datasets_USA/USA_CSV0000000000004937.csv has 77469 rows and 3 columns
2025-12-18 10:55:56 - exhaustive_index - INFO - Processed table 351 - datasets_USA/USA_CSV0000000000004937.csv
2025-12-18 10:56:27 - exhaustive_index - INFO - Processing table 352 - datasets_USA/USA_CSV0000000000004950.csv
2025-12-18 10:56:27 - exhaustive_index - INFO - Table datasets_USA/USA_CSV0000000000004950.csv has 17095 rows and 23 columns
2025-12-18 10:56:27 - exhaustive_index - INFO - Processed table 352 - datasets_USA/USA_CSV0000000000004950.csv
2025-12-18 10:56:29 - exhaustive_index - INFO - Processing table 353 - datasets_USA/USA_CSV0000000000004956.csv
2025-12-18 10:56:29 - exhaustive_index - INFO - Table datasets_USA/USA_CSV0000000000004956.csv has 208 rows and 17 columns
2025-12-18 10:56:29 - exhaustive_index - INFO - Processed table 353 - datasets_USA/USA_CSV0000000000004956.csv
2025-12-18 10:56:50 - exhaustive_index - INFO - Processing table 354 - datasets_USA/USA_CSV0000000000004960.csv
2025-12-18 10:56:50 - exhaustive_index - INFO - Table datasets_USA/USA_CSV0000000000004960.csv has 28478 rows and 16 columns
2025-12-18 10:56:50 - exhaustive_index - INFO - Processed table 354 - datasets_USA/USA_CSV0000000000004960.csv
2025-12-18 10:56:52 - exhaustive_index - INFO - Processing table 355 - datasets_USA/USA_CSV0000000000004976.csv
2025-12-18 10:56:52 - exhaustive_index - INFO - Table datasets_USA/USA_CSV0000000000004976.csv has 3741 rows and 18 columns
2025-12-18 10:56:52 - exhaustive_index - INFO - Processed table 355 - datasets_USA/USA_CSV0000000000004976.csv
2025-12-18 10:56:52 - exhaustive_index - INFO - Processing table 356 - datasets_USA/USA_CSV0000000000004992.csv
2025-12-18 10:56:52 - exhaustive_index - INFO - Table datasets_USA/USA_CSV0000000000004992.csv has 38 rows and 5 columns
2025-12-18 10:56:52 - exhaustive_index - INFO - Processed table 356 - datasets_USA/USA_CSV0000000000004992.csv
2025-12-18 10:56:53 - exhaustive_index - INFO - Processing table 357 - datasets_USA/USA_CSV0000000000005021.csv
2025-12-18 10:56:53 - exhaustive_index - INFO - Table datasets_USA/USA_CSV0000000000005021.csv has 12616 rows and 5 columns
2025-12-18 10:56:53 - exhaustive_index - INFO - Processed table 357 - datasets_USA/USA_CSV0000000000005021.csv
2025-12-18 10:56:56 - exhaustive_index - INFO - Processing table 358 - datasets_USA/USA_CSV0000000000005034.csv
2025-12-18 10:56:56 - exhaustive_index - INFO - Table datasets_USA/USA_CSV0000000000005034.csv has 367 rows and 17 columns
2025-12-18 10:56:56 - exhaustive_index - INFO - Processed table 358 - datasets_USA/USA_CSV0000000000005034.csv
2025-12-18 10:56:57 - exhaustive_index - INFO - Processing table 359 - datasets_USA/USA_CSV0000000000005085.csv
2025-12-18 10:56:57 - exhaustive_index - INFO - Table datasets_USA/USA_CSV0000000000005085.csv has 121 rows and 9 columns
2025-12-18 10:56:57 - exhaustive_index - INFO - Processed table 359 - datasets_USA/USA_CSV0000000000005085.csv
2025-12-18 10:57:00 - exhaustive_index - INFO - Processing table 360 - datasets_USA/USA_CSV0000000000005098.csv
2025-12-18 10:57:00 - exhaustive_index - INFO - Table datasets_USA/USA_CSV0000000000005098.csv has 4702 rows and 8 columns
2025-12-18 10:57:00 - exhaustive_index - INFO - Processed table 360 - datasets_USA/USA_CSV0000000000005098.csv
2025-12-18 10:57:01 - exhaustive_index - INFO - Processing table 361 - datasets_USA/USA_CSV0000000000005110.csv
2025-12-18 10:57:01 - exhaustive_index - INFO - Table datasets_USA/USA_CSV0000000000005110.csv has 21665 rows and 13 columns
2025-12-18 10:57:01 - exhaustive_index - INFO - Processed table 361 - datasets_USA/USA_CSV0000000000005110.csv
2025-12-18 10:57:01 - exhaustive_index - INFO - Processing table 362 - datasets_USA/USA_CSV0000000000005128.csv
2025-12-18 10:57:41 - exhaustive_index - INFO - Processing table 363 - datasets_USA/USA_CSV0000000000005158.csv
2025-12-18 10:57:41 - exhaustive_index - INFO - Table datasets_USA/USA_CSV0000000000005158.csv has 9026 rows and 32 columns
2025-12-18 10:57:41 - exhaustive_index - INFO - Processed table 363 - datasets_USA/USA_CSV0000000000005158.csv
2025-12-18 10:57:51 - exhaustive_index - INFO - Processing table 364 - datasets_USA/USA_CSV0000000000005162.csv
2025-12-18 10:57:51 - exhaustive_index - INFO - Table datasets_USA/USA_CSV0000000000005162.csv has 23088 rows and 12 columns
2025-12-18 10:57:51 - exhaustive_index - INFO - Processed table 364 - datasets_USA/USA_CSV0000000000005162.csv
2025-12-18 10:57:52 - exhaustive_index - INFO - Processing table 365 - datasets_USA/USA_CSV0000000000005163.csv
2025-12-18 10:57:52 - exhaustive_index - INFO - Table datasets_USA/USA_CSV0000000000005163.csv has 6955 rows and 25 columns
2025-12-18 10:57:52 - exhaustive_index - INFO - Processed table 365 - datasets_USA/USA_CSV0000000000005163.csv
2025-12-18 10:57:53 - exhaustive_index - INFO - Processing table 366 - datasets_USA/USA_CSV0000000000005168.csv
2025-12-18 10:57:53 - exhaustive_index - INFO - Table datasets_USA/USA_CSV0000000000005168.csv has 48384 rows and 6 columns
2025-12-18 10:57:53 - exhaustive_index - INFO - Processed table 366 - datasets_USA/USA_CSV0000000000005168.csv
2025-12-18 10:57:53 - exhaustive_index - INFO - Processing table 367 - datasets_USA/USA_CSV0000000000005180.csv
2025-12-18 10:57:53 - exhaustive_index - INFO - Table datasets_USA/USA_CSV0000000000005180.csv has 189 rows and 6 columns
2025-12-18 10:57:53 - exhaustive_index - INFO - Processed table 367 - datasets_USA/USA_CSV0000000000005180.csv
2025-12-18 10:57:54 - exhaustive_index - INFO - Processing table 368 - datasets_USA/USA_CSV0000000000005221.csv
2025-12-18 10:57:54 - exhaustive_index - INFO - Table datasets_USA/USA_CSV0000000000005221.csv has 477 rows and 12 columns
2025-12-18 10:57:54 - exhaustive_index - INFO - Processed table 368 - datasets_USA/USA_CSV0000000000005221.csv
2025-12-18 10:58:00 - exhaustive_index - INFO - Processing table 369 - datasets_USA/USA_CSV0000000000005298.csv
2025-12-18 10:58:00 - exhaustive_index - INFO - Table datasets_USA/USA_CSV0000000000005298.csv has 25683 rows and 9 columns
2025-12-18 10:58:00 - exhaustive_index - INFO - Processed table 369 - datasets_USA/USA_CSV0000000000005298.csv
2025-12-18 10:58:25 - exhaustive_index - INFO - Processing table 370 - datasets_USA/USA_CSV0000000000005307.csv
2025-12-18 10:58:25 - exhaustive_index - INFO - Table datasets_USA/USA_CSV0000000000005307.csv has 3174 rows and 58 columns
2025-12-18 10:58:25 - exhaustive_index - INFO - Processed table 370 - datasets_USA/USA_CSV0000000000005307.csv
2025-12-18 10:58:27 - exhaustive_index - INFO - Processing table 371 - datasets_USA/USA_CSV0000000000005314.csv
2025-12-18 10:58:27 - exhaustive_index - INFO - Table datasets_USA/USA_CSV0000000000005314.csv has 61035 rows and 6 columns
2025-12-18 10:58:27 - exhaustive_index - INFO - Processed table 371 - datasets_USA/USA_CSV0000000000005314.csv
2025-12-18 10:58:54 - exhaustive_index - INFO - Processing table 372 - datasets_USA/USA_CSV0000000000005320.csv
2025-12-18 10:58:54 - exhaustive_index - INFO - Table datasets_USA/USA_CSV0000000000005320.csv has 8952 rows and 38 columns
2025-12-18 10:58:54 - exhaustive_index - INFO - Processed table 372 - datasets_USA/USA_CSV0000000000005320.csv
2025-12-18 10:58:58 - exhaustive_index - INFO - Processing table 373 - datasets_USA/USA_CSV0000000000005324.csv
2025-12-18 10:58:58 - exhaustive_index - INFO - Table datasets_USA/USA_CSV0000000000005324.csv has 19601 rows and 15 columns
2025-12-18 10:58:58 - exhaustive_index - INFO - Processed table 373 - datasets_USA/USA_CSV0000000000005324.csv
2025-12-18 10:58:58 - exhaustive_index - INFO - Processing table 374 - datasets_USA/USA_CSV0000000000005360.csv
2025-12-18 10:58:58 - exhaustive_index - INFO - Table datasets_USA/USA_CSV0000000000005360.csv has 292 rows and 6 columns
2025-12-18 10:58:58 - exhaustive_index - INFO - Processed table 374 - datasets_USA/USA_CSV0000000000005360.csv
2025-12-18 10:59:08 - exhaustive_index - INFO - Processing table 375 - datasets_USA/USA_CSV0000000000005376.csv
2025-12-18 10:59:08 - exhaustive_index - INFO - Table datasets_USA/USA_CSV0000000000005376.csv has 9354 rows and 24 columns
2025-12-18 10:59:08 - exhaustive_index - INFO - Processed table 375 - datasets_USA/USA_CSV0000000000005376.csv
2025-12-18 11:04:35 - exhaustive_index - INFO - Processing table 376 - datasets_USA/USA_CSV0000000000005379.csv
2025-12-18 11:04:35 - exhaustive_index - INFO - Table datasets_USA/USA_CSV0000000000005379.csv has 5336 rows and 61 columns
2025-12-18 11:04:35 - exhaustive_index - INFO - Processed table 376 - datasets_USA/USA_CSV0000000000005379.csv
2025-12-18 11:04:38 - exhaustive_index - INFO - Processing table 377 - datasets_USA/USA_CSV0000000000005385.csv
2025-12-18 11:04:38 - exhaustive_index - INFO - Table datasets_USA/USA_CSV0000000000005385.csv has 6459 rows and 15 columns
2025-12-18 11:04:38 - exhaustive_index - INFO - Processed table 377 - datasets_USA/USA_CSV0000000000005385.csv
2025-12-18 11:04:43 - exhaustive_index - INFO - Processing table 378 - datasets_USA/USA_CSV0000000000005386.csv
2025-12-18 11:04:43 - exhaustive_index - INFO - Table datasets_USA/USA_CSV0000000000005386.csv has 6841 rows and 17 columns
2025-12-18 11:04:43 - exhaustive_index - INFO - Processed table 378 - datasets_USA/USA_CSV0000000000005386.csv
2025-12-18 11:04:52 - exhaustive_index - INFO - Processing table 379 - datasets_USA/USA_CSV0000000000005393.csv
2025-12-18 11:04:52 - exhaustive_index - INFO - Table datasets_USA/USA_CSV0000000000005393.csv has 5629 rows and 14 columns
2025-12-18 11:04:52 - exhaustive_index - INFO - Processed table 379 - datasets_USA/USA_CSV0000000000005393.csv
2025-12-18 11:06:09 - exhaustive_index - INFO - Processing table 380 - datasets_USA/USA_CSV0000000000005399.csv
2025-12-18 11:06:09 - exhaustive_index - INFO - Table datasets_USA/USA_CSV0000000000005399.csv has 3241 rows and 54 columns
2025-12-18 11:06:09 - exhaustive_index - INFO - Processed table 380 - datasets_USA/USA_CSV0000000000005399.csv
2025-12-18 11:06:13 - exhaustive_index - INFO - Processing table 381 - datasets_USA/USA_CSV0000000000005407.csv
2025-12-18 11:06:13 - exhaustive_index - INFO - Table datasets_USA/USA_CSV0000000000005407.csv has 34756 rows and 9 columns
2025-12-18 11:06:13 - exhaustive_index - INFO - Processed table 381 - datasets_USA/USA_CSV0000000000005407.csv
2025-12-18 11:06:38 - exhaustive_index - INFO - Processing table 382 - datasets_USA/USA_CSV0000000000005415.csv
2025-12-18 11:06:38 - exhaustive_index - INFO - Table datasets_USA/USA_CSV0000000000005415.csv has 2202 rows and 58 columns
2025-12-18 11:06:38 - exhaustive_index - INFO - Processed table 382 - datasets_USA/USA_CSV0000000000005415.csv
2025-12-18 11:10:15 - exhaustive_index - INFO - Processing table 383 - datasets_USA/USA_CSV0000000000005422.csv
2025-12-18 11:10:15 - exhaustive_index - INFO - Table datasets_USA/USA_CSV0000000000005422.csv has 4924 rows and 96 columns
2025-12-18 11:10:15 - exhaustive_index - INFO - Processed table 383 - datasets_USA/USA_CSV0000000000005422.csv
2025-12-18 11:10:45 - exhaustive_index - INFO - Processing table 384 - datasets_USA/USA_CSV0000000000005433.csv
2025-12-18 11:10:45 - exhaustive_index - INFO - Table datasets_USA/USA_CSV0000000000005433.csv has 16908 rows and 16 columns
2025-12-18 11:10:45 - exhaustive_index - INFO - Processed table 384 - datasets_USA/USA_CSV0000000000005433.csv
2025-12-18 11:10:45 - exhaustive_index - INFO - Processing table 385 - datasets_USA/USA_CSV0000000000005436.csv
2025-12-18 11:10:45 - exhaustive_index - INFO - Table datasets_USA/USA_CSV0000000000005436.csv has 7767 rows and 5 columns
2025-12-18 11:10:45 - exhaustive_index - INFO - Processed table 385 - datasets_USA/USA_CSV0000000000005436.csv
2025-12-18 11:10:48 - exhaustive_index - INFO - Processing table 386 - datasets_USA/USA_CSV0000000000005441.csv
2025-12-18 11:10:48 - exhaustive_index - INFO - Table datasets_USA/USA_CSV0000000000005441.csv has 154628 rows and 3 columns
2025-12-18 11:10:48 - exhaustive_index - INFO - Processed table 386 - datasets_USA/USA_CSV0000000000005441.csv
2025-12-18 11:10:50 - exhaustive_index - INFO - Processing table 387 - datasets_USA/USA_CSV0000000000005445.csv
2025-12-18 11:10:50 - exhaustive_index - INFO - Table datasets_USA/USA_CSV0000000000005445.csv has 12192 rows and 13 columns
2025-12-18 11:10:50 - exhaustive_index - INFO - Processed table 387 - datasets_USA/USA_CSV0000000000005445.csv
2025-12-18 11:10:56 - exhaustive_index - INFO - Processing table 388 - datasets_USA/USA_CSV0000000000005465.csv
2025-12-18 11:10:56 - exhaustive_index - INFO - Table datasets_USA/USA_CSV0000000000005465.csv has 4749 rows and 18 columns
2025-12-18 11:10:56 - exhaustive_index - INFO - Processed table 388 - datasets_USA/USA_CSV0000000000005465.csv
2025-12-18 11:10:56 - exhaustive_index - INFO - Processing table 389 - datasets_USA/USA_CSV0000000000005469.csv
2025-12-18 11:10:56 - exhaustive_index - INFO - Table datasets_USA/USA_CSV0000000000005469.csv has 849 rows and 6 columns
2025-12-18 11:10:56 - exhaustive_index - INFO - Processed table 389 - datasets_USA/USA_CSV0000000000005469.csv
2025-12-18 11:10:59 - exhaustive_index - INFO - Processing table 390 - datasets_USA/USA_CSV0000000000005481.csv
2025-12-18 11:10:59 - exhaustive_index - INFO - Table datasets_USA/USA_CSV0000000000005481.csv has 14875 rows and 10 columns
2025-12-18 11:10:59 - exhaustive_index - INFO - Processed table 390 - datasets_USA/USA_CSV0000000000005481.csv
2025-12-18 11:11:01 - exhaustive_index - INFO - Processing table 391 - datasets_USA/USA_CSV0000000000005489.csv
2025-12-18 11:11:01 - exhaustive_index - INFO - Table datasets_USA/USA_CSV0000000000005489.csv has 2338 rows and 10 columns
2025-12-18 11:11:01 - exhaustive_index - INFO - Processed table 391 - datasets_USA/USA_CSV0000000000005489.csv
2025-12-18 11:11:06 - exhaustive_index - INFO - Processing table 392 - datasets_USA/USA_CSV0000000000005498.csv
2025-12-18 11:11:06 - exhaustive_index - INFO - Table datasets_USA/USA_CSV0000000000005498.csv has 15260 rows and 17 columns
2025-12-18 11:11:06 - exhaustive_index - INFO - Processed table 392 - datasets_USA/USA_CSV0000000000005498.csv
2025-12-18 11:11:21 - exhaustive_index - INFO - Processing table 393 - datasets_USA/USA_CSV0000000000005539.csv
2025-12-18 11:11:21 - exhaustive_index - INFO - Table datasets_USA/USA_CSV0000000000005539.csv has 63470 rows and 16 columns
2025-12-18 11:11:21 - exhaustive_index - INFO - Processed table 393 - datasets_USA/USA_CSV0000000000005539.csv
2025-12-18 11:12:12 - exhaustive_index - INFO - Processing table 394 - datasets_USA/USA_CSV0000000000005573.csv
2025-12-18 11:12:12 - exhaustive_index - INFO - Table datasets_USA/USA_CSV0000000000005573.csv has 2572 rows and 70 columns
2025-12-18 11:12:12 - exhaustive_index - INFO - Processed table 394 - datasets_USA/USA_CSV0000000000005573.csv
2025-12-18 11:12:17 - exhaustive_index - INFO - Processing table 395 - datasets_USA/USA_CSV0000000000005632.csv
2025-12-18 11:12:17 - exhaustive_index - INFO - Table datasets_USA/USA_CSV0000000000005632.csv has 165360 rows and 4 columns
2025-12-18 11:12:17 - exhaustive_index - INFO - Processed table 395 - datasets_USA/USA_CSV0000000000005632.csv
2025-12-18 11:12:20 - exhaustive_index - INFO - Processing table 396 - datasets_USA/USA_CSV0000000000005633.csv
2025-12-18 11:12:20 - exhaustive_index - INFO - Table datasets_USA/USA_CSV0000000000005633.csv has 17989 rows and 9 columns
2025-12-18 11:12:20 - exhaustive_index - INFO - Processed table 396 - datasets_USA/USA_CSV0000000000005633.csv
2025-12-18 11:12:20 - exhaustive_index - INFO - Processing table 397 - datasets_USA/USA_CSV0000000000005656.csv
2025-12-18 11:12:20 - exhaustive_index - INFO - Table datasets_USA/USA_CSV0000000000005656.csv has 161 rows and 7 columns
2025-12-18 11:12:20 - exhaustive_index - INFO - Processed table 397 - datasets_USA/USA_CSV0000000000005656.csv
2025-12-18 11:12:21 - exhaustive_index - INFO - Processing table 398 - datasets_USA/USA_CSV0000000000005657.csv
2025-12-18 11:12:21 - exhaustive_index - INFO - Table datasets_USA/USA_CSV0000000000005657.csv has 13008 rows and 10 columns
2025-12-18 11:12:21 - exhaustive_index - INFO - Processed table 398 - datasets_USA/USA_CSV0000000000005657.csv
2025-12-18 11:12:30 - exhaustive_index - INFO - Processing table 399 - datasets_USA/USA_CSV0000000000005707.csv
2025-12-18 11:12:30 - exhaustive_index - INFO - Table datasets_USA/USA_CSV0000000000005707.csv has 24071 rows and 20 columns
2025-12-18 11:12:30 - exhaustive_index - INFO - Processed table 399 - datasets_USA/USA_CSV0000000000005707.csv
2025-12-18 11:12:53 - exhaustive_index - INFO - Processing table 400 - datasets_USA/USA_CSV0000000000005710.csv
2025-12-18 11:12:53 - exhaustive_index - INFO - Table datasets_USA/USA_CSV0000000000005710.csv has 4668 rows and 19 columns
2025-12-18 11:12:53 - exhaustive_index - INFO - Processed table 400 - datasets_USA/USA_CSV0000000000005710.csv
2025-12-18 11:17:59 - exhaustive_index - INFO - Processing table 401 - datasets_USA/USA_CSV0000000000005724.csv
2025-12-18 11:17:59 - exhaustive_index - INFO - Table datasets_USA/USA_CSV0000000000005724.csv has 6831 rows and 70 columns
2025-12-18 11:17:59 - exhaustive_index - INFO - Processed table 401 - datasets_USA/USA_CSV0000000000005724.csv
2025-12-18 11:18:03 - exhaustive_index - INFO - Processing table 402 - datasets_USA/USA_CSV0000000000005744.csv
2025-12-18 11:18:03 - exhaustive_index - INFO - Table datasets_USA/USA_CSV0000000000005744.csv has 2764 rows and 18 columns
2025-12-18 11:18:03 - exhaustive_index - INFO - Processed table 402 - datasets_USA/USA_CSV0000000000005744.csv
2025-12-18 11:18:11 - exhaustive_index - INFO - Processing table 403 - datasets_USA/USA_CSV0000000000005745.csv
2025-12-18 11:18:11 - exhaustive_index - INFO - Table datasets_USA/USA_CSV0000000000005745.csv has 22161 rows and 27 columns
2025-12-18 11:18:11 - exhaustive_index - INFO - Processed table 403 - datasets_USA/USA_CSV0000000000005745.csv
2025-12-18 11:22:09 - exhaustive_index - INFO - Processing table 404 - datasets_USA/USA_CSV0000000000005749.csv
2025-12-18 11:22:09 - exhaustive_index - INFO - Table datasets_USA/USA_CSV0000000000005749.csv has 9096 rows and 39 columns
2025-12-18 11:22:09 - exhaustive_index - INFO - Processed table 404 - datasets_USA/USA_CSV0000000000005749.csv
2025-12-18 11:22:12 - exhaustive_index - INFO - Processing table 405 - datasets_USA/USA_CSV0000000000005771.csv
2025-12-18 11:22:12 - exhaustive_index - INFO - Table datasets_USA/USA_CSV0000000000005771.csv has 7062 rows and 13 columns
2025-12-18 11:22:12 - exhaustive_index - INFO - Processed table 405 - datasets_USA/USA_CSV0000000000005771.csv
2025-12-18 11:22:13 - exhaustive_index - INFO - Processing table 406 - datasets_USA/USA_CSV0000000000005823.csv
2025-12-18 11:22:13 - exhaustive_index - INFO - Table datasets_USA/USA_CSV0000000000005823.csv has 263 rows and 7 columns
2025-12-18 11:22:13 - exhaustive_index - INFO - Processed table 406 - datasets_USA/USA_CSV0000000000005823.csv
2025-12-18 11:23:27 - exhaustive_index - INFO - Processing table 407 - datasets_USA/USA_CSV0000000000005853.csv
2025-12-18 11:23:27 - exhaustive_index - INFO - Table datasets_USA/USA_CSV0000000000005853.csv has 14586 rows and 36 columns
2025-12-18 11:23:27 - exhaustive_index - INFO - Processed table 407 - datasets_USA/USA_CSV0000000000005853.csv
2025-12-18 11:23:31 - exhaustive_index - INFO - Processing table 408 - datasets_USA/USA_CSV0000000000005860.csv
2025-12-18 11:23:31 - exhaustive_index - INFO - Table datasets_USA/USA_CSV0000000000005860.csv has 5512 rows and 23 columns
2025-12-18 11:23:31 - exhaustive_index - INFO - Processed table 408 - datasets_USA/USA_CSV0000000000005860.csv
2025-12-18 11:23:32 - exhaustive_index - INFO - Processing table 409 - datasets_USA/USA_CSV0000000000005888.csv
2025-12-18 11:23:32 - exhaustive_index - INFO - Table datasets_USA/USA_CSV0000000000005888.csv has 786 rows and 12 columns
2025-12-18 11:23:32 - exhaustive_index - INFO - Processed table 409 - datasets_USA/USA_CSV0000000000005888.csv
2025-12-18 11:23:35 - exhaustive_index - INFO - Processing table 410 - datasets_USA/USA_CSV0000000000005899.csv
2025-12-18 11:23:35 - exhaustive_index - INFO - Table datasets_USA/USA_CSV0000000000005899.csv has 7873 rows and 22 columns
2025-12-18 11:23:35 - exhaustive_index - INFO - Processed table 410 - datasets_USA/USA_CSV0000000000005899.csv
2025-12-18 11:23:53 - exhaustive_index - INFO - Processing table 411 - datasets_USA/USA_CSV0000000000005920.csv
2025-12-18 11:23:53 - exhaustive_index - INFO - Table datasets_USA/USA_CSV0000000000005920.csv has 17622 rows and 15 columns
2025-12-18 11:23:53 - exhaustive_index - INFO - Processed table 411 - datasets_USA/USA_CSV0000000000005920.csv
2025-12-18 11:23:53 - exhaustive_index - INFO - Processing table 412 - datasets_USA/USA_CSV0000000000005921.csv
2025-12-18 11:23:53 - exhaustive_index - INFO - Table datasets_USA/USA_CSV0000000000005921.csv has 9853 rows and 18 columns
2025-12-18 11:23:53 - exhaustive_index - INFO - Processed table 412 - datasets_USA/USA_CSV0000000000005921.csv
2025-12-18 11:23:55 - exhaustive_index - INFO - Processing table 413 - datasets_USA/USA_CSV0000000000005950.csv
2025-12-18 11:23:55 - exhaustive_index - INFO - Table datasets_USA/USA_CSV0000000000005950.csv has 7244 rows and 15 columns
2025-12-18 11:23:55 - exhaustive_index - INFO - Processed table 413 - datasets_USA/USA_CSV0000000000005950.csv
2025-12-18 11:24:17 - exhaustive_index - INFO - Processing table 414 - datasets_USA/USA_CSV0000000000005977.csv
2025-12-18 11:24:17 - exhaustive_index - INFO - Table datasets_USA/USA_CSV0000000000005977.csv has 21823 rows and 15 columns
2025-12-18 11:24:17 - exhaustive_index - INFO - Processed table 414 - datasets_USA/USA_CSV0000000000005977.csv
2025-12-18 11:24:19 - exhaustive_index - INFO - Processing table 415 - datasets_USA/USA_CSV0000000000006133.csv
2025-12-18 11:24:19 - exhaustive_index - INFO - Table datasets_USA/USA_CSV0000000000006133.csv has 1027 rows and 20 columns
2025-12-18 11:24:19 - exhaustive_index - INFO - Processed table 415 - datasets_USA/USA_CSV0000000000006133.csv
2025-12-18 11:24:31 - exhaustive_index - INFO - Processing table 416 - datasets_USA/USA_CSV0000000000006143.csv
2025-12-18 11:24:31 - exhaustive_index - INFO - Table datasets_USA/USA_CSV0000000000006143.csv has 36777 rows and 12 columns
2025-12-18 11:24:31 - exhaustive_index - INFO - Processed table 416 - datasets_USA/USA_CSV0000000000006143.csv
2025-12-18 11:24:31 - exhaustive_index - INFO - Processing table 417 - datasets_USA/USA_CSV0000000000006182.csv
2025-12-18 11:24:31 - exhaustive_index - INFO - Table datasets_USA/USA_CSV0000000000006182.csv has 37777 rows and 3 columns
2025-12-18 11:24:31 - exhaustive_index - INFO - Processed table 417 - datasets_USA/USA_CSV0000000000006182.csv
2025-12-18 11:24:32 - exhaustive_index - INFO - Processing table 418 - datasets_USA/USA_CSV0000000000006195.csv
2025-12-18 11:24:32 - exhaustive_index - INFO - Table datasets_USA/USA_CSV0000000000006195.csv has 34382 rows and 9 columns
2025-12-18 11:24:32 - exhaustive_index - INFO - Processed table 418 - datasets_USA/USA_CSV0000000000006195.csv
2025-12-18 11:24:35 - exhaustive_index - INFO - Processing table 419 - datasets_USA/USA_CSV0000000000006198.csv
2025-12-18 11:24:35 - exhaustive_index - INFO - Table datasets_USA/USA_CSV0000000000006198.csv has 6455 rows and 19 columns
2025-12-18 11:24:35 - exhaustive_index - INFO - Processed table 419 - datasets_USA/USA_CSV0000000000006198.csv
2025-12-18 11:25:19 - exhaustive_index - INFO - Processing table 420 - datasets_USA/USA_CSV0000000000006217.csv
2025-12-18 11:25:19 - exhaustive_index - INFO - Table datasets_USA/USA_CSV0000000000006217.csv has 2200 rows and 60 columns
2025-12-18 11:25:19 - exhaustive_index - INFO - Processed table 420 - datasets_USA/USA_CSV0000000000006217.csv
2025-12-18 11:25:20 - exhaustive_index - INFO - Processing table 421 - datasets_USA/USA_CSV0000000000006267.csv
2025-12-18 11:25:20 - exhaustive_index - INFO - Table datasets_USA/USA_CSV0000000000006267.csv has 13115 rows and 4 columns
2025-12-18 11:25:20 - exhaustive_index - INFO - Processed table 421 - datasets_USA/USA_CSV0000000000006267.csv
2025-12-18 11:25:24 - exhaustive_index - INFO - Processing table 422 - datasets_USA/USA_CSV0000000000006302.csv
2025-12-18 11:25:24 - exhaustive_index - INFO - Table datasets_USA/USA_CSV0000000000006302.csv has 8078 rows and 11 columns
2025-12-18 11:25:24 - exhaustive_index - INFO - Processed table 422 - datasets_USA/USA_CSV0000000000006302.csv
2025-12-18 11:25:24 - exhaustive_index - INFO - Processing table 423 - datasets_USA/USA_CSV0000000000006306.csv
2025-12-18 11:25:24 - exhaustive_index - INFO - Table datasets_USA/USA_CSV0000000000006306.csv has 10 rows and 4 columns
2025-12-18 11:25:24 - exhaustive_index - INFO - Processed table 423 - datasets_USA/USA_CSV0000000000006306.csv
2025-12-18 11:27:21 - exhaustive_index - INFO - Processing table 424 - datasets_USA/USA_CSV0000000000006308.csv
2025-12-18 11:27:21 - exhaustive_index - INFO - Table datasets_USA/USA_CSV0000000000006308.csv has 2246 rows and 52 columns
2025-12-18 11:27:21 - exhaustive_index - INFO - Processed table 424 - datasets_USA/USA_CSV0000000000006308.csv
2025-12-18 11:27:21 - exhaustive_index - INFO - Processing table 425 - datasets_USA/USA_CSV0000000000006310.csv
2025-12-18 11:27:21 - exhaustive_index - INFO - Table datasets_USA/USA_CSV0000000000006310.csv has 9 rows and 5 columns
2025-12-18 11:27:21 - exhaustive_index - INFO - Processed table 425 - datasets_USA/USA_CSV0000000000006310.csv
2025-12-18 11:27:21 - exhaustive_index - INFO - Processing table 426 - datasets_USA/USA_CSV0000000000006314.csv
2025-12-18 11:27:21 - exhaustive_index - INFO - Table datasets_USA/USA_CSV0000000000006314.csv has 27 rows and 12 columns
2025-12-18 11:27:21 - exhaustive_index - INFO - Processed table 426 - datasets_USA/USA_CSV0000000000006314.csv
2025-12-18 11:27:23 - exhaustive_index - INFO - Processing table 427 - datasets_USA/USA_CSV0000000000006318.csv
2025-12-18 11:27:23 - exhaustive_index - INFO - Table datasets_USA/USA_CSV0000000000006318.csv has 13352 rows and 16 columns
2025-12-18 11:27:23 - exhaustive_index - INFO - Processed table 427 - datasets_USA/USA_CSV0000000000006318.csv
2025-12-18 11:27:32 - exhaustive_index - INFO - Processing table 428 - datasets_USA/USA_CSV0000000000006319.csv
2025-12-18 11:27:32 - exhaustive_index - INFO - Table datasets_USA/USA_CSV0000000000006319.csv has 6026 rows and 16 columns
2025-12-18 11:27:32 - exhaustive_index - INFO - Processed table 428 - datasets_USA/USA_CSV0000000000006319.csv
2025-12-18 11:27:33 - exhaustive_index - INFO - Processing table 429 - datasets_USA/USA_CSV0000000000006322.csv
2025-12-18 11:27:33 - exhaustive_index - INFO - Table datasets_USA/USA_CSV0000000000006322.csv has 305 rows and 8 columns
2025-12-18 11:27:33 - exhaustive_index - INFO - Processed table 429 - datasets_USA/USA_CSV0000000000006322.csv
2025-12-18 11:27:34 - exhaustive_index - INFO - Processing table 430 - datasets_USA/USA_CSV0000000000006331.csv
2025-12-18 11:27:34 - exhaustive_index - INFO - Table datasets_USA/USA_CSV0000000000006331.csv has 302 rows and 10 columns
2025-12-18 11:27:34 - exhaustive_index - INFO - Processed table 430 - datasets_USA/USA_CSV0000000000006331.csv
2025-12-18 11:27:43 - exhaustive_index - INFO - Processing table 431 - datasets_USA/USA_CSV0000000000006332.csv
2025-12-18 11:27:43 - exhaustive_index - INFO - Table datasets_USA/USA_CSV0000000000006332.csv has 17178 rows and 15 columns
2025-12-18 11:27:43 - exhaustive_index - INFO - Processed table 431 - datasets_USA/USA_CSV0000000000006332.csv
2025-12-18 11:28:32 - exhaustive_index - INFO - Processing table 432 - datasets_USA/USA_CSV0000000000006400.csv
2025-12-18 11:28:32 - exhaustive_index - INFO - Table datasets_USA/USA_CSV0000000000006400.csv has 442 rows and 70 columns
2025-12-18 11:28:32 - exhaustive_index - INFO - Processed table 432 - datasets_USA/USA_CSV0000000000006400.csv
2025-12-18 11:28:32 - exhaustive_index - INFO - Processing table 433 - datasets_USA/USA_CSV0000000000006435.csv
2025-12-18 11:28:32 - exhaustive_index - INFO - Table datasets_USA/USA_CSV0000000000006435.csv has 1761 rows and 3 columns
2025-12-18 11:28:32 - exhaustive_index - INFO - Processed table 433 - datasets_USA/USA_CSV0000000000006435.csv
2025-12-18 11:28:33 - exhaustive_index - INFO - Processing table 434 - datasets_USA/USA_CSV0000000000006439.csv
2025-12-18 11:28:33 - exhaustive_index - INFO - Table datasets_USA/USA_CSV0000000000006439.csv has 8929 rows and 14 columns
2025-12-18 11:28:33 - exhaustive_index - INFO - Processed table 434 - datasets_USA/USA_CSV0000000000006439.csv
2025-12-18 11:28:33 - exhaustive_index - INFO - Processing table 435 - datasets_USA/USA_CSV0000000000006452.csv
2025-12-18 11:28:33 - exhaustive_index - INFO - Table datasets_USA/USA_CSV0000000000006452.csv has 27670 rows and 7 columns
2025-12-18 11:28:33 - exhaustive_index - INFO - Processed table 435 - datasets_USA/USA_CSV0000000000006452.csv
2025-12-18 11:28:33 - exhaustive_index - INFO - Processing table 436 - datasets_USA/USA_CSV0000000000006465.csv
2025-12-18 11:28:33 - exhaustive_index - INFO - Table datasets_USA/USA_CSV0000000000006465.csv has 207 rows and 5 columns
2025-12-18 11:28:33 - exhaustive_index - INFO - Processed table 436 - datasets_USA/USA_CSV0000000000006465.csv
2025-12-18 11:28:33 - exhaustive_index - INFO - Processing table 437 - datasets_USA/USA_CSV0000000000006528.csv
2025-12-18 11:28:33 - exhaustive_index - INFO - Table datasets_USA/USA_CSV0000000000006528.csv has 45 rows and 6 columns
2025-12-18 11:28:33 - exhaustive_index - INFO - Processed table 437 - datasets_USA/USA_CSV0000000000006528.csv
2025-12-18 11:28:35 - exhaustive_index - INFO - Processing table 438 - datasets_USA/USA_CSV0000000000006544.csv
2025-12-18 11:28:35 - exhaustive_index - INFO - Table datasets_USA/USA_CSV0000000000006544.csv has 17356 rows and 9 columns
2025-12-18 11:28:35 - exhaustive_index - INFO - Processed table 438 - datasets_USA/USA_CSV0000000000006544.csv
2025-12-18 11:28:36 - exhaustive_index - INFO - Processing table 439 - datasets_USA/USA_CSV0000000000006548.csv
2025-12-18 11:28:36 - exhaustive_index - INFO - Table datasets_USA/USA_CSV0000000000006548.csv has 5780 rows and 19 columns
2025-12-18 11:28:36 - exhaustive_index - INFO - Processed table 439 - datasets_USA/USA_CSV0000000000006548.csv
2025-12-18 11:28:38 - exhaustive_index - INFO - Processing table 440 - datasets_USA/USA_CSV0000000000006563.csv
2025-12-18 11:28:38 - exhaustive_index - INFO - Table datasets_USA/USA_CSV0000000000006563.csv has 20656 rows and 20 columns
2025-12-18 11:28:38 - exhaustive_index - INFO - Processed table 440 - datasets_USA/USA_CSV0000000000006563.csv
2025-12-18 11:28:39 - exhaustive_index - INFO - Processing table 441 - datasets_USA/USA_CSV0000000000006567.csv
2025-12-18 11:28:39 - exhaustive_index - INFO - Table datasets_USA/USA_CSV0000000000006567.csv has 35 rows and 10 columns
2025-12-18 11:28:39 - exhaustive_index - INFO - Processed table 441 - datasets_USA/USA_CSV0000000000006567.csv
2025-12-18 11:29:42 - exhaustive_index - INFO - Processing table 442 - datasets_USA/USA_CSV0000000000006613.csv
2025-12-18 11:29:42 - exhaustive_index - INFO - Table datasets_USA/USA_CSV0000000000006613.csv has 4807 rows and 35 columns
2025-12-18 11:29:42 - exhaustive_index - INFO - Processed table 442 - datasets_USA/USA_CSV0000000000006613.csv
2025-12-18 11:30:02 - exhaustive_index - INFO - Processing table 443 - datasets_USA/USA_CSV0000000000006628.csv
2025-12-18 11:30:02 - exhaustive_index - INFO - Table datasets_USA/USA_CSV0000000000006628.csv has 655 rows and 64 columns
2025-12-18 11:30:02 - exhaustive_index - INFO - Processed table 443 - datasets_USA/USA_CSV0000000000006628.csv
2025-12-18 11:30:07 - exhaustive_index - INFO - Processing table 444 - datasets_USA/USA_CSV0000000000006633.csv
2025-12-18 11:30:07 - exhaustive_index - INFO - Table datasets_USA/USA_CSV0000000000006633.csv has 5386 rows and 21 columns
2025-12-18 11:30:07 - exhaustive_index - INFO - Processed table 444 - datasets_USA/USA_CSV0000000000006633.csv
2025-12-18 11:30:08 - exhaustive_index - INFO - Processing table 445 - datasets_USA/USA_CSV0000000000006659.csv
2025-12-18 11:30:08 - exhaustive_index - INFO - Table datasets_USA/USA_CSV0000000000006659.csv has 189 rows and 7 columns
2025-12-18 11:30:08 - exhaustive_index - INFO - Processed table 445 - datasets_USA/USA_CSV0000000000006659.csv
2025-12-18 11:30:08 - exhaustive_index - INFO - Processing table 446 - datasets_USA/USA_CSV0000000000006678.csv
2025-12-18 11:30:08 - exhaustive_index - INFO - Table datasets_USA/USA_CSV0000000000006678.csv has 5451 rows and 25 columns
2025-12-18 11:30:08 - exhaustive_index - INFO - Processed table 446 - datasets_USA/USA_CSV0000000000006678.csv
2025-12-18 11:30:09 - exhaustive_index - INFO - Processing table 447 - datasets_USA/USA_CSV0000000000006702.csv
2025-12-18 11:30:09 - exhaustive_index - INFO - Table datasets_USA/USA_CSV0000000000006702.csv has 416 rows and 14 columns
2025-12-18 11:30:09 - exhaustive_index - INFO - Processed table 447 - datasets_USA/USA_CSV0000000000006702.csv
2025-12-18 11:30:33 - exhaustive_index - INFO - Processing table 448 - datasets_USA/USA_CSV0000000000006768.csv
2025-12-18 11:30:33 - exhaustive_index - INFO - Table datasets_USA/USA_CSV0000000000006768.csv has 10358 rows and 28 columns
2025-12-18 11:30:33 - exhaustive_index - INFO - Processed table 448 - datasets_USA/USA_CSV0000000000006768.csv
2025-12-18 11:30:33 - exhaustive_index - INFO - Processing table 449 - datasets_USA/USA_CSV0000000000006780.csv
2025-12-18 11:30:33 - exhaustive_index - INFO - Table datasets_USA/USA_CSV0000000000006780.csv has 174 rows and 9 columns
2025-12-18 11:30:33 - exhaustive_index - INFO - Processed table 449 - datasets_USA/USA_CSV0000000000006780.csv
2025-12-18 11:30:35 - exhaustive_index - INFO - Processing table 450 - datasets_USA/USA_CSV0000000000006788.csv
2025-12-18 11:30:35 - exhaustive_index - INFO - Table datasets_USA/USA_CSV0000000000006788.csv has 33632 rows and 9 columns
2025-12-18 11:30:35 - exhaustive_index - INFO - Processed table 450 - datasets_USA/USA_CSV0000000000006788.csv
2025-12-18 11:30:38 - exhaustive_index - INFO - Processing table 451 - datasets_USA/USA_CSV0000000000006794.csv
2025-12-18 11:30:38 - exhaustive_index - INFO - Table datasets_USA/USA_CSV0000000000006794.csv has 52092 rows and 8 columns
2025-12-18 11:30:38 - exhaustive_index - INFO - Processed table 451 - datasets_USA/USA_CSV0000000000006794.csv
2025-12-18 11:30:39 - exhaustive_index - INFO - Processing table 452 - datasets_USA/USA_CSV0000000000006817.csv
2025-12-18 11:30:39 - exhaustive_index - INFO - Table datasets_USA/USA_CSV0000000000006817.csv has 206 rows and 10 columns
2025-12-18 11:30:39 - exhaustive_index - INFO - Processed table 452 - datasets_USA/USA_CSV0000000000006817.csv
2025-12-18 11:30:40 - exhaustive_index - INFO - Processing table 453 - datasets_USA/USA_CSV0000000000006831.csv
2025-12-18 11:30:40 - exhaustive_index - INFO - Table datasets_USA/USA_CSV0000000000006831.csv has 277 rows and 13 columns
2025-12-18 11:30:40 - exhaustive_index - INFO - Processed table 453 - datasets_USA/USA_CSV0000000000006831.csv
2025-12-18 11:30:40 - exhaustive_index - INFO - Processing table 454 - datasets_USA/USA_CSV0000000000006832.csv
2025-12-18 11:30:40 - exhaustive_index - INFO - Table datasets_USA/USA_CSV0000000000006832.csv has 303 rows and 9 columns
2025-12-18 11:30:40 - exhaustive_index - INFO - Processed table 454 - datasets_USA/USA_CSV0000000000006832.csv
2025-12-18 11:30:40 - exhaustive_index - INFO - Processing table 455 - datasets_USA/USA_CSV0000000000006869.csv
2025-12-18 11:30:40 - exhaustive_index - INFO - Table datasets_USA/USA_CSV0000000000006869.csv has 30793 rows and 6 columns
2025-12-18 11:30:40 - exhaustive_index - INFO - Processed table 455 - datasets_USA/USA_CSV0000000000006869.csv
2025-12-18 11:30:42 - exhaustive_index - INFO - Processing table 456 - datasets_USA/USA_CSV0000000000006872.csv
2025-12-18 11:30:42 - exhaustive_index - INFO - Table datasets_USA/USA_CSV0000000000006872.csv has 9986 rows and 25 columns
2025-12-18 11:30:42 - exhaustive_index - INFO - Processed table 456 - datasets_USA/USA_CSV0000000000006872.csv
2025-12-18 11:30:42 - exhaustive_index - INFO - Processing table 457 - datasets_USA/USA_CSV0000000000006917.csv
2025-12-18 11:30:42 - exhaustive_index - INFO - Table datasets_USA/USA_CSV0000000000006917.csv has 53 rows and 6 columns
2025-12-18 11:30:42 - exhaustive_index - INFO - Processed table 457 - datasets_USA/USA_CSV0000000000006917.csv
2025-12-18 11:30:43 - exhaustive_index - INFO - Processing table 458 - datasets_USA/USA_CSV0000000000006926.csv
2025-12-18 11:30:43 - exhaustive_index - INFO - Table datasets_USA/USA_CSV0000000000006926.csv has 5415 rows and 25 columns
2025-12-18 11:30:43 - exhaustive_index - INFO - Processed table 458 - datasets_USA/USA_CSV0000000000006926.csv
2025-12-18 11:30:46 - exhaustive_index - INFO - Processing table 459 - datasets_USA/USA_CSV0000000000006934.csv
2025-12-18 11:30:46 - exhaustive_index - INFO - Table datasets_USA/USA_CSV0000000000006934.csv has 14498 rows and 8 columns
2025-12-18 11:30:46 - exhaustive_index - INFO - Processed table 459 - datasets_USA/USA_CSV0000000000006934.csv
2025-12-18 11:30:47 - exhaustive_index - INFO - Processing table 460 - datasets_USA/USA_CSV0000000000006956.csv
2025-12-18 11:30:47 - exhaustive_index - INFO - Table datasets_USA/USA_CSV0000000000006956.csv has 32957 rows and 4 columns
2025-12-18 11:30:47 - exhaustive_index - INFO - Processed table 460 - datasets_USA/USA_CSV0000000000006956.csv
2025-12-18 11:30:48 - exhaustive_index - INFO - Processing table 461 - datasets_USA/USA_CSV0000000000006959.csv
2025-12-18 11:30:48 - exhaustive_index - INFO - Table datasets_USA/USA_CSV0000000000006959.csv has 272 rows and 8 columns
2025-12-18 11:30:48 - exhaustive_index - INFO - Processed table 461 - datasets_USA/USA_CSV0000000000006959.csv
2025-12-18 11:30:52 - exhaustive_index - INFO - Processing table 462 - datasets_USA/USA_CSV0000000000006960.csv
2025-12-18 11:30:52 - exhaustive_index - INFO - Table datasets_USA/USA_CSV0000000000006960.csv has 341 rows and 16 columns
2025-12-18 11:30:52 - exhaustive_index - INFO - Processed table 462 - datasets_USA/USA_CSV0000000000006960.csv
2025-12-18 11:30:53 - exhaustive_index - INFO - Processing table 463 - datasets_USA/USA_CSV0000000000006982.csv
2025-12-18 11:30:53 - exhaustive_index - INFO - Table datasets_USA/USA_CSV0000000000006982.csv has 26370 rows and 10 columns
2025-12-18 11:30:53 - exhaustive_index - INFO - Processed table 463 - datasets_USA/USA_CSV0000000000006982.csv
2025-12-18 11:30:54 - exhaustive_index - INFO - Processing table 464 - datasets_USA/USA_CSV0000000000007006.csv
2025-12-18 11:30:54 - exhaustive_index - INFO - Table datasets_USA/USA_CSV0000000000007006.csv has 265 rows and 6 columns
2025-12-18 11:30:54 - exhaustive_index - INFO - Processed table 464 - datasets_USA/USA_CSV0000000000007006.csv
2025-12-18 11:30:55 - exhaustive_index - INFO - Processing table 465 - datasets_USA/USA_CSV0000000000007054.csv
2025-12-18 11:30:55 - exhaustive_index - INFO - Table datasets_USA/USA_CSV0000000000007054.csv has 9198 rows and 10 columns
2025-12-18 11:30:55 - exhaustive_index - INFO - Processed table 465 - datasets_USA/USA_CSV0000000000007054.csv
2025-12-18 11:30:55 - exhaustive_index - INFO - Processing table 466 - datasets_USA/USA_CSV0000000000007077.csv
2025-12-18 11:30:55 - exhaustive_index - INFO - Table datasets_USA/USA_CSV0000000000007077.csv has 54 rows and 4 columns
2025-12-18 11:30:55 - exhaustive_index - INFO - Processed table 466 - datasets_USA/USA_CSV0000000000007077.csv
2025-12-18 11:30:56 - exhaustive_index - INFO - Processing table 467 - datasets_USA/USA_CSV0000000000007093.csv
2025-12-18 11:30:56 - exhaustive_index - INFO - Table datasets_USA/USA_CSV0000000000007093.csv has 20123 rows and 7 columns
2025-12-18 11:30:56 - exhaustive_index - INFO - Processed table 467 - datasets_USA/USA_CSV0000000000007093.csv
2025-12-18 11:30:56 - exhaustive_index - INFO - Processing table 468 - datasets_USA/USA_CSV0000000000007101.csv
2025-12-18 11:30:56 - exhaustive_index - INFO - Table datasets_USA/USA_CSV0000000000007101.csv has 344 rows and 6 columns
2025-12-18 11:30:56 - exhaustive_index - INFO - Processed table 468 - datasets_USA/USA_CSV0000000000007101.csv
2025-12-18 11:30:56 - exhaustive_index - INFO - Processing table 469 - datasets_USA/USA_CSV0000000000007103.csv
2025-12-18 11:30:56 - exhaustive_index - INFO - Table datasets_USA/USA_CSV0000000000007103.csv has 13152 rows and 10 columns
2025-12-18 11:30:56 - exhaustive_index - INFO - Processed table 469 - datasets_USA/USA_CSV0000000000007103.csv
2025-12-18 11:30:56 - exhaustive_index - INFO - Processing table 470 - datasets_USA/USA_CSV0000000000007123.csv
2025-12-18 11:31:03 - exhaustive_index - INFO - Processing table 471 - datasets_USA/USA_CSV0000000000007132.csv
2025-12-18 11:31:03 - exhaustive_index - INFO - Table datasets_USA/USA_CSV0000000000007132.csv has 1446 rows and 22 columns
2025-12-18 11:31:03 - exhaustive_index - INFO - Processed table 471 - datasets_USA/USA_CSV0000000000007132.csv
2025-12-18 11:31:07 - exhaustive_index - INFO - Processing table 472 - datasets_USA/USA_CSV0000000000007152.csv
2025-12-18 11:31:07 - exhaustive_index - INFO - Table datasets_USA/USA_CSV0000000000007152.csv has 40272 rows and 9 columns
2025-12-18 11:31:07 - exhaustive_index - INFO - Processed table 472 - datasets_USA/USA_CSV0000000000007152.csv
2025-12-18 11:31:16 - exhaustive_index - INFO - Processing table 473 - datasets_USA/USA_CSV0000000000007156.csv
2025-12-18 11:31:16 - exhaustive_index - INFO - Table datasets_USA/USA_CSV0000000000007156.csv has 26782 rows and 12 columns
2025-12-18 11:31:16 - exhaustive_index - INFO - Processed table 473 - datasets_USA/USA_CSV0000000000007156.csv
2025-12-18 11:31:19 - exhaustive_index - INFO - Processing table 474 - datasets_USA/USA_CSV0000000000007157.csv
2025-12-18 11:31:19 - exhaustive_index - INFO - Table datasets_USA/USA_CSV0000000000007157.csv has 70 rows and 33 columns
2025-12-18 11:31:19 - exhaustive_index - INFO - Processed table 474 - datasets_USA/USA_CSV0000000000007157.csv
2025-12-18 11:31:56 - exhaustive_index - INFO - Processing table 475 - datasets_USA/USA_CSV0000000000007166.csv
2025-12-18 11:31:56 - exhaustive_index - INFO - Table datasets_USA/USA_CSV0000000000007166.csv has 8545 rows and 30 columns
2025-12-18 11:31:56 - exhaustive_index - INFO - Processed table 475 - datasets_USA/USA_CSV0000000000007166.csv
2025-12-18 11:31:57 - exhaustive_index - INFO - Processing table 476 - datasets_USA/USA_CSV0000000000007216.csv
2025-12-18 11:31:57 - exhaustive_index - INFO - Table datasets_USA/USA_CSV0000000000007216.csv has 174 rows and 9 columns
2025-12-18 11:31:57 - exhaustive_index - INFO - Processed table 476 - datasets_USA/USA_CSV0000000000007216.csv
2025-12-18 11:31:59 - exhaustive_index - INFO - Processing table 477 - datasets_USA/USA_CSV0000000000007218.csv
2025-12-18 11:31:59 - exhaustive_index - INFO - Table datasets_USA/USA_CSV0000000000007218.csv has 22718 rows and 11 columns
2025-12-18 11:31:59 - exhaustive_index - INFO - Processed table 477 - datasets_USA/USA_CSV0000000000007218.csv
2025-12-18 11:32:55 - exhaustive_index - INFO - Processing table 478 - datasets_USA/USA_CSV0000000000007231.csv
2025-12-18 11:32:55 - exhaustive_index - INFO - Table datasets_USA/USA_CSV0000000000007231.csv has 2325 rows and 64 columns
2025-12-18 11:32:55 - exhaustive_index - INFO - Processed table 478 - datasets_USA/USA_CSV0000000000007231.csv
2025-12-18 11:32:58 - exhaustive_index - INFO - Processing table 479 - datasets_USA/USA_CSV0000000000007236.csv
2025-12-18 11:32:58 - exhaustive_index - INFO - Table datasets_USA/USA_CSV0000000000007236.csv has 11448 rows and 11 columns
2025-12-18 11:32:58 - exhaustive_index - INFO - Processed table 479 - datasets_USA/USA_CSV0000000000007236.csv
2025-12-18 11:32:58 - exhaustive_index - INFO - Processing table 480 - datasets_USA/USA_CSV0000000000007246.csv
2025-12-18 11:32:58 - exhaustive_index - INFO - Table datasets_USA/USA_CSV0000000000007246.csv has 46587 rows and 4 columns
2025-12-18 11:32:58 - exhaustive_index - INFO - Processed table 480 - datasets_USA/USA_CSV0000000000007246.csv
2025-12-18 11:32:59 - exhaustive_index - INFO - Processing table 481 - datasets_USA/USA_CSV0000000000007277.csv
2025-12-18 11:32:59 - exhaustive_index - INFO - Table datasets_USA/USA_CSV0000000000007277.csv has 103 rows and 7 columns
2025-12-18 11:32:59 - exhaustive_index - INFO - Processed table 481 - datasets_USA/USA_CSV0000000000007277.csv
2025-12-18 11:33:01 - exhaustive_index - INFO - Processing table 482 - datasets_USA/USA_CSV0000000000007282.csv
2025-12-18 11:33:01 - exhaustive_index - INFO - Table datasets_USA/USA_CSV0000000000007282.csv has 441 rows and 22 columns
2025-12-18 11:33:01 - exhaustive_index - INFO - Processed table 482 - datasets_USA/USA_CSV0000000000007282.csv
2025-12-18 11:33:01 - exhaustive_index - INFO - Processing table 483 - datasets_USA/USA_CSV0000000000007312.csv
2025-12-18 11:33:01 - exhaustive_index - INFO - Table datasets_USA/USA_CSV0000000000007312.csv has 11 rows and 5 columns
2025-12-18 11:33:01 - exhaustive_index - INFO - Processed table 483 - datasets_USA/USA_CSV0000000000007312.csv
2025-12-18 11:33:03 - exhaustive_index - INFO - Processing table 484 - datasets_USA/USA_CSV0000000000007366.csv
2025-12-18 11:33:03 - exhaustive_index - INFO - Table datasets_USA/USA_CSV0000000000007366.csv has 11863 rows and 6 columns
2025-12-18 11:33:03 - exhaustive_index - INFO - Processed table 484 - datasets_USA/USA_CSV0000000000007366.csv
2025-12-18 11:33:05 - exhaustive_index - INFO - Processing table 485 - datasets_USA/USA_CSV0000000000007379.csv
2025-12-18 11:33:05 - exhaustive_index - INFO - Table datasets_USA/USA_CSV0000000000007379.csv has 9295 rows and 49 columns
2025-12-18 11:33:05 - exhaustive_index - INFO - Processed table 485 - datasets_USA/USA_CSV0000000000007379.csv
2025-12-18 11:33:06 - exhaustive_index - INFO - Processing table 486 - datasets_USA/USA_CSV0000000000007406.csv
2025-12-18 11:33:06 - exhaustive_index - INFO - Table datasets_USA/USA_CSV0000000000007406.csv has 255 rows and 11 columns
2025-12-18 11:33:06 - exhaustive_index - INFO - Processed table 486 - datasets_USA/USA_CSV0000000000007406.csv
2025-12-18 11:33:09 - exhaustive_index - INFO - Processing table 487 - datasets_USA/USA_CSV0000000000007457.csv
2025-12-18 11:33:09 - exhaustive_index - INFO - Table datasets_USA/USA_CSV0000000000007457.csv has 10723 rows and 14 columns
2025-12-18 11:33:09 - exhaustive_index - INFO - Processed table 487 - datasets_USA/USA_CSV0000000000007457.csv
2025-12-18 11:33:10 - exhaustive_index - INFO - Processing table 488 - datasets_USA/USA_CSV0000000000007464.csv
2025-12-18 11:33:10 - exhaustive_index - INFO - Table datasets_USA/USA_CSV0000000000007464.csv has 2846 rows and 7 columns
2025-12-18 11:33:10 - exhaustive_index - INFO - Processed table 488 - datasets_USA/USA_CSV0000000000007464.csv
2025-12-18 11:33:10 - exhaustive_index - INFO - Processing table 489 - datasets_USA/USA_CSV0000000000007472.csv
2025-12-18 11:33:10 - exhaustive_index - INFO - Table datasets_USA/USA_CSV0000000000007472.csv has 65 rows and 4 columns
2025-12-18 11:33:10 - exhaustive_index - INFO - Processed table 489 - datasets_USA/USA_CSV0000000000007472.csv
2025-12-18 11:33:11 - exhaustive_index - INFO - Processing table 490 - datasets_USA/USA_CSV0000000000007493.csv
2025-12-18 11:33:11 - exhaustive_index - INFO - Table datasets_USA/USA_CSV0000000000007493.csv has 59 rows and 12 columns
2025-12-18 11:33:11 - exhaustive_index - INFO - Processed table 490 - datasets_USA/USA_CSV0000000000007493.csv
2025-12-18 11:33:11 - exhaustive_index - INFO - Processing table 491 - datasets_USA/USA_CSV0000000000007503.csv
2025-12-18 11:33:11 - exhaustive_index - INFO - Table datasets_USA/USA_CSV0000000000007503.csv has 12353 rows and 8 columns
2025-12-18 11:33:11 - exhaustive_index - INFO - Processed table 491 - datasets_USA/USA_CSV0000000000007503.csv
2025-12-18 11:33:13 - exhaustive_index - INFO - Processing table 492 - datasets_USA/USA_CSV0000000000007549.csv
2025-12-18 11:33:13 - exhaustive_index - INFO - Table datasets_USA/USA_CSV0000000000007549.csv has 6746 rows and 17 columns
2025-12-18 11:33:13 - exhaustive_index - INFO - Processed table 492 - datasets_USA/USA_CSV0000000000007549.csv
2025-12-18 11:33:16 - exhaustive_index - INFO - Processing table 493 - datasets_USA/USA_CSV0000000000007550.csv
2025-12-18 11:33:16 - exhaustive_index - INFO - Table datasets_USA/USA_CSV0000000000007550.csv has 9549 rows and 9 columns
2025-12-18 11:33:16 - exhaustive_index - INFO - Processed table 493 - datasets_USA/USA_CSV0000000000007550.csv
2025-12-18 11:33:17 - exhaustive_index - INFO - Processing table 494 - datasets_USA/USA_CSV0000000000007573.csv
2025-12-18 11:33:17 - exhaustive_index - INFO - Table datasets_USA/USA_CSV0000000000007573.csv has 164 rows and 10 columns
2025-12-18 11:33:17 - exhaustive_index - INFO - Processed table 494 - datasets_USA/USA_CSV0000000000007573.csv
2025-12-18 11:33:20 - exhaustive_index - INFO - Processing table 495 - datasets_USA/USA_CSV0000000000007615.csv
2025-12-18 11:33:20 - exhaustive_index - INFO - Table datasets_USA/USA_CSV0000000000007615.csv has 19553 rows and 12 columns
2025-12-18 11:33:20 - exhaustive_index - INFO - Processed table 495 - datasets_USA/USA_CSV0000000000007615.csv
2025-12-18 11:33:22 - exhaustive_index - INFO - Processing table 496 - datasets_USA/USA_CSV0000000000007629.csv
2025-12-18 11:33:22 - exhaustive_index - INFO - Table datasets_USA/USA_CSV0000000000007629.csv has 14276 rows and 9 columns
2025-12-18 11:33:22 - exhaustive_index - INFO - Processed table 496 - datasets_USA/USA_CSV0000000000007629.csv
2025-12-18 11:33:22 - exhaustive_index - INFO - Processing table 497 - datasets_USA/USA_CSV0000000000007633.csv
2025-12-18 11:33:22 - exhaustive_index - INFO - Table datasets_USA/USA_CSV0000000000007633.csv has 17 rows and 5 columns
2025-12-18 11:33:22 - exhaustive_index - INFO - Processed table 497 - datasets_USA/USA_CSV0000000000007633.csv
2025-12-18 11:33:26 - exhaustive_index - INFO - Processing table 498 - datasets_USA/USA_CSV0000000000007677.csv
2025-12-18 11:33:26 - exhaustive_index - INFO - Table datasets_USA/USA_CSV0000000000007677.csv has 16070 rows and 13 columns
2025-12-18 11:33:26 - exhaustive_index - INFO - Processed table 498 - datasets_USA/USA_CSV0000000000007677.csv
2025-12-18 11:33:26 - exhaustive_index - INFO - Processing table 499 - datasets_USA/USA_CSV0000000000007680.csv
2025-12-18 11:33:26 - exhaustive_index - INFO - Table datasets_USA/USA_CSV0000000000007680.csv has 190 rows and 5 columns
2025-12-18 11:33:26 - exhaustive_index - INFO - Processed table 499 - datasets_USA/USA_CSV0000000000007680.csv
2025-12-18 11:33:29 - exhaustive_index - INFO - Processing table 500 - datasets_USA/USA_CSV0000000000007718.csv
2025-12-18 11:33:29 - exhaustive_index - INFO - Table datasets_USA/USA_CSV0000000000007718.csv has 10343 rows and 14 columns
2025-12-18 11:33:29 - exhaustive_index - INFO - Processed table 500 - datasets_USA/USA_CSV0000000000007718.csv
2025-12-18 11:33:30 - exhaustive_index - INFO - Processing table 501 - datasets_USA/USA_CSV0000000000007720.csv
2025-12-18 11:33:30 - exhaustive_index - INFO - Table datasets_USA/USA_CSV0000000000007720.csv has 13590 rows and 16 columns
2025-12-18 11:33:30 - exhaustive_index - INFO - Processed table 501 - datasets_USA/USA_CSV0000000000007720.csv
2025-12-18 11:33:30 - exhaustive_index - INFO - Processing table 502 - datasets_USA/USA_CSV0000000000007721.csv
2025-12-18 11:33:30 - exhaustive_index - INFO - Table datasets_USA/USA_CSV0000000000007721.csv has 57 rows and 10 columns
2025-12-18 11:33:30 - exhaustive_index - INFO - Processed table 502 - datasets_USA/USA_CSV0000000000007721.csv
2025-12-18 11:33:36 - exhaustive_index - INFO - Processing table 503 - datasets_USA/USA_CSV0000000000007724.csv
2025-12-18 11:33:36 - exhaustive_index - INFO - Table datasets_USA/USA_CSV0000000000007724.csv has 15598 rows and 15 columns
2025-12-18 11:33:36 - exhaustive_index - INFO - Processed table 503 - datasets_USA/USA_CSV0000000000007724.csv
2025-12-18 11:33:40 - exhaustive_index - INFO - Processing table 504 - datasets_USA/USA_CSV0000000000007737.csv
2025-12-18 11:33:40 - exhaustive_index - INFO - Table datasets_USA/USA_CSV0000000000007737.csv has 8400 rows and 21 columns
2025-12-18 11:33:40 - exhaustive_index - INFO - Processed table 504 - datasets_USA/USA_CSV0000000000007737.csv
2025-12-18 11:33:48 - exhaustive_index - INFO - Processing table 505 - datasets_USA/USA_CSV0000000000007742.csv
2025-12-18 11:33:48 - exhaustive_index - INFO - Table datasets_USA/USA_CSV0000000000007742.csv has 7599 rows and 26 columns
2025-12-18 11:33:48 - exhaustive_index - INFO - Processed table 505 - datasets_USA/USA_CSV0000000000007742.csv
2025-12-18 11:34:02 - exhaustive_index - INFO - Processing table 506 - datasets_USA/USA_CSV0000000000007830.csv
2025-12-18 11:34:02 - exhaustive_index - INFO - Table datasets_USA/USA_CSV0000000000007830.csv has 27027 rows and 17 columns
2025-12-18 11:34:02 - exhaustive_index - INFO - Processed table 506 - datasets_USA/USA_CSV0000000000007830.csv
2025-12-18 11:34:03 - exhaustive_index - INFO - Processing table 507 - datasets_USA/USA_CSV0000000000007835.csv
2025-12-18 11:34:03 - exhaustive_index - INFO - Table datasets_USA/USA_CSV0000000000007835.csv has 14637 rows and 6 columns
2025-12-18 11:34:03 - exhaustive_index - INFO - Processed table 507 - datasets_USA/USA_CSV0000000000007835.csv
2025-12-18 11:34:03 - exhaustive_index - INFO - Processing table 508 - datasets_USA/USA_CSV0000000000007849.csv
2025-12-18 11:34:03 - exhaustive_index - INFO - Table datasets_USA/USA_CSV0000000000007849.csv has 24010 rows and 3 columns
2025-12-18 11:34:03 - exhaustive_index - INFO - Processed table 508 - datasets_USA/USA_CSV0000000000007849.csv
2025-12-18 11:34:06 - exhaustive_index - INFO - Processing table 509 - datasets_USA/USA_CSV0000000000007850.csv
2025-12-18 11:34:06 - exhaustive_index - INFO - Table datasets_USA/USA_CSV0000000000007850.csv has 8760 rows and 21 columns
2025-12-18 11:34:06 - exhaustive_index - INFO - Processed table 509 - datasets_USA/USA_CSV0000000000007850.csv
2025-12-18 11:34:09 - exhaustive_index - INFO - Processing table 510 - datasets_USA/USA_CSV0000000000007856.csv
2025-12-18 11:34:09 - exhaustive_index - INFO - Table datasets_USA/USA_CSV0000000000007856.csv has 8760 rows and 21 columns
2025-12-18 11:34:09 - exhaustive_index - INFO - Processed table 510 - datasets_USA/USA_CSV0000000000007856.csv
2025-12-18 11:34:46 - exhaustive_index - INFO - Processing table 511 - datasets_USA/USA_CSV0000000000007861.csv
2025-12-18 11:34:46 - exhaustive_index - INFO - Table datasets_USA/USA_CSV0000000000007861.csv has 19125 rows and 25 columns
2025-12-18 11:34:46 - exhaustive_index - INFO - Processed table 511 - datasets_USA/USA_CSV0000000000007861.csv
2025-12-18 11:35:36 - exhaustive_index - INFO - Processing table 512 - datasets_USA/USA_CSV0000000000007862.csv
2025-12-18 11:35:36 - exhaustive_index - INFO - Table datasets_USA/USA_CSV0000000000007862.csv has 25891 rows and 16 columns
2025-12-18 11:35:36 - exhaustive_index - INFO - Processed table 512 - datasets_USA/USA_CSV0000000000007862.csv
2025-12-18 11:35:39 - exhaustive_index - INFO - Processing table 513 - datasets_USA/USA_CSV0000000000007876.csv
2025-12-18 11:35:39 - exhaustive_index - INFO - Table datasets_USA/USA_CSV0000000000007876.csv has 8760 rows and 21 columns
2025-12-18 11:35:39 - exhaustive_index - INFO - Processed table 513 - datasets_USA/USA_CSV0000000000007876.csv
2025-12-18 11:35:40 - exhaustive_index - INFO - Processing table 514 - datasets_USA/USA_CSV0000000000007892.csv
2025-12-18 11:35:40 - exhaustive_index - INFO - Table datasets_USA/USA_CSV0000000000007892.csv has 12823 rows and 12 columns
2025-12-18 11:35:40 - exhaustive_index - INFO - Processed table 514 - datasets_USA/USA_CSV0000000000007892.csv
2025-12-18 11:35:42 - exhaustive_index - INFO - Processing table 515 - datasets_USA/USA_CSV0000000000007895.csv
2025-12-18 11:35:42 - exhaustive_index - INFO - Table datasets_USA/USA_CSV0000000000007895.csv has 8784 rows and 21 columns
2025-12-18 11:35:42 - exhaustive_index - INFO - Processed table 515 - datasets_USA/USA_CSV0000000000007895.csv
2025-12-18 11:35:44 - exhaustive_index - INFO - Processing table 516 - datasets_USA/USA_CSV0000000000007914.csv
2025-12-18 11:35:44 - exhaustive_index - INFO - Table datasets_USA/USA_CSV0000000000007914.csv has 12633 rows and 10 columns
2025-12-18 11:35:44 - exhaustive_index - INFO - Processed table 516 - datasets_USA/USA_CSV0000000000007914.csv
2025-12-18 11:35:47 - exhaustive_index - INFO - Processing table 517 - datasets_USA/USA_CSV0000000000007917.csv
2025-12-18 11:35:47 - exhaustive_index - INFO - Table datasets_USA/USA_CSV0000000000007917.csv has 8760 rows and 21 columns
2025-12-18 11:35:47 - exhaustive_index - INFO - Processed table 517 - datasets_USA/USA_CSV0000000000007917.csv
2025-12-18 11:35:48 - exhaustive_index - INFO - Processing table 518 - datasets_USA/USA_CSV0000000000007942.csv
2025-12-18 11:35:48 - exhaustive_index - INFO - Table datasets_USA/USA_CSV0000000000007942.csv has 8784 rows and 21 columns
2025-12-18 11:35:48 - exhaustive_index - INFO - Processed table 518 - datasets_USA/USA_CSV0000000000007942.csv
2025-12-18 11:35:50 - exhaustive_index - INFO - Processing table 519 - datasets_USA/USA_CSV0000000000007948.csv
2025-12-18 11:35:50 - exhaustive_index - INFO - Table datasets_USA/USA_CSV0000000000007948.csv has 8760 rows and 21 columns
2025-12-18 11:35:50 - exhaustive_index - INFO - Processed table 519 - datasets_USA/USA_CSV0000000000007948.csv
2025-12-18 11:35:52 - exhaustive_index - INFO - Processing table 520 - datasets_USA/USA_CSV0000000000007951.csv
2025-12-18 11:35:52 - exhaustive_index - INFO - Table datasets_USA/USA_CSV0000000000007951.csv has 8711 rows and 25 columns
2025-12-18 11:35:52 - exhaustive_index - INFO - Processed table 520 - datasets_USA/USA_CSV0000000000007951.csv
2025-12-18 11:36:06 - exhaustive_index - INFO - Processing table 521 - datasets_USA/USA_CSV0000000000007953.csv
2025-12-18 11:36:06 - exhaustive_index - INFO - Table datasets_USA/USA_CSV0000000000007953.csv has 8148 rows and 20 columns
2025-12-18 11:36:06 - exhaustive_index - INFO - Processed table 521 - datasets_USA/USA_CSV0000000000007953.csv
2025-12-18 11:36:07 - exhaustive_index - INFO - Processing table 522 - datasets_USA/USA_CSV0000000000007971.csv
2025-12-18 11:36:07 - exhaustive_index - INFO - Table datasets_USA/USA_CSV0000000000007971.csv has 257 rows and 13 columns
2025-12-18 11:36:07 - exhaustive_index - INFO - Processed table 522 - datasets_USA/USA_CSV0000000000007971.csv
2025-12-18 11:36:07 - exhaustive_index - INFO - Processing table 523 - datasets_USA/USA_CSV0000000000007972.csv
2025-12-18 11:36:07 - exhaustive_index - INFO - Table datasets_USA/USA_CSV0000000000007972.csv has 138 rows and 4 columns
2025-12-18 11:36:07 - exhaustive_index - INFO - Processed table 523 - datasets_USA/USA_CSV0000000000007972.csv
2025-12-18 11:36:08 - exhaustive_index - INFO - Processing table 524 - datasets_USA/USA_CSV0000000000007985.csv
2025-12-18 11:36:08 - exhaustive_index - INFO - Table datasets_USA/USA_CSV0000000000007985.csv has 303 rows and 13 columns
2025-12-18 11:36:08 - exhaustive_index - INFO - Processed table 524 - datasets_USA/USA_CSV0000000000007985.csv
2025-12-18 11:36:15 - exhaustive_index - INFO - Processing table 525 - datasets_USA/USA_CSV0000000000008007.csv
2025-12-18 11:36:15 - exhaustive_index - INFO - Table datasets_USA/USA_CSV0000000000008007.csv has 8760 rows and 21 columns
2025-12-18 11:36:15 - exhaustive_index - INFO - Processed table 525 - datasets_USA/USA_CSV0000000000008007.csv
2025-12-18 11:36:18 - exhaustive_index - INFO - Processing table 526 - datasets_USA/USA_CSV0000000000008011.csv
2025-12-18 11:36:18 - exhaustive_index - INFO - Table datasets_USA/USA_CSV0000000000008011.csv has 8760 rows and 21 columns
2025-12-18 11:36:18 - exhaustive_index - INFO - Processed table 526 - datasets_USA/USA_CSV0000000000008011.csv
2025-12-18 11:36:20 - exhaustive_index - INFO - Processing table 527 - datasets_USA/USA_CSV0000000000008014.csv
2025-12-18 11:36:20 - exhaustive_index - INFO - Table datasets_USA/USA_CSV0000000000008014.csv has 69649 rows and 6 columns
2025-12-18 11:36:20 - exhaustive_index - INFO - Processed table 527 - datasets_USA/USA_CSV0000000000008014.csv
2025-12-18 11:36:23 - exhaustive_index - INFO - Processing table 528 - datasets_USA/USA_CSV0000000000008028.csv
2025-12-18 11:36:23 - exhaustive_index - INFO - Table datasets_USA/USA_CSV0000000000008028.csv has 8760 rows and 21 columns
2025-12-18 11:36:23 - exhaustive_index - INFO - Processed table 528 - datasets_USA/USA_CSV0000000000008028.csv
2025-12-18 11:36:32 - exhaustive_index - INFO - Processing table 529 - datasets_USA/USA_CSV0000000000008041.csv
2025-12-18 11:36:32 - exhaustive_index - INFO - Table datasets_USA/USA_CSV0000000000008041.csv has 11727 rows and 14 columns
2025-12-18 11:36:32 - exhaustive_index - INFO - Processed table 529 - datasets_USA/USA_CSV0000000000008041.csv
2025-12-18 11:36:32 - exhaustive_index - INFO - Processing table 530 - datasets_USA/USA_CSV0000000000008062.csv
2025-12-18 11:36:32 - exhaustive_index - INFO - Table datasets_USA/USA_CSV0000000000008062.csv has 105 rows and 5 columns
2025-12-18 11:36:32 - exhaustive_index - INFO - Processed table 530 - datasets_USA/USA_CSV0000000000008062.csv
2025-12-18 11:36:34 - exhaustive_index - INFO - Processing table 531 - datasets_USA/USA_CSV0000000000008086.csv
2025-12-18 11:36:34 - exhaustive_index - INFO - Table datasets_USA/USA_CSV0000000000008086.csv has 65515 rows and 6 columns
2025-12-18 11:36:34 - exhaustive_index - INFO - Processed table 531 - datasets_USA/USA_CSV0000000000008086.csv
2025-12-18 11:36:39 - exhaustive_index - INFO - Processing table 532 - datasets_USA/USA_CSV0000000000008087.csv
2025-12-18 11:36:39 - exhaustive_index - INFO - Table datasets_USA/USA_CSV0000000000008087.csv has 6191 rows and 17 columns
2025-12-18 11:36:39 - exhaustive_index - INFO - Processed table 532 - datasets_USA/USA_CSV0000000000008087.csv
2025-12-18 11:36:39 - exhaustive_index - INFO - Processing table 533 - datasets_USA/USA_CSV0000000000008097.csv
2025-12-18 11:36:39 - exhaustive_index - INFO - Table datasets_USA/USA_CSV0000000000008097.csv has 106 rows and 10 columns
2025-12-18 11:36:39 - exhaustive_index - INFO - Processed table 533 - datasets_USA/USA_CSV0000000000008097.csv
2025-12-18 11:36:41 - exhaustive_index - INFO - Processing table 534 - datasets_USA/USA_CSV0000000000008109.csv
2025-12-18 11:36:41 - exhaustive_index - INFO - Table datasets_USA/USA_CSV0000000000008109.csv has 4049 rows and 13 columns
2025-12-18 11:36:41 - exhaustive_index - INFO - Processed table 534 - datasets_USA/USA_CSV0000000000008109.csv
2025-12-18 11:36:49 - exhaustive_index - INFO - Processing table 535 - datasets_USA/USA_CSV0000000000008127.csv
2025-12-18 11:36:49 - exhaustive_index - INFO - Table datasets_USA/USA_CSV0000000000008127.csv has 27611 rows and 15 columns
2025-12-18 11:36:49 - exhaustive_index - INFO - Processed table 535 - datasets_USA/USA_CSV0000000000008127.csv
2025-12-18 11:36:49 - exhaustive_index - INFO - Processing table 536 - datasets_USA/USA_CSV0000000000008136.csv
2025-12-18 11:36:49 - exhaustive_index - INFO - Table datasets_USA/USA_CSV0000000000008136.csv has 166 rows and 8 columns
2025-12-18 11:36:49 - exhaustive_index - INFO - Processed table 536 - datasets_USA/USA_CSV0000000000008136.csv
2025-12-18 11:36:51 - exhaustive_index - INFO - Processing table 537 - datasets_USA/USA_CSV0000000000008140.csv
2025-12-18 11:36:51 - exhaustive_index - INFO - Table datasets_USA/USA_CSV0000000000008140.csv has 71904 rows and 6 columns
2025-12-18 11:36:51 - exhaustive_index - INFO - Processed table 537 - datasets_USA/USA_CSV0000000000008140.csv
2025-12-18 11:36:59 - exhaustive_index - INFO - Processing table 538 - datasets_USA/USA_CSV0000000000008156.csv
2025-12-18 11:36:59 - exhaustive_index - INFO - Table datasets_USA/USA_CSV0000000000008156.csv has 8784 rows and 21 columns
2025-12-18 11:36:59 - exhaustive_index - INFO - Processed table 538 - datasets_USA/USA_CSV0000000000008156.csv
2025-12-18 11:37:01 - exhaustive_index - INFO - Processing table 539 - datasets_USA/USA_CSV0000000000008198.csv
2025-12-18 11:37:01 - exhaustive_index - INFO - Table datasets_USA/USA_CSV0000000000008198.csv has 11365 rows and 14 columns
2025-12-18 11:37:01 - exhaustive_index - INFO - Processed table 539 - datasets_USA/USA_CSV0000000000008198.csv
2025-12-18 11:37:05 - exhaustive_index - INFO - Processing table 540 - datasets_USA/USA_CSV0000000000008202.csv
2025-12-18 11:37:05 - exhaustive_index - INFO - Table datasets_USA/USA_CSV0000000000008202.csv has 8760 rows and 21 columns
2025-12-18 11:37:05 - exhaustive_index - INFO - Processed table 540 - datasets_USA/USA_CSV0000000000008202.csv
2025-12-18 11:37:08 - exhaustive_index - INFO - Processing table 541 - datasets_USA/USA_CSV0000000000008206.csv
2025-12-18 11:37:08 - exhaustive_index - INFO - Table datasets_USA/USA_CSV0000000000008206.csv has 8784 rows and 21 columns
2025-12-18 11:37:08 - exhaustive_index - INFO - Processed table 541 - datasets_USA/USA_CSV0000000000008206.csv
2025-12-18 11:37:09 - exhaustive_index - INFO - Processing table 542 - datasets_USA/USA_CSV0000000000008207.csv
2025-12-18 11:37:09 - exhaustive_index - INFO - Table datasets_USA/USA_CSV0000000000008207.csv has 13823 rows and 12 columns
2025-12-18 11:37:09 - exhaustive_index - INFO - Processed table 542 - datasets_USA/USA_CSV0000000000008207.csv
2025-12-18 11:37:11 - exhaustive_index - INFO - Processing table 543 - datasets_USA/USA_CSV0000000000008208.csv
2025-12-18 11:37:11 - exhaustive_index - INFO - Table datasets_USA/USA_CSV0000000000008208.csv has 58926 rows and 6 columns
2025-12-18 11:37:11 - exhaustive_index - INFO - Processed table 543 - datasets_USA/USA_CSV0000000000008208.csv
2025-12-18 11:37:18 - exhaustive_index - INFO - Processing table 544 - datasets_USA/USA_CSV0000000000008239.csv
2025-12-18 11:37:18 - exhaustive_index - INFO - Table datasets_USA/USA_CSV0000000000008239.csv has 8784 rows and 21 columns
2025-12-18 11:37:18 - exhaustive_index - INFO - Processed table 544 - datasets_USA/USA_CSV0000000000008239.csv
2025-12-18 11:37:21 - exhaustive_index - INFO - Processing table 545 - datasets_USA/USA_CSV0000000000008240.csv
2025-12-18 11:37:21 - exhaustive_index - INFO - Table datasets_USA/USA_CSV0000000000008240.csv has 8622 rows and 13 columns
2025-12-18 11:37:21 - exhaustive_index - INFO - Processed table 545 - datasets_USA/USA_CSV0000000000008240.csv
2025-12-18 11:37:23 - exhaustive_index - INFO - Processing table 546 - datasets_USA/USA_CSV0000000000008247.csv
2025-12-18 11:37:23 - exhaustive_index - INFO - Table datasets_USA/USA_CSV0000000000008247.csv has 5582 rows and 17 columns
2025-12-18 11:37:23 - exhaustive_index - INFO - Processed table 546 - datasets_USA/USA_CSV0000000000008247.csv
2025-12-18 11:37:23 - exhaustive_index - INFO - Processing table 547 - datasets_USA/USA_CSV0000000000008252.csv
2025-12-18 11:37:23 - exhaustive_index - INFO - Table datasets_USA/USA_CSV0000000000008252.csv has 6240 rows and 16 columns
2025-12-18 11:37:23 - exhaustive_index - INFO - Processed table 547 - datasets_USA/USA_CSV0000000000008252.csv
2025-12-18 11:37:31 - exhaustive_index - INFO - Processing table 548 - datasets_USA/USA_CSV0000000000008281.csv
2025-12-18 11:37:31 - exhaustive_index - INFO - Table datasets_USA/USA_CSV0000000000008281.csv has 9938 rows and 14 columns
2025-12-18 11:37:31 - exhaustive_index - INFO - Processed table 548 - datasets_USA/USA_CSV0000000000008281.csv
2025-12-18 11:37:32 - exhaustive_index - INFO - Processing table 549 - datasets_USA/USA_CSV0000000000008292.csv
2025-12-18 11:37:32 - exhaustive_index - INFO - Table datasets_USA/USA_CSV0000000000008292.csv has 8760 rows and 21 columns
2025-12-18 11:37:32 - exhaustive_index - INFO - Processed table 549 - datasets_USA/USA_CSV0000000000008292.csv
2025-12-18 11:37:34 - exhaustive_index - INFO - Processing table 550 - datasets_USA/USA_CSV0000000000008320.csv
2025-12-18 11:37:34 - exhaustive_index - INFO - Table datasets_USA/USA_CSV0000000000008320.csv has 6576 rows and 18 columns
2025-12-18 11:37:34 - exhaustive_index - INFO - Processed table 550 - datasets_USA/USA_CSV0000000000008320.csv
2025-12-18 11:37:52 - exhaustive_index - INFO - Processing table 551 - datasets_USA/USA_CSV0000000000008328.csv
2025-12-18 11:37:52 - exhaustive_index - INFO - Table datasets_USA/USA_CSV0000000000008328.csv has 2938 rows and 47 columns
2025-12-18 11:37:52 - exhaustive_index - INFO - Processed table 551 - datasets_USA/USA_CSV0000000000008328.csv
2025-12-18 11:37:54 - exhaustive_index - INFO - Processing table 552 - datasets_USA/USA_CSV0000000000008366.csv
2025-12-18 11:37:54 - exhaustive_index - INFO - Table datasets_USA/USA_CSV0000000000008366.csv has 14252 rows and 7 columns
2025-12-18 11:37:54 - exhaustive_index - INFO - Processed table 552 - datasets_USA/USA_CSV0000000000008366.csv
2025-12-18 11:37:57 - exhaustive_index - INFO - Processing table 553 - datasets_USA/USA_CSV0000000000008370.csv
2025-12-18 11:37:57 - exhaustive_index - INFO - Table datasets_USA/USA_CSV0000000000008370.csv has 8784 rows and 21 columns
2025-12-18 11:37:57 - exhaustive_index - INFO - Processed table 553 - datasets_USA/USA_CSV0000000000008370.csv
2025-12-18 11:38:03 - exhaustive_index - INFO - Processing table 554 - datasets_USA/USA_CSV0000000000008387.csv
2025-12-18 11:38:03 - exhaustive_index - INFO - Table datasets_USA/USA_CSV0000000000008387.csv has 5365 rows and 25 columns
2025-12-18 11:38:03 - exhaustive_index - INFO - Processed table 554 - datasets_USA/USA_CSV0000000000008387.csv
2025-12-18 11:38:05 - exhaustive_index - INFO - Processing table 555 - datasets_USA/USA_CSV0000000000008394.csv
2025-12-18 11:38:05 - exhaustive_index - INFO - Table datasets_USA/USA_CSV0000000000008394.csv has 21404 rows and 11 columns
2025-12-18 11:38:05 - exhaustive_index - INFO - Processed table 555 - datasets_USA/USA_CSV0000000000008394.csv
2025-12-18 11:38:05 - exhaustive_index - INFO - Processing table 556 - datasets_USA/USA_CSV0000000000008395.csv
2025-12-18 11:38:05 - exhaustive_index - INFO - Table datasets_USA/USA_CSV0000000000008395.csv has 240 rows and 6 columns
2025-12-18 11:38:05 - exhaustive_index - INFO - Processed table 556 - datasets_USA/USA_CSV0000000000008395.csv
2025-12-18 11:38:12 - exhaustive_index - INFO - Processing table 557 - datasets_USA/USA_CSV0000000000008399.csv
2025-12-18 11:38:12 - exhaustive_index - INFO - Table datasets_USA/USA_CSV0000000000008399.csv has 8760 rows and 21 columns
2025-12-18 11:38:12 - exhaustive_index - INFO - Processed table 557 - datasets_USA/USA_CSV0000000000008399.csv
2025-12-18 11:38:14 - exhaustive_index - INFO - Processing table 558 - datasets_USA/USA_CSV0000000000008408.csv
2025-12-18 11:38:14 - exhaustive_index - INFO - Table datasets_USA/USA_CSV0000000000008408.csv has 32860 rows and 5 columns
2025-12-18 11:38:14 - exhaustive_index - INFO - Processed table 558 - datasets_USA/USA_CSV0000000000008408.csv
2025-12-18 11:38:15 - exhaustive_index - INFO - Processing table 559 - datasets_USA/USA_CSV0000000000008415.csv
2025-12-18 11:38:15 - exhaustive_index - INFO - Table datasets_USA/USA_CSV0000000000008415.csv has 8784 rows and 21 columns
2025-12-18 11:38:15 - exhaustive_index - INFO - Processed table 559 - datasets_USA/USA_CSV0000000000008415.csv
2025-12-18 11:38:17 - exhaustive_index - INFO - Processing table 560 - datasets_USA/USA_CSV0000000000008429.csv
2025-12-18 11:38:17 - exhaustive_index - INFO - Table datasets_USA/USA_CSV0000000000008429.csv has 60330 rows and 6 columns
2025-12-18 11:38:17 - exhaustive_index - INFO - Processed table 560 - datasets_USA/USA_CSV0000000000008429.csv
2025-12-18 11:38:19 - exhaustive_index - INFO - Processing table 561 - datasets_USA/USA_CSV0000000000008433.csv
2025-12-18 11:38:19 - exhaustive_index - INFO - Table datasets_USA/USA_CSV0000000000008433.csv has 8760 rows and 21 columns
2025-12-18 11:38:19 - exhaustive_index - INFO - Processed table 561 - datasets_USA/USA_CSV0000000000008433.csv
2025-12-18 11:38:21 - exhaustive_index - INFO - Processing table 562 - datasets_USA/USA_CSV0000000000008439.csv
2025-12-18 11:38:21 - exhaustive_index - INFO - Table datasets_USA/USA_CSV0000000000008439.csv has 20231 rows and 11 columns
2025-12-18 11:38:21 - exhaustive_index - INFO - Processed table 562 - datasets_USA/USA_CSV0000000000008439.csv
2025-12-18 11:38:22 - exhaustive_index - INFO - Processing table 563 - datasets_USA/USA_CSV0000000000008441.csv
2025-12-18 11:38:22 - exhaustive_index - INFO - Table datasets_USA/USA_CSV0000000000008441.csv has 8760 rows and 21 columns
2025-12-18 11:38:22 - exhaustive_index - INFO - Processed table 563 - datasets_USA/USA_CSV0000000000008441.csv
2025-12-18 11:38:26 - exhaustive_index - INFO - Processing table 564 - datasets_USA/USA_CSV0000000000008445.csv
2025-12-18 11:38:26 - exhaustive_index - INFO - Table datasets_USA/USA_CSV0000000000008445.csv has 10293 rows and 20 columns
2025-12-18 11:38:26 - exhaustive_index - INFO - Processed table 564 - datasets_USA/USA_CSV0000000000008445.csv
2025-12-18 11:38:33 - exhaustive_index - INFO - Processing table 565 - datasets_USA/USA_CSV0000000000008456.csv
2025-12-18 11:38:33 - exhaustive_index - INFO - Table datasets_USA/USA_CSV0000000000008456.csv has 8760 rows and 21 columns
2025-12-18 11:38:33 - exhaustive_index - INFO - Processed table 565 - datasets_USA/USA_CSV0000000000008456.csv
2025-12-18 11:38:38 - exhaustive_index - INFO - Processing table 566 - datasets_USA/USA_CSV0000000000008469.csv
2025-12-18 11:38:38 - exhaustive_index - INFO - Table datasets_USA/USA_CSV0000000000008469.csv has 8822 rows and 20 columns
2025-12-18 11:38:38 - exhaustive_index - INFO - Processed table 566 - datasets_USA/USA_CSV0000000000008469.csv
2025-12-18 11:38:39 - exhaustive_index - INFO - Processing table 567 - datasets_USA/USA_CSV0000000000008475.csv
2025-12-18 11:38:39 - exhaustive_index - INFO - Table datasets_USA/USA_CSV0000000000008475.csv has 65 rows and 10 columns
2025-12-18 11:38:39 - exhaustive_index - INFO - Processed table 567 - datasets_USA/USA_CSV0000000000008475.csv
2025-12-18 11:38:40 - exhaustive_index - INFO - Processing table 568 - datasets_USA/USA_CSV0000000000008504.csv
2025-12-18 11:38:40 - exhaustive_index - INFO - Table datasets_USA/USA_CSV0000000000008504.csv has 8760 rows and 21 columns
2025-12-18 11:38:40 - exhaustive_index - INFO - Processed table 568 - datasets_USA/USA_CSV0000000000008504.csv
2025-12-18 11:38:41 - exhaustive_index - INFO - Processing table 569 - datasets_USA/USA_CSV0000000000008507.csv
2025-12-18 11:38:41 - exhaustive_index - INFO - Table datasets_USA/USA_CSV0000000000008507.csv has 6955 rows and 25 columns
2025-12-18 11:38:41 - exhaustive_index - INFO - Processed table 569 - datasets_USA/USA_CSV0000000000008507.csv
2025-12-18 11:38:44 - exhaustive_index - INFO - Processing table 570 - datasets_USA/USA_CSV0000000000008512.csv
2025-12-18 11:38:44 - exhaustive_index - INFO - Table datasets_USA/USA_CSV0000000000008512.csv has 8784 rows and 21 columns
2025-12-18 11:38:44 - exhaustive_index - INFO - Processed table 570 - datasets_USA/USA_CSV0000000000008512.csv
2025-12-18 11:38:47 - exhaustive_index - INFO - Processing table 571 - datasets_USA/USA_CSV0000000000008515.csv
2025-12-18 11:38:47 - exhaustive_index - INFO - Table datasets_USA/USA_CSV0000000000008515.csv has 8760 rows and 21 columns
2025-12-18 11:38:47 - exhaustive_index - INFO - Processed table 571 - datasets_USA/USA_CSV0000000000008515.csv
2025-12-18 11:38:50 - exhaustive_index - INFO - Processing table 572 - datasets_USA/USA_CSV0000000000008520.csv
2025-12-18 11:38:50 - exhaustive_index - INFO - Table datasets_USA/USA_CSV0000000000008520.csv has 8760 rows and 21 columns
2025-12-18 11:38:50 - exhaustive_index - INFO - Processed table 572 - datasets_USA/USA_CSV0000000000008520.csv
2025-12-18 11:39:14 - exhaustive_index - INFO - Processing table 573 - datasets_USA/USA_CSV0000000000008521.csv
2025-12-18 11:39:14 - exhaustive_index - INFO - Table datasets_USA/USA_CSV0000000000008521.csv has 9009 rows and 45 columns
2025-12-18 11:39:14 - exhaustive_index - INFO - Processed table 573 - datasets_USA/USA_CSV0000000000008521.csv
2025-12-18 11:39:15 - exhaustive_index - INFO - Processing table 574 - datasets_USA/USA_CSV0000000000008528.csv
2025-12-18 11:39:15 - exhaustive_index - INFO - Table datasets_USA/USA_CSV0000000000008528.csv has 118 rows and 9 columns
2025-12-18 11:39:15 - exhaustive_index - INFO - Processed table 574 - datasets_USA/USA_CSV0000000000008528.csv
2025-12-18 11:39:18 - exhaustive_index - INFO - Processing table 575 - datasets_USA/USA_CSV0000000000008532.csv
2025-12-18 11:39:18 - exhaustive_index - INFO - Table datasets_USA/USA_CSV0000000000008532.csv has 25074 rows and 8 columns
2025-12-18 11:39:18 - exhaustive_index - INFO - Processed table 575 - datasets_USA/USA_CSV0000000000008532.csv
2025-12-18 11:39:19 - exhaustive_index - INFO - Processing table 576 - datasets_USA/USA_CSV0000000000008541.csv
2025-12-18 11:39:19 - exhaustive_index - INFO - Table datasets_USA/USA_CSV0000000000008541.csv has 8760 rows and 21 columns
2025-12-18 11:39:19 - exhaustive_index - INFO - Processed table 576 - datasets_USA/USA_CSV0000000000008541.csv
2025-12-18 11:39:20 - exhaustive_index - INFO - Processing table 577 - datasets_USA/USA_CSV0000000000008573.csv
2025-12-18 11:39:20 - exhaustive_index - INFO - Table datasets_USA/USA_CSV0000000000008573.csv has 8784 rows and 21 columns
2025-12-18 11:39:20 - exhaustive_index - INFO - Processed table 577 - datasets_USA/USA_CSV0000000000008573.csv
2025-12-18 11:39:28 - exhaustive_index - INFO - Processing table 578 - datasets_USA/USA_CSV0000000000008574.csv
2025-12-18 11:39:28 - exhaustive_index - INFO - Table datasets_USA/USA_CSV0000000000008574.csv has 31474 rows and 15 columns
2025-12-18 11:39:28 - exhaustive_index - INFO - Processed table 578 - datasets_USA/USA_CSV0000000000008574.csv
2025-12-18 11:39:30 - exhaustive_index - INFO - Processing table 579 - datasets_USA/USA_CSV0000000000008602.csv
2025-12-18 11:39:30 - exhaustive_index - INFO - Table datasets_USA/USA_CSV0000000000008602.csv has 11772 rows and 9 columns
2025-12-18 11:39:30 - exhaustive_index - INFO - Processed table 579 - datasets_USA/USA_CSV0000000000008602.csv
2025-12-18 11:39:31 - exhaustive_index - INFO - Processing table 580 - datasets_USA/USA_CSV0000000000008612.csv
2025-12-18 11:39:31 - exhaustive_index - INFO - Table datasets_USA/USA_CSV0000000000008612.csv has 451 rows and 7 columns
2025-12-18 11:39:31 - exhaustive_index - INFO - Processed table 580 - datasets_USA/USA_CSV0000000000008612.csv
2025-12-18 11:39:31 - exhaustive_index - INFO - Processing table 581 - datasets_USA/USA_CSV0000000000008628.csv
2025-12-18 11:39:31 - exhaustive_index - INFO - Table datasets_USA/USA_CSV0000000000008628.csv has 6895 rows and 16 columns
2025-12-18 11:39:31 - exhaustive_index - INFO - Processed table 581 - datasets_USA/USA_CSV0000000000008628.csv
2025-12-18 11:39:32 - exhaustive_index - INFO - Processing table 582 - datasets_USA/USA_CSV0000000000008630.csv
2025-12-18 11:39:32 - exhaustive_index - INFO - Table datasets_USA/USA_CSV0000000000008630.csv has 187 rows and 5 columns
2025-12-18 11:39:32 - exhaustive_index - INFO - Processed table 582 - datasets_USA/USA_CSV0000000000008630.csv
2025-12-18 11:39:40 - exhaustive_index - INFO - Processing table 583 - datasets_USA/USA_CSV0000000000008656.csv
2025-12-18 11:39:40 - exhaustive_index - INFO - Table datasets_USA/USA_CSV0000000000008656.csv has 7647 rows and 25 columns
2025-12-18 11:39:40 - exhaustive_index - INFO - Processed table 583 - datasets_USA/USA_CSV0000000000008656.csv
2025-12-18 11:39:43 - exhaustive_index - INFO - Processing table 584 - datasets_USA/USA_CSV0000000000008676.csv
2025-12-18 11:39:43 - exhaustive_index - INFO - Table datasets_USA/USA_CSV0000000000008676.csv has 8784 rows and 21 columns
2025-12-18 11:39:43 - exhaustive_index - INFO - Processed table 584 - datasets_USA/USA_CSV0000000000008676.csv
2025-12-18 11:39:43 - exhaustive_index - INFO - Processing table 585 - datasets_USA/USA_CSV0000000000008702.csv
2025-12-18 11:39:43 - exhaustive_index - INFO - Table datasets_USA/USA_CSV0000000000008702.csv has 191 rows and 6 columns
2025-12-18 11:39:43 - exhaustive_index - INFO - Processed table 585 - datasets_USA/USA_CSV0000000000008702.csv
2025-12-18 11:39:44 - exhaustive_index - INFO - Processing table 586 - datasets_USA/USA_CSV0000000000008707.csv
2025-12-18 11:39:44 - exhaustive_index - INFO - Table datasets_USA/USA_CSV0000000000008707.csv has 202 rows and 9 columns
2025-12-18 11:39:44 - exhaustive_index - INFO - Processed table 586 - datasets_USA/USA_CSV0000000000008707.csv
2025-12-18 11:39:47 - exhaustive_index - INFO - Processing table 587 - datasets_USA/USA_CSV0000000000008719.csv
2025-12-18 11:39:47 - exhaustive_index - INFO - Table datasets_USA/USA_CSV0000000000008719.csv has 8760 rows and 21 columns
2025-12-18 11:39:47 - exhaustive_index - INFO - Processed table 587 - datasets_USA/USA_CSV0000000000008719.csv
2025-12-18 11:39:48 - exhaustive_index - INFO - Processing table 588 - datasets_USA/USA_CSV0000000000008736.csv
2025-12-18 11:39:48 - exhaustive_index - INFO - Table datasets_USA/USA_CSV0000000000008736.csv has 8784 rows and 21 columns
2025-12-18 11:39:48 - exhaustive_index - INFO - Processed table 588 - datasets_USA/USA_CSV0000000000008736.csv
2025-12-18 11:39:56 - exhaustive_index - INFO - Processing table 589 - datasets_USA/USA_CSV0000000000008755.csv
2025-12-18 11:39:56 - exhaustive_index - INFO - Table datasets_USA/USA_CSV0000000000008755.csv has 8760 rows and 21 columns
2025-12-18 11:39:56 - exhaustive_index - INFO - Processed table 589 - datasets_USA/USA_CSV0000000000008755.csv
2025-12-18 11:40:02 - exhaustive_index - INFO - Processing table 590 - datasets_USA/USA_CSV0000000000008766.csv
2025-12-18 11:40:02 - exhaustive_index - INFO - Table datasets_USA/USA_CSV0000000000008766.csv has 5585 rows and 21 columns
2025-12-18 11:40:02 - exhaustive_index - INFO - Processed table 590 - datasets_USA/USA_CSV0000000000008766.csv
2025-12-18 11:40:03 - exhaustive_index - INFO - Processing table 591 - datasets_USA/USA_CSV0000000000008782.csv
2025-12-18 11:40:03 - exhaustive_index - INFO - Table datasets_USA/USA_CSV0000000000008782.csv has 8784 rows and 21 columns
2025-12-18 11:40:03 - exhaustive_index - INFO - Processed table 591 - datasets_USA/USA_CSV0000000000008782.csv
2025-12-18 11:40:06 - exhaustive_index - INFO - Processing table 592 - datasets_USA/USA_CSV0000000000008785.csv
2025-12-18 11:40:06 - exhaustive_index - INFO - Table datasets_USA/USA_CSV0000000000008785.csv has 10163 rows and 14 columns
2025-12-18 11:40:06 - exhaustive_index - INFO - Processed table 592 - datasets_USA/USA_CSV0000000000008785.csv
2025-12-18 11:40:08 - exhaustive_index - INFO - Processing table 593 - datasets_USA/USA_CSV0000000000008790.csv
2025-12-18 11:40:08 - exhaustive_index - INFO - Table datasets_USA/USA_CSV0000000000008790.csv has 176 rows and 10 columns
2025-12-18 11:40:08 - exhaustive_index - INFO - Processed table 593 - datasets_USA/USA_CSV0000000000008790.csv
2025-12-18 11:40:08 - exhaustive_index - INFO - Processing table 594 - datasets_USA/USA_CSV0000000000008802.csv
2025-12-18 11:40:08 - exhaustive_index - INFO - Table datasets_USA/USA_CSV0000000000008802.csv has 170 rows and 7 columns
2025-12-18 11:40:08 - exhaustive_index - INFO - Processed table 594 - datasets_USA/USA_CSV0000000000008802.csv
2025-12-18 11:40:12 - exhaustive_index - INFO - Processing table 595 - datasets_USA/USA_CSV0000000000008817.csv
2025-12-18 11:40:12 - exhaustive_index - INFO - Table datasets_USA/USA_CSV0000000000008817.csv has 4131 rows and 14 columns
2025-12-18 11:40:12 - exhaustive_index - INFO - Processed table 595 - datasets_USA/USA_CSV0000000000008817.csv
2025-12-18 11:40:20 - exhaustive_index - INFO - Processing table 596 - datasets_USA/USA_CSV0000000000008825.csv
2025-12-18 11:40:20 - exhaustive_index - INFO - Table datasets_USA/USA_CSV0000000000008825.csv has 10468 rows and 11 columns
2025-12-18 11:40:20 - exhaustive_index - INFO - Processed table 596 - datasets_USA/USA_CSV0000000000008825.csv
2025-12-18 11:40:24 - exhaustive_index - INFO - Processing table 597 - datasets_USA/USA_CSV0000000000008838.csv
2025-12-18 11:40:24 - exhaustive_index - INFO - Table datasets_USA/USA_CSV0000000000008838.csv has 15020 rows and 10 columns
2025-12-18 11:40:24 - exhaustive_index - INFO - Processed table 597 - datasets_USA/USA_CSV0000000000008838.csv
2025-12-18 11:40:35 - exhaustive_index - INFO - Processing table 598 - datasets_USA/USA_CSV0000000000008854.csv
2025-12-18 11:40:35 - exhaustive_index - INFO - Table datasets_USA/USA_CSV0000000000008854.csv has 7412 rows and 22 columns
2025-12-18 11:40:35 - exhaustive_index - INFO - Processed table 598 - datasets_USA/USA_CSV0000000000008854.csv
2025-12-18 11:56:43 - exhaustive_index - INFO - Processing table 599 - datasets_USA/USA_CSV0000000000008857.csv
2025-12-18 11:56:43 - exhaustive_index - INFO - Table datasets_USA/USA_CSV0000000000008857.csv has 5255 rows and 98 columns
2025-12-18 11:56:43 - exhaustive_index - INFO - Processed table 599 - datasets_USA/USA_CSV0000000000008857.csv
2025-12-18 11:56:45 - exhaustive_index - INFO - Processing table 600 - datasets_USA/USA_CSV0000000000008875.csv
2025-12-18 11:56:45 - exhaustive_index - INFO - Table datasets_USA/USA_CSV0000000000008875.csv has 8784 rows and 21 columns
2025-12-18 11:56:45 - exhaustive_index - INFO - Processed table 600 - datasets_USA/USA_CSV0000000000008875.csv
2025-12-18 11:56:47 - exhaustive_index - INFO - Processing table 601 - datasets_USA/USA_CSV0000000000008885.csv
2025-12-18 11:56:47 - exhaustive_index - INFO - Table datasets_USA/USA_CSV0000000000008885.csv has 8760 rows and 21 columns
2025-12-18 11:56:47 - exhaustive_index - INFO - Processed table 601 - datasets_USA/USA_CSV0000000000008885.csv
2025-12-18 11:56:49 - exhaustive_index - INFO - Processing table 602 - datasets_USA/USA_CSV0000000000008924.csv
2025-12-18 11:56:49 - exhaustive_index - INFO - Table datasets_USA/USA_CSV0000000000008924.csv has 8760 rows and 21 columns
2025-12-18 11:56:49 - exhaustive_index - INFO - Processed table 602 - datasets_USA/USA_CSV0000000000008924.csv
2025-12-18 11:56:53 - exhaustive_index - INFO - Processing table 603 - datasets_USA/USA_CSV0000000000008955.csv
2025-12-18 11:56:53 - exhaustive_index - INFO - Table datasets_USA/USA_CSV0000000000008955.csv has 15599 rows and 17 columns
2025-12-18 11:56:53 - exhaustive_index - INFO - Processed table 603 - datasets_USA/USA_CSV0000000000008955.csv
2025-12-18 11:56:55 - exhaustive_index - INFO - Processing table 604 - datasets_USA/USA_CSV0000000000008962.csv
2025-12-18 11:56:55 - exhaustive_index - INFO - Table datasets_USA/USA_CSV0000000000008962.csv has 18717 rows and 11 columns
2025-12-18 11:56:55 - exhaustive_index - INFO - Processed table 604 - datasets_USA/USA_CSV0000000000008962.csv
2025-12-18 11:56:58 - exhaustive_index - INFO - Processing table 605 - datasets_USA/USA_CSV0000000000008989.csv
2025-12-18 11:56:58 - exhaustive_index - INFO - Table datasets_USA/USA_CSV0000000000008989.csv has 8760 rows and 21 columns
2025-12-18 11:56:58 - exhaustive_index - INFO - Processed table 605 - datasets_USA/USA_CSV0000000000008989.csv
2025-12-18 11:57:04 - exhaustive_index - INFO - Processing table 606 - datasets_USA/USA_CSV0000000000009002.csv
2025-12-18 11:57:04 - exhaustive_index - INFO - Table datasets_USA/USA_CSV0000000000009002.csv has 8760 rows and 21 columns
2025-12-18 11:57:04 - exhaustive_index - INFO - Processed table 606 - datasets_USA/USA_CSV0000000000009002.csv
2025-12-18 11:57:05 - exhaustive_index - INFO - Processing table 607 - datasets_USA/USA_CSV0000000000009005.csv
2025-12-18 11:57:05 - exhaustive_index - INFO - Table datasets_USA/USA_CSV0000000000009005.csv has 397 rows and 9 columns
2025-12-18 11:57:05 - exhaustive_index - INFO - Processed table 607 - datasets_USA/USA_CSV0000000000009005.csv
2025-12-18 11:57:06 - exhaustive_index - INFO - Processing table 608 - datasets_USA/USA_CSV0000000000009017.csv
2025-12-18 11:57:06 - exhaustive_index - INFO - Table datasets_USA/USA_CSV0000000000009017.csv has 62 rows and 10 columns
2025-12-18 11:57:06 - exhaustive_index - INFO - Processed table 608 - datasets_USA/USA_CSV0000000000009017.csv
2025-12-18 11:58:12 - exhaustive_index - INFO - Processing table 609 - datasets_USA/USA_CSV0000000000009022.csv
2025-12-18 11:58:12 - exhaustive_index - INFO - Table datasets_USA/USA_CSV0000000000009022.csv has 8766 rows and 29 columns
2025-12-18 11:58:12 - exhaustive_index - INFO - Processed table 609 - datasets_USA/USA_CSV0000000000009022.csv
2025-12-18 11:58:12 - exhaustive_index - INFO - Processing table 610 - datasets_USA/USA_CSV0000000000009033.csv
2025-12-18 11:58:12 - exhaustive_index - INFO - Table datasets_USA/USA_CSV0000000000009033.csv has 121 rows and 10 columns
2025-12-18 11:58:12 - exhaustive_index - INFO - Processed table 610 - datasets_USA/USA_CSV0000000000009033.csv
2025-12-18 11:58:13 - exhaustive_index - INFO - Processing table 611 - datasets_USA/USA_CSV0000000000009051.csv
2025-12-18 11:58:13 - exhaustive_index - INFO - Table datasets_USA/USA_CSV0000000000009051.csv has 422 rows and 7 columns
2025-12-18 11:58:13 - exhaustive_index - INFO - Processed table 611 - datasets_USA/USA_CSV0000000000009051.csv
2025-12-18 11:58:14 - exhaustive_index - INFO - Processing table 612 - datasets_USA/USA_CSV0000000000009061.csv
2025-12-18 11:58:14 - exhaustive_index - INFO - Table datasets_USA/USA_CSV0000000000009061.csv has 8760 rows and 21 columns
2025-12-18 11:58:14 - exhaustive_index - INFO - Processed table 612 - datasets_USA/USA_CSV0000000000009061.csv
2025-12-18 11:58:17 - exhaustive_index - INFO - Processing table 613 - datasets_USA/USA_CSV0000000000009065.csv
2025-12-18 11:58:17 - exhaustive_index - INFO - Table datasets_USA/USA_CSV0000000000009065.csv has 8784 rows and 21 columns
2025-12-18 11:58:17 - exhaustive_index - INFO - Processed table 613 - datasets_USA/USA_CSV0000000000009065.csv
2025-12-18 11:58:18 - exhaustive_index - INFO - Processing table 614 - datasets_USA/USA_CSV0000000000009076.csv
2025-12-18 11:58:18 - exhaustive_index - INFO - Table datasets_USA/USA_CSV0000000000009076.csv has 332 rows and 10 columns
2025-12-18 11:58:18 - exhaustive_index - INFO - Processed table 614 - datasets_USA/USA_CSV0000000000009076.csv
2025-12-18 11:58:19 - exhaustive_index - INFO - Processing table 615 - datasets_USA/USA_CSV0000000000009086.csv
2025-12-18 11:58:19 - exhaustive_index - INFO - Table datasets_USA/USA_CSV0000000000009086.csv has 8760 rows and 21 columns
2025-12-18 11:58:19 - exhaustive_index - INFO - Processed table 615 - datasets_USA/USA_CSV0000000000009086.csv
2025-12-18 11:58:21 - exhaustive_index - INFO - Processing table 616 - datasets_USA/USA_CSV0000000000009092.csv
2025-12-18 11:58:21 - exhaustive_index - INFO - Table datasets_USA/USA_CSV0000000000009092.csv has 8760 rows and 21 columns
2025-12-18 11:58:21 - exhaustive_index - INFO - Processed table 616 - datasets_USA/USA_CSV0000000000009092.csv
2025-12-18 11:58:22 - exhaustive_index - INFO - Processing table 617 - datasets_USA/USA_CSV0000000000009097.csv
2025-12-18 11:58:22 - exhaustive_index - INFO - Table datasets_USA/USA_CSV0000000000009097.csv has 26328 rows and 8 columns
2025-12-18 11:58:22 - exhaustive_index - INFO - Processed table 617 - datasets_USA/USA_CSV0000000000009097.csv
2025-12-18 11:58:24 - exhaustive_index - INFO - Processing table 618 - datasets_USA/USA_CSV0000000000009098.csv
2025-12-18 11:58:24 - exhaustive_index - INFO - Table datasets_USA/USA_CSV0000000000009098.csv has 56841 rows and 6 columns
2025-12-18 11:58:24 - exhaustive_index - INFO - Processed table 618 - datasets_USA/USA_CSV0000000000009098.csv
2025-12-18 11:58:25 - exhaustive_index - INFO - Processing table 619 - datasets_USA/USA_CSV0000000000009101.csv
2025-12-18 11:58:25 - exhaustive_index - INFO - Table datasets_USA/USA_CSV0000000000009101.csv has 774 rows and 7 columns
2025-12-18 11:58:25 - exhaustive_index - INFO - Processed table 619 - datasets_USA/USA_CSV0000000000009101.csv
2025-12-18 11:58:26 - exhaustive_index - INFO - Processing table 620 - datasets_USA/USA_CSV0000000000009108.csv
2025-12-18 11:58:26 - exhaustive_index - INFO - Table datasets_USA/USA_CSV0000000000009108.csv has 243 rows and 7 columns
2025-12-18 11:58:26 - exhaustive_index - INFO - Processed table 620 - datasets_USA/USA_CSV0000000000009108.csv
2025-12-18 11:58:48 - exhaustive_index - INFO - Processing table 621 - datasets_USA/USA_CSV0000000000009118.csv
2025-12-18 11:58:48 - exhaustive_index - INFO - Table datasets_USA/USA_CSV0000000000009118.csv has 7559 rows and 18 columns
2025-12-18 11:58:48 - exhaustive_index - INFO - Processed table 621 - datasets_USA/USA_CSV0000000000009118.csv
2025-12-18 11:58:51 - exhaustive_index - INFO - Processing table 622 - datasets_USA/USA_CSV0000000000009129.csv
2025-12-18 11:58:51 - exhaustive_index - INFO - Table datasets_USA/USA_CSV0000000000009129.csv has 8760 rows and 21 columns
2025-12-18 11:58:51 - exhaustive_index - INFO - Processed table 622 - datasets_USA/USA_CSV0000000000009129.csv
2025-12-18 11:58:52 - exhaustive_index - INFO - Processing table 623 - datasets_USA/USA_CSV0000000000009132.csv
2025-12-18 11:58:52 - exhaustive_index - INFO - Table datasets_USA/USA_CSV0000000000009132.csv has 8760 rows and 21 columns
2025-12-18 11:58:52 - exhaustive_index - INFO - Processed table 623 - datasets_USA/USA_CSV0000000000009132.csv
2025-12-18 11:58:53 - exhaustive_index - INFO - Processing table 624 - datasets_USA/USA_CSV0000000000009152.csv
2025-12-18 11:58:53 - exhaustive_index - INFO - Table datasets_USA/USA_CSV0000000000009152.csv has 8760 rows and 21 columns
2025-12-18 11:58:53 - exhaustive_index - INFO - Processed table 624 - datasets_USA/USA_CSV0000000000009152.csv
2025-12-18 11:58:54 - exhaustive_index - INFO - Processing table 625 - datasets_USA/USA_CSV0000000000009156.csv
2025-12-18 11:58:54 - exhaustive_index - INFO - Table datasets_USA/USA_CSV0000000000009156.csv has 8784 rows and 21 columns
2025-12-18 11:58:54 - exhaustive_index - INFO - Processed table 625 - datasets_USA/USA_CSV0000000000009156.csv
2025-12-18 11:58:58 - exhaustive_index - INFO - Processing table 626 - datasets_USA/USA_CSV0000000000009169.csv
2025-12-18 11:58:58 - exhaustive_index - INFO - Table datasets_USA/USA_CSV0000000000009169.csv has 8760 rows and 21 columns
2025-12-18 11:58:58 - exhaustive_index - INFO - Processed table 626 - datasets_USA/USA_CSV0000000000009169.csv
2025-12-18 11:59:52 - exhaustive_index - INFO - Processing table 627 - datasets_USA/USA_CSV0000000000009176.csv
2025-12-18 11:59:52 - exhaustive_index - INFO - Table datasets_USA/USA_CSV0000000000009176.csv has 2356 rows and 64 columns
2025-12-18 11:59:52 - exhaustive_index - INFO - Processed table 627 - datasets_USA/USA_CSV0000000000009176.csv
2025-12-18 11:59:54 - exhaustive_index - INFO - Processing table 628 - datasets_USA/USA_CSV0000000000009186.csv
2025-12-18 11:59:54 - exhaustive_index - INFO - Table datasets_USA/USA_CSV0000000000009186.csv has 8760 rows and 21 columns
2025-12-18 11:59:54 - exhaustive_index - INFO - Processed table 628 - datasets_USA/USA_CSV0000000000009186.csv
2025-12-18 11:59:58 - exhaustive_index - INFO - Processing table 629 - datasets_USA/USA_CSV0000000000009218.csv
2025-12-18 11:59:58 - exhaustive_index - INFO - Table datasets_USA/USA_CSV0000000000009218.csv has 21426 rows and 8 columns
2025-12-18 11:59:58 - exhaustive_index - INFO - Processed table 629 - datasets_USA/USA_CSV0000000000009218.csv
2025-12-18 11:59:59 - exhaustive_index - INFO - Processing table 630 - datasets_USA/USA_CSV0000000000009244.csv
2025-12-18 11:59:59 - exhaustive_index - INFO - Table datasets_USA/USA_CSV0000000000009244.csv has 9253 rows and 16 columns
2025-12-18 11:59:59 - exhaustive_index - INFO - Processed table 630 - datasets_USA/USA_CSV0000000000009244.csv
2025-12-18 12:00:00 - exhaustive_index - INFO - Processing table 631 - datasets_USA/USA_CSV0000000000009248.csv
2025-12-18 12:00:00 - exhaustive_index - INFO - Table datasets_USA/USA_CSV0000000000009248.csv has 8784 rows and 21 columns
2025-12-18 12:00:00 - exhaustive_index - INFO - Processed table 631 - datasets_USA/USA_CSV0000000000009248.csv
2025-12-18 12:00:02 - exhaustive_index - INFO - Processing table 632 - datasets_USA/USA_CSV0000000000009252.csv
2025-12-18 12:00:02 - exhaustive_index - INFO - Table datasets_USA/USA_CSV0000000000009252.csv has 8760 rows and 21 columns
2025-12-18 12:00:02 - exhaustive_index - INFO - Processed table 632 - datasets_USA/USA_CSV0000000000009252.csv
2025-12-18 12:00:04 - exhaustive_index - INFO - Processing table 633 - datasets_USA/USA_CSV0000000000009263.csv
2025-12-18 12:00:04 - exhaustive_index - INFO - Table datasets_USA/USA_CSV0000000000009263.csv has 71301 rows and 6 columns
2025-12-18 12:00:04 - exhaustive_index - INFO - Processed table 633 - datasets_USA/USA_CSV0000000000009263.csv
2025-12-18 12:00:09 - exhaustive_index - INFO - Processing table 634 - datasets_USA/USA_CSV0000000000009278.csv
2025-12-18 12:00:09 - exhaustive_index - INFO - Table datasets_USA/USA_CSV0000000000009278.csv has 12517 rows and 11 columns
2025-12-18 12:00:09 - exhaustive_index - INFO - Processed table 634 - datasets_USA/USA_CSV0000000000009278.csv
2025-12-18 12:00:16 - exhaustive_index - INFO - Processing table 635 - datasets_USA/USA_CSV0000000000009281.csv
2025-12-18 12:00:16 - exhaustive_index - INFO - Table datasets_USA/USA_CSV0000000000009281.csv has 5408 rows and 25 columns
2025-12-18 12:00:16 - exhaustive_index - INFO - Processed table 635 - datasets_USA/USA_CSV0000000000009281.csv
2025-12-18 12:00:18 - exhaustive_index - INFO - Processing table 636 - datasets_USA/USA_CSV0000000000009285.csv
2025-12-18 12:00:18 - exhaustive_index - INFO - Table datasets_USA/USA_CSV0000000000009285.csv has 66294 rows and 6 columns
2025-12-18 12:00:18 - exhaustive_index - INFO - Processed table 636 - datasets_USA/USA_CSV0000000000009285.csv
2025-12-18 12:00:18 - exhaustive_index - INFO - Processing table 637 - datasets_USA/USA_CSV0000000000009287.csv
2025-12-18 12:00:18 - exhaustive_index - INFO - Table datasets_USA/USA_CSV0000000000009287.csv has 33 rows and 6 columns
2025-12-18 12:00:18 - exhaustive_index - INFO - Processed table 637 - datasets_USA/USA_CSV0000000000009287.csv
2025-12-18 12:00:20 - exhaustive_index - INFO - Processing table 638 - datasets_USA/USA_CSV0000000000009290.csv
2025-12-18 12:00:20 - exhaustive_index - INFO - Table datasets_USA/USA_CSV0000000000009290.csv has 449 rows and 9 columns
2025-12-18 12:00:20 - exhaustive_index - INFO - Processed table 638 - datasets_USA/USA_CSV0000000000009290.csv
2025-12-18 12:00:23 - exhaustive_index - INFO - Processing table 639 - datasets_USA/USA_CSV0000000000009336.csv
2025-12-18 12:00:23 - exhaustive_index - INFO - Table datasets_USA/USA_CSV0000000000009336.csv has 8760 rows and 21 columns
2025-12-18 12:00:23 - exhaustive_index - INFO - Processed table 639 - datasets_USA/USA_CSV0000000000009336.csv
2025-12-18 12:00:24 - exhaustive_index - INFO - Processing table 640 - datasets_USA/USA_CSV0000000000009343.csv
2025-12-18 12:00:24 - exhaustive_index - INFO - Table datasets_USA/USA_CSV0000000000009343.csv has 8760 rows and 21 columns
2025-12-18 12:00:24 - exhaustive_index - INFO - Processed table 640 - datasets_USA/USA_CSV0000000000009343.csv
2025-12-18 12:02:44 - exhaustive_index - INFO - Processing table 641 - datasets_USA/USA_CSV0000000000009355.csv
2025-12-18 12:02:44 - exhaustive_index - INFO - Table datasets_USA/USA_CSV0000000000009355.csv has 2261 rows and 45 columns
2025-12-18 12:02:44 - exhaustive_index - INFO - Processed table 641 - datasets_USA/USA_CSV0000000000009355.csv
2025-12-18 12:02:45 - exhaustive_index - INFO - Processing table 642 - datasets_USA/USA_CSV0000000000009362.csv
2025-12-18 12:02:45 - exhaustive_index - INFO - Table datasets_USA/USA_CSV0000000000009362.csv has 8760 rows and 21 columns
2025-12-18 12:02:45 - exhaustive_index - INFO - Processed table 642 - datasets_USA/USA_CSV0000000000009362.csv
2025-12-18 12:02:51 - exhaustive_index - INFO - Processing table 643 - datasets_USA/USA_CSV0000000000009376.csv
2025-12-18 12:02:51 - exhaustive_index - INFO - Table datasets_USA/USA_CSV0000000000009376.csv has 6635 rows and 17 columns
2025-12-18 12:02:51 - exhaustive_index - INFO - Processed table 643 - datasets_USA/USA_CSV0000000000009376.csv
2025-12-18 12:02:59 - exhaustive_index - INFO - Processing table 644 - datasets_USA/USA_CSV0000000000009381.csv
2025-12-18 12:02:59 - exhaustive_index - INFO - Table datasets_USA/USA_CSV0000000000009381.csv has 10838 rows and 20 columns
2025-12-18 12:02:59 - exhaustive_index - INFO - Processed table 644 - datasets_USA/USA_CSV0000000000009381.csv
2025-12-18 12:03:27 - exhaustive_index - INFO - Processing table 645 - datasets_USA/USA_CSV0000000000009412.csv
2025-12-18 12:03:27 - exhaustive_index - INFO - Table datasets_USA/USA_CSV0000000000009412.csv has 3410 rows and 29 columns
2025-12-18 12:03:27 - exhaustive_index - INFO - Processed table 645 - datasets_USA/USA_CSV0000000000009412.csv
2025-12-18 12:03:30 - exhaustive_index - INFO - Processing table 646 - datasets_USA/USA_CSV0000000000009424.csv
2025-12-18 12:03:30 - exhaustive_index - INFO - Table datasets_USA/USA_CSV0000000000009424.csv has 8784 rows and 21 columns
2025-12-18 12:03:30 - exhaustive_index - INFO - Processed table 646 - datasets_USA/USA_CSV0000000000009424.csv
2025-12-18 12:03:33 - exhaustive_index - INFO - Processing table 647 - datasets_USA/USA_CSV0000000000009428.csv
2025-12-18 12:03:33 - exhaustive_index - INFO - Table datasets_USA/USA_CSV0000000000009428.csv has 8784 rows and 21 columns
2025-12-18 12:03:33 - exhaustive_index - INFO - Processed table 647 - datasets_USA/USA_CSV0000000000009428.csv
2025-12-18 12:03:35 - exhaustive_index - INFO - Processing table 648 - datasets_USA/USA_CSV0000000000009441.csv
2025-12-18 12:03:35 - exhaustive_index - INFO - Table datasets_USA/USA_CSV0000000000009441.csv has 272 rows and 9 columns
2025-12-18 12:03:35 - exhaustive_index - INFO - Processed table 648 - datasets_USA/USA_CSV0000000000009441.csv
2025-12-18 12:03:40 - exhaustive_index - INFO - Processing table 649 - datasets_USA/USA_CSV0000000000009453.csv
2025-12-18 12:03:40 - exhaustive_index - INFO - Table datasets_USA/USA_CSV0000000000009453.csv has 21277 rows and 13 columns
2025-12-18 12:03:40 - exhaustive_index - INFO - Processed table 649 - datasets_USA/USA_CSV0000000000009453.csv
2025-12-18 12:03:42 - exhaustive_index - INFO - Processing table 650 - datasets_USA/USA_CSV0000000000009457.csv
2025-12-18 12:03:42 - exhaustive_index - INFO - Table datasets_USA/USA_CSV0000000000009457.csv has 8760 rows and 21 columns
2025-12-18 12:03:42 - exhaustive_index - INFO - Processed table 650 - datasets_USA/USA_CSV0000000000009457.csv
2025-12-18 12:03:43 - exhaustive_index - INFO - Processing table 651 - datasets_USA/USA_CSV0000000000009465.csv
2025-12-18 12:03:43 - exhaustive_index - INFO - Table datasets_USA/USA_CSV0000000000009465.csv has 9272 rows and 12 columns
2025-12-18 12:03:43 - exhaustive_index - INFO - Processed table 651 - datasets_USA/USA_CSV0000000000009465.csv
2025-12-18 12:03:47 - exhaustive_index - INFO - Processing table 652 - datasets_USA/USA_CSV0000000000009468.csv
2025-12-18 12:03:47 - exhaustive_index - INFO - Table datasets_USA/USA_CSV0000000000009468.csv has 39210 rows and 14 columns
2025-12-18 12:03:47 - exhaustive_index - INFO - Processed table 652 - datasets_USA/USA_CSV0000000000009468.csv
2025-12-18 12:03:50 - exhaustive_index - INFO - Processing table 653 - datasets_USA/USA_CSV0000000000009471.csv
2025-12-18 12:03:50 - exhaustive_index - INFO - Table datasets_USA/USA_CSV0000000000009471.csv has 7093 rows and 17 columns
2025-12-18 12:03:50 - exhaustive_index - INFO - Processed table 653 - datasets_USA/USA_CSV0000000000009471.csv
2025-12-18 12:03:55 - exhaustive_index - INFO - Processing table 654 - datasets_USA/USA_CSV0000000000009476.csv
2025-12-18 12:03:55 - exhaustive_index - INFO - Table datasets_USA/USA_CSV0000000000009476.csv has 8760 rows and 21 columns
2025-12-18 12:03:55 - exhaustive_index - INFO - Processed table 654 - datasets_USA/USA_CSV0000000000009476.csv
2025-12-18 12:03:58 - exhaustive_index - INFO - Processing table 655 - datasets_USA/USA_CSV0000000000009483.csv
2025-12-18 12:03:58 - exhaustive_index - INFO - Table datasets_USA/USA_CSV0000000000009483.csv has 8760 rows and 21 columns
2025-12-18 12:03:58 - exhaustive_index - INFO - Processed table 655 - datasets_USA/USA_CSV0000000000009483.csv
2025-12-18 12:03:59 - exhaustive_index - INFO - Processing table 656 - datasets_USA/USA_CSV0000000000009503.csv
2025-12-18 12:03:59 - exhaustive_index - INFO - Table datasets_USA/USA_CSV0000000000009503.csv has 13952 rows and 11 columns
2025-12-18 12:03:59 - exhaustive_index - INFO - Processed table 656 - datasets_USA/USA_CSV0000000000009503.csv
2025-12-18 12:04:08 - exhaustive_index - INFO - Processing table 657 - datasets_USA/USA_CSV0000000000009506.csv
2025-12-18 12:04:08 - exhaustive_index - INFO - Table datasets_USA/USA_CSV0000000000009506.csv has 8760 rows and 21 columns
2025-12-18 12:04:08 - exhaustive_index - INFO - Processed table 657 - datasets_USA/USA_CSV0000000000009506.csv
2025-12-18 12:04:09 - exhaustive_index - INFO - Processing table 658 - datasets_USA/USA_CSV0000000000009510.csv
2025-12-18 12:04:09 - exhaustive_index - INFO - Table datasets_USA/USA_CSV0000000000009510.csv has 23505 rows and 6 columns
2025-12-18 12:04:09 - exhaustive_index - INFO - Processed table 658 - datasets_USA/USA_CSV0000000000009510.csv
2025-12-18 12:04:15 - exhaustive_index - INFO - Processing table 659 - datasets_USA/USA_CSV0000000000009518.csv
2025-12-18 12:04:15 - exhaustive_index - INFO - Table datasets_USA/USA_CSV0000000000009518.csv has 8760 rows and 21 columns
2025-12-18 12:04:15 - exhaustive_index - INFO - Processed table 659 - datasets_USA/USA_CSV0000000000009518.csv
2025-12-18 12:04:17 - exhaustive_index - INFO - Processing table 660 - datasets_USA/USA_CSV0000000000009520.csv
2025-12-18 12:04:17 - exhaustive_index - INFO - Table datasets_USA/USA_CSV0000000000009520.csv has 8784 rows and 21 columns
2025-12-18 12:04:17 - exhaustive_index - INFO - Processed table 660 - datasets_USA/USA_CSV0000000000009520.csv
2025-12-18 12:04:18 - exhaustive_index - INFO - Processing table 661 - datasets_USA/USA_CSV0000000000009553.csv
2025-12-18 12:04:18 - exhaustive_index - INFO - Table datasets_USA/USA_CSV0000000000009553.csv has 8760 rows and 21 columns
2025-12-18 12:04:18 - exhaustive_index - INFO - Processed table 661 - datasets_USA/USA_CSV0000000000009553.csv
2025-12-18 12:04:19 - exhaustive_index - INFO - Processing table 662 - datasets_USA/USA_CSV0000000000009575.csv
2025-12-18 12:04:19 - exhaustive_index - INFO - Table datasets_USA/USA_CSV0000000000009575.csv has 339 rows and 13 columns
2025-12-18 12:04:19 - exhaustive_index - INFO - Processed table 662 - datasets_USA/USA_CSV0000000000009575.csv
2025-12-18 12:04:23 - exhaustive_index - INFO - Processing table 663 - datasets_USA/USA_CSV0000000000009577.csv
2025-12-18 12:04:23 - exhaustive_index - INFO - Table datasets_USA/USA_CSV0000000000009577.csv has 8760 rows and 21 columns
2025-12-18 12:04:23 - exhaustive_index - INFO - Processed table 663 - datasets_USA/USA_CSV0000000000009577.csv
2025-12-18 12:04:24 - exhaustive_index - INFO - Processing table 664 - datasets_USA/USA_CSV0000000000009578.csv
2025-12-18 12:04:24 - exhaustive_index - INFO - Table datasets_USA/USA_CSV0000000000009578.csv has 19889 rows and 4 columns
2025-12-18 12:04:24 - exhaustive_index - INFO - Processed table 664 - datasets_USA/USA_CSV0000000000009578.csv
2025-12-18 12:04:37 - exhaustive_index - INFO - Processing table 665 - datasets_USA/USA_CSV0000000000009614.csv
2025-12-18 12:04:37 - exhaustive_index - INFO - Table datasets_USA/USA_CSV0000000000009614.csv has 4276 rows and 25 columns
2025-12-18 12:04:37 - exhaustive_index - INFO - Processed table 665 - datasets_USA/USA_CSV0000000000009614.csv
2025-12-18 12:04:43 - exhaustive_index - INFO - Processing table 666 - datasets_USA/USA_CSV0000000000009616.csv
2025-12-18 12:04:43 - exhaustive_index - INFO - Table datasets_USA/USA_CSV0000000000009616.csv has 8784 rows and 21 columns
2025-12-18 12:04:43 - exhaustive_index - INFO - Processed table 666 - datasets_USA/USA_CSV0000000000009616.csv
2025-12-18 12:04:45 - exhaustive_index - INFO - Processing table 667 - datasets_USA/USA_CSV0000000000009648.csv
2025-12-18 12:04:45 - exhaustive_index - INFO - Table datasets_USA/USA_CSV0000000000009648.csv has 4947 rows and 18 columns
2025-12-18 12:04:45 - exhaustive_index - INFO - Processed table 667 - datasets_USA/USA_CSV0000000000009648.csv
2025-12-18 12:04:48 - exhaustive_index - INFO - Processing table 668 - datasets_USA/USA_CSV0000000000009655.csv
2025-12-18 12:04:48 - exhaustive_index - INFO - Table datasets_USA/USA_CSV0000000000009655.csv has 8760 rows and 21 columns
2025-12-18 12:04:48 - exhaustive_index - INFO - Processed table 668 - datasets_USA/USA_CSV0000000000009655.csv
2025-12-18 12:04:49 - exhaustive_index - INFO - Processing table 669 - datasets_USA/USA_CSV0000000000009678.csv
2025-12-18 12:04:49 - exhaustive_index - INFO - Table datasets_USA/USA_CSV0000000000009678.csv has 35103 rows and 5 columns
2025-12-18 12:04:49 - exhaustive_index - INFO - Processed table 669 - datasets_USA/USA_CSV0000000000009678.csv
2025-12-18 12:04:49 - exhaustive_index - INFO - Processing table 670 - datasets_USA/USA_CSV0000000000009680.csv
2025-12-18 12:04:49 - exhaustive_index - INFO - Table datasets_USA/USA_CSV0000000000009680.csv has 37020 rows and 5 columns
2025-12-18 12:04:49 - exhaustive_index - INFO - Processed table 670 - datasets_USA/USA_CSV0000000000009680.csv
2025-12-18 12:04:50 - exhaustive_index - INFO - Processing table 671 - datasets_USA/USA_CSV0000000000009686.csv
2025-12-18 12:04:50 - exhaustive_index - INFO - Table datasets_USA/USA_CSV0000000000009686.csv has 8760 rows and 21 columns
2025-12-18 12:04:50 - exhaustive_index - INFO - Processed table 671 - datasets_USA/USA_CSV0000000000009686.csv
2025-12-18 12:04:53 - exhaustive_index - INFO - Processing table 672 - datasets_USA/USA_CSV0000000000009687.csv
2025-12-18 12:04:53 - exhaustive_index - INFO - Table datasets_USA/USA_CSV0000000000009687.csv has 8784 rows and 21 columns
2025-12-18 12:04:53 - exhaustive_index - INFO - Processed table 672 - datasets_USA/USA_CSV0000000000009687.csv
2025-12-18 12:04:54 - exhaustive_index - INFO - Processing table 673 - datasets_USA/USA_CSV0000000000009696.csv
2025-12-18 12:04:54 - exhaustive_index - INFO - Table datasets_USA/USA_CSV0000000000009696.csv has 8760 rows and 21 columns
2025-12-18 12:04:54 - exhaustive_index - INFO - Processed table 673 - datasets_USA/USA_CSV0000000000009696.csv
2025-12-18 12:06:38 - exhaustive_index - INFO - Processing table 674 - datasets_USA/USA_CSV0000000000009707.csv
2025-12-18 12:06:38 - exhaustive_index - INFO - Table datasets_USA/USA_CSV0000000000009707.csv has 1518 rows and 77 columns
2025-12-18 12:06:38 - exhaustive_index - INFO - Processed table 674 - datasets_USA/USA_CSV0000000000009707.csv
2025-12-18 12:06:38 - exhaustive_index - INFO - Processing table 675 - datasets_USA/USA_CSV0000000000009713.csv
2025-12-18 12:06:38 - exhaustive_index - INFO - Table datasets_USA/USA_CSV0000000000009713.csv has 78050 rows and 4 columns
2025-12-18 12:06:38 - exhaustive_index - INFO - Processed table 675 - datasets_USA/USA_CSV0000000000009713.csv
2025-12-18 12:06:42 - exhaustive_index - INFO - Processing table 676 - datasets_USA/USA_CSV0000000000009716.csv
2025-12-18 12:06:42 - exhaustive_index - INFO - Table datasets_USA/USA_CSV0000000000009716.csv has 5340 rows and 24 columns
2025-12-18 12:06:42 - exhaustive_index - INFO - Processed table 676 - datasets_USA/USA_CSV0000000000009716.csv
2025-12-18 12:06:42 - exhaustive_index - INFO - Processing table 677 - datasets_USA/USA_CSV0000000000009726.csv
2025-12-18 12:06:42 - exhaustive_index - INFO - Table datasets_USA/USA_CSV0000000000009726.csv has 18 rows and 4 columns
2025-12-18 12:06:42 - exhaustive_index - INFO - Processed table 677 - datasets_USA/USA_CSV0000000000009726.csv
2025-12-18 12:06:47 - exhaustive_index - INFO - Processing table 678 - datasets_USA/USA_CSV0000000000009729.csv
2025-12-18 12:06:47 - exhaustive_index - INFO - Table datasets_USA/USA_CSV0000000000009729.csv has 8784 rows and 21 columns
2025-12-18 12:06:47 - exhaustive_index - INFO - Processed table 678 - datasets_USA/USA_CSV0000000000009729.csv
2025-12-18 12:06:54 - exhaustive_index - INFO - Processing table 679 - datasets_USA/USA_CSV0000000000009736.csv
2025-12-18 12:06:54 - exhaustive_index - INFO - Table datasets_USA/USA_CSV0000000000009736.csv has 6846 rows and 18 columns
2025-12-18 12:06:54 - exhaustive_index - INFO - Processed table 679 - datasets_USA/USA_CSV0000000000009736.csv
2025-12-18 12:06:57 - exhaustive_index - INFO - Processing table 680 - datasets_USA/USA_CSV0000000000009776.csv
2025-12-18 12:06:57 - exhaustive_index - INFO - Table datasets_USA/USA_CSV0000000000009776.csv has 8760 rows and 21 columns
2025-12-18 12:06:57 - exhaustive_index - INFO - Processed table 680 - datasets_USA/USA_CSV0000000000009776.csv
2025-12-18 12:06:58 - exhaustive_index - INFO - Processing table 681 - datasets_USA/USA_CSV0000000000009781.csv
2025-12-18 12:06:58 - exhaustive_index - INFO - Table datasets_USA/USA_CSV0000000000009781.csv has 8760 rows and 21 columns
2025-12-18 12:06:58 - exhaustive_index - INFO - Processed table 681 - datasets_USA/USA_CSV0000000000009781.csv
2025-12-18 12:07:02 - exhaustive_index - INFO - Processing table 682 - datasets_USA/USA_CSV0000000000009825.csv
2025-12-18 12:07:02 - exhaustive_index - INFO - Table datasets_USA/USA_CSV0000000000009825.csv has 41157 rows and 9 columns
2025-12-18 12:07:02 - exhaustive_index - INFO - Processed table 682 - datasets_USA/USA_CSV0000000000009825.csv
2025-12-18 12:07:05 - exhaustive_index - INFO - Processing table 683 - datasets_USA/USA_CSV0000000000009827.csv
2025-12-18 12:07:05 - exhaustive_index - INFO - Table datasets_USA/USA_CSV0000000000009827.csv has 8760 rows and 21 columns
2025-12-18 12:07:05 - exhaustive_index - INFO - Processed table 683 - datasets_USA/USA_CSV0000000000009827.csv
2025-12-18 12:07:08 - exhaustive_index - INFO - Processing table 684 - datasets_USA/USA_CSV0000000000009852.csv
2025-12-18 12:07:08 - exhaustive_index - INFO - Table datasets_USA/USA_CSV0000000000009852.csv has 8760 rows and 21 columns
2025-12-18 12:07:08 - exhaustive_index - INFO - Processed table 684 - datasets_USA/USA_CSV0000000000009852.csv
2025-12-18 12:07:09 - exhaustive_index - INFO - Processing table 685 - datasets_USA/USA_CSV0000000000009856.csv
2025-12-18 12:07:09 - exhaustive_index - INFO - Table datasets_USA/USA_CSV0000000000009856.csv has 8760 rows and 21 columns
2025-12-18 12:07:09 - exhaustive_index - INFO - Processed table 685 - datasets_USA/USA_CSV0000000000009856.csv
2025-12-18 12:07:14 - exhaustive_index - INFO - Processing table 686 - datasets_USA/USA_CSV0000000000009931.csv
2025-12-18 12:07:14 - exhaustive_index - INFO - Table datasets_USA/USA_CSV0000000000009931.csv has 8784 rows and 21 columns
2025-12-18 12:07:14 - exhaustive_index - INFO - Processed table 686 - datasets_USA/USA_CSV0000000000009931.csv
2025-12-18 12:07:23 - exhaustive_index - INFO - Processing table 687 - datasets_USA/USA_CSV0000000000009938.csv
2025-12-18 12:07:23 - exhaustive_index - INFO - Table datasets_USA/USA_CSV0000000000009938.csv has 16478 rows and 13 columns
2025-12-18 12:07:23 - exhaustive_index - INFO - Processed table 687 - datasets_USA/USA_CSV0000000000009938.csv
2025-12-18 12:07:40 - exhaustive_index - INFO - Processing table 688 - datasets_USA/USA_CSV0000000000009942.csv
2025-12-18 12:07:40 - exhaustive_index - INFO - Table datasets_USA/USA_CSV0000000000009942.csv has 11984 rows and 19 columns
2025-12-18 12:07:40 - exhaustive_index - INFO - Processed table 688 - datasets_USA/USA_CSV0000000000009942.csv
2025-12-18 12:07:42 - exhaustive_index - INFO - Processing table 689 - datasets_USA/USA_CSV0000000000009947.csv
2025-12-18 12:07:42 - exhaustive_index - INFO - Table datasets_USA/USA_CSV0000000000009947.csv has 6208 rows and 30 columns
2025-12-18 12:07:42 - exhaustive_index - INFO - Processed table 689 - datasets_USA/USA_CSV0000000000009947.csv
2025-12-18 12:07:43 - exhaustive_index - INFO - Processing table 690 - datasets_USA/USA_CSV0000000000009955.csv
2025-12-18 12:07:43 - exhaustive_index - INFO - Table datasets_USA/USA_CSV0000000000009955.csv has 24010 rows and 3 columns
2025-12-18 12:07:43 - exhaustive_index - INFO - Processed table 690 - datasets_USA/USA_CSV0000000000009955.csv
2025-12-18 12:07:46 - exhaustive_index - INFO - Processing table 691 - datasets_USA/USA_CSV0000000000009968.csv
2025-12-18 12:07:46 - exhaustive_index - INFO - Table datasets_USA/USA_CSV0000000000009968.csv has 8760 rows and 21 columns
2025-12-18 12:07:46 - exhaustive_index - INFO - Processed table 691 - datasets_USA/USA_CSV0000000000009968.csv
2025-12-18 12:07:47 - exhaustive_index - INFO - Processing table 692 - datasets_USA/USA_CSV0000000000009976.csv
2025-12-18 12:07:47 - exhaustive_index - INFO - Table datasets_USA/USA_CSV0000000000009976.csv has 8760 rows and 21 columns
2025-12-18 12:07:47 - exhaustive_index - INFO - Processed table 692 - datasets_USA/USA_CSV0000000000009976.csv
2025-12-18 12:07:50 - exhaustive_index - INFO - Processing table 693 - datasets_USA/USA_CSV0000000000009994.csv
2025-12-18 12:07:50 - exhaustive_index - INFO - Table datasets_USA/USA_CSV0000000000009994.csv has 8760 rows and 21 columns
2025-12-18 12:07:50 - exhaustive_index - INFO - Processed table 693 - datasets_USA/USA_CSV0000000000009994.csv
2025-12-18 12:07:53 - exhaustive_index - INFO - Processing table 694 - datasets_USA/USA_CSV0000000000009997.csv
2025-12-18 12:07:53 - exhaustive_index - INFO - Table datasets_USA/USA_CSV0000000000009997.csv has 8784 rows and 21 columns
2025-12-18 12:07:53 - exhaustive_index - INFO - Processed table 694 - datasets_USA/USA_CSV0000000000009997.csv
2025-12-18 12:07:53 - exhaustive_index - INFO - Processing table 695 - datasets_USA/USA_CSV0000000000010007.csv
2025-12-18 12:07:53 - exhaustive_index - INFO - Table datasets_USA/USA_CSV0000000000010007.csv has 44036 rows and 5 columns
2025-12-18 12:07:53 - exhaustive_index - INFO - Processed table 695 - datasets_USA/USA_CSV0000000000010007.csv
2025-12-18 12:07:56 - exhaustive_index - INFO - Processing table 696 - datasets_USA/USA_CSV0000000000010014.csv
2025-12-18 12:07:56 - exhaustive_index - INFO - Table datasets_USA/USA_CSV0000000000010014.csv has 8760 rows and 21 columns
2025-12-18 12:07:56 - exhaustive_index - INFO - Processed table 696 - datasets_USA/USA_CSV0000000000010014.csv
2025-12-18 12:07:57 - exhaustive_index - INFO - Processing table 697 - datasets_USA/USA_CSV0000000000010040.csv
2025-12-18 12:07:57 - exhaustive_index - INFO - Table datasets_USA/USA_CSV0000000000010040.csv has 20376 rows and 11 columns
2025-12-18 12:07:57 - exhaustive_index - INFO - Processed table 697 - datasets_USA/USA_CSV0000000000010040.csv
2025-12-18 12:08:01 - exhaustive_index - INFO - Processing table 698 - datasets_USA/USA_CSV0000000000010067.csv
2025-12-18 12:08:01 - exhaustive_index - INFO - Table datasets_USA/USA_CSV0000000000010067.csv has 5284 rows and 12 columns
2025-12-18 12:08:01 - exhaustive_index - INFO - Processed table 698 - datasets_USA/USA_CSV0000000000010067.csv
2025-12-18 12:08:09 - exhaustive_index - INFO - Processing table 699 - datasets_USA/USA_CSV0000000000010081.csv
2025-12-18 12:08:09 - exhaustive_index - INFO - Table datasets_USA/USA_CSV0000000000010081.csv has 8760 rows and 21 columns
2025-12-18 12:08:09 - exhaustive_index - INFO - Processed table 699 - datasets_USA/USA_CSV0000000000010081.csv
2025-12-18 12:08:09 - exhaustive_index - INFO - Processing table 700 - datasets_USA/USA_CSV0000000000010092.csv
2025-12-18 12:08:09 - exhaustive_index - INFO - Table datasets_USA/USA_CSV0000000000010092.csv has 315 rows and 9 columns
2025-12-18 12:08:09 - exhaustive_index - INFO - Processed table 700 - datasets_USA/USA_CSV0000000000010092.csv
2025-12-18 12:08:12 - exhaustive_index - INFO - Processing table 701 - datasets_USA/USA_CSV0000000000010158.csv
2025-12-18 12:08:12 - exhaustive_index - INFO - Table datasets_USA/USA_CSV0000000000010158.csv has 8760 rows and 21 columns
2025-12-18 12:08:12 - exhaustive_index - INFO - Processed table 701 - datasets_USA/USA_CSV0000000000010158.csv
2025-12-18 12:08:12 - exhaustive_index - INFO - Processing table 702 - datasets_USA/USA_CSV0000000000010172.csv
2025-12-18 12:08:12 - exhaustive_index - INFO - Table datasets_USA/USA_CSV0000000000010172.csv has 67106 rows and 4 columns
2025-12-18 12:08:12 - exhaustive_index - INFO - Processed table 702 - datasets_USA/USA_CSV0000000000010172.csv
2025-12-18 12:08:13 - exhaustive_index - INFO - Processing table 703 - datasets_USA/USA_CSV0000000000010186.csv
2025-12-18 12:08:13 - exhaustive_index - INFO - Table datasets_USA/USA_CSV0000000000010186.csv has 28159 rows and 10 columns
2025-12-18 12:08:13 - exhaustive_index - INFO - Processed table 703 - datasets_USA/USA_CSV0000000000010186.csv
2025-12-18 12:08:16 - exhaustive_index - INFO - Processing table 704 - datasets_USA/USA_CSV0000000000010194.csv
2025-12-18 12:08:16 - exhaustive_index - INFO - Table datasets_USA/USA_CSV0000000000010194.csv has 8760 rows and 21 columns
2025-12-18 12:08:16 - exhaustive_index - INFO - Processed table 704 - datasets_USA/USA_CSV0000000000010194.csv
2025-12-18 12:08:17 - exhaustive_index - INFO - Processing table 705 - datasets_USA/USA_CSV0000000000010197.csv
2025-12-18 12:08:17 - exhaustive_index - INFO - Table datasets_USA/USA_CSV0000000000010197.csv has 253 rows and 10 columns
2025-12-18 12:08:17 - exhaustive_index - INFO - Processed table 705 - datasets_USA/USA_CSV0000000000010197.csv
2025-12-18 12:08:20 - exhaustive_index - INFO - Processing table 706 - datasets_USA/USA_CSV0000000000010203.csv
2025-12-18 12:08:20 - exhaustive_index - INFO - Table datasets_USA/USA_CSV0000000000010203.csv has 8760 rows and 21 columns
2025-12-18 12:08:20 - exhaustive_index - INFO - Processed table 706 - datasets_USA/USA_CSV0000000000010203.csv
2025-12-18 12:08:23 - exhaustive_index - INFO - Processing table 707 - datasets_USA/USA_CSV0000000000010204.csv
2025-12-18 12:08:23 - exhaustive_index - INFO - Table datasets_USA/USA_CSV0000000000010204.csv has 8760 rows and 21 columns
2025-12-18 12:08:23 - exhaustive_index - INFO - Processed table 707 - datasets_USA/USA_CSV0000000000010204.csv
2025-12-18 12:08:27 - exhaustive_index - INFO - Processing table 708 - datasets_USA/USA_CSV0000000000010216.csv
2025-12-18 12:08:27 - exhaustive_index - INFO - Table datasets_USA/USA_CSV0000000000010216.csv has 21601 rows and 8 columns
2025-12-18 12:08:27 - exhaustive_index - INFO - Processed table 708 - datasets_USA/USA_CSV0000000000010216.csv
2025-12-18 12:08:29 - exhaustive_index - INFO - Processing table 709 - datasets_USA/USA_CSV0000000000010218.csv
2025-12-18 12:08:29 - exhaustive_index - INFO - Table datasets_USA/USA_CSV0000000000010218.csv has 8760 rows and 21 columns
2025-12-18 12:08:29 - exhaustive_index - INFO - Processed table 709 - datasets_USA/USA_CSV0000000000010218.csv
2025-12-18 12:08:32 - exhaustive_index - INFO - Processing table 710 - datasets_USA/USA_CSV0000000000010222.csv
2025-12-18 12:08:32 - exhaustive_index - INFO - Table datasets_USA/USA_CSV0000000000010222.csv has 8784 rows and 21 columns
2025-12-18 12:08:32 - exhaustive_index - INFO - Processed table 710 - datasets_USA/USA_CSV0000000000010222.csv
2025-12-18 12:08:35 - exhaustive_index - INFO - Processing table 711 - datasets_USA/USA_CSV0000000000010227.csv
2025-12-18 12:08:35 - exhaustive_index - INFO - Table datasets_USA/USA_CSV0000000000010227.csv has 7702 rows and 22 columns
2025-12-18 12:08:35 - exhaustive_index - INFO - Processed table 711 - datasets_USA/USA_CSV0000000000010227.csv
2025-12-18 12:08:37 - exhaustive_index - INFO - Processing table 712 - datasets_USA/USA_CSV0000000000010230.csv
2025-12-18 12:08:37 - exhaustive_index - INFO - Table datasets_USA/USA_CSV0000000000010230.csv has 14387 rows and 12 columns
2025-12-18 12:08:37 - exhaustive_index - INFO - Processed table 712 - datasets_USA/USA_CSV0000000000010230.csv
2025-12-18 12:08:38 - exhaustive_index - INFO - Processing table 713 - datasets_USA/USA_CSV0000000000010238.csv
2025-12-18 12:08:38 - exhaustive_index - INFO - Table datasets_USA/USA_CSV0000000000010238.csv has 8760 rows and 21 columns
2025-12-18 12:08:38 - exhaustive_index - INFO - Processed table 713 - datasets_USA/USA_CSV0000000000010238.csv
2025-12-18 12:08:42 - exhaustive_index - INFO - Processing table 714 - datasets_USA/USA_CSV0000000000010242.csv
2025-12-18 12:08:42 - exhaustive_index - INFO - Table datasets_USA/USA_CSV0000000000010242.csv has 8670 rows and 12 columns
2025-12-18 12:08:42 - exhaustive_index - INFO - Processed table 714 - datasets_USA/USA_CSV0000000000010242.csv
2025-12-18 12:08:42 - exhaustive_index - INFO - Processing table 715 - datasets_USA/USA_CSV0000000000010257.csv
2025-12-18 12:08:42 - exhaustive_index - INFO - Table datasets_USA/USA_CSV0000000000010257.csv has 50 rows and 9 columns
2025-12-18 12:08:42 - exhaustive_index - INFO - Processed table 715 - datasets_USA/USA_CSV0000000000010257.csv
2025-12-18 12:08:43 - exhaustive_index - INFO - Processing table 716 - datasets_USA/USA_CSV0000000000010279.csv
2025-12-18 12:08:43 - exhaustive_index - INFO - Table datasets_USA/USA_CSV0000000000010279.csv has 8760 rows and 21 columns
2025-12-18 12:08:43 - exhaustive_index - INFO - Processed table 716 - datasets_USA/USA_CSV0000000000010279.csv
2025-12-18 12:08:53 - exhaustive_index - INFO - Processing table 717 - datasets_USA/USA_CSV0000000000010317.csv
2025-12-18 12:08:53 - exhaustive_index - INFO - Table datasets_USA/USA_CSV0000000000010317.csv has 7012 rows and 26 columns
2025-12-18 12:08:53 - exhaustive_index - INFO - Processed table 717 - datasets_USA/USA_CSV0000000000010317.csv
2025-12-18 12:08:57 - exhaustive_index - INFO - Processing table 718 - datasets_USA/USA_CSV0000000000010334.csv
2025-12-18 12:08:57 - exhaustive_index - INFO - Table datasets_USA/USA_CSV0000000000010334.csv has 19210 rows and 10 columns
2025-12-18 12:08:57 - exhaustive_index - INFO - Processed table 718 - datasets_USA/USA_CSV0000000000010334.csv
2025-12-18 12:08:58 - exhaustive_index - INFO - Processing table 719 - datasets_USA/USA_CSV0000000000010336.csv
2025-12-18 12:08:58 - exhaustive_index - INFO - Table datasets_USA/USA_CSV0000000000010336.csv has 230 rows and 9 columns
2025-12-18 12:08:58 - exhaustive_index - INFO - Processed table 719 - datasets_USA/USA_CSV0000000000010336.csv
2025-12-18 12:08:59 - exhaustive_index - INFO - Processing table 720 - datasets_USA/USA_CSV0000000000010345.csv
2025-12-18 12:08:59 - exhaustive_index - INFO - Table datasets_USA/USA_CSV0000000000010345.csv has 8760 rows and 21 columns
2025-12-18 12:08:59 - exhaustive_index - INFO - Processed table 720 - datasets_USA/USA_CSV0000000000010345.csv
2025-12-18 12:09:02 - exhaustive_index - INFO - Processing table 721 - datasets_USA/USA_CSV0000000000010350.csv
2025-12-18 12:09:02 - exhaustive_index - INFO - Table datasets_USA/USA_CSV0000000000010350.csv has 8784 rows and 21 columns
2025-12-18 12:09:02 - exhaustive_index - INFO - Processed table 721 - datasets_USA/USA_CSV0000000000010350.csv
2025-12-18 12:09:03 - exhaustive_index - INFO - Processing table 722 - datasets_USA/USA_CSV0000000000010359.csv
2025-12-18 12:09:03 - exhaustive_index - INFO - Table datasets_USA/USA_CSV0000000000010359.csv has 69120 rows and 6 columns
2025-12-18 12:09:03 - exhaustive_index - INFO - Processed table 722 - datasets_USA/USA_CSV0000000000010359.csv
2025-12-18 12:09:05 - exhaustive_index - INFO - Processing table 723 - datasets_USA/USA_CSV0000000000010364.csv
2025-12-18 12:09:05 - exhaustive_index - INFO - Table datasets_USA/USA_CSV0000000000010364.csv has 8760 rows and 21 columns
2025-12-18 12:09:05 - exhaustive_index - INFO - Processed table 723 - datasets_USA/USA_CSV0000000000010364.csv
2025-12-18 12:09:08 - exhaustive_index - INFO - Processing table 724 - datasets_USA/USA_CSV0000000000010371.csv
2025-12-18 12:09:08 - exhaustive_index - INFO - Table datasets_USA/USA_CSV0000000000010371.csv has 8760 rows and 21 columns
2025-12-18 12:09:08 - exhaustive_index - INFO - Processed table 724 - datasets_USA/USA_CSV0000000000010371.csv
2025-12-18 12:09:11 - exhaustive_index - INFO - Processing table 725 - datasets_USA/USA_CSV0000000000010376.csv
2025-12-18 12:09:11 - exhaustive_index - INFO - Table datasets_USA/USA_CSV0000000000010376.csv has 8760 rows and 21 columns
2025-12-18 12:09:11 - exhaustive_index - INFO - Processed table 725 - datasets_USA/USA_CSV0000000000010376.csv
2025-12-18 12:09:13 - exhaustive_index - INFO - Processing table 726 - datasets_USA/USA_CSV0000000000010377.csv
2025-12-18 12:09:13 - exhaustive_index - INFO - Table datasets_USA/USA_CSV0000000000010377.csv has 11310 rows and 10 columns
2025-12-18 12:09:13 - exhaustive_index - INFO - Processed table 726 - datasets_USA/USA_CSV0000000000010377.csv
2025-12-18 12:09:16 - exhaustive_index - INFO - Processing table 727 - datasets_USA/USA_CSV0000000000010384.csv
2025-12-18 12:09:16 - exhaustive_index - INFO - Table datasets_USA/USA_CSV0000000000010384.csv has 16174 rows and 9 columns
2025-12-18 12:09:16 - exhaustive_index - INFO - Processed table 727 - datasets_USA/USA_CSV0000000000010384.csv
2025-12-18 12:09:17 - exhaustive_index - INFO - Processing table 728 - datasets_USA/USA_CSV0000000000010386.csv
2025-12-18 12:09:17 - exhaustive_index - INFO - Table datasets_USA/USA_CSV0000000000010386.csv has 13703 rows and 14 columns
2025-12-18 12:09:17 - exhaustive_index - INFO - Processed table 728 - datasets_USA/USA_CSV0000000000010386.csv
2025-12-18 12:09:19 - exhaustive_index - INFO - Processing table 729 - datasets_USA/USA_CSV0000000000010388.csv
2025-12-18 12:09:19 - exhaustive_index - INFO - Table datasets_USA/USA_CSV0000000000010388.csv has 8784 rows and 21 columns
2025-12-18 12:09:19 - exhaustive_index - INFO - Processed table 729 - datasets_USA/USA_CSV0000000000010388.csv
2025-12-18 12:09:22 - exhaustive_index - INFO - Processing table 730 - datasets_USA/USA_CSV0000000000010389.csv
2025-12-18 12:09:22 - exhaustive_index - INFO - Table datasets_USA/USA_CSV0000000000010389.csv has 8760 rows and 21 columns
2025-12-18 12:09:22 - exhaustive_index - INFO - Processed table 730 - datasets_USA/USA_CSV0000000000010389.csv
2025-12-18 12:09:23 - exhaustive_index - INFO - Processing table 731 - datasets_USA/USA_CSV0000000000010429.csv
2025-12-18 12:09:23 - exhaustive_index - INFO - Table datasets_USA/USA_CSV0000000000010429.csv has 8784 rows and 21 columns
2025-12-18 12:09:23 - exhaustive_index - INFO - Processed table 731 - datasets_USA/USA_CSV0000000000010429.csv
2025-12-18 12:09:26 - exhaustive_index - INFO - Processing table 732 - datasets_USA/USA_CSV0000000000010432.csv
2025-12-18 12:09:26 - exhaustive_index - INFO - Table datasets_USA/USA_CSV0000000000010432.csv has 8760 rows and 21 columns
2025-12-18 12:09:26 - exhaustive_index - INFO - Processed table 732 - datasets_USA/USA_CSV0000000000010432.csv
2025-12-18 12:09:28 - exhaustive_index - INFO - Processing table 733 - datasets_USA/USA_CSV0000000000010441.csv
2025-12-18 12:09:28 - exhaustive_index - INFO - Table datasets_USA/USA_CSV0000000000010441.csv has 8760 rows and 21 columns
2025-12-18 12:09:28 - exhaustive_index - INFO - Processed table 733 - datasets_USA/USA_CSV0000000000010441.csv
2025-12-18 12:09:44 - exhaustive_index - INFO - Processing table 734 - datasets_USA/USA_CSV0000000000010457.csv
2025-12-18 12:09:44 - exhaustive_index - INFO - Table datasets_USA/USA_CSV0000000000010457.csv has 9047 rows and 18 columns
2025-12-18 12:09:44 - exhaustive_index - INFO - Processed table 734 - datasets_USA/USA_CSV0000000000010457.csv
2025-12-18 12:09:44 - exhaustive_index - INFO - Processing table 735 - datasets_USA/USA_CSV0000000000010464.csv
2025-12-18 12:09:44 - exhaustive_index - INFO - Table datasets_USA/USA_CSV0000000000010464.csv has 5684 rows and 12 columns
2025-12-18 12:09:44 - exhaustive_index - INFO - Processed table 735 - datasets_USA/USA_CSV0000000000010464.csv
2025-12-18 12:09:45 - exhaustive_index - INFO - Processing table 736 - datasets_USA/USA_CSV0000000000010465.csv
2025-12-18 12:09:45 - exhaustive_index - INFO - Table datasets_USA/USA_CSV0000000000010465.csv has 114 rows and 7 columns
2025-12-18 12:09:45 - exhaustive_index - INFO - Processed table 736 - datasets_USA/USA_CSV0000000000010465.csv
2025-12-18 12:09:57 - exhaustive_index - INFO - Processing table 737 - datasets_USA/USA_CSV0000000000010494.csv
2025-12-18 12:09:57 - exhaustive_index - INFO - Table datasets_USA/USA_CSV0000000000010494.csv has 6422 rows and 31 columns
2025-12-18 12:09:57 - exhaustive_index - INFO - Processed table 737 - datasets_USA/USA_CSV0000000000010494.csv
2025-12-18 12:09:58 - exhaustive_index - INFO - Processing table 738 - datasets_USA/USA_CSV0000000000010497.csv
2025-12-18 12:09:58 - exhaustive_index - INFO - Table datasets_USA/USA_CSV0000000000010497.csv has 8760 rows and 21 columns
2025-12-18 12:09:58 - exhaustive_index - INFO - Processed table 738 - datasets_USA/USA_CSV0000000000010497.csv
2025-12-18 12:09:59 - exhaustive_index - INFO - Processing table 739 - datasets_USA/USA_CSV0000000000010503.csv
2025-12-18 12:09:59 - exhaustive_index - INFO - Table datasets_USA/USA_CSV0000000000010503.csv has 8784 rows and 21 columns
2025-12-18 12:09:59 - exhaustive_index - INFO - Processed table 739 - datasets_USA/USA_CSV0000000000010503.csv
2025-12-18 12:10:02 - exhaustive_index - INFO - Processing table 740 - datasets_USA/USA_CSV0000000000010528.csv
2025-12-18 12:10:02 - exhaustive_index - INFO - Table datasets_USA/USA_CSV0000000000010528.csv has 270 rows and 15 columns
2025-12-18 12:10:02 - exhaustive_index - INFO - Processed table 740 - datasets_USA/USA_CSV0000000000010528.csv
2025-12-18 12:10:03 - exhaustive_index - INFO - Processing table 741 - datasets_USA/USA_CSV0000000000010529.csv
2025-12-18 12:10:03 - exhaustive_index - INFO - Table datasets_USA/USA_CSV0000000000010529.csv has 8784 rows and 21 columns
2025-12-18 12:10:03 - exhaustive_index - INFO - Processed table 741 - datasets_USA/USA_CSV0000000000010529.csv
2025-12-18 12:10:04 - exhaustive_index - INFO - Processing table 742 - datasets_USA/USA_CSV0000000000010530.csv
2025-12-18 12:10:04 - exhaustive_index - INFO - Table datasets_USA/USA_CSV0000000000010530.csv has 436 rows and 12 columns
2025-12-18 12:10:04 - exhaustive_index - INFO - Processed table 742 - datasets_USA/USA_CSV0000000000010530.csv
2025-12-18 12:10:07 - exhaustive_index - INFO - Processing table 743 - datasets_USA/USA_CSV0000000000010540.csv
2025-12-18 12:10:07 - exhaustive_index - INFO - Table datasets_USA/USA_CSV0000000000010540.csv has 8784 rows and 21 columns
2025-12-18 12:10:07 - exhaustive_index - INFO - Processed table 743 - datasets_USA/USA_CSV0000000000010540.csv
2025-12-18 12:10:08 - exhaustive_index - INFO - Processing table 744 - datasets_USA/USA_CSV0000000000010554.csv
2025-12-18 12:10:08 - exhaustive_index - INFO - Table datasets_USA/USA_CSV0000000000010554.csv has 8784 rows and 21 columns
2025-12-18 12:10:08 - exhaustive_index - INFO - Processed table 744 - datasets_USA/USA_CSV0000000000010554.csv
2025-12-18 12:10:15 - exhaustive_index - INFO - Processing table 745 - datasets_USA/USA_CSV0000000000010564.csv
2025-12-18 12:10:15 - exhaustive_index - INFO - Table datasets_USA/USA_CSV0000000000010564.csv has 8784 rows and 21 columns
2025-12-18 12:10:15 - exhaustive_index - INFO - Processed table 745 - datasets_USA/USA_CSV0000000000010564.csv
2025-12-18 12:10:16 - exhaustive_index - INFO - Processing table 746 - datasets_USA/USA_CSV0000000000010567.csv
2025-12-18 12:10:16 - exhaustive_index - INFO - Table datasets_USA/USA_CSV0000000000010567.csv has 8760 rows and 21 columns
2025-12-18 12:10:16 - exhaustive_index - INFO - Processed table 746 - datasets_USA/USA_CSV0000000000010567.csv
2025-12-18 12:10:19 - exhaustive_index - INFO - Processing table 747 - datasets_USA/USA_CSV0000000000010578.csv
2025-12-18 12:10:19 - exhaustive_index - INFO - Table datasets_USA/USA_CSV0000000000010578.csv has 8760 rows and 21 columns
2025-12-18 12:10:19 - exhaustive_index - INFO - Processed table 747 - datasets_USA/USA_CSV0000000000010578.csv
2025-12-18 12:10:23 - exhaustive_index - INFO - Processing table 748 - datasets_USA/USA_CSV0000000000010617.csv
2025-12-18 12:10:23 - exhaustive_index - INFO - Table datasets_USA/USA_CSV0000000000010617.csv has 14967 rows and 18 columns
2025-12-18 12:10:23 - exhaustive_index - INFO - Processed table 748 - datasets_USA/USA_CSV0000000000010617.csv
2025-12-18 12:10:26 - exhaustive_index - INFO - Processing table 749 - datasets_USA/USA_CSV0000000000010628.csv
2025-12-18 12:10:26 - exhaustive_index - INFO - Table datasets_USA/USA_CSV0000000000010628.csv has 8784 rows and 21 columns
2025-12-18 12:10:26 - exhaustive_index - INFO - Processed table 749 - datasets_USA/USA_CSV0000000000010628.csv
2025-12-18 12:10:28 - exhaustive_index - INFO - Processing table 750 - datasets_USA/USA_CSV0000000000010651.csv
2025-12-18 12:10:28 - exhaustive_index - INFO - Table datasets_USA/USA_CSV0000000000010651.csv has 8760 rows and 21 columns
2025-12-18 12:10:28 - exhaustive_index - INFO - Processed table 750 - datasets_USA/USA_CSV0000000000010651.csv
2025-12-18 12:10:30 - exhaustive_index - INFO - Processing table 751 - datasets_USA/USA_CSV0000000000010662.csv
2025-12-18 12:10:30 - exhaustive_index - INFO - Table datasets_USA/USA_CSV0000000000010662.csv has 8760 rows and 21 columns
2025-12-18 12:10:30 - exhaustive_index - INFO - Processed table 751 - datasets_USA/USA_CSV0000000000010662.csv
2025-12-18 12:10:32 - exhaustive_index - INFO - Processing table 752 - datasets_USA/USA_CSV0000000000010684.csv
2025-12-18 12:10:32 - exhaustive_index - INFO - Table datasets_USA/USA_CSV0000000000010684.csv has 8784 rows and 21 columns
2025-12-18 12:10:32 - exhaustive_index - INFO - Processed table 752 - datasets_USA/USA_CSV0000000000010684.csv
2025-12-18 12:10:35 - exhaustive_index - INFO - Processing table 753 - datasets_USA/USA_CSV0000000000010700.csv
2025-12-18 12:10:35 - exhaustive_index - INFO - Table datasets_USA/USA_CSV0000000000010700.csv has 8784 rows and 21 columns
2025-12-18 12:10:35 - exhaustive_index - INFO - Processed table 753 - datasets_USA/USA_CSV0000000000010700.csv
2025-12-18 12:10:37 - exhaustive_index - INFO - Processing table 754 - datasets_USA/USA_CSV0000000000010744.csv
2025-12-18 12:10:37 - exhaustive_index - INFO - Table datasets_USA/USA_CSV0000000000010744.csv has 21385 rows and 11 columns
2025-12-18 12:10:37 - exhaustive_index - INFO - Processed table 754 - datasets_USA/USA_CSV0000000000010744.csv
2025-12-18 12:10:39 - exhaustive_index - INFO - Processing table 755 - datasets_USA/USA_CSV0000000000010745.csv
2025-12-18 12:10:39 - exhaustive_index - INFO - Table datasets_USA/USA_CSV0000000000010745.csv has 14387 rows and 15 columns
2025-12-18 12:10:39 - exhaustive_index - INFO - Processed table 755 - datasets_USA/USA_CSV0000000000010745.csv
2025-12-18 12:10:40 - exhaustive_index - INFO - Processing table 756 - datasets_USA/USA_CSV0000000000010746.csv
2025-12-18 12:10:40 - exhaustive_index - INFO - Table datasets_USA/USA_CSV0000000000010746.csv has 8784 rows and 21 columns
2025-12-18 12:10:40 - exhaustive_index - INFO - Processed table 756 - datasets_USA/USA_CSV0000000000010746.csv
2025-12-18 12:10:41 - exhaustive_index - INFO - Processing table 757 - datasets_USA/USA_CSV0000000000010779.csv
2025-12-18 12:10:41 - exhaustive_index - INFO - Table datasets_USA/USA_CSV0000000000010779.csv has 208 rows and 7 columns
2025-12-18 12:10:41 - exhaustive_index - INFO - Processed table 757 - datasets_USA/USA_CSV0000000000010779.csv
2025-12-18 12:10:42 - exhaustive_index - INFO - Processing table 758 - datasets_USA/USA_CSV0000000000010805.csv
2025-12-18 12:10:42 - exhaustive_index - INFO - Table datasets_USA/USA_CSV0000000000010805.csv has 8784 rows and 21 columns
2025-12-18 12:10:42 - exhaustive_index - INFO - Processed table 758 - datasets_USA/USA_CSV0000000000010805.csv
2025-12-18 12:10:43 - exhaustive_index - INFO - Processing table 759 - datasets_USA/USA_CSV0000000000010808.csv
2025-12-18 12:10:43 - exhaustive_index - INFO - Table datasets_USA/USA_CSV0000000000010808.csv has 8760 rows and 21 columns
2025-12-18 12:10:43 - exhaustive_index - INFO - Processed table 759 - datasets_USA/USA_CSV0000000000010808.csv
2025-12-18 12:10:50 - exhaustive_index - INFO - Processing table 760 - datasets_USA/USA_CSV0000000000010812.csv
2025-12-18 12:10:50 - exhaustive_index - INFO - Table datasets_USA/USA_CSV0000000000010812.csv has 6018 rows and 23 columns
2025-12-18 12:10:50 - exhaustive_index - INFO - Processed table 760 - datasets_USA/USA_CSV0000000000010812.csv
2025-12-18 12:10:53 - exhaustive_index - INFO - Processing table 761 - datasets_USA/USA_CSV0000000000010814.csv
2025-12-18 12:10:53 - exhaustive_index - INFO - Table datasets_USA/USA_CSV0000000000010814.csv has 8784 rows and 21 columns
2025-12-18 12:10:53 - exhaustive_index - INFO - Processed table 761 - datasets_USA/USA_CSV0000000000010814.csv
2025-12-18 12:10:54 - exhaustive_index - INFO - Processing table 762 - datasets_USA/USA_CSV0000000000010822.csv
2025-12-18 12:10:54 - exhaustive_index - INFO - Table datasets_USA/USA_CSV0000000000010822.csv has 8784 rows and 21 columns
2025-12-18 12:10:54 - exhaustive_index - INFO - Processed table 762 - datasets_USA/USA_CSV0000000000010822.csv
2025-12-18 12:10:57 - exhaustive_index - INFO - Processing table 763 - datasets_USA/USA_CSV0000000000010830.csv
2025-12-18 12:10:57 - exhaustive_index - INFO - Table datasets_USA/USA_CSV0000000000010830.csv has 8760 rows and 21 columns
2025-12-18 12:10:57 - exhaustive_index - INFO - Processed table 763 - datasets_USA/USA_CSV0000000000010830.csv
2025-12-18 12:10:58 - exhaustive_index - INFO - Processing table 764 - datasets_USA/USA_CSV0000000000010836.csv
2025-12-18 12:10:58 - exhaustive_index - INFO - Table datasets_USA/USA_CSV0000000000010836.csv has 10904 rows and 8 columns
2025-12-18 12:10:58 - exhaustive_index - INFO - Processed table 764 - datasets_USA/USA_CSV0000000000010836.csv
2025-12-18 12:10:59 - exhaustive_index - INFO - Processing table 765 - datasets_USA/USA_CSV0000000000010861.csv
2025-12-18 12:10:59 - exhaustive_index - INFO - Table datasets_USA/USA_CSV0000000000010861.csv has 8784 rows and 21 columns
2025-12-18 12:10:59 - exhaustive_index - INFO - Processed table 765 - datasets_USA/USA_CSV0000000000010861.csv
2025-12-18 12:11:02 - exhaustive_index - INFO - Processing table 766 - datasets_USA/USA_CSV0000000000010889.csv
2025-12-18 12:11:02 - exhaustive_index - INFO - Table datasets_USA/USA_CSV0000000000010889.csv has 8760 rows and 21 columns
2025-12-18 12:11:02 - exhaustive_index - INFO - Processed table 766 - datasets_USA/USA_CSV0000000000010889.csv
2025-12-18 12:11:04 - exhaustive_index - INFO - Processing table 767 - datasets_USA/USA_CSV0000000000010904.csv
2025-12-18 12:11:04 - exhaustive_index - INFO - Table datasets_USA/USA_CSV0000000000010904.csv has 22948 rows and 5 columns
2025-12-18 12:11:04 - exhaustive_index - INFO - Processed table 767 - datasets_USA/USA_CSV0000000000010904.csv
2025-12-18 12:12:11 - exhaustive_index - INFO - Processing table 768 - datasets_USA/USA_CSV0000000000010909.csv
2025-12-18 12:12:11 - exhaustive_index - INFO - Table datasets_USA/USA_CSV0000000000010909.csv has 3726 rows and 70 columns
2025-12-18 12:12:11 - exhaustive_index - INFO - Processed table 768 - datasets_USA/USA_CSV0000000000010909.csv
2025-12-18 12:12:11 - exhaustive_index - INFO - Processing table 769 - datasets_USA/USA_CSV0000000000010926.csv
2025-12-18 12:12:15 - exhaustive_index - INFO - Processing table 770 - datasets_USA/USA_CSV0000000000010929.csv
2025-12-18 12:12:15 - exhaustive_index - INFO - Table datasets_USA/USA_CSV0000000000010929.csv has 8784 rows and 21 columns
2025-12-18 12:12:15 - exhaustive_index - INFO - Processed table 770 - datasets_USA/USA_CSV0000000000010929.csv
2025-12-18 12:12:24 - exhaustive_index - INFO - Processing table 771 - datasets_USA/USA_CSV0000000000010941.csv
2025-12-18 12:12:24 - exhaustive_index - INFO - Table datasets_USA/USA_CSV0000000000010941.csv has 65843 rows and 9 columns
2025-12-18 12:12:24 - exhaustive_index - INFO - Processed table 771 - datasets_USA/USA_CSV0000000000010941.csv
2025-12-18 12:12:25 - exhaustive_index - INFO - Processing table 772 - datasets_USA/USA_CSV0000000000010942.csv
2025-12-18 12:12:25 - exhaustive_index - INFO - Table datasets_USA/USA_CSV0000000000010942.csv has 8760 rows and 21 columns
2025-12-18 12:12:25 - exhaustive_index - INFO - Processed table 772 - datasets_USA/USA_CSV0000000000010942.csv
2025-12-18 12:12:27 - exhaustive_index - INFO - Processing table 773 - datasets_USA/USA_CSV0000000000010959.csv
2025-12-18 12:12:27 - exhaustive_index - INFO - Table datasets_USA/USA_CSV0000000000010959.csv has 15255 rows and 6 columns
2025-12-18 12:12:27 - exhaustive_index - INFO - Processed table 773 - datasets_USA/USA_CSV0000000000010959.csv
2025-12-18 12:12:29 - exhaustive_index - INFO - Processing table 774 - datasets_USA/USA_CSV0000000000010970.csv
2025-12-18 12:12:29 - exhaustive_index - INFO - Table datasets_USA/USA_CSV0000000000010970.csv has 8784 rows and 21 columns
2025-12-18 12:12:29 - exhaustive_index - INFO - Processed table 774 - datasets_USA/USA_CSV0000000000010970.csv
2025-12-18 12:12:30 - exhaustive_index - INFO - Processing table 775 - datasets_USA/USA_CSV0000000000010987.csv
2025-12-18 12:12:30 - exhaustive_index - INFO - Table datasets_USA/USA_CSV0000000000010987.csv has 8748 rows and 25 columns
2025-12-18 12:12:30 - exhaustive_index - INFO - Processed table 775 - datasets_USA/USA_CSV0000000000010987.csv
2025-12-18 12:17:29 - exhaustive_index - INFO - Processing table 776 - datasets_USA/USA_CSV0000000000011068.csv
2025-12-18 12:17:29 - exhaustive_index - INFO - Table datasets_USA/USA_CSV0000000000011068.csv has 9251 rows and 44 columns
2025-12-18 12:17:29 - exhaustive_index - INFO - Processed table 776 - datasets_USA/USA_CSV0000000000011068.csv
2025-12-18 12:17:30 - exhaustive_index - INFO - Processing table 777 - datasets_USA/USA_CSV0000000000011075.csv
2025-12-18 12:17:30 - exhaustive_index - INFO - Table datasets_USA/USA_CSV0000000000011075.csv has 13118 rows and 4 columns
2025-12-18 12:17:30 - exhaustive_index - INFO - Processed table 777 - datasets_USA/USA_CSV0000000000011075.csv
2025-12-18 12:17:30 - exhaustive_index - INFO - Processing table 778 - datasets_USA/USA_CSV0000000000011082.csv
2025-12-18 12:17:30 - exhaustive_index - INFO - Table datasets_USA/USA_CSV0000000000011082.csv has 148 rows and 6 columns
2025-12-18 12:17:30 - exhaustive_index - INFO - Processed table 778 - datasets_USA/USA_CSV0000000000011082.csv
2025-12-18 12:17:32 - exhaustive_index - INFO - Processing table 779 - datasets_USA/USA_CSV0000000000011114.csv
2025-12-18 12:17:32 - exhaustive_index - INFO - Table datasets_USA/USA_CSV0000000000011114.csv has 307 rows and 17 columns
2025-12-18 12:17:32 - exhaustive_index - INFO - Processed table 779 - datasets_USA/USA_CSV0000000000011114.csv
2025-12-18 12:17:41 - exhaustive_index - INFO - Processing table 780 - datasets_USA/USA_CSV0000000000011117.csv
2025-12-18 12:17:41 - exhaustive_index - INFO - Table datasets_USA/USA_CSV0000000000011117.csv has 14889 rows and 17 columns
2025-12-18 12:17:41 - exhaustive_index - INFO - Processed table 780 - datasets_USA/USA_CSV0000000000011117.csv
2025-12-18 12:17:43 - exhaustive_index - INFO - Processing table 781 - datasets_USA/USA_CSV0000000000011121.csv
2025-12-18 12:17:43 - exhaustive_index - INFO - Table datasets_USA/USA_CSV0000000000011121.csv has 37278 rows and 4 columns
2025-12-18 12:17:43 - exhaustive_index - INFO - Processed table 781 - datasets_USA/USA_CSV0000000000011121.csv
2025-12-18 12:17:45 - exhaustive_index - INFO - Processing table 782 - datasets_USA/USA_CSV0000000000011164.csv
2025-12-18 12:17:45 - exhaustive_index - INFO - Table datasets_USA/USA_CSV0000000000011164.csv has 24379 rows and 8 columns
2025-12-18 12:17:45 - exhaustive_index - INFO - Processed table 782 - datasets_USA/USA_CSV0000000000011164.csv
2025-12-18 12:17:47 - exhaustive_index - INFO - Processing table 783 - datasets_USA/USA_CSV0000000000011171.csv
2025-12-18 12:17:47 - exhaustive_index - INFO - Table datasets_USA/USA_CSV0000000000011171.csv has 34382 rows and 10 columns
2025-12-18 12:17:47 - exhaustive_index - INFO - Processed table 783 - datasets_USA/USA_CSV0000000000011171.csv
2025-12-18 12:17:48 - exhaustive_index - INFO - Processing table 784 - datasets_USA/USA_CSV0000000000011193.csv
2025-12-18 12:17:48 - exhaustive_index - INFO - Table datasets_USA/USA_CSV0000000000011193.csv has 5861 rows and 14 columns
2025-12-18 12:17:48 - exhaustive_index - INFO - Processed table 784 - datasets_USA/USA_CSV0000000000011193.csv
2025-12-18 12:17:54 - exhaustive_index - INFO - Processing table 785 - datasets_USA/USA_CSV0000000000011201__89.csv
2025-12-18 12:17:54 - exhaustive_index - INFO - Table datasets_USA/USA_CSV0000000000011201__89.csv has 82608 rows and 8 columns
2025-12-18 12:17:54 - exhaustive_index - INFO - Processed table 785 - datasets_USA/USA_CSV0000000000011201__89.csv
2025-12-18 12:17:55 - exhaustive_index - INFO - Processing table 786 - datasets_USA/USA_CSV0000000000011222.csv
2025-12-18 12:17:55 - exhaustive_index - INFO - Table datasets_USA/USA_CSV0000000000011222.csv has 22524 rows and 9 columns
2025-12-18 12:17:55 - exhaustive_index - INFO - Processed table 786 - datasets_USA/USA_CSV0000000000011222.csv
2025-12-18 12:17:58 - exhaustive_index - INFO - Processing table 787 - datasets_USA/USA_CSV0000000000011224.csv
2025-12-18 12:17:58 - exhaustive_index - INFO - Table datasets_USA/USA_CSV0000000000011224.csv has 8410 rows and 13 columns
2025-12-18 12:17:58 - exhaustive_index - INFO - Processed table 787 - datasets_USA/USA_CSV0000000000011224.csv
2025-12-18 12:18:09 - exhaustive_index - INFO - Processing table 788 - datasets_USA/USA_CSV0000000000011229.csv
2025-12-18 12:18:09 - exhaustive_index - INFO - Table datasets_USA/USA_CSV0000000000011229.csv has 5946 rows and 21 columns
2025-12-18 12:18:09 - exhaustive_index - INFO - Processed table 788 - datasets_USA/USA_CSV0000000000011229.csv
2025-12-18 12:18:15 - exhaustive_index - INFO - Processing table 789 - datasets_USA/USA_CSV0000000000011253.csv
2025-12-18 12:18:15 - exhaustive_index - INFO - Table datasets_USA/USA_CSV0000000000011253.csv has 13678 rows and 19 columns
2025-12-18 12:18:15 - exhaustive_index - INFO - Processed table 789 - datasets_USA/USA_CSV0000000000011253.csv
2025-12-18 12:20:46 - exhaustive_index - INFO - Processing table 790 - datasets_USA/USA_CSV0000000000011259.csv
2025-12-18 12:20:46 - exhaustive_index - INFO - Table datasets_USA/USA_CSV0000000000011259.csv has 3793 rows and 54 columns
2025-12-18 12:20:46 - exhaustive_index - INFO - Processed table 790 - datasets_USA/USA_CSV0000000000011259.csv
2025-12-18 12:20:48 - exhaustive_index - INFO - Processing table 791 - datasets_USA/USA_CSV0000000000011292.csv
2025-12-18 12:20:48 - exhaustive_index - INFO - Table datasets_USA/USA_CSV0000000000011292.csv has 10843 rows and 12 columns
2025-12-18 12:20:48 - exhaustive_index - INFO - Processed table 791 - datasets_USA/USA_CSV0000000000011292.csv
2025-12-18 12:20:50 - exhaustive_index - INFO - Processing table 792 - datasets_USA/USA_CSV0000000000011357.csv
2025-12-18 12:20:50 - exhaustive_index - INFO - Table datasets_USA/USA_CSV0000000000011357.csv has 24717 rows and 7 columns
2025-12-18 12:20:50 - exhaustive_index - INFO - Processed table 792 - datasets_USA/USA_CSV0000000000011357.csv
2025-12-18 12:20:53 - exhaustive_index - INFO - Processing table 793 - datasets_USA/USA_CSV0000000000011381.csv
2025-12-18 12:20:53 - exhaustive_index - INFO - Table datasets_USA/USA_CSV0000000000011381.csv has 14728 rows and 10 columns
2025-12-18 12:20:53 - exhaustive_index - INFO - Processed table 793 - datasets_USA/USA_CSV0000000000011381.csv
2025-12-18 12:20:54 - exhaustive_index - INFO - Processing table 794 - datasets_USA/USA_CSV0000000000011387.csv
2025-12-18 12:20:54 - exhaustive_index - INFO - Table datasets_USA/USA_CSV0000000000011387.csv has 6048 rows and 25 columns
2025-12-18 12:20:54 - exhaustive_index - INFO - Processed table 794 - datasets_USA/USA_CSV0000000000011387.csv
2025-12-18 12:21:06 - exhaustive_index - INFO - Processing table 795 - datasets_USA/USA_CSV0000000000011416.csv
2025-12-18 12:21:06 - exhaustive_index - INFO - Table datasets_USA/USA_CSV0000000000011416.csv has 15735 rows and 20 columns
2025-12-18 12:21:06 - exhaustive_index - INFO - Processed table 795 - datasets_USA/USA_CSV0000000000011416.csv
2025-12-18 12:21:07 - exhaustive_index - INFO - Processing table 796 - datasets_USA/USA_CSV0000000000011430.csv
2025-12-18 12:21:07 - exhaustive_index - INFO - Table datasets_USA/USA_CSV0000000000011430.csv has 37567 rows and 5 columns
2025-12-18 12:21:07 - exhaustive_index - INFO - Processed table 796 - datasets_USA/USA_CSV0000000000011430.csv
2025-12-18 12:21:58 - exhaustive_index - INFO - Processing table 797 - datasets_USA/USA_CSV0000000000011433.csv
2025-12-18 12:21:58 - exhaustive_index - INFO - Table datasets_USA/USA_CSV0000000000011433.csv has 2142 rows and 49 columns
2025-12-18 12:21:58 - exhaustive_index - INFO - Processed table 797 - datasets_USA/USA_CSV0000000000011433.csv
2025-12-18 12:22:01 - exhaustive_index - INFO - Processing table 798 - datasets_USA/USA_CSV0000000000011468.csv
2025-12-18 12:22:01 - exhaustive_index - INFO - Table datasets_USA/USA_CSV0000000000011468.csv has 282 rows and 17 columns
2025-12-18 12:22:01 - exhaustive_index - INFO - Processed table 798 - datasets_USA/USA_CSV0000000000011468.csv
2025-12-18 12:22:11 - exhaustive_index - INFO - Processing table 799 - datasets_USA/USA_CSV0000000000011486.csv
2025-12-18 12:22:11 - exhaustive_index - INFO - Table datasets_USA/USA_CSV0000000000011486.csv has 2653 rows and 29 columns
2025-12-18 12:22:11 - exhaustive_index - INFO - Processed table 799 - datasets_USA/USA_CSV0000000000011486.csv
2025-12-18 12:22:13 - exhaustive_index - INFO - Processing table 800 - datasets_USA/USA_CSV0000000000011489.csv
2025-12-18 12:22:13 - exhaustive_index - INFO - Table datasets_USA/USA_CSV0000000000011489.csv has 28637 rows and 7 columns
2025-12-18 12:22:13 - exhaustive_index - INFO - Processed table 800 - datasets_USA/USA_CSV0000000000011489.csv
2025-12-18 12:22:13 - exhaustive_index - INFO - Processing table 801 - datasets_USA/USA_CSV0000000000011519.csv
2025-12-18 12:22:14 - exhaustive_index - INFO - Processing table 802 - datasets_USA/USA_CSV0000000000011555.csv
2025-12-18 12:22:14 - exhaustive_index - INFO - Table datasets_USA/USA_CSV0000000000011555.csv has 8036 rows and 25 columns
2025-12-18 12:22:14 - exhaustive_index - INFO - Processed table 802 - datasets_USA/USA_CSV0000000000011555.csv
2025-12-18 12:22:17 - exhaustive_index - INFO - Processing table 803 - datasets_USA/USA_CSV0000000000011556.csv
2025-12-18 12:22:17 - exhaustive_index - INFO - Table datasets_USA/USA_CSV0000000000011556.csv has 13056 rows and 8 columns
2025-12-18 12:22:17 - exhaustive_index - INFO - Processed table 803 - datasets_USA/USA_CSV0000000000011556.csv
2025-12-18 12:22:17 - exhaustive_index - INFO - Processing table 804 - datasets_USA/USA_CSV0000000000011584.csv
2025-12-18 12:22:17 - exhaustive_index - INFO - Table datasets_USA/USA_CSV0000000000011584.csv has 248 rows and 12 columns
2025-12-18 12:22:17 - exhaustive_index - INFO - Processed table 804 - datasets_USA/USA_CSV0000000000011584.csv
2025-12-18 12:22:20 - exhaustive_index - INFO - Processing table 805 - datasets_USA/USA_CSV0000000000011589.csv
2025-12-18 12:22:20 - exhaustive_index - INFO - Table datasets_USA/USA_CSV0000000000011589.csv has 17428 rows and 17 columns
2025-12-18 12:22:20 - exhaustive_index - INFO - Processed table 805 - datasets_USA/USA_CSV0000000000011589.csv
2025-12-18 12:22:21 - exhaustive_index - INFO - Processing table 806 - datasets_USA/USA_CSV0000000000011593.csv
2025-12-18 12:22:21 - exhaustive_index - INFO - Table datasets_USA/USA_CSV0000000000011593.csv has 51908 rows and 3 columns
2025-12-18 12:22:21 - exhaustive_index - INFO - Processed table 806 - datasets_USA/USA_CSV0000000000011593.csv
2025-12-18 12:22:27 - exhaustive_index - INFO - Processing table 807 - datasets_USA/USA_CSV0000000000011610.csv
2025-12-18 12:22:27 - exhaustive_index - INFO - Table datasets_USA/USA_CSV0000000000011610.csv has 6631 rows and 17 columns
2025-12-18 12:22:27 - exhaustive_index - INFO - Processed table 807 - datasets_USA/USA_CSV0000000000011610.csv
2025-12-18 12:22:32 - exhaustive_index - INFO - Processing table 808 - datasets_USA/USA_CSV0000000000011616.csv
2025-12-18 12:22:32 - exhaustive_index - INFO - Table datasets_USA/USA_CSV0000000000011616.csv has 14826 rows and 12 columns
2025-12-18 12:22:32 - exhaustive_index - INFO - Processed table 808 - datasets_USA/USA_CSV0000000000011616.csv
2025-12-18 12:22:33 - exhaustive_index - INFO - Processing table 809 - datasets_USA/USA_CSV0000000000011629.csv
2025-12-18 12:22:33 - exhaustive_index - INFO - Table datasets_USA/USA_CSV0000000000011629.csv has 27044 rows and 14 columns
2025-12-18 12:22:33 - exhaustive_index - INFO - Processed table 809 - datasets_USA/USA_CSV0000000000011629.csv
2025-12-18 12:22:39 - exhaustive_index - INFO - Processing table 810 - datasets_USA/USA_CSV0000000000011671.csv
2025-12-18 12:22:39 - exhaustive_index - INFO - Table datasets_USA/USA_CSV0000000000011671.csv has 3505 rows and 25 columns
2025-12-18 12:22:39 - exhaustive_index - INFO - Processed table 810 - datasets_USA/USA_CSV0000000000011671.csv
2025-12-18 12:22:40 - exhaustive_index - INFO - Processing table 811 - datasets_USA/USA_CSV0000000000011700.csv
2025-12-18 12:22:40 - exhaustive_index - INFO - Table datasets_USA/USA_CSV0000000000011700.csv has 207 rows and 10 columns
2025-12-18 12:22:40 - exhaustive_index - INFO - Processed table 811 - datasets_USA/USA_CSV0000000000011700.csv
2025-12-18 12:22:42 - exhaustive_index - INFO - Processing table 812 - datasets_USA/USA_CSV0000000000011752.csv
2025-12-18 12:22:42 - exhaustive_index - INFO - Table datasets_USA/USA_CSV0000000000011752.csv has 17491 rows and 9 columns
2025-12-18 12:22:42 - exhaustive_index - INFO - Processed table 812 - datasets_USA/USA_CSV0000000000011752.csv
2025-12-18 12:22:42 - exhaustive_index - INFO - Processing table 813 - datasets_USA/USA_CSV0000000000011765.csv
2025-12-18 12:22:42 - exhaustive_index - INFO - Table datasets_USA/USA_CSV0000000000011765.csv has 33476 rows and 3 columns
2025-12-18 12:22:42 - exhaustive_index - INFO - Processed table 813 - datasets_USA/USA_CSV0000000000011765.csv
2025-12-18 12:22:43 - exhaustive_index - INFO - Processing table 814 - datasets_USA/USA_CSV0000000000011788.csv
2025-12-18 12:22:43 - exhaustive_index - INFO - Table datasets_USA/USA_CSV0000000000011788.csv has 21988 rows and 9 columns
2025-12-18 12:22:43 - exhaustive_index - INFO - Processed table 814 - datasets_USA/USA_CSV0000000000011788.csv
2025-12-18 12:22:43 - exhaustive_index - INFO - Processing table 815 - datasets_USA/USA_CSV0000000000011795.csv
2025-12-18 12:22:43 - exhaustive_index - INFO - Table datasets_USA/USA_CSV0000000000011795.csv has 501 rows and 3 columns
2025-12-18 12:22:43 - exhaustive_index - INFO - Processed table 815 - datasets_USA/USA_CSV0000000000011795.csv
2025-12-18 12:22:43 - exhaustive_index - INFO - Processing table 816 - datasets_USA/USA_CSV0000000000011819.csv
2025-12-18 12:22:43 - exhaustive_index - INFO - Table datasets_USA/USA_CSV0000000000011819.csv has 22961 rows and 8 columns
2025-12-18 12:22:43 - exhaustive_index - INFO - Processed table 816 - datasets_USA/USA_CSV0000000000011819.csv
2025-12-18 12:22:46 - exhaustive_index - INFO - Processing table 817 - datasets_USA/USA_CSV0000000000011832.csv
2025-12-18 12:22:46 - exhaustive_index - INFO - Table datasets_USA/USA_CSV0000000000011832.csv has 30274 rows and 5 columns
2025-12-18 12:22:46 - exhaustive_index - INFO - Processed table 817 - datasets_USA/USA_CSV0000000000011832.csv
2025-12-18 12:22:53 - exhaustive_index - INFO - Processing table 818 - datasets_USA/USA_CSV0000000000011855.csv
2025-12-18 12:22:53 - exhaustive_index - INFO - Table datasets_USA/USA_CSV0000000000011855.csv has 7269 rows and 32 columns
2025-12-18 12:22:53 - exhaustive_index - INFO - Processed table 818 - datasets_USA/USA_CSV0000000000011855.csv
2025-12-18 12:22:55 - exhaustive_index - INFO - Processing table 819 - datasets_USA/USA_CSV0000000000011861.csv
2025-12-18 12:22:55 - exhaustive_index - INFO - Table datasets_USA/USA_CSV0000000000011861.csv has 12289 rows and 22 columns
2025-12-18 12:22:55 - exhaustive_index - INFO - Processed table 819 - datasets_USA/USA_CSV0000000000011861.csv
2025-12-18 12:22:56 - exhaustive_index - INFO - Processing table 820 - datasets_USA/USA_CSV0000000000011879.csv
2025-12-18 12:22:56 - exhaustive_index - INFO - Table datasets_USA/USA_CSV0000000000011879.csv has 5954 rows and 17 columns
2025-12-18 12:22:56 - exhaustive_index - INFO - Processed table 820 - datasets_USA/USA_CSV0000000000011879.csv
2025-12-18 12:22:56 - exhaustive_index - INFO - Processing table 821 - datasets_USA/USA_CSV0000000000011882.csv
2025-12-18 12:22:56 - exhaustive_index - INFO - Table datasets_USA/USA_CSV0000000000011882.csv has 42328 rows and 5 columns
2025-12-18 12:22:56 - exhaustive_index - INFO - Processed table 821 - datasets_USA/USA_CSV0000000000011882.csv
2025-12-18 12:22:57 - exhaustive_index - INFO - Processing table 822 - datasets_USA/USA_CSV0000000000011890.csv
2025-12-18 12:22:57 - exhaustive_index - INFO - Table datasets_USA/USA_CSV0000000000011890.csv has 847 rows and 6 columns
2025-12-18 12:22:57 - exhaustive_index - INFO - Processed table 822 - datasets_USA/USA_CSV0000000000011890.csv
2025-12-18 12:22:58 - exhaustive_index - INFO - Processing table 823 - datasets_USA/USA_CSV0000000000011896.csv
2025-12-18 12:22:58 - exhaustive_index - INFO - Table datasets_USA/USA_CSV0000000000011896.csv has 5164 rows and 25 columns
2025-12-18 12:22:58 - exhaustive_index - INFO - Processed table 823 - datasets_USA/USA_CSV0000000000011896.csv
2025-12-18 12:23:01 - exhaustive_index - INFO - Processing table 824 - datasets_USA/USA_CSV0000000000011898.csv
2025-12-18 12:23:01 - exhaustive_index - INFO - Table datasets_USA/USA_CSV0000000000011898.csv has 44764 rows and 9 columns
2025-12-18 12:23:01 - exhaustive_index - INFO - Processed table 824 - datasets_USA/USA_CSV0000000000011898.csv
2025-12-18 12:23:02 - exhaustive_index - INFO - Processing table 825 - datasets_USA/USA_CSV0000000000011899.csv
2025-12-18 12:23:02 - exhaustive_index - INFO - Table datasets_USA/USA_CSV0000000000011899.csv has 1698 rows and 14 columns
2025-12-18 12:23:02 - exhaustive_index - INFO - Processed table 825 - datasets_USA/USA_CSV0000000000011899.csv
2025-12-18 12:23:04 - exhaustive_index - INFO - Processing table 826 - datasets_USA/USA_CSV0000000000011909.csv
2025-12-18 12:23:04 - exhaustive_index - INFO - Table datasets_USA/USA_CSV0000000000011909.csv has 12653 rows and 25 columns
2025-12-18 12:23:04 - exhaustive_index - INFO - Processed table 826 - datasets_USA/USA_CSV0000000000011909.csv
2025-12-18 12:23:05 - exhaustive_index - INFO - Processing table 827 - datasets_USA/USA_CSV0000000000011938.csv
2025-12-18 12:23:05 - exhaustive_index - INFO - Table datasets_USA/USA_CSV0000000000011938.csv has 278 rows and 6 columns
2025-12-18 12:23:05 - exhaustive_index - INFO - Processed table 827 - datasets_USA/USA_CSV0000000000011938.csv
2025-12-18 12:23:06 - exhaustive_index - INFO - Processing table 828 - datasets_USA/USA_CSV0000000000011973.csv
2025-12-18 12:23:06 - exhaustive_index - INFO - Table datasets_USA/USA_CSV0000000000011973.csv has 18753 rows and 9 columns
2025-12-18 12:23:06 - exhaustive_index - INFO - Processed table 828 - datasets_USA/USA_CSV0000000000011973.csv
2025-12-18 12:23:07 - exhaustive_index - INFO - Processing table 829 - datasets_USA/USA_CSV0000000000011989.csv
2025-12-18 12:23:07 - exhaustive_index - INFO - Table datasets_USA/USA_CSV0000000000011989.csv has 6301 rows and 12 columns
2025-12-18 12:23:07 - exhaustive_index - INFO - Processed table 829 - datasets_USA/USA_CSV0000000000011989.csv
2025-12-18 12:23:08 - exhaustive_index - INFO - Processing table 830 - datasets_USA/USA_CSV0000000000011997.csv
2025-12-18 12:23:08 - exhaustive_index - INFO - Table datasets_USA/USA_CSV0000000000011997.csv has 493 rows and 16 columns
2025-12-18 12:23:08 - exhaustive_index - INFO - Processed table 830 - datasets_USA/USA_CSV0000000000011997.csv
2025-12-18 12:23:15 - exhaustive_index - INFO - Processing table 831 - datasets_USA/USA_CSV0000000000011998.csv
2025-12-18 12:23:15 - exhaustive_index - INFO - Table datasets_USA/USA_CSV0000000000011998.csv has 7272 rows and 32 columns
2025-12-18 12:23:15 - exhaustive_index - INFO - Processed table 831 - datasets_USA/USA_CSV0000000000011998.csv
2025-12-18 12:23:16 - exhaustive_index - INFO - Processing table 832 - datasets_USA/USA_CSV0000000000012031.csv
2025-12-18 12:23:16 - exhaustive_index - INFO - Table datasets_USA/USA_CSV0000000000012031.csv has 205 rows and 10 columns
2025-12-18 12:23:16 - exhaustive_index - INFO - Processed table 832 - datasets_USA/USA_CSV0000000000012031.csv
2025-12-18 12:23:18 - exhaustive_index - INFO - Processing table 833 - datasets_USA/USA_CSV0000000000012066.csv
2025-12-18 12:23:18 - exhaustive_index - INFO - Table datasets_USA/USA_CSV0000000000012066.csv has 8968 rows and 10 columns
2025-12-18 12:23:18 - exhaustive_index - INFO - Processed table 833 - datasets_USA/USA_CSV0000000000012066.csv
2025-12-18 12:23:22 - exhaustive_index - INFO - Processing table 834 - datasets_USA/USA_CSV0000000000012071.csv
2025-12-18 12:23:22 - exhaustive_index - INFO - Table datasets_USA/USA_CSV0000000000012071.csv has 13943 rows and 10 columns
2025-12-18 12:23:22 - exhaustive_index - INFO - Processed table 834 - datasets_USA/USA_CSV0000000000012071.csv
2025-12-18 12:23:24 - exhaustive_index - INFO - Processing table 835 - datasets_USA/USA_CSV0000000000012078.csv
2025-12-18 12:23:24 - exhaustive_index - INFO - Table datasets_USA/USA_CSV0000000000012078.csv has 14403 rows and 8 columns
2025-12-18 12:23:24 - exhaustive_index - INFO - Processed table 835 - datasets_USA/USA_CSV0000000000012078.csv
2025-12-18 12:23:25 - exhaustive_index - INFO - Processing table 836 - datasets_USA/USA_CSV0000000000012083.csv
2025-12-18 12:23:25 - exhaustive_index - INFO - Table datasets_USA/USA_CSV0000000000012083.csv has 7769 rows and 9 columns
2025-12-18 12:23:25 - exhaustive_index - INFO - Processed table 836 - datasets_USA/USA_CSV0000000000012083.csv
2025-12-18 12:23:26 - exhaustive_index - INFO - Processing table 837 - datasets_USA/USA_CSV0000000000012088.csv
2025-12-18 12:23:26 - exhaustive_index - INFO - Table datasets_USA/USA_CSV0000000000012088.csv has 226 rows and 8 columns
2025-12-18 12:23:26 - exhaustive_index - INFO - Processed table 837 - datasets_USA/USA_CSV0000000000012088.csv
2025-12-18 12:23:47 - exhaustive_index - INFO - Processing table 838 - datasets_USA/USA_CSV0000000000012127.csv
2025-12-18 12:23:47 - exhaustive_index - INFO - Table datasets_USA/USA_CSV0000000000012127.csv has 15754 rows and 32 columns
2025-12-18 12:23:47 - exhaustive_index - INFO - Processed table 838 - datasets_USA/USA_CSV0000000000012127.csv
2025-12-18 12:23:48 - exhaustive_index - INFO - Processing table 839 - datasets_USA/USA_CSV0000000000012174.csv
2025-12-18 12:23:48 - exhaustive_index - INFO - Table datasets_USA/USA_CSV0000000000012174.csv has 27706 rows and 10 columns
2025-12-18 12:23:48 - exhaustive_index - INFO - Processed table 839 - datasets_USA/USA_CSV0000000000012174.csv
2025-12-18 12:23:56 - exhaustive_index - INFO - Processing table 840 - datasets_USA/USA_CSV0000000000012197.csv
2025-12-18 12:23:56 - exhaustive_index - INFO - Table datasets_USA/USA_CSV0000000000012197.csv has 11942 rows and 20 columns
2025-12-18 12:23:56 - exhaustive_index - INFO - Processed table 840 - datasets_USA/USA_CSV0000000000012197.csv
2025-12-18 12:23:57 - exhaustive_index - INFO - Processing table 841 - datasets_USA/USA_CSV0000000000012199.csv
2025-12-18 12:23:57 - exhaustive_index - INFO - Table datasets_USA/USA_CSV0000000000012199.csv has 34382 rows and 8 columns
2025-12-18 12:23:57 - exhaustive_index - INFO - Processed table 841 - datasets_USA/USA_CSV0000000000012199.csv
2025-12-18 12:24:06 - exhaustive_index - INFO - Processing table 842 - datasets_USA/USA_CSV0000000000012253.csv
2025-12-18 12:24:06 - exhaustive_index - INFO - Table datasets_USA/USA_CSV0000000000012253.csv has 17461 rows and 18 columns
2025-12-18 12:24:06 - exhaustive_index - INFO - Processed table 842 - datasets_USA/USA_CSV0000000000012253.csv
2025-12-18 12:24:07 - exhaustive_index - INFO - Processing table 843 - datasets_USA/USA_CSV0000000000012317.csv
2025-12-18 12:24:07 - exhaustive_index - INFO - Table datasets_USA/USA_CSV0000000000012317.csv has 21380 rows and 7 columns
2025-12-18 12:24:07 - exhaustive_index - INFO - Processed table 843 - datasets_USA/USA_CSV0000000000012317.csv
2025-12-18 12:24:07 - exhaustive_index - INFO - Processing table 844 - datasets_USA/USA_CSV0000000000012341.csv
2025-12-18 12:24:07 - exhaustive_index - INFO - Table datasets_USA/USA_CSV0000000000012341.csv has 77 rows and 10 columns
2025-12-18 12:24:07 - exhaustive_index - INFO - Processed table 844 - datasets_USA/USA_CSV0000000000012341.csv
2025-12-18 12:24:07 - exhaustive_index - INFO - Processing table 845 - datasets_USA/USA_CSV0000000000012364.csv
2025-12-18 12:24:07 - exhaustive_index - INFO - Table datasets_USA/USA_CSV0000000000012364.csv has 21336 rows and 7 columns
2025-12-18 12:24:07 - exhaustive_index - INFO - Processed table 845 - datasets_USA/USA_CSV0000000000012364.csv
2025-12-18 12:24:12 - exhaustive_index - INFO - Processing table 846 - datasets_USA/USA_CSV0000000000012376.csv
2025-12-18 12:24:12 - exhaustive_index - INFO - Table datasets_USA/USA_CSV0000000000012376.csv has 12851 rows and 17 columns
2025-12-18 12:24:12 - exhaustive_index - INFO - Processed table 846 - datasets_USA/USA_CSV0000000000012376.csv
2025-12-18 12:24:12 - exhaustive_index - INFO - Processing table 847 - datasets_USA/USA_CSV0000000000012389.csv
2025-12-18 12:24:12 - exhaustive_index - INFO - Table datasets_USA/USA_CSV0000000000012389.csv has 6559 rows and 8 columns
2025-12-18 12:24:12 - exhaustive_index - INFO - Processed table 847 - datasets_USA/USA_CSV0000000000012389.csv
2025-12-18 12:24:29 - exhaustive_index - INFO - Processing table 848 - datasets_USA/USA_CSV0000000000012397.csv
2025-12-18 12:24:29 - exhaustive_index - INFO - Table datasets_USA/USA_CSV0000000000012397.csv has 13029 rows and 16 columns
2025-12-18 12:24:29 - exhaustive_index - INFO - Processed table 848 - datasets_USA/USA_CSV0000000000012397.csv
2025-12-18 12:24:32 - exhaustive_index - INFO - Processing table 849 - datasets_USA/USA_CSV0000000000012399.csv
2025-12-18 12:24:32 - exhaustive_index - INFO - Table datasets_USA/USA_CSV0000000000012399.csv has 7599 rows and 13 columns
2025-12-18 12:24:32 - exhaustive_index - INFO - Processed table 849 - datasets_USA/USA_CSV0000000000012399.csv
2025-12-18 12:24:32 - exhaustive_index - INFO - Processing table 850 - datasets_USA/USA_CSV0000000000012438.csv
2025-12-18 12:24:32 - exhaustive_index - INFO - Table datasets_USA/USA_CSV0000000000012438.csv has 120 rows and 5 columns
2025-12-18 12:24:32 - exhaustive_index - INFO - Processed table 850 - datasets_USA/USA_CSV0000000000012438.csv
2025-12-18 12:24:34 - exhaustive_index - INFO - Processing table 851 - datasets_USA/USA_CSV0000000000012493.csv
2025-12-18 12:24:34 - exhaustive_index - INFO - Table datasets_USA/USA_CSV0000000000012493.csv has 17595 rows and 10 columns
2025-12-18 12:24:34 - exhaustive_index - INFO - Processed table 851 - datasets_USA/USA_CSV0000000000012493.csv
2025-12-18 12:25:01 - exhaustive_index - INFO - Processing table 852 - datasets_USA/USA_CSV0000000000012506.csv
2025-12-18 12:25:01 - exhaustive_index - INFO - Table datasets_USA/USA_CSV0000000000012506.csv has 8545 rows and 29 columns
2025-12-18 12:25:01 - exhaustive_index - INFO - Processed table 852 - datasets_USA/USA_CSV0000000000012506.csv
2025-12-18 12:25:03 - exhaustive_index - INFO - Processing table 853 - datasets_USA/USA_CSV0000000000012509.csv
2025-12-18 12:25:03 - exhaustive_index - INFO - Table datasets_USA/USA_CSV0000000000012509.csv has 13315 rows and 18 columns
2025-12-18 12:25:03 - exhaustive_index - INFO - Processed table 853 - datasets_USA/USA_CSV0000000000012509.csv
2025-12-18 12:27:16 - exhaustive_index - INFO - Processing table 854 - datasets_USA/USA_CSV0000000000012511.csv
2025-12-18 12:27:16 - exhaustive_index - INFO - Table datasets_USA/USA_CSV0000000000012511.csv has 594 rows and 48 columns
2025-12-18 12:27:16 - exhaustive_index - INFO - Processed table 854 - datasets_USA/USA_CSV0000000000012511.csv
2025-12-18 12:27:19 - exhaustive_index - INFO - Processing table 855 - datasets_USA/USA_CSV0000000000012557.csv
2025-12-18 12:27:19 - exhaustive_index - INFO - Table datasets_USA/USA_CSV0000000000012557.csv has 339 rows and 11 columns
2025-12-18 12:27:19 - exhaustive_index - INFO - Processed table 855 - datasets_USA/USA_CSV0000000000012557.csv
2025-12-18 12:27:19 - exhaustive_index - INFO - Processing table 856 - datasets_USA/USA_CSV0000000000012564.csv
2025-12-18 12:27:20 - exhaustive_index - INFO - Processing table 857 - datasets_USA/USA_CSV0000000000012667.csv
2025-12-18 12:27:20 - exhaustive_index - INFO - Table datasets_USA/USA_CSV0000000000012667.csv has 13927 rows and 8 columns
2025-12-18 12:27:20 - exhaustive_index - INFO - Processed table 857 - datasets_USA/USA_CSV0000000000012667.csv
2025-12-18 12:27:21 - exhaustive_index - INFO - Processing table 858 - datasets_USA/USA_CSV0000000000012687.csv
2025-12-18 12:27:21 - exhaustive_index - INFO - Table datasets_USA/USA_CSV0000000000012687.csv has 791 rows and 14 columns
2025-12-18 12:27:21 - exhaustive_index - INFO - Processed table 858 - datasets_USA/USA_CSV0000000000012687.csv
2025-12-18 12:27:22 - exhaustive_index - INFO - Processing table 859 - datasets_USA/USA_CSV0000000000012689.csv
2025-12-18 12:27:22 - exhaustive_index - INFO - Table datasets_USA/USA_CSV0000000000012689.csv has 253 rows and 10 columns
2025-12-18 12:27:22 - exhaustive_index - INFO - Processed table 859 - datasets_USA/USA_CSV0000000000012689.csv
2025-12-18 12:27:28 - exhaustive_index - INFO - Processing table 860 - datasets_USA/USA_CSV0000000000012695.csv
2025-12-18 12:27:28 - exhaustive_index - INFO - Table datasets_USA/USA_CSV0000000000012695.csv has 20344 rows and 12 columns
2025-12-18 12:27:28 - exhaustive_index - INFO - Processed table 860 - datasets_USA/USA_CSV0000000000012695.csv
2025-12-18 12:27:28 - exhaustive_index - INFO - Processing table 861 - datasets_USA/USA_CSV0000000000012696.csv
2025-12-18 12:27:28 - exhaustive_index - INFO - Table datasets_USA/USA_CSV0000000000012696.csv has 59 rows and 10 columns
2025-12-18 12:27:28 - exhaustive_index - INFO - Processed table 861 - datasets_USA/USA_CSV0000000000012696.csv
2025-12-18 12:27:29 - exhaustive_index - INFO - Processing table 862 - datasets_USA/USA_CSV0000000000012698.csv
2025-12-18 12:27:29 - exhaustive_index - INFO - Table datasets_USA/USA_CSV0000000000012698.csv has 2862 rows and 9 columns
2025-12-18 12:27:29 - exhaustive_index - INFO - Processed table 862 - datasets_USA/USA_CSV0000000000012698.csv
2025-12-18 12:27:35 - exhaustive_index - INFO - Processing table 863 - datasets_USA/USA_CSV0000000000012704.csv
2025-12-18 12:27:35 - exhaustive_index - INFO - Table datasets_USA/USA_CSV0000000000012704.csv has 276 rows and 46 columns
2025-12-18 12:27:35 - exhaustive_index - INFO - Processed table 863 - datasets_USA/USA_CSV0000000000012704.csv
2025-12-18 12:27:38 - exhaustive_index - INFO - Processing table 864 - datasets_USA/USA_CSV0000000000012710.csv
2025-12-18 12:27:38 - exhaustive_index - INFO - Table datasets_USA/USA_CSV0000000000012710.csv has 18025 rows and 9 columns
2025-12-18 12:27:38 - exhaustive_index - INFO - Processed table 864 - datasets_USA/USA_CSV0000000000012710.csv
2025-12-18 12:27:41 - exhaustive_index - INFO - Processing table 865 - datasets_USA/USA_CSV0000000000012722.csv
2025-12-18 12:27:41 - exhaustive_index - INFO - Table datasets_USA/USA_CSV0000000000012722.csv has 21870 rows and 13 columns
2025-12-18 12:27:41 - exhaustive_index - INFO - Processed table 865 - datasets_USA/USA_CSV0000000000012722.csv
2025-12-18 12:27:48 - exhaustive_index - INFO - Processing table 866 - datasets_USA/USA_CSV0000000000012731.csv
2025-12-18 12:27:48 - exhaustive_index - INFO - Table datasets_USA/USA_CSV0000000000012731.csv has 15935 rows and 26 columns
2025-12-18 12:27:48 - exhaustive_index - INFO - Processed table 866 - datasets_USA/USA_CSV0000000000012731.csv
2025-12-18 12:27:48 - exhaustive_index - INFO - Processing table 867 - datasets_USA/USA_CSV0000000000012787.csv
2025-12-18 12:27:48 - exhaustive_index - INFO - Table datasets_USA/USA_CSV0000000000012787.csv has 55 rows and 7 columns
2025-12-18 12:27:48 - exhaustive_index - INFO - Processed table 867 - datasets_USA/USA_CSV0000000000012787.csv
2025-12-18 12:27:50 - exhaustive_index - INFO - Processing table 868 - datasets_USA/USA_CSV0000000000012803.csv
2025-12-18 12:27:50 - exhaustive_index - INFO - Table datasets_USA/USA_CSV0000000000012803.csv has 12316 rows and 9 columns
2025-12-18 12:27:50 - exhaustive_index - INFO - Processed table 868 - datasets_USA/USA_CSV0000000000012803.csv
2025-12-18 12:27:51 - exhaustive_index - INFO - Processing table 869 - datasets_USA/USA_CSV0000000000012828.csv
2025-12-18 12:27:51 - exhaustive_index - INFO - Table datasets_USA/USA_CSV0000000000012828.csv has 16715 rows and 8 columns
2025-12-18 12:27:51 - exhaustive_index - INFO - Processed table 869 - datasets_USA/USA_CSV0000000000012828.csv
2025-12-18 12:27:57 - exhaustive_index - INFO - Processing table 870 - datasets_USA/USA_CSV0000000000012860.csv
2025-12-18 12:27:57 - exhaustive_index - INFO - Table datasets_USA/USA_CSV0000000000012860.csv has 5979 rows and 13 columns
2025-12-18 12:27:57 - exhaustive_index - INFO - Processed table 870 - datasets_USA/USA_CSV0000000000012860.csv
2025-12-18 12:28:02 - exhaustive_index - INFO - Processing table 871 - datasets_USA/USA_CSV0000000000012886.csv
2025-12-18 12:28:02 - exhaustive_index - INFO - Table datasets_USA/USA_CSV0000000000012886.csv has 13553 rows and 19 columns
2025-12-18 12:28:02 - exhaustive_index - INFO - Processed table 871 - datasets_USA/USA_CSV0000000000012886.csv
2025-12-18 12:28:03 - exhaustive_index - INFO - Processing table 872 - datasets_USA/USA_CSV0000000000012901.csv
2025-12-18 12:28:03 - exhaustive_index - INFO - Table datasets_USA/USA_CSV0000000000012901.csv has 12799 rows and 4 columns
2025-12-18 12:28:03 - exhaustive_index - INFO - Processed table 872 - datasets_USA/USA_CSV0000000000012901.csv
2025-12-18 12:28:20 - exhaustive_index - INFO - Processing table 873 - datasets_USA/USA_CSV0000000000012913.csv
2025-12-18 12:28:20 - exhaustive_index - INFO - Table datasets_USA/USA_CSV0000000000012913.csv has 2069 rows and 40 columns
2025-12-18 12:28:20 - exhaustive_index - INFO - Processed table 873 - datasets_USA/USA_CSV0000000000012913.csv
2025-12-18 12:28:20 - exhaustive_index - INFO - Processing table 874 - datasets_USA/USA_CSV0000000000012937.csv
2025-12-18 12:28:20 - exhaustive_index - INFO - Table datasets_USA/USA_CSV0000000000012937.csv has 11 rows and 5 columns
2025-12-18 12:28:20 - exhaustive_index - INFO - Processed table 874 - datasets_USA/USA_CSV0000000000012937.csv
2025-12-18 12:28:22 - exhaustive_index - INFO - Processing table 875 - datasets_USA/USA_CSV0000000000012952.csv
2025-12-18 12:28:22 - exhaustive_index - INFO - Table datasets_USA/USA_CSV0000000000012952.csv has 368 rows and 10 columns
2025-12-18 12:28:22 - exhaustive_index - INFO - Processed table 875 - datasets_USA/USA_CSV0000000000012952.csv
2025-12-18 12:28:34 - exhaustive_index - INFO - Processing table 876 - datasets_USA/USA_CSV0000000000012953.csv
2025-12-18 12:28:34 - exhaustive_index - INFO - Table datasets_USA/USA_CSV0000000000012953.csv has 3756 rows and 39 columns
2025-12-18 12:28:34 - exhaustive_index - INFO - Processed table 876 - datasets_USA/USA_CSV0000000000012953.csv
2025-12-18 12:28:34 - exhaustive_index - INFO - Processing table 877 - datasets_USA/USA_CSV0000000000012974.csv
2025-12-18 12:28:34 - exhaustive_index - INFO - Table datasets_USA/USA_CSV0000000000012974.csv has 38 rows and 5 columns
2025-12-18 12:28:34 - exhaustive_index - INFO - Processed table 877 - datasets_USA/USA_CSV0000000000012974.csv
2025-12-18 12:28:35 - exhaustive_index - INFO - Processing table 878 - datasets_USA/USA_CSV0000000000012995.csv
2025-12-18 12:28:35 - exhaustive_index - INFO - Table datasets_USA/USA_CSV0000000000012995.csv has 3370 rows and 5 columns
2025-12-18 12:28:35 - exhaustive_index - INFO - Processed table 878 - datasets_USA/USA_CSV0000000000012995.csv
2025-12-18 12:29:13 - exhaustive_index - INFO - Processing table 879 - datasets_USA/USA_CSV0000000000013027.csv
2025-12-18 12:29:13 - exhaustive_index - INFO - Table datasets_USA/USA_CSV0000000000013027.csv has 18144 rows and 16 columns
2025-12-18 12:29:13 - exhaustive_index - INFO - Processed table 879 - datasets_USA/USA_CSV0000000000013027.csv
2025-12-18 12:29:15 - exhaustive_index - INFO - Processing table 880 - datasets_USA/USA_CSV0000000000013080.csv
2025-12-18 12:29:15 - exhaustive_index - INFO - Table datasets_USA/USA_CSV0000000000013080.csv has 30380 rows and 9 columns
2025-12-18 12:29:15 - exhaustive_index - INFO - Processed table 880 - datasets_USA/USA_CSV0000000000013080.csv
2025-12-18 12:30:07 - exhaustive_index - INFO - Processing table 881 - datasets_USA/USA_CSV0000000000013100.csv
2025-12-18 12:30:07 - exhaustive_index - INFO - Table datasets_USA/USA_CSV0000000000013100.csv has 2170 rows and 50 columns
2025-12-18 12:30:07 - exhaustive_index - INFO - Processed table 881 - datasets_USA/USA_CSV0000000000013100.csv
2025-12-18 12:30:08 - exhaustive_index - INFO - Processing table 882 - datasets_USA/USA_CSV0000000000013101.csv
2025-12-18 12:30:08 - exhaustive_index - INFO - Table datasets_USA/USA_CSV0000000000013101.csv has 18317 rows and 11 columns
2025-12-18 12:30:08 - exhaustive_index - INFO - Processed table 882 - datasets_USA/USA_CSV0000000000013101.csv
2025-12-18 12:30:10 - exhaustive_index - INFO - Processing table 883 - datasets_USA/USA_CSV0000000000013131.csv
2025-12-18 12:30:10 - exhaustive_index - INFO - Table datasets_USA/USA_CSV0000000000013131.csv has 6805 rows and 12 columns
2025-12-18 12:30:10 - exhaustive_index - INFO - Processed table 883 - datasets_USA/USA_CSV0000000000013131.csv
2025-12-18 12:30:10 - exhaustive_index - INFO - Processing table 884 - datasets_USA/USA_CSV0000000000013138.csv
2025-12-18 12:30:10 - exhaustive_index - INFO - Table datasets_USA/USA_CSV0000000000013138.csv has 105 rows and 5 columns
2025-12-18 12:30:10 - exhaustive_index - INFO - Processed table 884 - datasets_USA/USA_CSV0000000000013138.csv
2025-12-18 12:30:13 - exhaustive_index - INFO - Processing table 885 - datasets_USA/USA_CSV0000000000013140.csv
2025-12-18 12:30:13 - exhaustive_index - INFO - Table datasets_USA/USA_CSV0000000000013140.csv has 16933 rows and 10 columns
2025-12-18 12:30:13 - exhaustive_index - INFO - Processed table 885 - datasets_USA/USA_CSV0000000000013140.csv
2025-12-18 12:30:14 - exhaustive_index - INFO - Processing table 886 - datasets_USA/USA_CSV0000000000013144.csv
2025-12-18 12:30:14 - exhaustive_index - INFO - Table datasets_USA/USA_CSV0000000000013144.csv has 399 rows and 12 columns
2025-12-18 12:30:14 - exhaustive_index - INFO - Processed table 886 - datasets_USA/USA_CSV0000000000013144.csv
2025-12-18 12:34:14 - exhaustive_index - INFO - Processing table 887 - datasets_USA/USA_CSV0000000000013185.csv
2025-12-18 12:34:14 - exhaustive_index - INFO - Table datasets_USA/USA_CSV0000000000013185.csv has 8818 rows and 38 columns
2025-12-18 12:34:14 - exhaustive_index - INFO - Processed table 887 - datasets_USA/USA_CSV0000000000013185.csv
2025-12-18 12:34:17 - exhaustive_index - INFO - Processing table 888 - datasets_USA/USA_CSV0000000000013549.csv
2025-12-18 12:34:17 - exhaustive_index - INFO - Table datasets_USA/USA_CSV0000000000013549.csv has 22896 rows and 6 columns
2025-12-18 12:34:17 - exhaustive_index - INFO - Processed table 888 - datasets_USA/USA_CSV0000000000013549.csv
2025-12-18 12:34:18 - exhaustive_index - INFO - Processing table 889 - datasets_USA/USA_CSV0000000000013576.csv
2025-12-18 12:34:18 - exhaustive_index - INFO - Table datasets_USA/USA_CSV0000000000013576.csv has 487 rows and 13 columns
2025-12-18 12:34:18 - exhaustive_index - INFO - Processed table 889 - datasets_USA/USA_CSV0000000000013576.csv
2025-12-18 12:34:19 - exhaustive_index - INFO - Processing table 890 - datasets_USA/USA_CSV0000000000013762.csv
2025-12-18 12:34:19 - exhaustive_index - INFO - Table datasets_USA/USA_CSV0000000000013762.csv has 236 rows and 7 columns
2025-12-18 12:34:19 - exhaustive_index - INFO - Processed table 890 - datasets_USA/USA_CSV0000000000013762.csv
2025-12-18 12:34:21 - exhaustive_index - INFO - Processing table 891 - datasets_USA/USA_CSV0000000000013807.csv
2025-12-18 12:34:21 - exhaustive_index - INFO - Table datasets_USA/USA_CSV0000000000013807.csv has 317 rows and 12 columns
2025-12-18 12:34:21 - exhaustive_index - INFO - Processed table 891 - datasets_USA/USA_CSV0000000000013807.csv
2025-12-18 12:34:21 - exhaustive_index - INFO - Processing table 892 - datasets_USA/USA_CSV0000000000014023.csv
2025-12-18 12:34:21 - exhaustive_index - INFO - Table datasets_USA/USA_CSV0000000000014023.csv has 252 rows and 6 columns
2025-12-18 12:34:21 - exhaustive_index - INFO - Processed table 892 - datasets_USA/USA_CSV0000000000014023.csv
2025-12-18 12:34:32 - exhaustive_index - INFO - Processing table 893 - datasets_USA/USA_CSV0000000000014121.csv
2025-12-18 12:34:32 - exhaustive_index - INFO - Table datasets_USA/USA_CSV0000000000014121.csv has 4198 rows and 19 columns
2025-12-18 12:34:32 - exhaustive_index - INFO - Processed table 893 - datasets_USA/USA_CSV0000000000014121.csv
2025-12-18 12:34:32 - exhaustive_index - INFO - Processing table 894 - datasets_USA/USA_CSV0000000000014140.csv
2025-12-18 12:34:32 - exhaustive_index - INFO - Table datasets_USA/USA_CSV0000000000014140.csv has 335 rows and 14 columns
2025-12-18 12:34:32 - exhaustive_index - INFO - Processed table 894 - datasets_USA/USA_CSV0000000000014140.csv
2025-12-18 12:34:35 - exhaustive_index - INFO - Processing table 895 - datasets_USA/USA_CSV0000000000014166.csv
2025-12-18 12:34:35 - exhaustive_index - INFO - Table datasets_USA/USA_CSV0000000000014166.csv has 7311 rows and 22 columns
2025-12-18 12:34:35 - exhaustive_index - INFO - Processed table 895 - datasets_USA/USA_CSV0000000000014166.csv
2025-12-18 12:34:36 - exhaustive_index - INFO - Processing table 896 - datasets_USA/USA_CSV0000000000014168.csv
2025-12-18 12:34:36 - exhaustive_index - INFO - Table datasets_USA/USA_CSV0000000000014168.csv has 10709 rows and 18 columns
2025-12-18 12:34:36 - exhaustive_index - INFO - Processed table 896 - datasets_USA/USA_CSV0000000000014168.csv
2025-12-18 12:34:55 - exhaustive_index - INFO - Processing table 897 - datasets_USA/USA_CSV0000000000014194.csv
2025-12-18 12:34:55 - exhaustive_index - INFO - Table datasets_USA/USA_CSV0000000000014194.csv has 31925 rows and 18 columns
2025-12-18 12:34:55 - exhaustive_index - INFO - Processed table 897 - datasets_USA/USA_CSV0000000000014194.csv
2025-12-18 12:34:56 - exhaustive_index - INFO - Processing table 898 - datasets_USA/USA_CSV0000000000014207.csv
2025-12-18 12:34:56 - exhaustive_index - INFO - Table datasets_USA/USA_CSV0000000000014207.csv has 19553 rows and 8 columns
2025-12-18 12:34:56 - exhaustive_index - INFO - Processed table 898 - datasets_USA/USA_CSV0000000000014207.csv
2025-12-18 12:35:03 - exhaustive_index - INFO - Processing table 899 - datasets_USA/USA_CSV0000000000014218.csv
2025-12-18 12:35:03 - exhaustive_index - INFO - Table datasets_USA/USA_CSV0000000000014218.csv has 10320 rows and 30 columns
2025-12-18 12:35:03 - exhaustive_index - INFO - Processed table 899 - datasets_USA/USA_CSV0000000000014218.csv
2025-12-18 12:35:09 - exhaustive_index - INFO - Processing table 900 - datasets_USA/USA_CSV0000000000014223.csv
2025-12-18 12:35:09 - exhaustive_index - INFO - Table datasets_USA/USA_CSV0000000000014223.csv has 4200 rows and 25 columns
2025-12-18 12:35:09 - exhaustive_index - INFO - Processed table 900 - datasets_USA/USA_CSV0000000000014223.csv
2025-12-18 12:35:20 - exhaustive_index - INFO - Processing table 901 - datasets_USA/USA_CSV0000000000014269.csv
2025-12-18 12:35:20 - exhaustive_index - INFO - Table datasets_USA/USA_CSV0000000000014269.csv has 7309 rows and 20 columns
2025-12-18 12:35:20 - exhaustive_index - INFO - Processed table 901 - datasets_USA/USA_CSV0000000000014269.csv
2025-12-18 12:35:20 - exhaustive_index - INFO - Processing table 902 - datasets_USA/USA_CSV0000000000014282.csv
2025-12-18 12:35:20 - exhaustive_index - INFO - Table datasets_USA/USA_CSV0000000000014282.csv has 32315 rows and 4 columns
2025-12-18 12:35:20 - exhaustive_index - INFO - Processed table 902 - datasets_USA/USA_CSV0000000000014282.csv
2025-12-18 12:35:20 - exhaustive_index - INFO - Processing table 903 - datasets_USA/USA_CSV0000000000014293.csv
2025-12-18 12:35:20 - exhaustive_index - INFO - Table datasets_USA/USA_CSV0000000000014293.csv has 71 rows and 25 columns
2025-12-18 12:35:20 - exhaustive_index - INFO - Processed table 903 - datasets_USA/USA_CSV0000000000014293.csv
2025-12-18 12:35:28 - exhaustive_index - INFO - Processing table 904 - datasets_USA/USA_CSV0000000000014301.csv
2025-12-18 12:35:28 - exhaustive_index - INFO - Table datasets_USA/USA_CSV0000000000014301.csv has 14003 rows and 17 columns
2025-12-18 12:35:28 - exhaustive_index - INFO - Processed table 904 - datasets_USA/USA_CSV0000000000014301.csv
2025-12-18 12:35:30 - exhaustive_index - INFO - Processing table 905 - datasets_USA/USA_CSV0000000000014319.csv
2025-12-18 12:35:30 - exhaustive_index - INFO - Table datasets_USA/USA_CSV0000000000014319.csv has 48019 rows and 5 columns
2025-12-18 12:35:30 - exhaustive_index - INFO - Processed table 905 - datasets_USA/USA_CSV0000000000014319.csv
2025-12-18 12:35:32 - exhaustive_index - INFO - Processing table 906 - datasets_USA/USA_CSV0000000000014338.csv
2025-12-18 12:35:32 - exhaustive_index - INFO - Table datasets_USA/USA_CSV0000000000014338.csv has 6833 rows and 18 columns
2025-12-18 12:35:32 - exhaustive_index - INFO - Processed table 906 - datasets_USA/USA_CSV0000000000014338.csv
2025-12-18 12:35:43 - exhaustive_index - INFO - Processing table 907 - datasets_USA/USA_CSV0000000000014374.csv
2025-12-18 12:35:43 - exhaustive_index - INFO - Table datasets_USA/USA_CSV0000000000014374.csv has 617 rows and 81 columns
2025-12-18 12:35:43 - exhaustive_index - INFO - Processed table 907 - datasets_USA/USA_CSV0000000000014374.csv
2025-12-18 12:35:45 - exhaustive_index - INFO - Processing table 908 - datasets_USA/USA_CSV0000000000014383.csv
2025-12-18 12:35:45 - exhaustive_index - INFO - Table datasets_USA/USA_CSV0000000000014383.csv has 4014 rows and 22 columns
2025-12-18 12:35:45 - exhaustive_index - INFO - Processed table 908 - datasets_USA/USA_CSV0000000000014383.csv
2025-12-18 12:35:47 - exhaustive_index - INFO - Processing table 909 - datasets_USA/USA_CSV0000000000014389.csv
2025-12-18 12:35:47 - exhaustive_index - INFO - Table datasets_USA/USA_CSV0000000000014389.csv has 148 rows and 16 columns
2025-12-18 12:35:47 - exhaustive_index - INFO - Processed table 909 - datasets_USA/USA_CSV0000000000014389.csv
2025-12-18 12:35:52 - exhaustive_index - INFO - Processing table 910 - datasets_USA/USA_CSV0000000000014399.csv
2025-12-18 12:35:52 - exhaustive_index - INFO - Table datasets_USA/USA_CSV0000000000014399.csv has 34918 rows and 9 columns
2025-12-18 12:35:52 - exhaustive_index - INFO - Processed table 910 - datasets_USA/USA_CSV0000000000014399.csv
2025-12-18 12:35:59 - exhaustive_index - INFO - Processing table 911 - datasets_USA/USA_CSV0000000000014408.csv
2025-12-18 12:35:59 - exhaustive_index - INFO - Table datasets_USA/USA_CSV0000000000014408.csv has 9325 rows and 14 columns
2025-12-18 12:35:59 - exhaustive_index - INFO - Processed table 911 - datasets_USA/USA_CSV0000000000014408.csv
2025-12-18 12:35:59 - exhaustive_index - INFO - Processing table 912 - datasets_USA/USA_CSV0000000000014411.csv
2025-12-18 12:35:59 - exhaustive_index - INFO - Table datasets_USA/USA_CSV0000000000014411.csv has 7 rows and 7 columns
2025-12-18 12:35:59 - exhaustive_index - INFO - Processed table 912 - datasets_USA/USA_CSV0000000000014411.csv
2025-12-18 12:36:00 - exhaustive_index - INFO - Processing table 913 - datasets_USA/USA_CSV0000000000014423.csv
2025-12-18 12:36:00 - exhaustive_index - INFO - Table datasets_USA/USA_CSV0000000000014423.csv has 2856 rows and 6 columns
2025-12-18 12:36:00 - exhaustive_index - INFO - Processed table 913 - datasets_USA/USA_CSV0000000000014423.csv
2025-12-18 12:36:14 - exhaustive_index - INFO - Processing table 914 - datasets_USA/USA_CSV0000000000014425.csv
2025-12-18 12:36:14 - exhaustive_index - INFO - Table datasets_USA/USA_CSV0000000000014425.csv has 16005 rows and 18 columns
2025-12-18 12:36:14 - exhaustive_index - INFO - Processed table 914 - datasets_USA/USA_CSV0000000000014425.csv
2025-12-18 12:36:17 - exhaustive_index - INFO - Processing table 915 - datasets_USA/USA_CSV0000000000014431.csv
2025-12-18 12:36:17 - exhaustive_index - INFO - Table datasets_USA/USA_CSV0000000000014431.csv has 12801 rows and 10 columns
2025-12-18 12:36:17 - exhaustive_index - INFO - Processed table 915 - datasets_USA/USA_CSV0000000000014431.csv
2025-12-18 12:36:18 - exhaustive_index - INFO - Processing table 916 - datasets_USA/USA_CSV0000000000014434.csv
2025-12-18 12:36:18 - exhaustive_index - INFO - Table datasets_USA/USA_CSV0000000000014434.csv has 147 rows and 6 columns
2025-12-18 12:36:18 - exhaustive_index - INFO - Processed table 916 - datasets_USA/USA_CSV0000000000014434.csv
2025-12-18 12:36:31 - exhaustive_index - INFO - Processing table 917 - datasets_USA/USA_CSV0000000000014436.csv
2025-12-18 12:36:31 - exhaustive_index - INFO - Table datasets_USA/USA_CSV0000000000014436.csv has 11742 rows and 21 columns
2025-12-18 12:36:31 - exhaustive_index - INFO - Processed table 917 - datasets_USA/USA_CSV0000000000014436.csv
2025-12-18 12:36:35 - exhaustive_index - INFO - Processing table 918 - datasets_USA/USA_CSV0000000000014437.csv
2025-12-18 12:36:35 - exhaustive_index - INFO - Table datasets_USA/USA_CSV0000000000014437.csv has 9442 rows and 20 columns
2025-12-18 12:36:35 - exhaustive_index - INFO - Processed table 918 - datasets_USA/USA_CSV0000000000014437.csv
2025-12-18 12:37:01 - exhaustive_index - INFO - Processing table 919 - datasets_USA/USA_CSV0000000000014463.csv
2025-12-18 12:37:01 - exhaustive_index - INFO - Table datasets_USA/USA_CSV0000000000014463.csv has 16902 rows and 17 columns
2025-12-18 12:37:01 - exhaustive_index - INFO - Processed table 919 - datasets_USA/USA_CSV0000000000014463.csv
2025-12-18 12:37:03 - exhaustive_index - INFO - Processing table 920 - datasets_USA/USA_CSV0000000000014472.csv
2025-12-18 12:37:03 - exhaustive_index - INFO - Table datasets_USA/USA_CSV0000000000014472.csv has 23360 rows and 10 columns
2025-12-18 12:37:03 - exhaustive_index - INFO - Processed table 920 - datasets_USA/USA_CSV0000000000014472.csv
2025-12-18 12:37:03 - exhaustive_index - INFO - Processing table 921 - datasets_USA/USA_CSV0000000000014485.csv
2025-12-18 12:37:03 - exhaustive_index - INFO - Table datasets_USA/USA_CSV0000000000014485.csv has 25 rows and 8 columns
2025-12-18 12:37:03 - exhaustive_index - INFO - Processed table 921 - datasets_USA/USA_CSV0000000000014485.csv
2025-12-18 12:37:04 - exhaustive_index - INFO - Processing table 922 - datasets_USA/USA_CSV0000000000014504.csv
2025-12-18 12:37:04 - exhaustive_index - INFO - Table datasets_USA/USA_CSV0000000000014504.csv has 277 rows and 5 columns
2025-12-18 12:37:04 - exhaustive_index - INFO - Processed table 922 - datasets_USA/USA_CSV0000000000014504.csv
2025-12-18 12:37:05 - exhaustive_index - INFO - Processing table 923 - datasets_USA/USA_CSV0000000000014545.csv
2025-12-18 12:37:05 - exhaustive_index - INFO - Table datasets_USA/USA_CSV0000000000014545.csv has 42906 rows and 4 columns
2025-12-18 12:37:05 - exhaustive_index - INFO - Processed table 923 - datasets_USA/USA_CSV0000000000014545.csv
2025-12-18 12:37:06 - exhaustive_index - INFO - Processing table 924 - datasets_USA/USA_CSV0000000000014553.csv
2025-12-18 12:37:06 - exhaustive_index - INFO - Table datasets_USA/USA_CSV0000000000014553.csv has 13622 rows and 9 columns
2025-12-18 12:37:06 - exhaustive_index - INFO - Processed table 924 - datasets_USA/USA_CSV0000000000014553.csv
2025-12-18 12:37:07 - exhaustive_index - INFO - Processing table 925 - datasets_USA/USA_CSV0000000000014568.csv
2025-12-18 12:37:07 - exhaustive_index - INFO - Table datasets_USA/USA_CSV0000000000014568.csv has 34000 rows and 4 columns
2025-12-18 12:37:07 - exhaustive_index - INFO - Processed table 925 - datasets_USA/USA_CSV0000000000014568.csv
2025-12-18 12:37:08 - exhaustive_index - INFO - Processing table 926 - datasets_USA/USA_CSV0000000000014576.csv
2025-12-18 12:37:08 - exhaustive_index - INFO - Table datasets_USA/USA_CSV0000000000014576.csv has 3983 rows and 5 columns
2025-12-18 12:37:08 - exhaustive_index - INFO - Processed table 926 - datasets_USA/USA_CSV0000000000014576.csv
2025-12-18 12:38:25 - exhaustive_index - INFO - Processing table 927 - datasets_USA/USA_CSV0000000000014587.csv
2025-12-18 12:38:25 - exhaustive_index - INFO - Table datasets_USA/USA_CSV0000000000014587.csv has 1176 rows and 99 columns
2025-12-18 12:38:25 - exhaustive_index - INFO - Processed table 927 - datasets_USA/USA_CSV0000000000014587.csv
2025-12-18 12:38:25 - exhaustive_index - INFO - Processing table 928 - datasets_USA/USA_CSV0000000000014589.csv
2025-12-18 12:38:25 - exhaustive_index - INFO - Table datasets_USA/USA_CSV0000000000014589.csv has 34008 rows and 4 columns
2025-12-18 12:38:25 - exhaustive_index - INFO - Processed table 928 - datasets_USA/USA_CSV0000000000014589.csv
2025-12-18 12:38:27 - exhaustive_index - INFO - Processing table 929 - datasets_USA/USA_CSV0000000000014593.csv
2025-12-18 12:38:27 - exhaustive_index - INFO - Table datasets_USA/USA_CSV0000000000014593.csv has 26258 rows and 8 columns
2025-12-18 12:38:27 - exhaustive_index - INFO - Processed table 929 - datasets_USA/USA_CSV0000000000014593.csv
2025-12-18 12:38:28 - exhaustive_index - INFO - Processing table 930 - datasets_USA/USA_CSV0000000000014601.csv
2025-12-18 12:38:28 - exhaustive_index - INFO - Table datasets_USA/USA_CSV0000000000014601.csv has 33911 rows and 4 columns
2025-12-18 12:38:28 - exhaustive_index - INFO - Processed table 930 - datasets_USA/USA_CSV0000000000014601.csv
2025-12-18 12:38:37 - exhaustive_index - INFO - Processing table 931 - datasets_USA/USA_CSV0000000000014628.csv
2025-12-18 12:38:37 - exhaustive_index - INFO - Table datasets_USA/USA_CSV0000000000014628.csv has 3316 rows and 42 columns
2025-12-18 12:38:37 - exhaustive_index - INFO - Processed table 931 - datasets_USA/USA_CSV0000000000014628.csv
2025-12-18 12:38:37 - exhaustive_index - INFO - Processing table 932 - datasets_USA/USA_CSV0000000000014633__8.csv
2025-12-18 12:38:37 - exhaustive_index - INFO - Table datasets_USA/USA_CSV0000000000014633__8.csv has 106 rows and 6 columns
2025-12-18 12:38:37 - exhaustive_index - INFO - Processed table 932 - datasets_USA/USA_CSV0000000000014633__8.csv
2025-12-18 12:38:37 - exhaustive_index - INFO - Processing table 933 - datasets_USA/USA_CSV0000000000014646.csv
2025-12-18 12:38:37 - exhaustive_index - INFO - Table datasets_USA/USA_CSV0000000000014646.csv has 27619 rows and 5 columns
2025-12-18 12:38:37 - exhaustive_index - INFO - Processed table 933 - datasets_USA/USA_CSV0000000000014646.csv
2025-12-18 12:39:14 - exhaustive_index - INFO - Processing table 934 - datasets_USA/USA_CSV0000000000014658.csv
2025-12-18 12:39:14 - exhaustive_index - INFO - Table datasets_USA/USA_CSV0000000000014658.csv has 4924 rows and 89 columns
2025-12-18 12:39:14 - exhaustive_index - INFO - Processed table 934 - datasets_USA/USA_CSV0000000000014658.csv
2025-12-18 12:39:14 - exhaustive_index - INFO - Processing table 935 - datasets_USA/USA_CSV0000000000014682.csv
2025-12-18 12:39:14 - exhaustive_index - INFO - Processing table 936 - datasets_USA/USA_CSV0000000000014698.csv
2025-12-18 12:39:14 - exhaustive_index - INFO - Table datasets_USA/USA_CSV0000000000014698.csv has 49 rows and 6 columns
2025-12-18 12:39:14 - exhaustive_index - INFO - Processed table 936 - datasets_USA/USA_CSV0000000000014698.csv
2025-12-18 12:39:14 - exhaustive_index - INFO - Processing table 937 - datasets_USA/USA_CSV0000000000014708.csv
2025-12-18 12:39:14 - exhaustive_index - INFO - Table datasets_USA/USA_CSV0000000000014708.csv has 62 rows and 9 columns
2025-12-18 12:39:14 - exhaustive_index - INFO - Processed table 937 - datasets_USA/USA_CSV0000000000014708.csv
2025-12-18 12:39:14 - exhaustive_index - INFO - Processing table 938 - datasets_USA/USA_CSV0000000000014761.csv
2025-12-18 12:39:14 - exhaustive_index - INFO - Table datasets_USA/USA_CSV0000000000014761.csv has 33969 rows and 4 columns
2025-12-18 12:39:14 - exhaustive_index - INFO - Processed table 938 - datasets_USA/USA_CSV0000000000014761.csv
2025-12-18 12:39:17 - exhaustive_index - INFO - Processing table 939 - datasets_USA/USA_CSV0000000000014768.csv
2025-12-18 12:39:17 - exhaustive_index - INFO - Table datasets_USA/USA_CSV0000000000014768.csv has 7158 rows and 22 columns
2025-12-18 12:39:17 - exhaustive_index - INFO - Processed table 939 - datasets_USA/USA_CSV0000000000014768.csv
2025-12-18 12:39:22 - exhaustive_index - INFO - Processing table 940 - datasets_USA/USA_CSV0000000000014801.csv
2025-12-18 12:39:22 - exhaustive_index - INFO - Table datasets_USA/USA_CSV0000000000014801.csv has 33081 rows and 9 columns
2025-12-18 12:39:22 - exhaustive_index - INFO - Processed table 940 - datasets_USA/USA_CSV0000000000014801.csv
2025-12-18 12:39:31 - exhaustive_index - INFO - Processing table 941 - datasets_USA/USA_CSV0000000000014803.csv
2025-12-18 12:39:31 - exhaustive_index - INFO - Table datasets_USA/USA_CSV0000000000014803.csv has 5256 rows and 30 columns
2025-12-18 12:39:31 - exhaustive_index - INFO - Processed table 941 - datasets_USA/USA_CSV0000000000014803.csv
2025-12-18 12:39:35 - exhaustive_index - INFO - Processing table 942 - datasets_USA/USA_CSV0000000000014813.csv
2025-12-18 12:39:35 - exhaustive_index - INFO - Table datasets_USA/USA_CSV0000000000014813.csv has 13258 rows and 16 columns
2025-12-18 12:39:35 - exhaustive_index - INFO - Processed table 942 - datasets_USA/USA_CSV0000000000014813.csv
2025-12-18 12:39:37 - exhaustive_index - INFO - Processing table 943 - datasets_USA/USA_CSV0000000000014827.csv
2025-12-18 12:39:37 - exhaustive_index - INFO - Table datasets_USA/USA_CSV0000000000014827.csv has 26220 rows and 20 columns
2025-12-18 12:39:37 - exhaustive_index - INFO - Processed table 943 - datasets_USA/USA_CSV0000000000014827.csv
2025-12-18 12:39:37 - exhaustive_index - INFO - Processing table 944 - datasets_USA/USA_CSV0000000000014836.csv
2025-12-18 12:39:37 - exhaustive_index - INFO - Table datasets_USA/USA_CSV0000000000014836.csv has 116 rows and 4 columns
2025-12-18 12:39:37 - exhaustive_index - INFO - Processed table 944 - datasets_USA/USA_CSV0000000000014836.csv
2025-12-18 12:39:43 - exhaustive_index - INFO - Processing table 945 - datasets_USA/USA_CSV0000000000014848.csv
2025-12-18 12:39:43 - exhaustive_index - INFO - Table datasets_USA/USA_CSV0000000000014848.csv has 13133 rows and 15 columns
2025-12-18 12:39:43 - exhaustive_index - INFO - Processed table 945 - datasets_USA/USA_CSV0000000000014848.csv
2025-12-18 12:40:04 - exhaustive_index - INFO - Processing table 946 - datasets_USA/USA_CSV0000000000014861.csv
2025-12-18 12:40:04 - exhaustive_index - INFO - Table datasets_USA/USA_CSV0000000000014861.csv has 655 rows and 65 columns
2025-12-18 12:40:04 - exhaustive_index - INFO - Processed table 946 - datasets_USA/USA_CSV0000000000014861.csv
2025-12-18 12:40:05 - exhaustive_index - INFO - Processing table 947 - datasets_USA/USA_CSV0000000000014862.csv
2025-12-18 12:40:05 - exhaustive_index - INFO - Table datasets_USA/USA_CSV0000000000014862.csv has 2330 rows and 9 columns
2025-12-18 12:40:05 - exhaustive_index - INFO - Processed table 947 - datasets_USA/USA_CSV0000000000014862.csv
2025-12-18 12:40:07 - exhaustive_index - INFO - Processing table 948 - datasets_USA/USA_CSV0000000000014867.csv
2025-12-18 12:40:07 - exhaustive_index - INFO - Table datasets_USA/USA_CSV0000000000014867.csv has 10573 rows and 5 columns
2025-12-18 12:40:07 - exhaustive_index - INFO - Processed table 948 - datasets_USA/USA_CSV0000000000014867.csv
2025-12-18 12:40:18 - exhaustive_index - INFO - Processing table 949 - datasets_USA/USA_CSV0000000000014891.csv
2025-12-18 12:40:18 - exhaustive_index - INFO - Table datasets_USA/USA_CSV0000000000014891.csv has 10788 rows and 24 columns
2025-12-18 12:40:18 - exhaustive_index - INFO - Processed table 949 - datasets_USA/USA_CSV0000000000014891.csv
2025-12-18 12:40:18 - exhaustive_index - INFO - Processing table 950 - datasets_USA/USA_CSV0000000000014910.csv
2025-12-18 12:40:18 - exhaustive_index - INFO - Table datasets_USA/USA_CSV0000000000014910.csv has 98 rows and 5 columns
2025-12-18 12:40:18 - exhaustive_index - INFO - Processed table 950 - datasets_USA/USA_CSV0000000000014910.csv
2025-12-18 12:40:18 - exhaustive_index - INFO - Processing table 951 - datasets_USA/USA_CSV0000000000014915.csv
2025-12-18 12:40:18 - exhaustive_index - INFO - Table datasets_USA/USA_CSV0000000000014915.csv has 33999 rows and 4 columns
2025-12-18 12:40:18 - exhaustive_index - INFO - Processed table 951 - datasets_USA/USA_CSV0000000000014915.csv
2025-12-18 12:41:02 - exhaustive_index - INFO - Processing table 952 - datasets_USA/USA_CSV0000000000014928.csv
2025-12-18 12:41:02 - exhaustive_index - INFO - Table datasets_USA/USA_CSV0000000000014928.csv has 435 rows and 69 columns
2025-12-18 12:41:02 - exhaustive_index - INFO - Processed table 952 - datasets_USA/USA_CSV0000000000014928.csv
2025-12-18 12:41:11 - exhaustive_index - INFO - Processing table 953 - datasets_USA/USA_CSV0000000000014965__0.csv
2025-12-18 12:41:11 - exhaustive_index - INFO - Table datasets_USA/USA_CSV0000000000014965__0.csv has 137348 rows and 7 columns
2025-12-18 12:41:11 - exhaustive_index - INFO - Processed table 953 - datasets_USA/USA_CSV0000000000014965__0.csv
2025-12-18 12:41:12 - exhaustive_index - INFO - Processing table 954 - datasets_USA/USA_CSV0000000000014973.csv
2025-12-18 12:41:12 - exhaustive_index - INFO - Table datasets_USA/USA_CSV0000000000014973.csv has 594 rows and 5 columns
2025-12-18 12:41:12 - exhaustive_index - INFO - Processed table 954 - datasets_USA/USA_CSV0000000000014973.csv
2025-12-18 12:41:21 - exhaustive_index - INFO - Processing table 955 - datasets_USA/USA_CSV0000000000014979.csv
2025-12-18 12:41:21 - exhaustive_index - INFO - Table datasets_USA/USA_CSV0000000000014979.csv has 8873 rows and 28 columns
2025-12-18 12:41:21 - exhaustive_index - INFO - Processed table 955 - datasets_USA/USA_CSV0000000000014979.csv
2025-12-18 12:41:22 - exhaustive_index - INFO - Processing table 956 - datasets_USA/USA_CSV0000000000014984.csv
2025-12-18 12:41:22 - exhaustive_index - INFO - Table datasets_USA/USA_CSV0000000000014984.csv has 8760 rows and 21 columns
2025-12-18 12:41:22 - exhaustive_index - INFO - Processed table 956 - datasets_USA/USA_CSV0000000000014984.csv
2025-12-18 12:41:23 - exhaustive_index - INFO - Processing table 957 - datasets_USA/USA_CSV0000000000014992.csv
2025-12-18 12:41:23 - exhaustive_index - INFO - Table datasets_USA/USA_CSV0000000000014992.csv has 33967 rows and 4 columns
2025-12-18 12:41:23 - exhaustive_index - INFO - Processed table 957 - datasets_USA/USA_CSV0000000000014992.csv
2025-12-18 12:41:45 - exhaustive_index - INFO - Processing table 958 - datasets_USA/USA_CSV0000000000014995.csv
2025-12-18 12:41:45 - exhaustive_index - INFO - Table datasets_USA/USA_CSV0000000000014995.csv has 6986 rows and 87 columns
2025-12-18 12:41:45 - exhaustive_index - INFO - Processed table 958 - datasets_USA/USA_CSV0000000000014995.csv
2025-12-18 12:41:47 - exhaustive_index - INFO - Processing table 959 - datasets_USA/USA_CSV0000000000014996.csv
2025-12-18 12:41:47 - exhaustive_index - INFO - Table datasets_USA/USA_CSV0000000000014996.csv has 1778 rows and 19 columns
2025-12-18 12:41:47 - exhaustive_index - INFO - Processed table 959 - datasets_USA/USA_CSV0000000000014996.csv
2025-12-18 12:41:48 - exhaustive_index - INFO - Processing table 960 - datasets_USA/USA_CSV0000000000014999.csv
2025-12-18 12:41:48 - exhaustive_index - INFO - Table datasets_USA/USA_CSV0000000000014999.csv has 14674 rows and 11 columns
2025-12-18 12:41:48 - exhaustive_index - INFO - Processed table 960 - datasets_USA/USA_CSV0000000000014999.csv
2025-12-18 12:41:53 - exhaustive_index - INFO - Processing table 961 - datasets_USA/USA_CSV0000000000015007.csv
2025-12-18 12:41:53 - exhaustive_index - INFO - Table datasets_USA/USA_CSV0000000000015007.csv has 7225 rows and 23 columns
2025-12-18 12:41:53 - exhaustive_index - INFO - Processed table 961 - datasets_USA/USA_CSV0000000000015007.csv
2025-12-18 12:41:54 - exhaustive_index - INFO - Processing table 962 - datasets_USA/USA_CSV0000000000015014.csv
2025-12-18 12:41:54 - exhaustive_index - INFO - Table datasets_USA/USA_CSV0000000000015014.csv has 8760 rows and 21 columns
2025-12-18 12:41:54 - exhaustive_index - INFO - Processed table 962 - datasets_USA/USA_CSV0000000000015014.csv
2025-12-18 12:41:54 - exhaustive_index - INFO - Processing table 963 - datasets_USA/USA_CSV0000000000015029.csv
2025-12-18 12:41:54 - exhaustive_index - INFO - Table datasets_USA/USA_CSV0000000000015029.csv has 24010 rows and 3 columns
2025-12-18 12:41:54 - exhaustive_index - INFO - Processed table 963 - datasets_USA/USA_CSV0000000000015029.csv
2025-12-18 12:41:54 - exhaustive_index - INFO - Processing table 964 - datasets_USA/USA_CSV0000000000015049.csv
2025-12-18 12:41:54 - exhaustive_index - INFO - Table datasets_USA/USA_CSV0000000000015049.csv has 4562 rows and 8 columns
2025-12-18 12:41:54 - exhaustive_index - INFO - Processed table 964 - datasets_USA/USA_CSV0000000000015049.csv
2025-12-18 12:41:57 - exhaustive_index - INFO - Processing table 965 - datasets_USA/USA_CSV0000000000015054.csv
2025-12-18 12:41:57 - exhaustive_index - INFO - Table datasets_USA/USA_CSV0000000000015054.csv has 15225 rows and 11 columns
2025-12-18 12:41:57 - exhaustive_index - INFO - Processed table 965 - datasets_USA/USA_CSV0000000000015054.csv
2025-12-18 12:41:59 - exhaustive_index - INFO - Processing table 966 - datasets_USA/USA_CSV0000000000015060.csv
2025-12-18 12:41:59 - exhaustive_index - INFO - Table datasets_USA/USA_CSV0000000000015060.csv has 23619 rows and 22 columns
2025-12-18 12:41:59 - exhaustive_index - INFO - Processed table 966 - datasets_USA/USA_CSV0000000000015060.csv
2025-12-18 12:42:00 - exhaustive_index - INFO - Processing table 967 - datasets_USA/USA_CSV0000000000015061.csv
2025-12-18 12:42:00 - exhaustive_index - INFO - Table datasets_USA/USA_CSV0000000000015061.csv has 91 rows and 8 columns
2025-12-18 12:42:00 - exhaustive_index - INFO - Processed table 967 - datasets_USA/USA_CSV0000000000015061.csv
2025-12-18 12:42:03 - exhaustive_index - INFO - Processing table 968 - datasets_USA/USA_CSV0000000000015072.csv
2025-12-18 12:42:03 - exhaustive_index - INFO - Table datasets_USA/USA_CSV0000000000015072.csv has 8784 rows and 21 columns
2025-12-18 12:42:03 - exhaustive_index - INFO - Processed table 968 - datasets_USA/USA_CSV0000000000015072.csv
2025-12-18 12:42:26 - exhaustive_index - INFO - Processing table 969 - datasets_USA/USA_CSV0000000000015075.csv
2025-12-18 12:42:26 - exhaustive_index - INFO - Table datasets_USA/USA_CSV0000000000015075.csv has 9071 rows and 17 columns
2025-12-18 12:42:26 - exhaustive_index - INFO - Processed table 969 - datasets_USA/USA_CSV0000000000015075.csv
2025-12-18 12:42:28 - exhaustive_index - INFO - Processing table 970 - datasets_USA/USA_CSV0000000000015095.csv
2025-12-18 12:42:28 - exhaustive_index - INFO - Table datasets_USA/USA_CSV0000000000015095.csv has 7191 rows and 11 columns
2025-12-18 12:42:28 - exhaustive_index - INFO - Processed table 970 - datasets_USA/USA_CSV0000000000015095.csv
2025-12-18 12:42:29 - exhaustive_index - INFO - Processing table 971 - datasets_USA/USA_CSV0000000000015100.csv
2025-12-18 12:42:29 - exhaustive_index - INFO - Table datasets_USA/USA_CSV0000000000015100.csv has 8784 rows and 21 columns
2025-12-18 12:42:29 - exhaustive_index - INFO - Processed table 971 - datasets_USA/USA_CSV0000000000015100.csv
2025-12-18 12:42:30 - exhaustive_index - INFO - Processing table 972 - datasets_USA/USA_CSV0000000000015103.csv
2025-12-18 12:42:30 - exhaustive_index - INFO - Table datasets_USA/USA_CSV0000000000015103.csv has 8784 rows and 21 columns
2025-12-18 12:42:30 - exhaustive_index - INFO - Processed table 972 - datasets_USA/USA_CSV0000000000015103.csv
2025-12-18 12:42:37 - exhaustive_index - INFO - Processing table 973 - datasets_USA/USA_CSV0000000000015120.csv
2025-12-18 12:42:37 - exhaustive_index - INFO - Table datasets_USA/USA_CSV0000000000015120.csv has 3017 rows and 19 columns
2025-12-18 12:42:37 - exhaustive_index - INFO - Processed table 973 - datasets_USA/USA_CSV0000000000015120.csv
2025-12-18 12:42:38 - exhaustive_index - INFO - Processing table 974 - datasets_USA/USA_CSV0000000000015124.csv
2025-12-18 12:42:38 - exhaustive_index - INFO - Table datasets_USA/USA_CSV0000000000015124.csv has 143 rows and 20 columns
2025-12-18 12:42:38 - exhaustive_index - INFO - Processed table 974 - datasets_USA/USA_CSV0000000000015124.csv
2025-12-18 12:42:44 - exhaustive_index - INFO - Processing table 975 - datasets_USA/USA_CSV0000000000015129.csv
2025-12-18 12:42:44 - exhaustive_index - INFO - Table datasets_USA/USA_CSV0000000000015129.csv has 12627 rows and 19 columns
2025-12-18 12:42:44 - exhaustive_index - INFO - Processed table 975 - datasets_USA/USA_CSV0000000000015129.csv
2025-12-18 12:42:46 - exhaustive_index - INFO - Processing table 976 - datasets_USA/USA_CSV0000000000015138.csv
2025-12-18 12:42:46 - exhaustive_index - INFO - Table datasets_USA/USA_CSV0000000000015138.csv has 8760 rows and 21 columns
2025-12-18 12:42:46 - exhaustive_index - INFO - Processed table 976 - datasets_USA/USA_CSV0000000000015138.csv
2025-12-18 12:42:53 - exhaustive_index - INFO - Processing table 977 - datasets_USA/USA_CSV0000000000015146.csv
2025-12-18 12:42:53 - exhaustive_index - INFO - Table datasets_USA/USA_CSV0000000000015146.csv has 2398 rows and 28 columns
2025-12-18 12:42:53 - exhaustive_index - INFO - Processed table 977 - datasets_USA/USA_CSV0000000000015146.csv
2025-12-18 12:42:57 - exhaustive_index - INFO - Processing table 978 - datasets_USA/USA_CSV0000000000015149.csv
2025-12-18 12:42:57 - exhaustive_index - INFO - Table datasets_USA/USA_CSV0000000000015149.csv has 24023 rows and 10 columns
2025-12-18 12:42:57 - exhaustive_index - INFO - Processed table 978 - datasets_USA/USA_CSV0000000000015149.csv
2025-12-18 12:43:01 - exhaustive_index - INFO - Processing table 979 - datasets_USA/USA_CSV0000000000015180.csv
2025-12-18 12:43:01 - exhaustive_index - INFO - Table datasets_USA/USA_CSV0000000000015180.csv has 11596 rows and 14 columns
2025-12-18 12:43:01 - exhaustive_index - INFO - Processed table 979 - datasets_USA/USA_CSV0000000000015180.csv
2025-12-18 12:43:06 - exhaustive_index - INFO - Processing table 980 - datasets_USA/USA_CSV0000000000015208.csv
2025-12-18 12:43:06 - exhaustive_index - INFO - Table datasets_USA/USA_CSV0000000000015208.csv has 73804 rows and 10 columns
2025-12-18 12:43:06 - exhaustive_index - INFO - Processed table 980 - datasets_USA/USA_CSV0000000000015208.csv
2025-12-18 12:43:11 - exhaustive_index - INFO - Processing table 981 - datasets_USA/USA_CSV0000000000015210.csv
2025-12-18 12:43:11 - exhaustive_index - INFO - Table datasets_USA/USA_CSV0000000000015210.csv has 13203 rows and 14 columns
2025-12-18 12:43:11 - exhaustive_index - INFO - Processed table 981 - datasets_USA/USA_CSV0000000000015210.csv
2025-12-18 12:43:14 - exhaustive_index - INFO - Processing table 982 - datasets_USA/USA_CSV0000000000015211.csv
2025-12-18 12:43:14 - exhaustive_index - INFO - Table datasets_USA/USA_CSV0000000000015211.csv has 4683 rows and 13 columns
2025-12-18 12:43:14 - exhaustive_index - INFO - Processed table 982 - datasets_USA/USA_CSV0000000000015211.csv
2025-12-18 12:43:19 - exhaustive_index - INFO - Processing table 983 - datasets_USA/USA_CSV0000000000015228.csv
2025-12-18 12:43:19 - exhaustive_index - INFO - Table datasets_USA/USA_CSV0000000000015228.csv has 12892 rows and 19 columns
2025-12-18 12:43:19 - exhaustive_index - INFO - Processed table 983 - datasets_USA/USA_CSV0000000000015228.csv
2025-12-18 12:43:20 - exhaustive_index - INFO - Processing table 984 - datasets_USA/USA_CSV0000000000015235.csv
2025-12-18 12:43:20 - exhaustive_index - INFO - Table datasets_USA/USA_CSV0000000000015235.csv has 9986 rows and 13 columns
2025-12-18 12:43:20 - exhaustive_index - INFO - Processed table 984 - datasets_USA/USA_CSV0000000000015235.csv
2025-12-18 12:43:21 - exhaustive_index - INFO - Processing table 985 - datasets_USA/USA_CSV0000000000015236.csv
2025-12-18 12:43:21 - exhaustive_index - INFO - Table datasets_USA/USA_CSV0000000000015236.csv has 13119 rows and 4 columns
2025-12-18 12:43:21 - exhaustive_index - INFO - Processed table 985 - datasets_USA/USA_CSV0000000000015236.csv
2025-12-18 12:43:22 - exhaustive_index - INFO - Processing table 986 - datasets_USA/USA_CSV0000000000015245.csv
2025-12-18 12:43:22 - exhaustive_index - INFO - Table datasets_USA/USA_CSV0000000000015245.csv has 1574 rows and 8 columns
2025-12-18 12:43:22 - exhaustive_index - INFO - Processed table 986 - datasets_USA/USA_CSV0000000000015245.csv
2025-12-18 12:43:31 - exhaustive_index - INFO - Processing table 987 - datasets_USA/USA_CSV0000000000015246.csv
2025-12-18 12:43:31 - exhaustive_index - INFO - Table datasets_USA/USA_CSV0000000000015246.csv has 9938 rows and 14 columns
2025-12-18 12:43:31 - exhaustive_index - INFO - Processed table 987 - datasets_USA/USA_CSV0000000000015246.csv
2025-12-18 12:43:34 - exhaustive_index - INFO - Processing table 988 - datasets_USA/USA_CSV0000000000015253.csv
2025-12-18 12:43:34 - exhaustive_index - INFO - Table datasets_USA/USA_CSV0000000000015253.csv has 7164 rows and 22 columns
2025-12-18 12:43:34 - exhaustive_index - INFO - Processed table 988 - datasets_USA/USA_CSV0000000000015253.csv
2025-12-18 12:43:36 - exhaustive_index - INFO - Processing table 989 - datasets_USA/USA_CSV0000000000015254.csv
2025-12-18 12:43:36 - exhaustive_index - INFO - Table datasets_USA/USA_CSV0000000000015254.csv has 72705 rows and 6 columns
2025-12-18 12:43:36 - exhaustive_index - INFO - Processed table 989 - datasets_USA/USA_CSV0000000000015254.csv
2025-12-18 12:43:41 - exhaustive_index - INFO - Processing table 990 - datasets_USA/USA_CSV0000000000015256.csv
2025-12-18 12:43:41 - exhaustive_index - INFO - Table datasets_USA/USA_CSV0000000000015256.csv has 2058 rows and 17 columns
2025-12-18 12:43:41 - exhaustive_index - INFO - Processed table 990 - datasets_USA/USA_CSV0000000000015256.csv
2025-12-18 12:43:43 - exhaustive_index - INFO - Processing table 991 - datasets_USA/USA_CSV0000000000015264.csv
2025-12-18 12:43:43 - exhaustive_index - INFO - Table datasets_USA/USA_CSV0000000000015264.csv has 8760 rows and 21 columns
2025-12-18 12:43:43 - exhaustive_index - INFO - Processed table 991 - datasets_USA/USA_CSV0000000000015264.csv
2025-12-18 12:43:44 - exhaustive_index - INFO - Processing table 992 - datasets_USA/USA_CSV0000000000015267.csv
2025-12-18 12:43:44 - exhaustive_index - INFO - Table datasets_USA/USA_CSV0000000000015267.csv has 25536 rows and 6 columns
2025-12-18 12:43:44 - exhaustive_index - INFO - Processed table 992 - datasets_USA/USA_CSV0000000000015267.csv
2025-12-18 12:43:53 - exhaustive_index - INFO - Processing table 993 - datasets_USA/USA_CSV0000000000015271.csv
2025-12-18 12:43:53 - exhaustive_index - INFO - Table datasets_USA/USA_CSV0000000000015271.csv has 12680 rows and 12 columns
2025-12-18 12:43:53 - exhaustive_index - INFO - Processed table 993 - datasets_USA/USA_CSV0000000000015271.csv
2025-12-18 12:43:56 - exhaustive_index - INFO - Processing table 994 - datasets_USA/USA_CSV0000000000015303.csv
2025-12-18 12:43:56 - exhaustive_index - INFO - Table datasets_USA/USA_CSV0000000000015303.csv has 11916 rows and 22 columns
2025-12-18 12:43:56 - exhaustive_index - INFO - Processed table 994 - datasets_USA/USA_CSV0000000000015303.csv
2025-12-18 12:43:57 - exhaustive_index - INFO - Processing table 995 - datasets_USA/USA_CSV0000000000015305.csv
2025-12-18 12:43:57 - exhaustive_index - INFO - Table datasets_USA/USA_CSV0000000000015305.csv has 9667 rows and 25 columns
2025-12-18 12:43:57 - exhaustive_index - INFO - Processed table 995 - datasets_USA/USA_CSV0000000000015305.csv
2025-12-18 12:44:00 - exhaustive_index - INFO - Processing table 996 - datasets_USA/USA_CSV0000000000015309.csv
2025-12-18 12:44:00 - exhaustive_index - INFO - Table datasets_USA/USA_CSV0000000000015309.csv has 8784 rows and 21 columns
2025-12-18 12:44:00 - exhaustive_index - INFO - Processed table 996 - datasets_USA/USA_CSV0000000000015309.csv
2025-12-18 12:44:00 - exhaustive_index - INFO - Processing table 997 - datasets_USA/USA_CSV0000000000015310.csv
2025-12-18 12:44:00 - exhaustive_index - INFO - Table datasets_USA/USA_CSV0000000000015310.csv has 19362 rows and 6 columns
2025-12-18 12:44:00 - exhaustive_index - INFO - Processed table 997 - datasets_USA/USA_CSV0000000000015310.csv
2025-12-18 12:44:02 - exhaustive_index - INFO - Processing table 998 - datasets_USA/USA_CSV0000000000015317.csv
2025-12-18 12:44:02 - exhaustive_index - INFO - Table datasets_USA/USA_CSV0000000000015317.csv has 1375 rows and 10 columns
2025-12-18 12:44:02 - exhaustive_index - INFO - Processed table 998 - datasets_USA/USA_CSV0000000000015317.csv
2025-12-18 12:44:03 - exhaustive_index - INFO - Processing table 999 - datasets_USA/USA_CSV0000000000015320.csv
2025-12-18 12:44:03 - exhaustive_index - INFO - Table datasets_USA/USA_CSV0000000000015320.csv has 34482 rows and 4 columns
2025-12-18 12:44:03 - exhaustive_index - INFO - Processed table 999 - datasets_USA/USA_CSV0000000000015320.csv
2025-12-18 12:44:20 - exhaustive_index - INFO - Processing table 1000 - datasets_USA/USA_CSV0000000000015327.csv
2025-12-18 12:44:20 - exhaustive_index - INFO - Table datasets_USA/USA_CSV0000000000015327.csv has 3673 rows and 34 columns
2025-12-18 12:44:20 - exhaustive_index - INFO - Processed table 1000 - datasets_USA/USA_CSV0000000000015327.csv
2025-12-18 12:44:23 - exhaustive_index - INFO - Processing table 1001 - datasets_USA/USA_CSV0000000000015349.csv
2025-12-18 12:44:23 - exhaustive_index - INFO - Table datasets_USA/USA_CSV0000000000015349.csv has 8784 rows and 21 columns
2025-12-18 12:44:23 - exhaustive_index - INFO - Processed table 1001 - datasets_USA/USA_CSV0000000000015349.csv
2025-12-18 12:44:24 - exhaustive_index - INFO - Processing table 1002 - datasets_USA/USA_CSV0000000000015382.csv
2025-12-18 12:44:24 - exhaustive_index - INFO - Table datasets_USA/USA_CSV0000000000015382.csv has 9254 rows and 18 columns
2025-12-18 12:44:24 - exhaustive_index - INFO - Processed table 1002 - datasets_USA/USA_CSV0000000000015382.csv
2025-12-18 12:44:25 - exhaustive_index - INFO - Processing table 1003 - datasets_USA/USA_CSV0000000000015389.csv
2025-12-18 12:44:25 - exhaustive_index - INFO - Table datasets_USA/USA_CSV0000000000015389.csv has 13280 rows and 18 columns
2025-12-18 12:44:25 - exhaustive_index - INFO - Processed table 1003 - datasets_USA/USA_CSV0000000000015389.csv
2025-12-18 12:44:25 - exhaustive_index - INFO - Processing table 1004 - datasets_USA/USA_CSV0000000000015399.csv
2025-12-18 12:44:25 - exhaustive_index - INFO - Table datasets_USA/USA_CSV0000000000015399.csv has 20 rows and 7 columns
2025-12-18 12:44:25 - exhaustive_index - INFO - Processed table 1004 - datasets_USA/USA_CSV0000000000015399.csv
2025-12-18 12:44:32 - exhaustive_index - INFO - Processing table 1005 - datasets_USA/USA_CSV0000000000015407__74.csv
2025-12-18 12:44:32 - exhaustive_index - INFO - Table datasets_USA/USA_CSV0000000000015407__74.csv has 55555 rows and 11 columns
2025-12-18 12:44:32 - exhaustive_index - INFO - Processed table 1005 - datasets_USA/USA_CSV0000000000015407__74.csv
2025-12-18 12:44:34 - exhaustive_index - INFO - Processing table 1006 - datasets_USA/USA_CSV0000000000015408.csv
2025-12-18 12:44:34 - exhaustive_index - INFO - Table datasets_USA/USA_CSV0000000000015408.csv has 2645 rows and 13 columns
2025-12-18 12:44:34 - exhaustive_index - INFO - Processed table 1006 - datasets_USA/USA_CSV0000000000015408.csv
2025-12-18 12:44:38 - exhaustive_index - INFO - Processing table 1007 - datasets_USA/USA_CSV0000000000015412.csv
2025-12-18 12:44:38 - exhaustive_index - INFO - Table datasets_USA/USA_CSV0000000000015412.csv has 34275 rows and 9 columns
2025-12-18 12:44:38 - exhaustive_index - INFO - Processed table 1007 - datasets_USA/USA_CSV0000000000015412.csv
2025-12-18 12:44:40 - exhaustive_index - INFO - Processing table 1008 - datasets_USA/USA_CSV0000000000015420.csv
2025-12-18 12:44:40 - exhaustive_index - INFO - Table datasets_USA/USA_CSV0000000000015420.csv has 8760 rows and 21 columns
2025-12-18 12:44:40 - exhaustive_index - INFO - Processed table 1008 - datasets_USA/USA_CSV0000000000015420.csv
2025-12-18 12:44:43 - exhaustive_index - INFO - Processing table 1009 - datasets_USA/USA_CSV0000000000015457.csv
2025-12-18 12:44:43 - exhaustive_index - INFO - Table datasets_USA/USA_CSV0000000000015457.csv has 8784 rows and 21 columns
2025-12-18 12:44:43 - exhaustive_index - INFO - Processed table 1009 - datasets_USA/USA_CSV0000000000015457.csv
2025-12-18 12:44:47 - exhaustive_index - INFO - Processing table 1010 - datasets_USA/USA_CSV0000000000015466.csv
2025-12-18 12:44:47 - exhaustive_index - INFO - Table datasets_USA/USA_CSV0000000000015466.csv has 966 rows and 18 columns
2025-12-18 12:44:47 - exhaustive_index - INFO - Processed table 1010 - datasets_USA/USA_CSV0000000000015466.csv
2025-12-18 12:44:52 - exhaustive_index - INFO - Processing table 1011 - datasets_USA/USA_CSV0000000000015467.csv
2025-12-18 12:44:52 - exhaustive_index - INFO - Table datasets_USA/USA_CSV0000000000015467.csv has 14847 rows and 12 columns
2025-12-18 12:44:52 - exhaustive_index - INFO - Processed table 1011 - datasets_USA/USA_CSV0000000000015467.csv
2025-12-18 12:44:56 - exhaustive_index - INFO - Processing table 1012 - datasets_USA/USA_CSV0000000000015470.csv
2025-12-18 12:44:56 - exhaustive_index - INFO - Table datasets_USA/USA_CSV0000000000015470.csv has 1148 rows and 15 columns
2025-12-18 12:44:56 - exhaustive_index - INFO - Processed table 1012 - datasets_USA/USA_CSV0000000000015470.csv
2025-12-18 12:44:56 - exhaustive_index - INFO - Processing table 1013 - datasets_USA/USA_CSV0000000000015474.csv
2025-12-18 12:44:56 - exhaustive_index - INFO - Table datasets_USA/USA_CSV0000000000015474.csv has 33912 rows and 4 columns
2025-12-18 12:44:56 - exhaustive_index - INFO - Processed table 1013 - datasets_USA/USA_CSV0000000000015474.csv
2025-12-18 12:44:56 - exhaustive_index - INFO - Processing table 1014 - datasets_USA/USA_CSV0000000000015479.csv
2025-12-18 12:44:56 - exhaustive_index - INFO - Table datasets_USA/USA_CSV0000000000015479.csv has 25 rows and 3 columns
2025-12-18 12:44:56 - exhaustive_index - INFO - Processed table 1014 - datasets_USA/USA_CSV0000000000015479.csv
2025-12-18 12:44:57 - exhaustive_index - INFO - Processing table 1015 - datasets_USA/USA_CSV0000000000015487.csv
2025-12-18 12:44:57 - exhaustive_index - INFO - Table datasets_USA/USA_CSV0000000000015487.csv has 144 rows and 19 columns
2025-12-18 12:44:57 - exhaustive_index - INFO - Processed table 1015 - datasets_USA/USA_CSV0000000000015487.csv
2025-12-18 12:44:58 - exhaustive_index - INFO - Processing table 1016 - datasets_USA/USA_CSV0000000000015493.csv
2025-12-18 12:44:58 - exhaustive_index - INFO - Table datasets_USA/USA_CSV0000000000015493.csv has 605 rows and 5 columns
2025-12-18 12:44:58 - exhaustive_index - INFO - Processed table 1016 - datasets_USA/USA_CSV0000000000015493.csv
2025-12-18 12:44:59 - exhaustive_index - INFO - Processing table 1017 - datasets_USA/USA_CSV0000000000015520.csv
2025-12-18 12:44:59 - exhaustive_index - INFO - Table datasets_USA/USA_CSV0000000000015520.csv has 8760 rows and 21 columns
2025-12-18 12:44:59 - exhaustive_index - INFO - Processed table 1017 - datasets_USA/USA_CSV0000000000015520.csv
2025-12-18 12:45:01 - exhaustive_index - INFO - Processing table 1018 - datasets_USA/USA_CSV0000000000015533.csv
2025-12-18 12:45:01 - exhaustive_index - INFO - Table datasets_USA/USA_CSV0000000000015533.csv has 19680 rows and 9 columns
2025-12-18 12:45:01 - exhaustive_index - INFO - Processed table 1018 - datasets_USA/USA_CSV0000000000015533.csv
2025-12-18 12:45:02 - exhaustive_index - INFO - Processing table 1019 - datasets_USA/USA_CSV0000000000015538.csv
2025-12-18 12:45:02 - exhaustive_index - INFO - Table datasets_USA/USA_CSV0000000000015538.csv has 8760 rows and 21 columns
2025-12-18 12:45:02 - exhaustive_index - INFO - Processed table 1019 - datasets_USA/USA_CSV0000000000015538.csv
2025-12-18 12:45:04 - exhaustive_index - INFO - Processing table 1020 - datasets_USA/USA_CSV0000000000015549.csv
2025-12-18 12:45:04 - exhaustive_index - INFO - Table datasets_USA/USA_CSV0000000000015549.csv has 9541 rows and 22 columns
2025-12-18 12:45:04 - exhaustive_index - INFO - Processed table 1020 - datasets_USA/USA_CSV0000000000015549.csv
2025-12-18 12:45:05 - exhaustive_index - INFO - Processing table 1021 - datasets_USA/USA_CSV0000000000015551.csv
2025-12-18 12:45:05 - exhaustive_index - INFO - Table datasets_USA/USA_CSV0000000000015551.csv has 13335 rows and 17 columns
2025-12-18 12:45:05 - exhaustive_index - INFO - Processed table 1021 - datasets_USA/USA_CSV0000000000015551.csv
2025-12-18 12:45:14 - exhaustive_index - INFO - Processing table 1022 - datasets_USA/USA_CSV0000000000015558.csv
2025-12-18 12:45:14 - exhaustive_index - INFO - Table datasets_USA/USA_CSV0000000000015558.csv has 25423 rows and 15 columns
2025-12-18 12:45:14 - exhaustive_index - INFO - Processed table 1022 - datasets_USA/USA_CSV0000000000015558.csv
2025-12-18 12:45:14 - exhaustive_index - INFO - Processing table 1023 - datasets_USA/USA_CSV0000000000015585.csv
2025-12-18 12:45:14 - exhaustive_index - INFO - Table datasets_USA/USA_CSV0000000000015585.csv has 846 rows and 6 columns
2025-12-18 12:45:14 - exhaustive_index - INFO - Processed table 1023 - datasets_USA/USA_CSV0000000000015585.csv
2025-12-18 12:45:21 - exhaustive_index - INFO - Processing table 1024 - datasets_USA/USA_CSV0000000000015588.csv
2025-12-18 12:45:21 - exhaustive_index - INFO - Table datasets_USA/USA_CSV0000000000015588.csv has 17031 rows and 20 columns
2025-12-18 12:45:21 - exhaustive_index - INFO - Processed table 1024 - datasets_USA/USA_CSV0000000000015588.csv
2025-12-18 12:45:23 - exhaustive_index - INFO - Processing table 1025 - datasets_USA/USA_CSV0000000000015589.csv
2025-12-18 12:45:23 - exhaustive_index - INFO - Table datasets_USA/USA_CSV0000000000015589.csv has 31512 rows and 13 columns
2025-12-18 12:45:23 - exhaustive_index - INFO - Processed table 1025 - datasets_USA/USA_CSV0000000000015589.csv
2025-12-18 12:45:25 - exhaustive_index - INFO - Processing table 1026 - datasets_USA/USA_CSV0000000000015621.csv
2025-12-18 12:45:25 - exhaustive_index - INFO - Table datasets_USA/USA_CSV0000000000015621.csv has 15104 rows and 11 columns
2025-12-18 12:45:25 - exhaustive_index - INFO - Processed table 1026 - datasets_USA/USA_CSV0000000000015621.csv
2025-12-18 12:45:25 - exhaustive_index - INFO - Processing table 1027 - datasets_USA/USA_CSV0000000000015638.csv
2025-12-18 12:45:25 - exhaustive_index - INFO - Table datasets_USA/USA_CSV0000000000015638.csv has 77469 rows and 3 columns
2025-12-18 12:45:25 - exhaustive_index - INFO - Processed table 1027 - datasets_USA/USA_CSV0000000000015638.csv
2025-12-18 12:45:28 - exhaustive_index - INFO - Processing table 1028 - datasets_USA/USA_CSV0000000000015655.csv
2025-12-18 12:45:28 - exhaustive_index - INFO - Table datasets_USA/USA_CSV0000000000015655.csv has 8760 rows and 21 columns
2025-12-18 12:45:28 - exhaustive_index - INFO - Processed table 1028 - datasets_USA/USA_CSV0000000000015655.csv
2025-12-18 12:45:29 - exhaustive_index - INFO - Processing table 1029 - datasets_USA/USA_CSV0000000000015662.csv
2025-12-18 12:45:29 - exhaustive_index - INFO - Table datasets_USA/USA_CSV0000000000015662.csv has 30633 rows and 11 columns
2025-12-18 12:45:29 - exhaustive_index - INFO - Processed table 1029 - datasets_USA/USA_CSV0000000000015662.csv
2025-12-18 12:45:29 - exhaustive_index - INFO - Processing table 1030 - datasets_USA/USA_CSV0000000000015677.csv
2025-12-18 12:45:29 - exhaustive_index - INFO - Table datasets_USA/USA_CSV0000000000015677.csv has 11 rows and 5 columns
2025-12-18 12:45:29 - exhaustive_index - INFO - Processed table 1030 - datasets_USA/USA_CSV0000000000015677.csv
2025-12-18 12:45:43 - exhaustive_index - INFO - Processing table 1031 - datasets_USA/USA_CSV0000000000015682.csv
2025-12-18 12:45:43 - exhaustive_index - INFO - Table datasets_USA/USA_CSV0000000000015682.csv has 11391 rows and 22 columns
2025-12-18 12:45:43 - exhaustive_index - INFO - Processed table 1031 - datasets_USA/USA_CSV0000000000015682.csv
2025-12-18 12:45:51 - exhaustive_index - INFO - Processing table 1032 - datasets_USA/USA_CSV0000000000015691.csv
2025-12-18 12:45:51 - exhaustive_index - INFO - Table datasets_USA/USA_CSV0000000000015691.csv has 7280 rows and 17 columns
2025-12-18 12:45:51 - exhaustive_index - INFO - Processed table 1032 - datasets_USA/USA_CSV0000000000015691.csv
2025-12-18 12:45:53 - exhaustive_index - INFO - Processing table 1033 - datasets_USA/USA_CSV0000000000015700.csv
2025-12-18 12:45:53 - exhaustive_index - INFO - Table datasets_USA/USA_CSV0000000000015700.csv has 8760 rows and 21 columns
2025-12-18 12:45:53 - exhaustive_index - INFO - Processed table 1033 - datasets_USA/USA_CSV0000000000015700.csv
2025-12-18 12:46:35 - exhaustive_index - INFO - Processing table 1034 - datasets_USA/USA_CSV0000000000015705.csv
2025-12-18 12:46:35 - exhaustive_index - INFO - Table datasets_USA/USA_CSV0000000000015705.csv has 4154 rows and 55 columns
2025-12-18 12:46:35 - exhaustive_index - INFO - Processed table 1034 - datasets_USA/USA_CSV0000000000015705.csv
2025-12-18 12:46:37 - exhaustive_index - INFO - Processing table 1035 - datasets_USA/USA_CSV0000000000015727.csv
2025-12-18 12:46:37 - exhaustive_index - INFO - Table datasets_USA/USA_CSV0000000000015727.csv has 58459 rows and 6 columns
2025-12-18 12:46:37 - exhaustive_index - INFO - Processed table 1035 - datasets_USA/USA_CSV0000000000015727.csv
2025-12-18 12:46:40 - exhaustive_index - INFO - Processing table 1036 - datasets_USA/USA_CSV0000000000015738.csv
2025-12-18 12:46:40 - exhaustive_index - INFO - Table datasets_USA/USA_CSV0000000000015738.csv has 8760 rows and 21 columns
2025-12-18 12:46:40 - exhaustive_index - INFO - Processed table 1036 - datasets_USA/USA_CSV0000000000015738.csv
2025-12-18 12:47:27 - exhaustive_index - INFO - Processing table 1037 - datasets_USA/USA_CSV0000000000015739.csv
2025-12-18 12:47:27 - exhaustive_index - INFO - Table datasets_USA/USA_CSV0000000000015739.csv has 6310 rows and 34 columns
2025-12-18 12:47:27 - exhaustive_index - INFO - Processed table 1037 - datasets_USA/USA_CSV0000000000015739.csv
2025-12-18 12:47:28 - exhaustive_index - INFO - Processing table 1038 - datasets_USA/USA_CSV0000000000015773.csv
2025-12-18 12:47:28 - exhaustive_index - INFO - Table datasets_USA/USA_CSV0000000000015773.csv has 17326 rows and 5 columns
2025-12-18 12:47:28 - exhaustive_index - INFO - Processed table 1038 - datasets_USA/USA_CSV0000000000015773.csv
2025-12-18 12:47:29 - exhaustive_index - INFO - Processing table 1039 - datasets_USA/USA_CSV0000000000015789.csv
2025-12-18 12:47:29 - exhaustive_index - INFO - Table datasets_USA/USA_CSV0000000000015789.csv has 31663 rows and 7 columns
2025-12-18 12:47:29 - exhaustive_index - INFO - Processed table 1039 - datasets_USA/USA_CSV0000000000015789.csv
2025-12-18 12:47:31 - exhaustive_index - INFO - Processing table 1040 - datasets_USA/USA_CSV0000000000015791.csv
2025-12-18 12:47:31 - exhaustive_index - INFO - Table datasets_USA/USA_CSV0000000000015791.csv has 19988 rows and 9 columns
2025-12-18 12:47:31 - exhaustive_index - INFO - Processed table 1040 - datasets_USA/USA_CSV0000000000015791.csv
2025-12-18 12:47:36 - exhaustive_index - INFO - Processing table 1041 - datasets_USA/USA_CSV0000000000015825.csv
2025-12-18 12:47:36 - exhaustive_index - INFO - Table datasets_USA/USA_CSV0000000000015825.csv has 14499 rows and 13 columns
2025-12-18 12:47:36 - exhaustive_index - INFO - Processed table 1041 - datasets_USA/USA_CSV0000000000015825.csv
2025-12-18 12:47:38 - exhaustive_index - INFO - Processing table 1042 - datasets_USA/USA_CSV0000000000015828.csv
2025-12-18 12:47:38 - exhaustive_index - INFO - Table datasets_USA/USA_CSV0000000000015828.csv has 7302 rows and 12 columns
2025-12-18 12:47:38 - exhaustive_index - INFO - Processed table 1042 - datasets_USA/USA_CSV0000000000015828.csv
2025-12-18 12:47:39 - exhaustive_index - INFO - Processing table 1043 - datasets_USA/USA_CSV0000000000015831.csv
2025-12-18 12:47:39 - exhaustive_index - INFO - Table datasets_USA/USA_CSV0000000000015831.csv has 8784 rows and 21 columns
2025-12-18 12:47:39 - exhaustive_index - INFO - Processed table 1043 - datasets_USA/USA_CSV0000000000015831.csv
2025-12-18 12:47:40 - exhaustive_index - INFO - Processing table 1044 - datasets_USA/USA_CSV0000000000015846.csv
2025-12-18 12:47:40 - exhaustive_index - INFO - Table datasets_USA/USA_CSV0000000000015846.csv has 5848 rows and 16 columns
2025-12-18 12:47:40 - exhaustive_index - INFO - Processed table 1044 - datasets_USA/USA_CSV0000000000015846.csv
2025-12-18 12:47:42 - exhaustive_index - INFO - Processing table 1045 - datasets_USA/USA_CSV0000000000015850.csv
2025-12-18 12:47:42 - exhaustive_index - INFO - Table datasets_USA/USA_CSV0000000000015850.csv has 12011 rows and 9 columns
2025-12-18 12:47:42 - exhaustive_index - INFO - Processed table 1045 - datasets_USA/USA_CSV0000000000015850.csv
2025-12-18 12:47:45 - exhaustive_index - INFO - Processing table 1046 - datasets_USA/USA_CSV0000000000015857.csv
2025-12-18 12:47:45 - exhaustive_index - INFO - Table datasets_USA/USA_CSV0000000000015857.csv has 16122 rows and 11 columns
2025-12-18 12:47:45 - exhaustive_index - INFO - Processed table 1046 - datasets_USA/USA_CSV0000000000015857.csv
2025-12-18 12:47:47 - exhaustive_index - INFO - Processing table 1047 - datasets_USA/USA_CSV0000000000015864.csv
2025-12-18 12:47:47 - exhaustive_index - INFO - Table datasets_USA/USA_CSV0000000000015864.csv has 8760 rows and 21 columns
2025-12-18 12:47:47 - exhaustive_index - INFO - Processed table 1047 - datasets_USA/USA_CSV0000000000015864.csv
2025-12-18 12:47:51 - exhaustive_index - INFO - Processing table 1048 - datasets_USA/USA_CSV0000000000015872.csv
2025-12-18 12:47:51 - exhaustive_index - INFO - Table datasets_USA/USA_CSV0000000000015872.csv has 8784 rows and 21 columns
2025-12-18 12:47:51 - exhaustive_index - INFO - Processed table 1048 - datasets_USA/USA_CSV0000000000015872.csv
2025-12-18 12:47:51 - exhaustive_index - INFO - Processing table 1049 - datasets_USA/USA_CSV0000000000015874.csv
2025-12-18 12:47:51 - exhaustive_index - INFO - Table datasets_USA/USA_CSV0000000000015874.csv has 1478 rows and 5 columns
2025-12-18 12:47:51 - exhaustive_index - INFO - Processed table 1049 - datasets_USA/USA_CSV0000000000015874.csv
2025-12-18 12:47:53 - exhaustive_index - INFO - Processing table 1050 - datasets_USA/USA_CSV0000000000015891.csv
2025-12-18 12:47:53 - exhaustive_index - INFO - Table datasets_USA/USA_CSV0000000000015891.csv has 18191 rows and 11 columns
2025-12-18 12:47:53 - exhaustive_index - INFO - Processed table 1050 - datasets_USA/USA_CSV0000000000015891.csv
2025-12-18 12:47:56 - exhaustive_index - INFO - Processing table 1051 - datasets_USA/USA_CSV0000000000015893.csv
2025-12-18 12:47:56 - exhaustive_index - INFO - Table datasets_USA/USA_CSV0000000000015893.csv has 8521 rows and 10 columns
2025-12-18 12:47:56 - exhaustive_index - INFO - Processed table 1051 - datasets_USA/USA_CSV0000000000015893.csv
2025-12-18 12:50:29 - exhaustive_index - INFO - Processing table 1052 - datasets_USA/USA_CSV0000000000015897.csv
2025-12-18 12:50:29 - exhaustive_index - INFO - Table datasets_USA/USA_CSV0000000000015897.csv has 893 rows and 91 columns
2025-12-18 12:50:29 - exhaustive_index - INFO - Processed table 1052 - datasets_USA/USA_CSV0000000000015897.csv
2025-12-18 12:50:35 - exhaustive_index - INFO - Processing table 1053 - datasets_USA/USA_CSV0000000000015922.csv
2025-12-18 12:50:35 - exhaustive_index - INFO - Table datasets_USA/USA_CSV0000000000015922.csv has 40786 rows and 12 columns
2025-12-18 12:50:35 - exhaustive_index - INFO - Processed table 1053 - datasets_USA/USA_CSV0000000000015922.csv
2025-12-18 12:50:35 - exhaustive_index - INFO - Processing table 1054 - datasets_USA/USA_CSV0000000000015924.csv
2025-12-18 12:50:35 - exhaustive_index - INFO - Table datasets_USA/USA_CSV0000000000015924.csv has 135 rows and 9 columns
2025-12-18 12:50:35 - exhaustive_index - INFO - Processed table 1054 - datasets_USA/USA_CSV0000000000015924.csv
2025-12-18 12:50:37 - exhaustive_index - INFO - Processing table 1055 - datasets_USA/USA_CSV0000000000015929.csv
2025-12-18 12:50:37 - exhaustive_index - INFO - Table datasets_USA/USA_CSV0000000000015929.csv has 8760 rows and 21 columns
2025-12-18 12:50:37 - exhaustive_index - INFO - Processed table 1055 - datasets_USA/USA_CSV0000000000015929.csv
2025-12-18 12:50:38 - exhaustive_index - INFO - Processing table 1056 - datasets_USA/USA_CSV0000000000015932.csv
2025-12-18 12:50:38 - exhaustive_index - INFO - Table datasets_USA/USA_CSV0000000000015932.csv has 8760 rows and 21 columns
2025-12-18 12:50:38 - exhaustive_index - INFO - Processed table 1056 - datasets_USA/USA_CSV0000000000015932.csv
2025-12-18 12:50:39 - exhaustive_index - INFO - Processing table 1057 - datasets_USA/USA_CSV0000000000015942.csv
2025-12-18 12:50:39 - exhaustive_index - INFO - Table datasets_USA/USA_CSV0000000000015942.csv has 23200 rows and 6 columns
2025-12-18 12:50:39 - exhaustive_index - INFO - Processed table 1057 - datasets_USA/USA_CSV0000000000015942.csv
2025-12-18 12:50:40 - exhaustive_index - INFO - Processing table 1058 - datasets_USA/USA_CSV0000000000015945.csv
2025-12-18 12:50:40 - exhaustive_index - INFO - Table datasets_USA/USA_CSV0000000000015945.csv has 8760 rows and 21 columns
2025-12-18 12:50:40 - exhaustive_index - INFO - Processed table 1058 - datasets_USA/USA_CSV0000000000015945.csv
2025-12-18 12:50:41 - exhaustive_index - INFO - Processing table 1059 - datasets_USA/USA_CSV0000000000015992.csv
2025-12-18 12:50:41 - exhaustive_index - INFO - Table datasets_USA/USA_CSV0000000000015992.csv has 34010 rows and 4 columns
2025-12-18 12:50:41 - exhaustive_index - INFO - Processed table 1059 - datasets_USA/USA_CSV0000000000015992.csv
2025-12-18 12:50:41 - exhaustive_index - INFO - Processing table 1060 - datasets_USA/USA_CSV0000000000016007.csv
2025-12-18 12:50:41 - exhaustive_index - INFO - Table datasets_USA/USA_CSV0000000000016007.csv has 89 rows and 8 columns
2025-12-18 12:50:41 - exhaustive_index - INFO - Processed table 1060 - datasets_USA/USA_CSV0000000000016007.csv
2025-12-18 12:50:42 - exhaustive_index - INFO - Processing table 1061 - datasets_USA/USA_CSV0000000000016033.csv
2025-12-18 12:50:42 - exhaustive_index - INFO - Table datasets_USA/USA_CSV0000000000016033.csv has 34482 rows and 4 columns
2025-12-18 12:50:42 - exhaustive_index - INFO - Processed table 1061 - datasets_USA/USA_CSV0000000000016033.csv
2025-12-18 12:51:10 - exhaustive_index - INFO - Processing table 1062 - datasets_USA/USA_CSV0000000000016034.csv
2025-12-18 12:51:10 - exhaustive_index - INFO - Table datasets_USA/USA_CSV0000000000016034.csv has 14543 rows and 24 columns
2025-12-18 12:51:10 - exhaustive_index - INFO - Processed table 1062 - datasets_USA/USA_CSV0000000000016034.csv
2025-12-18 12:51:10 - exhaustive_index - INFO - Processing table 1063 - datasets_USA/USA_CSV0000000000016039.csv
2025-12-18 12:51:10 - exhaustive_index - INFO - Table datasets_USA/USA_CSV0000000000016039.csv has 23089 rows and 8 columns
2025-12-18 12:51:10 - exhaustive_index - INFO - Processed table 1063 - datasets_USA/USA_CSV0000000000016039.csv
2025-12-18 12:51:11 - exhaustive_index - INFO - Processing table 1064 - datasets_USA/USA_CSV0000000000016076.csv
2025-12-18 12:51:11 - exhaustive_index - INFO - Table datasets_USA/USA_CSV0000000000016076.csv has 88 rows and 10 columns
2025-12-18 12:51:11 - exhaustive_index - INFO - Processed table 1064 - datasets_USA/USA_CSV0000000000016076.csv
2025-12-18 12:51:12 - exhaustive_index - INFO - Processing table 1065 - datasets_USA/USA_CSV0000000000016114.csv
2025-12-18 12:51:12 - exhaustive_index - INFO - Table datasets_USA/USA_CSV0000000000016114.csv has 19492 rows and 22 columns
2025-12-18 12:51:12 - exhaustive_index - INFO - Processed table 1065 - datasets_USA/USA_CSV0000000000016114.csv
2025-12-18 12:51:15 - exhaustive_index - INFO - Processing table 1066 - datasets_USA/USA_CSV0000000000016117.csv
2025-12-18 12:51:15 - exhaustive_index - INFO - Table datasets_USA/USA_CSV0000000000016117.csv has 8760 rows and 21 columns
2025-12-18 12:51:15 - exhaustive_index - INFO - Processed table 1066 - datasets_USA/USA_CSV0000000000016117.csv
2025-12-18 12:51:16 - exhaustive_index - INFO - Processing table 1067 - datasets_USA/USA_CSV0000000000016127.csv
2025-12-18 12:51:16 - exhaustive_index - INFO - Table datasets_USA/USA_CSV0000000000016127.csv has 8557 rows and 8 columns
2025-12-18 12:51:16 - exhaustive_index - INFO - Processed table 1067 - datasets_USA/USA_CSV0000000000016127.csv
2025-12-18 12:51:20 - exhaustive_index - INFO - Processing table 1068 - datasets_USA/USA_CSV0000000000016130.csv
2025-12-18 12:51:20 - exhaustive_index - INFO - Table datasets_USA/USA_CSV0000000000016130.csv has 7445 rows and 22 columns
2025-12-18 12:51:20 - exhaustive_index - INFO - Processed table 1068 - datasets_USA/USA_CSV0000000000016130.csv
2025-12-18 12:52:49 - exhaustive_index - INFO - Processing table 1069 - datasets_USA/USA_CSV0000000000016143.csv
2025-12-18 12:52:49 - exhaustive_index - INFO - Table datasets_USA/USA_CSV0000000000016143.csv has 24599 rows and 21 columns
2025-12-18 12:52:49 - exhaustive_index - INFO - Processed table 1069 - datasets_USA/USA_CSV0000000000016143.csv
2025-12-18 12:52:52 - exhaustive_index - INFO - Processing table 1070 - datasets_USA/USA_CSV0000000000016171.csv
2025-12-18 12:52:52 - exhaustive_index - INFO - Table datasets_USA/USA_CSV0000000000016171.csv has 7395 rows and 22 columns
2025-12-18 12:52:52 - exhaustive_index - INFO - Processed table 1070 - datasets_USA/USA_CSV0000000000016171.csv
2025-12-18 12:52:55 - exhaustive_index - INFO - Processing table 1071 - datasets_USA/USA_CSV0000000000016178.csv
2025-12-18 12:52:55 - exhaustive_index - INFO - Table datasets_USA/USA_CSV0000000000016178.csv has 12392 rows and 10 columns
2025-12-18 12:52:55 - exhaustive_index - INFO - Processed table 1071 - datasets_USA/USA_CSV0000000000016178.csv
2025-12-18 12:53:04 - exhaustive_index - INFO - Processing table 1072 - datasets_USA/USA_CSV0000000000016183.csv
2025-12-18 12:53:04 - exhaustive_index - INFO - Table datasets_USA/USA_CSV0000000000016183.csv has 6099 rows and 41 columns
2025-12-18 12:53:04 - exhaustive_index - INFO - Processed table 1072 - datasets_USA/USA_CSV0000000000016183.csv
2025-12-18 12:53:06 - exhaustive_index - INFO - Processing table 1073 - datasets_USA/USA_CSV0000000000016186.csv
2025-12-18 12:53:06 - exhaustive_index - INFO - Table datasets_USA/USA_CSV0000000000016186.csv has 21441 rows and 11 columns
2025-12-18 12:53:06 - exhaustive_index - INFO - Processed table 1073 - datasets_USA/USA_CSV0000000000016186.csv
2025-12-18 12:53:07 - exhaustive_index - INFO - Processing table 1074 - datasets_USA/USA_CSV0000000000016194.csv
2025-12-18 12:53:07 - exhaustive_index - INFO - Table datasets_USA/USA_CSV0000000000016194.csv has 72303 rows and 5 columns
2025-12-18 12:53:07 - exhaustive_index - INFO - Processed table 1074 - datasets_USA/USA_CSV0000000000016194.csv
2025-12-18 12:53:08 - exhaustive_index - INFO - Processing table 1075 - datasets_USA/USA_CSV0000000000016196.csv
2025-12-18 12:53:08 - exhaustive_index - INFO - Table datasets_USA/USA_CSV0000000000016196.csv has 126 rows and 8 columns
2025-12-18 12:53:08 - exhaustive_index - INFO - Processed table 1075 - datasets_USA/USA_CSV0000000000016196.csv
2025-12-18 12:53:55 - exhaustive_index - INFO - Processing table 1076 - datasets_USA/USA_CSV0000000000016210.csv
2025-12-18 12:53:55 - exhaustive_index - INFO - Table datasets_USA/USA_CSV0000000000016210.csv has 11145 rows and 31 columns
2025-12-18 12:53:55 - exhaustive_index - INFO - Processed table 1076 - datasets_USA/USA_CSV0000000000016210.csv
2025-12-18 12:53:58 - exhaustive_index - INFO - Processing table 1077 - datasets_USA/USA_CSV0000000000016213.csv
2025-12-18 12:53:58 - exhaustive_index - INFO - Table datasets_USA/USA_CSV0000000000016213.csv has 16057 rows and 11 columns
2025-12-18 12:53:58 - exhaustive_index - INFO - Processed table 1077 - datasets_USA/USA_CSV0000000000016213.csv
2025-12-18 12:53:59 - exhaustive_index - INFO - Processing table 1078 - datasets_USA/USA_CSV0000000000016239.csv
2025-12-18 12:53:59 - exhaustive_index - INFO - Table datasets_USA/USA_CSV0000000000016239.csv has 13399 rows and 18 columns
2025-12-18 12:53:59 - exhaustive_index - INFO - Processed table 1078 - datasets_USA/USA_CSV0000000000016239.csv
2025-12-18 12:53:59 - exhaustive_index - INFO - Processing table 1079 - datasets_USA/USA_CSV0000000000016243.csv
2025-12-18 12:53:59 - exhaustive_index - INFO - Table datasets_USA/USA_CSV0000000000016243.csv has 24010 rows and 3 columns
2025-12-18 12:53:59 - exhaustive_index - INFO - Processed table 1079 - datasets_USA/USA_CSV0000000000016243.csv
2025-12-18 12:54:00 - exhaustive_index - INFO - Processing table 1080 - datasets_USA/USA_CSV0000000000016244.csv
2025-12-18 12:54:00 - exhaustive_index - INFO - Table datasets_USA/USA_CSV0000000000016244.csv has 34012 rows and 4 columns
2025-12-18 12:54:00 - exhaustive_index - INFO - Processed table 1080 - datasets_USA/USA_CSV0000000000016244.csv
2025-12-18 12:54:01 - exhaustive_index - INFO - Processing table 1081 - datasets_USA/USA_CSV0000000000016264.csv
2025-12-18 12:54:01 - exhaustive_index - INFO - Table datasets_USA/USA_CSV0000000000016264.csv has 13482 rows and 7 columns
2025-12-18 12:54:01 - exhaustive_index - INFO - Processed table 1081 - datasets_USA/USA_CSV0000000000016264.csv
2025-12-18 12:54:04 - exhaustive_index - INFO - Processing table 1082 - datasets_USA/USA_CSV0000000000016266.csv
2025-12-18 12:54:04 - exhaustive_index - INFO - Table datasets_USA/USA_CSV0000000000016266.csv has 15132 rows and 11 columns
2025-12-18 12:54:04 - exhaustive_index - INFO - Processed table 1082 - datasets_USA/USA_CSV0000000000016266.csv
2025-12-18 12:54:07 - exhaustive_index - INFO - Processing table 1083 - datasets_USA/USA_CSV0000000000016298.csv
2025-12-18 12:54:07 - exhaustive_index - INFO - Table datasets_USA/USA_CSV0000000000016298.csv has 14132 rows and 7 columns
2025-12-18 12:54:07 - exhaustive_index - INFO - Processed table 1083 - datasets_USA/USA_CSV0000000000016298.csv
2025-12-18 12:54:07 - exhaustive_index - INFO - Processing table 1084 - datasets_USA/USA_CSV0000000000016300.csv
2025-12-18 12:54:09 - exhaustive_index - INFO - Processing table 1085 - datasets_USA/USA_CSV0000000000016306.csv
2025-12-18 12:54:09 - exhaustive_index - INFO - Table datasets_USA/USA_CSV0000000000016306.csv has 4698 rows and 16 columns
2025-12-18 12:54:09 - exhaustive_index - INFO - Processed table 1085 - datasets_USA/USA_CSV0000000000016306.csv
2025-12-18 12:54:09 - exhaustive_index - INFO - Processing table 1086 - datasets_USA/USA_CSV0000000000016324.csv
2025-12-18 12:54:09 - exhaustive_index - INFO - Table datasets_USA/USA_CSV0000000000016324.csv has 463 rows and 5 columns
2025-12-18 12:54:09 - exhaustive_index - INFO - Processed table 1086 - datasets_USA/USA_CSV0000000000016324.csv
2025-12-18 12:54:11 - exhaustive_index - INFO - Processing table 1087 - datasets_USA/USA_CSV0000000000016327.csv
2025-12-18 12:54:11 - exhaustive_index - INFO - Table datasets_USA/USA_CSV0000000000016327.csv has 215 rows and 8 columns
2025-12-18 12:54:11 - exhaustive_index - INFO - Processed table 1087 - datasets_USA/USA_CSV0000000000016327.csv
2025-12-18 12:54:14 - exhaustive_index - INFO - Processing table 1088 - datasets_USA/USA_CSV0000000000016332.csv
2025-12-18 12:54:14 - exhaustive_index - INFO - Table datasets_USA/USA_CSV0000000000016332.csv has 50588 rows and 8 columns
2025-12-18 12:54:14 - exhaustive_index - INFO - Processed table 1088 - datasets_USA/USA_CSV0000000000016332.csv
2025-12-18 12:54:16 - exhaustive_index - INFO - Processing table 1089 - datasets_USA/USA_CSV0000000000016336.csv
2025-12-18 12:54:16 - exhaustive_index - INFO - Table datasets_USA/USA_CSV0000000000016336.csv has 8760 rows and 21 columns
2025-12-18 12:54:16 - exhaustive_index - INFO - Processed table 1089 - datasets_USA/USA_CSV0000000000016336.csv
2025-12-18 12:54:21 - exhaustive_index - INFO - Processing table 1090 - datasets_USA/USA_CSV0000000000016341.csv
2025-12-18 12:54:21 - exhaustive_index - INFO - Table datasets_USA/USA_CSV0000000000016341.csv has 20210 rows and 10 columns
2025-12-18 12:54:21 - exhaustive_index - INFO - Processed table 1090 - datasets_USA/USA_CSV0000000000016341.csv
2025-12-18 12:55:12 - exhaustive_index - INFO - Processing table 1091 - datasets_USA/USA_CSV0000000000016344.csv
2025-12-18 12:55:12 - exhaustive_index - INFO - Table datasets_USA/USA_CSV0000000000016344.csv has 2407 rows and 64 columns
2025-12-18 12:55:12 - exhaustive_index - INFO - Processed table 1091 - datasets_USA/USA_CSV0000000000016344.csv
2025-12-18 12:55:15 - exhaustive_index - INFO - Processing table 1092 - datasets_USA/USA_CSV0000000000016380.csv
2025-12-18 12:55:15 - exhaustive_index - INFO - Table datasets_USA/USA_CSV0000000000016380.csv has 14252 rows and 22 columns
2025-12-18 12:55:15 - exhaustive_index - INFO - Processed table 1092 - datasets_USA/USA_CSV0000000000016380.csv
2025-12-18 12:55:18 - exhaustive_index - INFO - Processing table 1093 - datasets_USA/USA_CSV0000000000016392.csv
2025-12-18 12:55:18 - exhaustive_index - INFO - Table datasets_USA/USA_CSV0000000000016392.csv has 51084 rows and 5 columns
2025-12-18 12:55:18 - exhaustive_index - INFO - Processed table 1093 - datasets_USA/USA_CSV0000000000016392.csv
2025-12-18 12:55:30 - exhaustive_index - INFO - Processing table 1094 - datasets_USA/USA_CSV0000000000016409.csv
2025-12-18 12:55:30 - exhaustive_index - INFO - Table datasets_USA/USA_CSV0000000000016409.csv has 6847 rows and 26 columns
2025-12-18 12:55:30 - exhaustive_index - INFO - Processed table 1094 - datasets_USA/USA_CSV0000000000016409.csv
2025-12-18 12:55:33 - exhaustive_index - INFO - Processing table 1095 - datasets_USA/USA_CSV0000000000016427.csv
2025-12-18 12:55:33 - exhaustive_index - INFO - Table datasets_USA/USA_CSV0000000000016427.csv has 15317 rows and 11 columns
2025-12-18 12:55:33 - exhaustive_index - INFO - Processed table 1095 - datasets_USA/USA_CSV0000000000016427.csv
2025-12-18 12:55:34 - exhaustive_index - INFO - Processing table 1096 - datasets_USA/USA_CSV0000000000016429.csv
2025-12-18 12:55:34 - exhaustive_index - INFO - Table datasets_USA/USA_CSV0000000000016429.csv has 8760 rows and 21 columns
2025-12-18 12:55:34 - exhaustive_index - INFO - Processed table 1096 - datasets_USA/USA_CSV0000000000016429.csv
2025-12-18 12:55:36 - exhaustive_index - INFO - Processing table 1097 - datasets_USA/USA_CSV0000000000016461.csv
2025-12-18 12:55:36 - exhaustive_index - INFO - Table datasets_USA/USA_CSV0000000000016461.csv has 8784 rows and 21 columns
2025-12-18 12:55:36 - exhaustive_index - INFO - Processed table 1097 - datasets_USA/USA_CSV0000000000016461.csv
2025-12-18 12:55:37 - exhaustive_index - INFO - Processing table 1098 - datasets_USA/USA_CSV0000000000016478.csv
2025-12-18 12:55:37 - exhaustive_index - INFO - Table datasets_USA/USA_CSV0000000000016478.csv has 3748 rows and 26 columns
2025-12-18 12:55:37 - exhaustive_index - INFO - Processed table 1098 - datasets_USA/USA_CSV0000000000016478.csv
2025-12-18 12:55:37 - exhaustive_index - INFO - Processing table 1099 - datasets_USA/USA_CSV0000000000016481.csv
2025-12-18 12:55:37 - exhaustive_index - INFO - Table datasets_USA/USA_CSV0000000000016481.csv has 103455 rows and 3 columns
2025-12-18 12:55:37 - exhaustive_index - INFO - Processed table 1099 - datasets_USA/USA_CSV0000000000016481.csv
2025-12-18 12:55:37 - exhaustive_index - INFO - Processing table 1100 - datasets_USA/USA_CSV0000000000016490.csv
2025-12-18 12:55:37 - exhaustive_index - INFO - Table datasets_USA/USA_CSV0000000000016490.csv has 62252 rows and 3 columns
2025-12-18 12:55:37 - exhaustive_index - INFO - Processed table 1100 - datasets_USA/USA_CSV0000000000016490.csv
2025-12-18 12:55:37 - exhaustive_index - INFO - Processing table 1101 - datasets_USA/USA_CSV0000000000016507.csv
2025-12-18 12:55:37 - exhaustive_index - INFO - Table datasets_USA/USA_CSV0000000000016507.csv has 28 rows and 4 columns
2025-12-18 12:55:37 - exhaustive_index - INFO - Processed table 1101 - datasets_USA/USA_CSV0000000000016507.csv
2025-12-18 12:55:41 - exhaustive_index - INFO - Processing table 1102 - datasets_USA/USA_CSV0000000000016511.csv
2025-12-18 12:55:41 - exhaustive_index - INFO - Table datasets_USA/USA_CSV0000000000016511.csv has 8439 rows and 14 columns
2025-12-18 12:55:41 - exhaustive_index - INFO - Processed table 1102 - datasets_USA/USA_CSV0000000000016511.csv
2025-12-18 12:55:41 - exhaustive_index - INFO - Processing table 1103 - datasets_USA/USA_CSV0000000000016515.csv
2025-12-18 12:55:41 - exhaustive_index - INFO - Table datasets_USA/USA_CSV0000000000016515.csv has 3394 rows and 12 columns
2025-12-18 12:55:41 - exhaustive_index - INFO - Processed table 1103 - datasets_USA/USA_CSV0000000000016515.csv
2025-12-18 12:55:43 - exhaustive_index - INFO - Processing table 1104 - datasets_USA/USA_CSV0000000000016533.csv
2025-12-18 12:55:43 - exhaustive_index - INFO - Table datasets_USA/USA_CSV0000000000016533.csv has 8784 rows and 21 columns
2025-12-18 12:55:43 - exhaustive_index - INFO - Processed table 1104 - datasets_USA/USA_CSV0000000000016533.csv
2025-12-18 12:55:43 - exhaustive_index - INFO - Processing table 1105 - datasets_USA/USA_CSV0000000000016536.csv
2025-12-18 12:55:43 - exhaustive_index - INFO - Table datasets_USA/USA_CSV0000000000016536.csv has 6664 rows and 4 columns
2025-12-18 12:55:43 - exhaustive_index - INFO - Processed table 1105 - datasets_USA/USA_CSV0000000000016536.csv
2025-12-18 12:55:44 - exhaustive_index - INFO - Processing table 1106 - datasets_USA/USA_CSV0000000000016544.csv
2025-12-18 12:55:44 - exhaustive_index - INFO - Table datasets_USA/USA_CSV0000000000016544.csv has 8784 rows and 21 columns
2025-12-18 12:55:44 - exhaustive_index - INFO - Processed table 1106 - datasets_USA/USA_CSV0000000000016544.csv
2025-12-18 12:55:47 - exhaustive_index - INFO - Processing table 1107 - datasets_USA/USA_CSV0000000000016550.csv
2025-12-18 12:55:47 - exhaustive_index - INFO - Table datasets_USA/USA_CSV0000000000016550.csv has 7344 rows and 22 columns
2025-12-18 12:55:47 - exhaustive_index - INFO - Processed table 1107 - datasets_USA/USA_CSV0000000000016550.csv
2025-12-18 12:55:49 - exhaustive_index - INFO - Processing table 1108 - datasets_USA/USA_CSV0000000000016593.csv
2025-12-18 12:55:49 - exhaustive_index - INFO - Table datasets_USA/USA_CSV0000000000016593.csv has 12962 rows and 14 columns
2025-12-18 12:55:49 - exhaustive_index - INFO - Processed table 1108 - datasets_USA/USA_CSV0000000000016593.csv
2025-12-18 12:55:50 - exhaustive_index - INFO - Processing table 1109 - datasets_USA/USA_CSV0000000000016610.csv
2025-12-18 12:55:50 - exhaustive_index - INFO - Table datasets_USA/USA_CSV0000000000016610.csv has 15469 rows and 16 columns
2025-12-18 12:55:50 - exhaustive_index - INFO - Processed table 1109 - datasets_USA/USA_CSV0000000000016610.csv
2025-12-18 12:55:51 - exhaustive_index - INFO - Processing table 1110 - datasets_USA/USA_CSV0000000000016619.csv
2025-12-18 12:55:51 - exhaustive_index - INFO - Table datasets_USA/USA_CSV0000000000016619.csv has 26220 rows and 20 columns
2025-12-18 12:55:51 - exhaustive_index - INFO - Processed table 1110 - datasets_USA/USA_CSV0000000000016619.csv
2025-12-18 12:55:52 - exhaustive_index - INFO - Processing table 1111 - datasets_USA/USA_CSV0000000000016623.csv
2025-12-18 12:55:52 - exhaustive_index - INFO - Table datasets_USA/USA_CSV0000000000016623.csv has 8760 rows and 21 columns
2025-12-18 12:55:52 - exhaustive_index - INFO - Processed table 1111 - datasets_USA/USA_CSV0000000000016623.csv
2025-12-18 12:55:57 - exhaustive_index - INFO - Processing table 1112 - datasets_USA/USA_CSV0000000000016653.csv
2025-12-18 12:55:57 - exhaustive_index - INFO - Table datasets_USA/USA_CSV0000000000016653.csv has 1950 rows and 23 columns
2025-12-18 12:55:57 - exhaustive_index - INFO - Processed table 1112 - datasets_USA/USA_CSV0000000000016653.csv
2025-12-18 12:56:00 - exhaustive_index - INFO - Processing table 1113 - datasets_USA/USA_CSV0000000000016662.csv
2025-12-18 12:56:00 - exhaustive_index - INFO - Table datasets_USA/USA_CSV0000000000016662.csv has 8760 rows and 21 columns
2025-12-18 12:56:00 - exhaustive_index - INFO - Processed table 1113 - datasets_USA/USA_CSV0000000000016662.csv
2025-12-18 12:56:15 - exhaustive_index - INFO - Processing table 1114 - datasets_USA/USA_CSV0000000000016677.csv
2025-12-18 12:56:15 - exhaustive_index - INFO - Table datasets_USA/USA_CSV0000000000016677.csv has 23042 rows and 16 columns
2025-12-18 12:56:15 - exhaustive_index - INFO - Processed table 1114 - datasets_USA/USA_CSV0000000000016677.csv
2025-12-18 12:56:15 - exhaustive_index - INFO - Processing table 1115 - datasets_USA/USA_CSV0000000000016688.csv
2025-12-18 12:56:15 - exhaustive_index - INFO - Table datasets_USA/USA_CSV0000000000016688.csv has 58131 rows and 4 columns
2025-12-18 12:56:15 - exhaustive_index - INFO - Processed table 1115 - datasets_USA/USA_CSV0000000000016688.csv
2025-12-18 12:56:18 - exhaustive_index - INFO - Processing table 1116 - datasets_USA/USA_CSV0000000000016710.csv
2025-12-18 12:56:18 - exhaustive_index - INFO - Table datasets_USA/USA_CSV0000000000016710.csv has 8784 rows and 21 columns
2025-12-18 12:56:18 - exhaustive_index - INFO - Processed table 1116 - datasets_USA/USA_CSV0000000000016710.csv
