2025-12-18 13:19:34 - exhaustive_index - INFO - Starting process
2025-12-18 13:19:34 - exhaustive_index - INFO - Read 1 table(s) from /app/data/canada_us_uk_open_data/datasets_USA.zip
2025-12-18 13:19:37 - exhaustive_index - INFO - Read 101 table(s) from /app/data/canada_us_uk_open_data/datasets_USA.zip
2025-12-18 13:19:38 - exhaustive_index - INFO - Read 201 table(s) from /app/data/canada_us_uk_open_data/datasets_USA.zip
2025-12-18 13:19:41 - exhaustive_index - INFO - Read 301 table(s) from /app/data/canada_us_uk_open_data/datasets_USA.zip
2025-12-18 13:19:41 - exhaustive_index - INFO - Read 401 table(s) from /app/data/canada_us_uk_open_data/datasets_USA.zip
2025-12-18 13:19:42 - exhaustive_index - INFO - Read 501 table(s) from /app/data/canada_us_uk_open_data/datasets_USA.zip
2025-12-18 13:19:42 - exhaustive_index - INFO - Read 601 table(s) from /app/data/canada_us_uk_open_data/datasets_USA.zip
2025-12-18 13:19:43 - exhaustive_index - INFO - Read 701 table(s) from /app/data/canada_us_uk_open_data/datasets_USA.zip
2025-12-18 13:19:43 - exhaustive_index - INFO - Read 801 table(s) from /app/data/canada_us_uk_open_data/datasets_USA.zip
2025-12-18 13:19:44 - exhaustive_index - INFO - Read 901 table(s) from /app/data/canada_us_uk_open_data/datasets_USA.zip
2025-12-18 13:19:44 - exhaustive_index - INFO - Read 1001 table(s) from /app/data/canada_us_uk_open_data/datasets_USA.zip
2025-12-18 13:19:45 - exhaustive_index - INFO - Read 1101 table(s) from /app/data/canada_us_uk_open_data/datasets_USA.zip
2025-12-18 13:19:46 - exhaustive_index - INFO - Read 1201 table(s) from /app/data/canada_us_uk_open_data/datasets_USA.zip
2025-12-18 13:19:46 - exhaustive_index - INFO - Read 1301 table(s) from /app/data/canada_us_uk_open_data/datasets_USA.zip
2025-12-18 13:19:47 - exhaustive_index - INFO - Read 1401 table(s) from /app/data/canada_us_uk_open_data/datasets_USA.zip
2025-12-18 13:19:47 - exhaustive_index - INFO - Read 1501 table(s) from /app/data/canada_us_uk_open_data/datasets_USA.zip
2025-12-18 13:19:48 - exhaustive_index - INFO - Read 1601 table(s) from /app/data/canada_us_uk_open_data/datasets_USA.zip
2025-12-18 13:19:48 - exhaustive_index - INFO - Read 1701 table(s) from /app/data/canada_us_uk_open_data/datasets_USA.zip
2025-12-18 13:19:49 - exhaustive_index - INFO - Read 1801 table(s) from /app/data/canada_us_uk_open_data/datasets_USA.zip
2025-12-18 13:19:50 - exhaustive_index - INFO - Read 1901 table(s) from /app/data/canada_us_uk_open_data/datasets_USA.zip
2025-12-18 13:19:50 - exhaustive_index - INFO - Read 2001 table(s) from /app/data/canada_us_uk_open_data/datasets_USA.zip
2025-12-18 13:19:51 - exhaustive_index - INFO - Read 2101 table(s) from /app/data/canada_us_uk_open_data/datasets_USA.zip
2025-12-18 13:19:51 - exhaustive_index - INFO - Read 2201 table(s) from /app/data/canada_us_uk_open_data/datasets_USA.zip
2025-12-18 13:19:52 - exhaustive_index - INFO - Read 2301 table(s) from /app/data/canada_us_uk_open_data/datasets_USA.zip
2025-12-18 13:19:53 - exhaustive_index - INFO - Read 2401 table(s) from /app/data/canada_us_uk_open_data/datasets_USA.zip
2025-12-18 13:19:55 - exhaustive_index - INFO - Read 2501 table(s) from /app/data/canada_us_uk_open_data/datasets_USA.zip
2025-12-18 13:19:57 - exhaustive_index - INFO - Read 2601 table(s) from /app/data/canada_us_uk_open_data/datasets_USA.zip
2025-12-18 13:19:59 - exhaustive_index - INFO - Read 2701 table(s) from /app/data/canada_us_uk_open_data/datasets_USA.zip
2025-12-18 13:20:03 - exhaustive_index - INFO - Read 2801 table(s) from /app/data/canada_us_uk_open_data/datasets_USA.zip
2025-12-18 13:20:08 - exhaustive_index - INFO - Read 2901 table(s) from /app/data/canada_us_uk_open_data/datasets_USA.zip
2025-12-18 13:20:13 - exhaustive_index - INFO - Read 3001 table(s) from /app/data/canada_us_uk_open_data/datasets_USA.zip
2025-12-18 13:20:17 - exhaustive_index - INFO - Read 3101 table(s) from /app/data/canada_us_uk_open_data/datasets_USA.zip
2025-12-18 13:20:23 - exhaustive_index - INFO - Read 3201 table(s) from /app/data/canada_us_uk_open_data/datasets_USA.zip
2025-12-18 13:20:26 - exhaustive_index - INFO - Read 3301 table(s) from /app/data/canada_us_uk_open_data/datasets_USA.zip
2025-12-18 13:20:36 - exhaustive_index - INFO - Read 3401 table(s) from /app/data/canada_us_uk_open_data/datasets_USA.zip
2025-12-18 13:20:41 - exhaustive_index - INFO - Read 3501 table(s) from /app/data/canada_us_uk_open_data/datasets_USA.zip
2025-12-18 13:20:45 - exhaustive_index - INFO - Read 3601 table(s) from /app/data/canada_us_uk_open_data/datasets_USA.zip
2025-12-18 13:20:48 - exhaustive_index - INFO - Read 3701 table(s) from /app/data/canada_us_uk_open_data/datasets_USA.zip
2025-12-18 13:20:51 - exhaustive_index - INFO - Read 3801 table(s) from /app/data/canada_us_uk_open_data/datasets_USA.zip
2025-12-18 13:20:57 - exhaustive_index - INFO - Read 3901 table(s) from /app/data/canada_us_uk_open_data/datasets_USA.zip
2025-12-18 13:21:05 - exhaustive_index - INFO - Read 4001 table(s) from /app/data/canada_us_uk_open_data/datasets_USA.zip
2025-12-18 13:21:08 - exhaustive_index - INFO - Read 4101 table(s) from /app/data/canada_us_uk_open_data/datasets_USA.zip
2025-12-18 13:21:16 - exhaustive_index - INFO - Read 4201 table(s) from /app/data/canada_us_uk_open_data/datasets_USA.zip
2025-12-18 13:21:19 - exhaustive_index - INFO - Read 4301 table(s) from /app/data/canada_us_uk_open_data/datasets_USA.zip
2025-12-18 13:21:26 - exhaustive_index - INFO - Read 4401 table(s) from /app/data/canada_us_uk_open_data/datasets_USA.zip
2025-12-18 13:21:34 - exhaustive_index - INFO - Read 4501 table(s) from /app/data/canada_us_uk_open_data/datasets_USA.zip
2025-12-18 13:21:40 - exhaustive_index - INFO - Read 4601 table(s) from /app/data/canada_us_uk_open_data/datasets_USA.zip
2025-12-18 13:21:47 - exhaustive_index - INFO - Read 4701 table(s) from /app/data/canada_us_uk_open_data/datasets_USA.zip
2025-12-18 13:21:55 - exhaustive_index - INFO - Read 4801 table(s) from /app/data/canada_us_uk_open_data/datasets_USA.zip
2025-12-18 13:22:00 - exhaustive_index - INFO - Read 4901 table(s) from /app/data/canada_us_uk_open_data/datasets_USA.zip
2025-12-18 13:22:08 - exhaustive_index - INFO - Read 5001 table(s) from /app/data/canada_us_uk_open_data/datasets_USA.zip
2025-12-18 13:22:08 - exhaustive_index - INFO - Read 5101 table(s) from /app/data/canada_us_uk_open_data/datasets_USA.zip
2025-12-18 13:22:08 - exhaustive_index - INFO - Processing table 0 - datasets_USA/USA_CSV0000000000000009.csv
2025-12-18 13:22:08 - exhaustive_index - INFO - Table datasets_USA/USA_CSV0000000000000009.csv has 0 rows and 7 columns
2025-12-18 13:22:08 - exhaustive_index - INFO - Processed table 0 - datasets_USA/USA_CSV0000000000000009.csv
2025-12-18 13:22:10 - exhaustive_index - INFO - Processing table 1 - datasets_USA/USA_CSV0000000000000030.csv
2025-12-18 13:22:10 - exhaustive_index - INFO - Table datasets_USA/USA_CSV0000000000000030.csv has 154 rows and 10 columns
2025-12-18 13:22:10 - exhaustive_index - INFO - Processed table 1 - datasets_USA/USA_CSV0000000000000030.csv
2025-12-18 13:22:10 - exhaustive_index - INFO - Processing table 2 - datasets_USA/USA_CSV0000000000000153.csv
2025-12-18 13:22:10 - exhaustive_index - INFO - Table datasets_USA/USA_CSV0000000000000153.csv has 230 rows and 9 columns
2025-12-18 13:22:10 - exhaustive_index - INFO - Processed table 2 - datasets_USA/USA_CSV0000000000000153.csv
2025-12-18 13:22:11 - exhaustive_index - INFO - Processing table 3 - datasets_USA/USA_CSV0000000000000157.csv
2025-12-18 13:22:11 - exhaustive_index - INFO - Table datasets_USA/USA_CSV0000000000000157.csv has 302 rows and 10 columns
2025-12-18 13:22:11 - exhaustive_index - INFO - Processed table 3 - datasets_USA/USA_CSV0000000000000157.csv
2025-12-18 13:22:11 - exhaustive_index - INFO - Processing table 4 - datasets_USA/USA_CSV0000000000000230.csv
2025-12-18 13:22:11 - exhaustive_index - INFO - Table datasets_USA/USA_CSV0000000000000230.csv has 123 rows and 6 columns
2025-12-18 13:22:11 - exhaustive_index - INFO - Processed table 4 - datasets_USA/USA_CSV0000000000000230.csv
2025-12-18 13:22:12 - exhaustive_index - INFO - Processing table 5 - datasets_USA/USA_CSV0000000000000235.csv
2025-12-18 13:22:12 - exhaustive_index - INFO - Table datasets_USA/USA_CSV0000000000000235.csv has 274 rows and 6 columns
2025-12-18 13:22:12 - exhaustive_index - INFO - Processed table 5 - datasets_USA/USA_CSV0000000000000235.csv
2025-12-18 13:22:14 - exhaustive_index - INFO - Processing table 6 - datasets_USA/USA_CSV0000000000000373__10.csv
2025-12-18 13:22:14 - exhaustive_index - INFO - Table datasets_USA/USA_CSV0000000000000373__10.csv has 49504 rows and 8 columns
2025-12-18 13:22:14 - exhaustive_index - INFO - Processed table 6 - datasets_USA/USA_CSV0000000000000373__10.csv
2025-12-18 13:22:18 - exhaustive_index - INFO - Processing table 7 - datasets_USA/USA_CSV0000000000000376__0.csv
2025-12-18 13:22:18 - exhaustive_index - INFO - Table datasets_USA/USA_CSV0000000000000376__0.csv has 64691 rows and 7 columns
2025-12-18 13:22:18 - exhaustive_index - INFO - Processed table 7 - datasets_USA/USA_CSV0000000000000376__0.csv
2025-12-18 13:22:22 - exhaustive_index - INFO - Processing table 8 - datasets_USA/USA_CSV0000000000000382__50.csv
2025-12-18 13:22:22 - exhaustive_index - INFO - Table datasets_USA/USA_CSV0000000000000382__50.csv has 49504 rows and 8 columns
2025-12-18 13:22:22 - exhaustive_index - INFO - Processed table 8 - datasets_USA/USA_CSV0000000000000382__50.csv
2025-12-18 13:22:24 - exhaustive_index - INFO - Processing table 9 - datasets_USA/USA_CSV0000000000000463.csv
2025-12-18 13:22:24 - exhaustive_index - INFO - Table datasets_USA/USA_CSV0000000000000463.csv has 8760 rows and 21 columns
2025-12-18 13:22:24 - exhaustive_index - INFO - Processed table 9 - datasets_USA/USA_CSV0000000000000463.csv
2025-12-18 13:22:25 - exhaustive_index - INFO - Processing table 10 - datasets_USA/USA_CSV0000000000000470.csv
2025-12-18 13:22:25 - exhaustive_index - INFO - Table datasets_USA/USA_CSV0000000000000470.csv has 57 rows and 10 columns
2025-12-18 13:22:25 - exhaustive_index - INFO - Processed table 10 - datasets_USA/USA_CSV0000000000000470.csv
2025-12-18 13:22:31 - exhaustive_index - INFO - Processing table 11 - datasets_USA/USA_CSV0000000000000487.csv
2025-12-18 13:22:31 - exhaustive_index - INFO - Table datasets_USA/USA_CSV0000000000000487.csv has 92156 rows and 11 columns
2025-12-18 13:22:31 - exhaustive_index - INFO - Processed table 11 - datasets_USA/USA_CSV0000000000000487.csv
2025-12-18 13:22:34 - exhaustive_index - INFO - Processing table 12 - datasets_USA/USA_CSV0000000000000491.csv
2025-12-18 13:22:34 - exhaustive_index - INFO - Table datasets_USA/USA_CSV0000000000000491.csv has 8784 rows and 21 columns
2025-12-18 13:22:34 - exhaustive_index - INFO - Processed table 12 - datasets_USA/USA_CSV0000000000000491.csv
2025-12-18 13:22:36 - exhaustive_index - INFO - Processing table 13 - datasets_USA/USA_CSV0000000000000504__09.csv
2025-12-18 13:22:36 - exhaustive_index - INFO - Table datasets_USA/USA_CSV0000000000000504__09.csv has 33422 rows and 8 columns
2025-12-18 13:22:36 - exhaustive_index - INFO - Processed table 13 - datasets_USA/USA_CSV0000000000000504__09.csv
2025-12-18 13:22:37 - exhaustive_index - INFO - Processing table 14 - datasets_USA/USA_CSV0000000000000505.csv
2025-12-18 13:22:37 - exhaustive_index - INFO - Table datasets_USA/USA_CSV0000000000000505.csv has 6629 rows and 9 columns
2025-12-18 13:22:37 - exhaustive_index - INFO - Processed table 14 - datasets_USA/USA_CSV0000000000000505.csv
2025-12-18 13:22:45 - exhaustive_index - INFO - Processing table 15 - datasets_USA/USA_CSV0000000000000508.csv
2025-12-18 13:22:45 - exhaustive_index - INFO - Table datasets_USA/USA_CSV0000000000000508.csv has 121448 rows and 7 columns
2025-12-18 13:22:45 - exhaustive_index - INFO - Processed table 15 - datasets_USA/USA_CSV0000000000000508.csv
2025-12-18 13:22:48 - exhaustive_index - INFO - Processing table 16 - datasets_USA/USA_CSV0000000000000509.csv
2025-12-18 13:22:48 - exhaustive_index - INFO - Table datasets_USA/USA_CSV0000000000000509.csv has 8760 rows and 21 columns
2025-12-18 13:22:48 - exhaustive_index - INFO - Processed table 16 - datasets_USA/USA_CSV0000000000000509.csv
2025-12-18 13:22:49 - exhaustive_index - INFO - Processing table 17 - datasets_USA/USA_CSV0000000000000510.csv
2025-12-18 13:22:49 - exhaustive_index - INFO - Table datasets_USA/USA_CSV0000000000000510.csv has 487 rows and 14 columns
2025-12-18 13:22:49 - exhaustive_index - INFO - Processed table 17 - datasets_USA/USA_CSV0000000000000510.csv
2025-12-18 13:22:55 - exhaustive_index - INFO - Processing table 18 - datasets_USA/USA_CSV0000000000000511.csv
2025-12-18 13:22:55 - exhaustive_index - INFO - Table datasets_USA/USA_CSV0000000000000511.csv has 31436 rows and 22 columns
2025-12-18 13:22:55 - exhaustive_index - INFO - Processed table 18 - datasets_USA/USA_CSV0000000000000511.csv
2025-12-18 13:22:59 - exhaustive_index - INFO - Processing table 19 - datasets_USA/USA_CSV0000000000000514.csv
2025-12-18 13:22:59 - exhaustive_index - INFO - Table datasets_USA/USA_CSV0000000000000514.csv has 14011 rows and 19 columns
2025-12-18 13:22:59 - exhaustive_index - INFO - Processed table 19 - datasets_USA/USA_CSV0000000000000514.csv
2025-12-18 13:23:02 - exhaustive_index - INFO - Processing table 20 - datasets_USA/USA_CSV0000000000000517.csv
2025-12-18 13:23:02 - exhaustive_index - INFO - Table datasets_USA/USA_CSV0000000000000517.csv has 8760 rows and 21 columns
2025-12-18 13:23:02 - exhaustive_index - INFO - Processed table 20 - datasets_USA/USA_CSV0000000000000517.csv
2025-12-18 13:23:06 - exhaustive_index - INFO - Processing table 21 - datasets_USA/USA_CSV0000000000000520.csv
2025-12-18 13:23:06 - exhaustive_index - INFO - Table datasets_USA/USA_CSV0000000000000520.csv has 8760 rows and 21 columns
2025-12-18 13:23:06 - exhaustive_index - INFO - Processed table 21 - datasets_USA/USA_CSV0000000000000520.csv
2025-12-18 13:23:08 - exhaustive_index - INFO - Processing table 22 - datasets_USA/USA_CSV0000000000000522.csv
2025-12-18 13:23:08 - exhaustive_index - INFO - Table datasets_USA/USA_CSV0000000000000522.csv has 8784 rows and 21 columns
2025-12-18 13:23:08 - exhaustive_index - INFO - Processed table 22 - datasets_USA/USA_CSV0000000000000522.csv
2025-12-18 13:23:08 - exhaustive_index - INFO - Processing table 23 - datasets_USA/USA_CSV0000000000000524.csv
2025-12-18 13:23:08 - exhaustive_index - INFO - Table datasets_USA/USA_CSV0000000000000524.csv has 17 rows and 6 columns
2025-12-18 13:23:08 - exhaustive_index - INFO - Processed table 23 - datasets_USA/USA_CSV0000000000000524.csv
2025-12-18 13:23:10 - exhaustive_index - INFO - Processing table 24 - datasets_USA/USA_CSV0000000000000539.csv
2025-12-18 13:23:10 - exhaustive_index - INFO - Table datasets_USA/USA_CSV0000000000000539.csv has 35238 rows and 9 columns
2025-12-18 13:23:10 - exhaustive_index - INFO - Processed table 24 - datasets_USA/USA_CSV0000000000000539.csv
2025-12-18 13:23:10 - exhaustive_index - INFO - Processing table 25 - datasets_USA/USA_CSV0000000000000548.csv
2025-12-18 13:23:10 - exhaustive_index - INFO - Table datasets_USA/USA_CSV0000000000000548.csv has 34387 rows and 4 columns
2025-12-18 13:23:10 - exhaustive_index - INFO - Processed table 25 - datasets_USA/USA_CSV0000000000000548.csv
2025-12-18 13:23:31 - exhaustive_index - INFO - Processing table 26 - datasets_USA/USA_CSV0000000000000549.csv
2025-12-18 13:23:31 - exhaustive_index - INFO - Table datasets_USA/USA_CSV0000000000000549.csv has 24813 rows and 32 columns
2025-12-18 13:23:31 - exhaustive_index - INFO - Processed table 26 - datasets_USA/USA_CSV0000000000000549.csv
2025-12-18 13:23:32 - exhaustive_index - INFO - Processing table 27 - datasets_USA/USA_CSV0000000000000552.csv
2025-12-18 13:23:32 - exhaustive_index - INFO - Table datasets_USA/USA_CSV0000000000000552.csv has 85207 rows and 4 columns
2025-12-18 13:23:32 - exhaustive_index - INFO - Processed table 27 - datasets_USA/USA_CSV0000000000000552.csv
2025-12-18 13:23:33 - exhaustive_index - INFO - Processing table 28 - datasets_USA/USA_CSV0000000000000553.csv
2025-12-18 13:23:33 - exhaustive_index - INFO - Table datasets_USA/USA_CSV0000000000000553.csv has 81002 rows and 3 columns
2025-12-18 13:23:33 - exhaustive_index - INFO - Processed table 28 - datasets_USA/USA_CSV0000000000000553.csv
2025-12-18 13:23:35 - exhaustive_index - INFO - Processing table 29 - datasets_USA/USA_CSV0000000000000555.csv
2025-12-18 13:23:35 - exhaustive_index - INFO - Table datasets_USA/USA_CSV0000000000000555.csv has 91548 rows and 7 columns
2025-12-18 13:23:35 - exhaustive_index - INFO - Processed table 29 - datasets_USA/USA_CSV0000000000000555.csv
2025-12-18 13:23:36 - exhaustive_index - INFO - Processing table 30 - datasets_USA/USA_CSV0000000000000558.csv
2025-12-18 13:23:36 - exhaustive_index - INFO - Table datasets_USA/USA_CSV0000000000000558.csv has 40503 rows and 10 columns
2025-12-18 13:23:36 - exhaustive_index - INFO - Processed table 30 - datasets_USA/USA_CSV0000000000000558.csv
2025-12-18 13:23:36 - exhaustive_index - INFO - Processing table 31 - datasets_USA/USA_CSV0000000000000561.csv
2025-12-18 13:23:36 - exhaustive_index - INFO - Table datasets_USA/USA_CSV0000000000000561.csv has 54 rows and 4 columns
2025-12-18 13:23:36 - exhaustive_index - INFO - Processed table 31 - datasets_USA/USA_CSV0000000000000561.csv
2025-12-18 13:23:36 - exhaustive_index - INFO - Processing table 32 - datasets_USA/USA_CSV0000000000000562.csv
2025-12-18 13:23:36 - exhaustive_index - INFO - Table datasets_USA/USA_CSV0000000000000562.csv has 0 rows and 7 columns
2025-12-18 13:23:36 - exhaustive_index - INFO - Processed table 32 - datasets_USA/USA_CSV0000000000000562.csv
2025-12-18 13:23:43 - exhaustive_index - INFO - Processing table 33 - datasets_USA/USA_CSV0000000000000564.csv
2025-12-18 13:23:43 - exhaustive_index - INFO - Table datasets_USA/USA_CSV0000000000000564.csv has 49981 rows and 25 columns
2025-12-18 13:23:43 - exhaustive_index - INFO - Processed table 33 - datasets_USA/USA_CSV0000000000000564.csv
2025-12-18 13:23:46 - exhaustive_index - INFO - Processing table 34 - datasets_USA/USA_CSV0000000000000572.csv
2025-12-18 13:23:46 - exhaustive_index - INFO - Table datasets_USA/USA_CSV0000000000000572.csv has 8760 rows and 21 columns
2025-12-18 13:23:46 - exhaustive_index - INFO - Processed table 34 - datasets_USA/USA_CSV0000000000000572.csv
2025-12-18 13:23:47 - exhaustive_index - INFO - Processing table 35 - datasets_USA/USA_CSV0000000000000577.csv
2025-12-18 13:23:47 - exhaustive_index - INFO - Table datasets_USA/USA_CSV0000000000000577.csv has 34429 rows and 4 columns
2025-12-18 13:23:47 - exhaustive_index - INFO - Processed table 35 - datasets_USA/USA_CSV0000000000000577.csv
2025-12-18 13:23:47 - exhaustive_index - INFO - Processing table 36 - datasets_USA/USA_CSV0000000000000578.csv
2025-12-18 13:23:47 - exhaustive_index - INFO - Table datasets_USA/USA_CSV0000000000000578.csv has 586 rows and 3 columns
2025-12-18 13:23:47 - exhaustive_index - INFO - Processed table 36 - datasets_USA/USA_CSV0000000000000578.csv
2025-12-18 13:23:49 - exhaustive_index - INFO - Processing table 37 - datasets_USA/USA_CSV0000000000000584.csv
2025-12-18 13:23:49 - exhaustive_index - INFO - Table datasets_USA/USA_CSV0000000000000584.csv has 60838 rows and 6 columns
2025-12-18 13:23:49 - exhaustive_index - INFO - Processed table 37 - datasets_USA/USA_CSV0000000000000584.csv
2025-12-18 13:23:50 - exhaustive_index - INFO - Processing table 38 - datasets_USA/USA_CSV0000000000000585.csv
2025-12-18 13:23:50 - exhaustive_index - INFO - Table datasets_USA/USA_CSV0000000000000585.csv has 8760 rows and 21 columns
2025-12-18 13:23:50 - exhaustive_index - INFO - Processed table 38 - datasets_USA/USA_CSV0000000000000585.csv
2025-12-18 13:24:27 - exhaustive_index - INFO - Processing table 39 - datasets_USA/USA_CSV0000000000000601.csv
2025-12-18 13:24:27 - exhaustive_index - INFO - Table datasets_USA/USA_CSV0000000000000601.csv has 44274 rows and 23 columns
2025-12-18 13:24:27 - exhaustive_index - INFO - Processed table 39 - datasets_USA/USA_CSV0000000000000601.csv
2025-12-18 13:24:49 - exhaustive_index - INFO - Processing table 40 - datasets_USA/USA_CSV0000000000000610.csv
2025-12-18 13:24:49 - exhaustive_index - INFO - Table datasets_USA/USA_CSV0000000000000610.csv has 272750 rows and 25 columns
2025-12-18 13:24:49 - exhaustive_index - INFO - Processed table 40 - datasets_USA/USA_CSV0000000000000610.csv
2025-12-18 13:25:59 - exhaustive_index - INFO - Processing table 41 - datasets_USA/USA_CSV0000000000000620.csv
2025-12-18 13:25:59 - exhaustive_index - INFO - Table datasets_USA/USA_CSV0000000000000620.csv has 2645 rows and 36 columns
2025-12-18 13:25:59 - exhaustive_index - INFO - Processed table 41 - datasets_USA/USA_CSV0000000000000620.csv
2025-12-18 13:26:03 - exhaustive_index - INFO - Processing table 42 - datasets_USA/USA_CSV0000000000000622.csv
2025-12-18 13:26:03 - exhaustive_index - INFO - Table datasets_USA/USA_CSV0000000000000622.csv has 38674 rows and 25 columns
2025-12-18 13:26:03 - exhaustive_index - INFO - Processed table 42 - datasets_USA/USA_CSV0000000000000622.csv
2025-12-18 13:27:42 - exhaustive_index - INFO - Processing table 43 - datasets_USA/USA_CSV0000000000000636.csv
2025-12-18 13:27:42 - exhaustive_index - INFO - Table datasets_USA/USA_CSV0000000000000636.csv has 1518 rows and 77 columns
2025-12-18 13:27:42 - exhaustive_index - INFO - Processed table 43 - datasets_USA/USA_CSV0000000000000636.csv
2025-12-18 13:27:42 - exhaustive_index - INFO - Processing table 44 - datasets_USA/USA_CSV0000000000000638.csv
2025-12-18 13:27:42 - exhaustive_index - INFO - Table datasets_USA/USA_CSV0000000000000638.csv has 106 rows and 11 columns
2025-12-18 13:27:42 - exhaustive_index - INFO - Processed table 44 - datasets_USA/USA_CSV0000000000000638.csv
2025-12-18 13:27:44 - exhaustive_index - INFO - Processing table 45 - datasets_USA/USA_CSV0000000000000647.csv
2025-12-18 13:27:44 - exhaustive_index - INFO - Table datasets_USA/USA_CSV0000000000000647.csv has 13620 rows and 14 columns
2025-12-18 13:27:44 - exhaustive_index - INFO - Processed table 45 - datasets_USA/USA_CSV0000000000000647.csv
2025-12-18 13:27:46 - exhaustive_index - INFO - Processing table 46 - datasets_USA/USA_CSV0000000000000656.csv
2025-12-18 13:27:46 - exhaustive_index - INFO - Table datasets_USA/USA_CSV0000000000000656.csv has 73713 rows and 6 columns
2025-12-18 13:27:46 - exhaustive_index - INFO - Processed table 46 - datasets_USA/USA_CSV0000000000000656.csv
2025-12-18 13:28:23 - exhaustive_index - INFO - Processing table 47 - datasets_USA/USA_CSV0000000000000657.csv
2025-12-18 13:28:23 - exhaustive_index - INFO - Table datasets_USA/USA_CSV0000000000000657.csv has 189028 rows and 30 columns
2025-12-18 13:28:23 - exhaustive_index - INFO - Processed table 47 - datasets_USA/USA_CSV0000000000000657.csv
2025-12-18 13:28:23 - exhaustive_index - INFO - Processing table 48 - datasets_USA/USA_CSV0000000000000669.csv
2025-12-18 13:28:23 - exhaustive_index - INFO - Table datasets_USA/USA_CSV0000000000000669.csv has 39257 rows and 3 columns
2025-12-18 13:28:23 - exhaustive_index - INFO - Processed table 48 - datasets_USA/USA_CSV0000000000000669.csv
2025-12-18 13:28:26 - exhaustive_index - INFO - Processing table 49 - datasets_USA/USA_CSV0000000000000672.csv
2025-12-18 13:28:26 - exhaustive_index - INFO - Table datasets_USA/USA_CSV0000000000000672.csv has 8784 rows and 21 columns
2025-12-18 13:28:26 - exhaustive_index - INFO - Processed table 49 - datasets_USA/USA_CSV0000000000000672.csv
2025-12-18 13:28:27 - exhaustive_index - INFO - Processing table 50 - datasets_USA/USA_CSV0000000000000673.csv
2025-12-18 13:28:27 - exhaustive_index - INFO - Table datasets_USA/USA_CSV0000000000000673.csv has 136 rows and 17 columns
2025-12-18 13:28:27 - exhaustive_index - INFO - Processed table 50 - datasets_USA/USA_CSV0000000000000673.csv
2025-12-18 13:28:27 - exhaustive_index - INFO - Processing table 51 - datasets_USA/USA_CSV0000000000000682.csv
2025-12-18 13:28:27 - exhaustive_index - INFO - Table datasets_USA/USA_CSV0000000000000682.csv has 10 rows and 3 columns
2025-12-18 13:28:27 - exhaustive_index - INFO - Processed table 51 - datasets_USA/USA_CSV0000000000000682.csv
2025-12-18 13:28:30 - exhaustive_index - INFO - Processing table 52 - datasets_USA/USA_CSV0000000000000683.csv
2025-12-18 13:28:30 - exhaustive_index - INFO - Table datasets_USA/USA_CSV0000000000000683.csv has 8784 rows and 21 columns
2025-12-18 13:28:30 - exhaustive_index - INFO - Processed table 52 - datasets_USA/USA_CSV0000000000000683.csv
2025-12-18 13:29:25 - exhaustive_index - INFO - Processing table 53 - datasets_USA/USA_CSV0000000000000703.csv
2025-12-18 13:29:25 - exhaustive_index - INFO - Table datasets_USA/USA_CSV0000000000000703.csv has 25589 rows and 38 columns
2025-12-18 13:29:25 - exhaustive_index - INFO - Processed table 53 - datasets_USA/USA_CSV0000000000000703.csv
2025-12-18 13:29:30 - exhaustive_index - INFO - Processing table 54 - datasets_USA/USA_CSV0000000000000707.csv
2025-12-18 13:29:30 - exhaustive_index - INFO - Table datasets_USA/USA_CSV0000000000000707.csv has 78622 rows and 8 columns
2025-12-18 13:29:30 - exhaustive_index - INFO - Processed table 54 - datasets_USA/USA_CSV0000000000000707.csv
2025-12-18 13:29:33 - exhaustive_index - INFO - Processing table 55 - datasets_USA/USA_CSV0000000000000708.csv
2025-12-18 13:29:33 - exhaustive_index - INFO - Table datasets_USA/USA_CSV0000000000000708.csv has 8760 rows and 21 columns
2025-12-18 13:29:33 - exhaustive_index - INFO - Processed table 55 - datasets_USA/USA_CSV0000000000000708.csv
2025-12-18 13:29:51 - exhaustive_index - INFO - Processing table 56 - datasets_USA/USA_CSV0000000000000713.csv
2025-12-18 13:29:51 - exhaustive_index - INFO - Table datasets_USA/USA_CSV0000000000000713.csv has 12023 rows and 29 columns
2025-12-18 13:29:51 - exhaustive_index - INFO - Processed table 56 - datasets_USA/USA_CSV0000000000000713.csv
2025-12-18 13:29:52 - exhaustive_index - INFO - Processing table 57 - datasets_USA/USA_CSV0000000000000715.csv
2025-12-18 13:29:52 - exhaustive_index - INFO - Table datasets_USA/USA_CSV0000000000000715.csv has 8760 rows and 21 columns
2025-12-18 13:29:52 - exhaustive_index - INFO - Processed table 57 - datasets_USA/USA_CSV0000000000000715.csv
2025-12-18 13:29:56 - exhaustive_index - INFO - Processing table 58 - datasets_USA/USA_CSV0000000000000720.csv
2025-12-18 13:29:56 - exhaustive_index - INFO - Table datasets_USA/USA_CSV0000000000000720.csv has 302 rows and 16 columns
2025-12-18 13:29:56 - exhaustive_index - INFO - Processed table 58 - datasets_USA/USA_CSV0000000000000720.csv
2025-12-18 13:29:57 - exhaustive_index - INFO - Processing table 59 - datasets_USA/USA_CSV0000000000000724.csv
2025-12-18 13:29:57 - exhaustive_index - INFO - Table datasets_USA/USA_CSV0000000000000724.csv has 34429 rows and 4 columns
2025-12-18 13:29:57 - exhaustive_index - INFO - Processed table 59 - datasets_USA/USA_CSV0000000000000724.csv
2025-12-18 13:30:05 - exhaustive_index - INFO - Processing table 60 - datasets_USA/USA_CSV0000000000000727.csv
2025-12-18 13:30:05 - exhaustive_index - INFO - Table datasets_USA/USA_CSV0000000000000727.csv has 99845 rows and 8 columns
2025-12-18 13:30:05 - exhaustive_index - INFO - Processed table 60 - datasets_USA/USA_CSV0000000000000727.csv
2025-12-18 13:30:06 - exhaustive_index - INFO - Processing table 61 - datasets_USA/USA_CSV0000000000000730.csv
2025-12-18 13:30:06 - exhaustive_index - INFO - Table datasets_USA/USA_CSV0000000000000730.csv has 154 rows and 9 columns
2025-12-18 13:30:06 - exhaustive_index - INFO - Processed table 61 - datasets_USA/USA_CSV0000000000000730.csv
2025-12-18 13:30:09 - exhaustive_index - INFO - Processing table 62 - datasets_USA/USA_CSV0000000000000736.csv
2025-12-18 13:30:09 - exhaustive_index - INFO - Table datasets_USA/USA_CSV0000000000000736.csv has 8760 rows and 21 columns
2025-12-18 13:30:09 - exhaustive_index - INFO - Processed table 62 - datasets_USA/USA_CSV0000000000000736.csv
2025-12-18 13:30:11 - exhaustive_index - INFO - Processing table 63 - datasets_USA/USA_CSV0000000000000739.csv
2025-12-18 13:30:11 - exhaustive_index - INFO - Table datasets_USA/USA_CSV0000000000000739.csv has 9818 rows and 16 columns
2025-12-18 13:30:11 - exhaustive_index - INFO - Processed table 63 - datasets_USA/USA_CSV0000000000000739.csv
2025-12-18 13:30:11 - exhaustive_index - INFO - Processing table 64 - datasets_USA/USA_CSV0000000000000740.csv
2025-12-18 13:30:11 - exhaustive_index - INFO - Table datasets_USA/USA_CSV0000000000000740.csv has 281 rows and 10 columns
2025-12-18 13:30:11 - exhaustive_index - INFO - Processed table 64 - datasets_USA/USA_CSV0000000000000740.csv
2025-12-18 13:31:00 - exhaustive_index - INFO - Processing table 65 - datasets_USA/USA_CSV0000000000000744.csv
2025-12-18 13:31:00 - exhaustive_index - INFO - Table datasets_USA/USA_CSV0000000000000744.csv has 2399997 rows, sampling 1_000_000 rows
2025-12-18 13:31:00 - exhaustive_index - INFO - Table datasets_USA/USA_CSV0000000000000744.csv has 2399997 rows and 15 columns
2025-12-18 13:31:00 - exhaustive_index - INFO - Processed table 65 - datasets_USA/USA_CSV0000000000000744.csv
2025-12-18 13:31:05 - exhaustive_index - INFO - Processing table 66 - datasets_USA/USA_CSV0000000000000746.csv
2025-12-18 13:31:05 - exhaustive_index - INFO - Table datasets_USA/USA_CSV0000000000000746.csv has 30238 rows and 11 columns
2025-12-18 13:31:05 - exhaustive_index - INFO - Processed table 66 - datasets_USA/USA_CSV0000000000000746.csv
2025-12-18 13:31:07 - exhaustive_index - INFO - Processing table 67 - datasets_USA/USA_CSV0000000000000765.csv
2025-12-18 13:31:07 - exhaustive_index - INFO - Table datasets_USA/USA_CSV0000000000000765.csv has 8760 rows and 21 columns
2025-12-18 13:31:07 - exhaustive_index - INFO - Processed table 67 - datasets_USA/USA_CSV0000000000000765.csv
2025-12-18 13:31:09 - exhaustive_index - INFO - Processing table 68 - datasets_USA/USA_CSV0000000000000768.csv
2025-12-18 13:31:09 - exhaustive_index - INFO - Table datasets_USA/USA_CSV0000000000000768.csv has 8760 rows and 21 columns
2025-12-18 13:31:09 - exhaustive_index - INFO - Processed table 68 - datasets_USA/USA_CSV0000000000000768.csv
2025-12-18 13:31:09 - exhaustive_index - INFO - Processing table 69 - datasets_USA/USA_CSV0000000000000769.csv
2025-12-18 13:31:09 - exhaustive_index - INFO - Table datasets_USA/USA_CSV0000000000000769.csv has 801 rows and 9 columns
2025-12-18 13:31:09 - exhaustive_index - INFO - Processed table 69 - datasets_USA/USA_CSV0000000000000769.csv
2025-12-18 13:31:09 - exhaustive_index - INFO - Processing table 70 - datasets_USA/USA_CSV0000000000000796.csv
2025-12-18 13:31:09 - exhaustive_index - INFO - Table datasets_USA/USA_CSV0000000000000796.csv has 69392 rows and 4 columns
2025-12-18 13:31:09 - exhaustive_index - INFO - Processed table 70 - datasets_USA/USA_CSV0000000000000796.csv
2025-12-18 13:31:09 - exhaustive_index - INFO - Processing table 71 - datasets_USA/USA_CSV0000000000000806.csv
2025-12-18 13:31:25 - exhaustive_index - INFO - Processing table 72 - datasets_USA/USA_CSV0000000000000809.csv
2025-12-18 13:31:25 - exhaustive_index - INFO - Table datasets_USA/USA_CSV0000000000000809.csv has 44105 rows and 23 columns
2025-12-18 13:31:25 - exhaustive_index - INFO - Processed table 72 - datasets_USA/USA_CSV0000000000000809.csv
2025-12-18 13:31:29 - exhaustive_index - INFO - Processing table 73 - datasets_USA/USA_CSV0000000000000818.csv
2025-12-18 13:31:29 - exhaustive_index - INFO - Table datasets_USA/USA_CSV0000000000000818.csv has 35856 rows and 10 columns
2025-12-18 13:31:29 - exhaustive_index - INFO - Processed table 73 - datasets_USA/USA_CSV0000000000000818.csv
2025-12-18 13:31:32 - exhaustive_index - INFO - Processing table 74 - datasets_USA/USA_CSV0000000000000820.csv
2025-12-18 13:31:32 - exhaustive_index - INFO - Table datasets_USA/USA_CSV0000000000000820.csv has 15302 rows and 11 columns
2025-12-18 13:31:32 - exhaustive_index - INFO - Processed table 74 - datasets_USA/USA_CSV0000000000000820.csv
2025-12-18 13:31:34 - exhaustive_index - INFO - Processing table 75 - datasets_USA/USA_CSV0000000000000822.csv
2025-12-18 13:31:34 - exhaustive_index - INFO - Table datasets_USA/USA_CSV0000000000000822.csv has 8760 rows and 21 columns
2025-12-18 13:31:34 - exhaustive_index - INFO - Processed table 75 - datasets_USA/USA_CSV0000000000000822.csv
2025-12-18 13:31:34 - exhaustive_index - INFO - Processing table 76 - datasets_USA/USA_CSV0000000000000824.csv
2025-12-18 13:31:34 - exhaustive_index - INFO - Table datasets_USA/USA_CSV0000000000000824.csv has 123 rows and 5 columns
2025-12-18 13:31:34 - exhaustive_index - INFO - Processed table 76 - datasets_USA/USA_CSV0000000000000824.csv
2025-12-18 13:31:35 - exhaustive_index - INFO - Processing table 77 - datasets_USA/USA_CSV0000000000000830.csv
2025-12-18 13:31:35 - exhaustive_index - INFO - Table datasets_USA/USA_CSV0000000000000830.csv has 449 rows and 9 columns
2025-12-18 13:31:35 - exhaustive_index - INFO - Processed table 77 - datasets_USA/USA_CSV0000000000000830.csv
2025-12-18 13:31:36 - exhaustive_index - INFO - Processing table 78 - datasets_USA/USA_CSV0000000000000835.csv
2025-12-18 13:31:36 - exhaustive_index - INFO - Table datasets_USA/USA_CSV0000000000000835.csv has 64020 rows and 3 columns
2025-12-18 13:31:36 - exhaustive_index - INFO - Processed table 78 - datasets_USA/USA_CSV0000000000000835.csv
2025-12-18 13:32:45 - exhaustive_index - INFO - Processing table 79 - datasets_USA/USA_CSV0000000000000840.csv
2025-12-18 13:32:45 - exhaustive_index - INFO - Table datasets_USA/USA_CSV0000000000000840.csv has 152569 rows and 31 columns
2025-12-18 13:32:45 - exhaustive_index - INFO - Processed table 79 - datasets_USA/USA_CSV0000000000000840.csv
2025-12-18 13:34:23 - exhaustive_index - INFO - Processing table 80 - datasets_USA/USA_CSV0000000000000848.csv
2025-12-18 13:34:23 - exhaustive_index - INFO - Table datasets_USA/USA_CSV0000000000000848.csv has 24907 rows and 29 columns
2025-12-18 13:34:23 - exhaustive_index - INFO - Processed table 80 - datasets_USA/USA_CSV0000000000000848.csv
2025-12-18 13:34:26 - exhaustive_index - INFO - Processing table 81 - datasets_USA/USA_CSV0000000000000860.csv
2025-12-18 13:34:26 - exhaustive_index - INFO - Table datasets_USA/USA_CSV0000000000000860.csv has 44976 rows and 12 columns
2025-12-18 13:34:26 - exhaustive_index - INFO - Processed table 81 - datasets_USA/USA_CSV0000000000000860.csv
2025-12-18 13:34:29 - exhaustive_index - INFO - Processing table 82 - datasets_USA/USA_CSV0000000000000864__0.csv
2025-12-18 13:34:29 - exhaustive_index - INFO - Table datasets_USA/USA_CSV0000000000000864__0.csv has 64691 rows and 7 columns
2025-12-18 13:34:29 - exhaustive_index - INFO - Processed table 82 - datasets_USA/USA_CSV0000000000000864__0.csv
2025-12-18 13:34:31 - exhaustive_index - INFO - Processing table 83 - datasets_USA/USA_CSV0000000000000879.csv
2025-12-18 13:34:31 - exhaustive_index - INFO - Table datasets_USA/USA_CSV0000000000000879.csv has 17225 rows and 22 columns
2025-12-18 13:34:31 - exhaustive_index - INFO - Processed table 83 - datasets_USA/USA_CSV0000000000000879.csv
2025-12-18 13:34:33 - exhaustive_index - INFO - Processing table 84 - datasets_USA/USA_CSV0000000000000891.csv
2025-12-18 13:34:33 - exhaustive_index - INFO - Table datasets_USA/USA_CSV0000000000000891.csv has 15351 rows and 12 columns
2025-12-18 13:34:33 - exhaustive_index - INFO - Processed table 84 - datasets_USA/USA_CSV0000000000000891.csv
2025-12-18 13:34:33 - exhaustive_index - INFO - Processing table 85 - datasets_USA/USA_CSV0000000000000908.csv
2025-12-18 13:34:33 - exhaustive_index - INFO - Table datasets_USA/USA_CSV0000000000000908.csv has 265 rows and 6 columns
2025-12-18 13:34:33 - exhaustive_index - INFO - Processed table 85 - datasets_USA/USA_CSV0000000000000908.csv
2025-12-18 13:34:34 - exhaustive_index - INFO - Processing table 86 - datasets_USA/USA_CSV0000000000000909.csv
2025-12-18 13:34:34 - exhaustive_index - INFO - Table datasets_USA/USA_CSV0000000000000909.csv has 236 rows and 6 columns
2025-12-18 13:34:34 - exhaustive_index - INFO - Processed table 86 - datasets_USA/USA_CSV0000000000000909.csv
2025-12-18 13:34:35 - exhaustive_index - INFO - Processing table 87 - datasets_USA/USA_CSV0000000000000920.csv
2025-12-18 13:34:35 - exhaustive_index - INFO - Table datasets_USA/USA_CSV0000000000000920.csv has 13703 rows and 14 columns
2025-12-18 13:34:35 - exhaustive_index - INFO - Processed table 87 - datasets_USA/USA_CSV0000000000000920.csv
2025-12-18 13:34:36 - exhaustive_index - INFO - Processing table 88 - datasets_USA/USA_CSV0000000000000922.csv
2025-12-18 13:34:36 - exhaustive_index - INFO - Table datasets_USA/USA_CSV0000000000000922.csv has 1940 rows and 13 columns
2025-12-18 13:34:36 - exhaustive_index - INFO - Processed table 88 - datasets_USA/USA_CSV0000000000000922.csv
2025-12-18 13:34:37 - exhaustive_index - INFO - Processing table 89 - datasets_USA/USA_CSV0000000000000923.csv
2025-12-18 13:34:37 - exhaustive_index - INFO - Table datasets_USA/USA_CSV0000000000000923.csv has 27537 rows and 10 columns
2025-12-18 13:34:37 - exhaustive_index - INFO - Processed table 89 - datasets_USA/USA_CSV0000000000000923.csv
2025-12-18 13:34:37 - exhaustive_index - INFO - Processing table 90 - datasets_USA/USA_CSV0000000000000926.csv
2025-12-18 13:34:37 - exhaustive_index - INFO - Processing table 91 - datasets_USA/USA_CSV0000000000000928.csv
2025-12-18 13:34:37 - exhaustive_index - INFO - Table datasets_USA/USA_CSV0000000000000928.csv has 67221 rows and 3 columns
2025-12-18 13:34:37 - exhaustive_index - INFO - Processed table 91 - datasets_USA/USA_CSV0000000000000928.csv
2025-12-18 13:34:45 - exhaustive_index - INFO - Processing table 92 - datasets_USA/USA_CSV0000000000000945.csv
2025-12-18 13:34:45 - exhaustive_index - INFO - Table datasets_USA/USA_CSV0000000000000945.csv has 10577 rows and 20 columns
2025-12-18 13:34:45 - exhaustive_index - INFO - Processed table 92 - datasets_USA/USA_CSV0000000000000945.csv
2025-12-18 13:35:03 - exhaustive_index - INFO - Processing table 93 - datasets_USA/USA_CSV0000000000000949.csv
2025-12-18 13:35:03 - exhaustive_index - INFO - Table datasets_USA/USA_CSV0000000000000949.csv has 65219 rows and 22 columns
2025-12-18 13:35:03 - exhaustive_index - INFO - Processed table 93 - datasets_USA/USA_CSV0000000000000949.csv
2025-12-18 13:38:30 - exhaustive_index - INFO - Processing table 94 - datasets_USA/USA_CSV0000000000000960.csv
2025-12-18 13:38:30 - exhaustive_index - INFO - Table datasets_USA/USA_CSV0000000000000960.csv has 27312 rows and 32 columns
2025-12-18 13:38:30 - exhaustive_index - INFO - Processed table 94 - datasets_USA/USA_CSV0000000000000960.csv
2025-12-18 13:38:31 - exhaustive_index - INFO - Processing table 95 - datasets_USA/USA_CSV0000000000000965.csv
2025-12-18 13:38:31 - exhaustive_index - INFO - Table datasets_USA/USA_CSV0000000000000965.csv has 397 rows and 9 columns
2025-12-18 13:38:31 - exhaustive_index - INFO - Processed table 95 - datasets_USA/USA_CSV0000000000000965.csv
2025-12-18 13:38:39 - exhaustive_index - INFO - Processing table 96 - datasets_USA/USA_CSV0000000000000984.csv
2025-12-18 13:38:39 - exhaustive_index - INFO - Table datasets_USA/USA_CSV0000000000000984.csv has 50646 rows and 12 columns
2025-12-18 13:38:39 - exhaustive_index - INFO - Processed table 96 - datasets_USA/USA_CSV0000000000000984.csv
2025-12-18 13:39:04 - exhaustive_index - INFO - Processing table 97 - datasets_USA/USA_CSV0000000000000999.csv
2025-12-18 13:39:04 - exhaustive_index - INFO - Table datasets_USA/USA_CSV0000000000000999.csv has 8105 rows and 23 columns
2025-12-18 13:39:04 - exhaustive_index - INFO - Processed table 97 - datasets_USA/USA_CSV0000000000000999.csv
2025-12-18 13:39:04 - exhaustive_index - INFO - Processing table 98 - datasets_USA/USA_CSV0000000000001003.csv
2025-12-18 13:39:04 - exhaustive_index - INFO - Table datasets_USA/USA_CSV0000000000001003.csv has 1610 rows and 4 columns
2025-12-18 13:39:04 - exhaustive_index - INFO - Processed table 98 - datasets_USA/USA_CSV0000000000001003.csv
2025-12-18 13:39:05 - exhaustive_index - INFO - Processing table 99 - datasets_USA/USA_CSV0000000000001021.csv
2025-12-18 13:39:05 - exhaustive_index - INFO - Table datasets_USA/USA_CSV0000000000001021.csv has 14085 rows and 9 columns
2025-12-18 13:39:05 - exhaustive_index - INFO - Processed table 99 - datasets_USA/USA_CSV0000000000001021.csv
2025-12-18 13:39:15 - exhaustive_index - INFO - Processing table 100 - datasets_USA/USA_CSV0000000000001023.csv
2025-12-18 13:39:15 - exhaustive_index - INFO - Table datasets_USA/USA_CSV0000000000001023.csv has 1002 rows and 27 columns
2025-12-18 13:39:15 - exhaustive_index - INFO - Processed table 100 - datasets_USA/USA_CSV0000000000001023.csv
2025-12-18 13:39:17 - exhaustive_index - INFO - Processing table 101 - datasets_USA/USA_CSV0000000000001026.csv
2025-12-18 13:39:17 - exhaustive_index - INFO - Table datasets_USA/USA_CSV0000000000001026.csv has 70 rows and 32 columns
2025-12-18 13:39:17 - exhaustive_index - INFO - Processed table 101 - datasets_USA/USA_CSV0000000000001026.csv
2025-12-18 13:56:23 - exhaustive_index - INFO - Processing table 102 - datasets_USA/USA_CSV0000000000001027.csv
2025-12-18 13:56:23 - exhaustive_index - INFO - Table datasets_USA/USA_CSV0000000000001027.csv has 5225 rows and 98 columns
2025-12-18 13:56:23 - exhaustive_index - INFO - Processed table 102 - datasets_USA/USA_CSV0000000000001027.csv
2025-12-18 13:56:33 - exhaustive_index - INFO - Processing table 103 - datasets_USA/USA_CSV0000000000001050.csv
2025-12-18 13:56:33 - exhaustive_index - INFO - Table datasets_USA/USA_CSV0000000000001050.csv has 1001 rows and 27 columns
2025-12-18 13:56:33 - exhaustive_index - INFO - Processed table 103 - datasets_USA/USA_CSV0000000000001050.csv
2025-12-18 13:56:34 - exhaustive_index - INFO - Processing table 104 - datasets_USA/USA_CSV0000000000001051.csv
2025-12-18 13:56:34 - exhaustive_index - INFO - Table datasets_USA/USA_CSV0000000000001051.csv has 8160 rows and 11 columns
2025-12-18 13:56:34 - exhaustive_index - INFO - Processed table 104 - datasets_USA/USA_CSV0000000000001051.csv
2025-12-18 13:57:44 - exhaustive_index - INFO - Processing table 105 - datasets_USA/USA_CSV0000000000001056.csv
2025-12-18 13:57:44 - exhaustive_index - INFO - Table datasets_USA/USA_CSV0000000000001056.csv has 2645 rows and 36 columns
2025-12-18 13:57:44 - exhaustive_index - INFO - Processed table 105 - datasets_USA/USA_CSV0000000000001056.csv
2025-12-18 13:57:46 - exhaustive_index - INFO - Processing table 106 - datasets_USA/USA_CSV0000000000001061.csv
2025-12-18 13:57:46 - exhaustive_index - INFO - Table datasets_USA/USA_CSV0000000000001061.csv has 67712 rows and 18 columns
2025-12-18 13:57:46 - exhaustive_index - INFO - Processed table 106 - datasets_USA/USA_CSV0000000000001061.csv
2025-12-18 13:57:47 - exhaustive_index - INFO - Processing table 107 - datasets_USA/USA_CSV0000000000001064.csv
2025-12-18 13:57:47 - exhaustive_index - INFO - Table datasets_USA/USA_CSV0000000000001064.csv has 843 rows and 6 columns
2025-12-18 13:57:47 - exhaustive_index - INFO - Processed table 107 - datasets_USA/USA_CSV0000000000001064.csv
2025-12-18 13:57:47 - exhaustive_index - INFO - Processing table 108 - datasets_USA/USA_CSV0000000000001069.csv
2025-12-18 13:57:47 - exhaustive_index - INFO - Table datasets_USA/USA_CSV0000000000001069.csv has 13953 rows and 6 columns
2025-12-18 13:57:47 - exhaustive_index - INFO - Processed table 108 - datasets_USA/USA_CSV0000000000001069.csv
2025-12-18 13:57:49 - exhaustive_index - INFO - Processing table 109 - datasets_USA/USA_CSV0000000000001070.csv
2025-12-18 13:57:49 - exhaustive_index - INFO - Table datasets_USA/USA_CSV0000000000001070.csv has 422 rows and 8 columns
2025-12-18 13:57:49 - exhaustive_index - INFO - Processed table 109 - datasets_USA/USA_CSV0000000000001070.csv
2025-12-18 13:57:50 - exhaustive_index - INFO - Processing table 110 - datasets_USA/USA_CSV0000000000001094.csv
2025-12-18 13:57:50 - exhaustive_index - INFO - Table datasets_USA/USA_CSV0000000000001094.csv has 2217 rows and 12 columns
2025-12-18 13:57:50 - exhaustive_index - INFO - Processed table 110 - datasets_USA/USA_CSV0000000000001094.csv
2025-12-18 13:57:50 - exhaustive_index - INFO - Processing table 111 - datasets_USA/USA_CSV0000000000001106.csv
2025-12-18 13:57:50 - exhaustive_index - INFO - Table datasets_USA/USA_CSV0000000000001106.csv has 127 rows and 5 columns
2025-12-18 13:57:50 - exhaustive_index - INFO - Processed table 111 - datasets_USA/USA_CSV0000000000001106.csv
2025-12-18 13:58:31 - exhaustive_index - INFO - Processing table 112 - datasets_USA/USA_CSV0000000000001151.csv
2025-12-18 13:58:31 - exhaustive_index - INFO - Table datasets_USA/USA_CSV0000000000001151.csv has 17152 rows and 35 columns
2025-12-18 13:58:31 - exhaustive_index - INFO - Processed table 112 - datasets_USA/USA_CSV0000000000001151.csv
2025-12-18 13:58:41 - exhaustive_index - INFO - Processing table 113 - datasets_USA/USA_CSV0000000000001168.csv
2025-12-18 13:58:41 - exhaustive_index - INFO - Table datasets_USA/USA_CSV0000000000001168.csv has 13381 rows and 30 columns
2025-12-18 13:58:41 - exhaustive_index - INFO - Processed table 113 - datasets_USA/USA_CSV0000000000001168.csv
2025-12-18 13:58:46 - exhaustive_index - INFO - Processing table 114 - datasets_USA/USA_CSV0000000000001176.csv
2025-12-18 13:58:46 - exhaustive_index - INFO - Table datasets_USA/USA_CSV0000000000001176.csv has 15840 rows and 23 columns
2025-12-18 13:58:46 - exhaustive_index - INFO - Processed table 114 - datasets_USA/USA_CSV0000000000001176.csv
2025-12-18 13:58:50 - exhaustive_index - INFO - Processing table 115 - datasets_USA/USA_CSV0000000000001213.csv
2025-12-18 13:58:50 - exhaustive_index - INFO - Table datasets_USA/USA_CSV0000000000001213.csv has 3450 rows and 18 columns
2025-12-18 13:58:50 - exhaustive_index - INFO - Processed table 115 - datasets_USA/USA_CSV0000000000001213.csv
2025-12-18 13:58:52 - exhaustive_index - INFO - Processing table 116 - datasets_USA/USA_CSV0000000000001218.csv
2025-12-18 13:58:52 - exhaustive_index - INFO - Table datasets_USA/USA_CSV0000000000001218.csv has 33376 rows and 9 columns
2025-12-18 13:58:52 - exhaustive_index - INFO - Processed table 116 - datasets_USA/USA_CSV0000000000001218.csv
2025-12-18 13:58:55 - exhaustive_index - INFO - Processing table 117 - datasets_USA/USA_CSV0000000000001231.csv
2025-12-18 13:58:55 - exhaustive_index - INFO - Table datasets_USA/USA_CSV0000000000001231.csv has 13887 rows and 8 columns
2025-12-18 13:58:55 - exhaustive_index - INFO - Processed table 117 - datasets_USA/USA_CSV0000000000001231.csv
2025-12-18 13:59:01 - exhaustive_index - INFO - Processing table 118 - datasets_USA/USA_CSV0000000000001243.csv
2025-12-18 13:59:01 - exhaustive_index - INFO - Table datasets_USA/USA_CSV0000000000001243.csv has 51906 rows and 20 columns
2025-12-18 13:59:01 - exhaustive_index - INFO - Processed table 118 - datasets_USA/USA_CSV0000000000001243.csv
2025-12-18 13:59:02 - exhaustive_index - INFO - Processing table 119 - datasets_USA/USA_CSV0000000000001271.csv
2025-12-18 13:59:02 - exhaustive_index - INFO - Table datasets_USA/USA_CSV0000000000001271.csv has 32543 rows and 7 columns
2025-12-18 13:59:02 - exhaustive_index - INFO - Processed table 119 - datasets_USA/USA_CSV0000000000001271.csv
2025-12-18 13:59:07 - exhaustive_index - INFO - Processing table 120 - datasets_USA/USA_CSV0000000000001272.csv
2025-12-18 13:59:07 - exhaustive_index - INFO - Table datasets_USA/USA_CSV0000000000001272.csv has 4358 rows and 16 columns
2025-12-18 13:59:07 - exhaustive_index - INFO - Processed table 120 - datasets_USA/USA_CSV0000000000001272.csv
2025-12-18 13:59:07 - exhaustive_index - INFO - Processing table 121 - datasets_USA/USA_CSV0000000000001315.csv
2025-12-18 13:59:07 - exhaustive_index - INFO - Table datasets_USA/USA_CSV0000000000001315.csv has 61505 rows and 11 columns
2025-12-18 13:59:07 - exhaustive_index - INFO - Processed table 121 - datasets_USA/USA_CSV0000000000001315.csv
2025-12-18 13:59:14 - exhaustive_index - INFO - Processing table 122 - datasets_USA/USA_CSV0000000000001317.csv
2025-12-18 13:59:14 - exhaustive_index - INFO - Table datasets_USA/USA_CSV0000000000001317.csv has 86003 rows and 7 columns
2025-12-18 13:59:14 - exhaustive_index - INFO - Processed table 122 - datasets_USA/USA_CSV0000000000001317.csv
2025-12-18 13:59:14 - exhaustive_index - INFO - Processing table 123 - datasets_USA/USA_CSV0000000000001331.csv
2025-12-18 13:59:14 - exhaustive_index - INFO - Table datasets_USA/USA_CSV0000000000001331.csv has 195 rows and 6 columns
2025-12-18 13:59:14 - exhaustive_index - INFO - Processed table 123 - datasets_USA/USA_CSV0000000000001331.csv
2025-12-18 13:59:20 - exhaustive_index - INFO - Processing table 124 - datasets_USA/USA_CSV0000000000001335.csv
2025-12-18 13:59:20 - exhaustive_index - INFO - Table datasets_USA/USA_CSV0000000000001335.csv has 42843 rows and 21 columns
2025-12-18 13:59:20 - exhaustive_index - INFO - Processed table 124 - datasets_USA/USA_CSV0000000000001335.csv
2025-12-18 14:00:17 - exhaustive_index - INFO - Processing table 125 - datasets_USA/USA_CSV0000000000001344.csv
2025-12-18 14:00:17 - exhaustive_index - INFO - Table datasets_USA/USA_CSV0000000000001344.csv has 25764 rows and 16 columns
2025-12-18 14:00:17 - exhaustive_index - INFO - Processed table 125 - datasets_USA/USA_CSV0000000000001344.csv
2025-12-18 14:00:19 - exhaustive_index - INFO - Processing table 126 - datasets_USA/USA_CSV0000000000001356.csv
2025-12-18 14:00:19 - exhaustive_index - INFO - Table datasets_USA/USA_CSV0000000000001356.csv has 9544 rows and 9 columns
2025-12-18 14:00:19 - exhaustive_index - INFO - Processed table 126 - datasets_USA/USA_CSV0000000000001356.csv
2025-12-18 14:00:24 - exhaustive_index - INFO - Processing table 127 - datasets_USA/USA_CSV0000000000001360.csv
2025-12-18 14:00:24 - exhaustive_index - INFO - Table datasets_USA/USA_CSV0000000000001360.csv has 50272 rows and 18 columns
2025-12-18 14:00:24 - exhaustive_index - INFO - Processed table 127 - datasets_USA/USA_CSV0000000000001360.csv
2025-12-18 14:00:26 - exhaustive_index - INFO - Processing table 128 - datasets_USA/USA_CSV0000000000001368.csv
2025-12-18 14:00:26 - exhaustive_index - INFO - Table datasets_USA/USA_CSV0000000000001368.csv has 28162 rows and 10 columns
2025-12-18 14:00:26 - exhaustive_index - INFO - Processed table 128 - datasets_USA/USA_CSV0000000000001368.csv
2025-12-18 14:00:27 - exhaustive_index - INFO - Processing table 129 - datasets_USA/USA_CSV0000000000001376.csv
2025-12-18 14:00:27 - exhaustive_index - INFO - Table datasets_USA/USA_CSV0000000000001376.csv has 833 rows and 10 columns
2025-12-18 14:00:27 - exhaustive_index - INFO - Processed table 129 - datasets_USA/USA_CSV0000000000001376.csv
2025-12-18 14:00:29 - exhaustive_index - INFO - Processing table 130 - datasets_USA/USA_CSV0000000000001388.csv
2025-12-18 14:00:29 - exhaustive_index - INFO - Table datasets_USA/USA_CSV0000000000001388.csv has 21624 rows and 17 columns
2025-12-18 14:00:29 - exhaustive_index - INFO - Processed table 130 - datasets_USA/USA_CSV0000000000001388.csv
2025-12-18 14:00:30 - exhaustive_index - INFO - Processing table 131 - datasets_USA/USA_CSV0000000000001394.csv
2025-12-18 14:00:30 - exhaustive_index - INFO - Table datasets_USA/USA_CSV0000000000001394.csv has 364 rows and 11 columns
2025-12-18 14:00:30 - exhaustive_index - INFO - Processed table 131 - datasets_USA/USA_CSV0000000000001394.csv
2025-12-18 14:00:32 - exhaustive_index - INFO - Processing table 132 - datasets_USA/USA_CSV0000000000001404.csv
2025-12-18 14:00:32 - exhaustive_index - INFO - Table datasets_USA/USA_CSV0000000000001404.csv has 18876 rows and 11 columns
2025-12-18 14:00:32 - exhaustive_index - INFO - Processed table 132 - datasets_USA/USA_CSV0000000000001404.csv
2025-12-18 14:00:35 - exhaustive_index - INFO - Processing table 133 - datasets_USA/USA_CSV0000000000001420.csv
2025-12-18 14:00:35 - exhaustive_index - INFO - Table datasets_USA/USA_CSV0000000000001420.csv has 27720 rows and 7 columns
2025-12-18 14:00:35 - exhaustive_index - INFO - Processed table 133 - datasets_USA/USA_CSV0000000000001420.csv
2025-12-18 14:00:55 - exhaustive_index - INFO - Processing table 134 - datasets_USA/USA_CSV0000000000001428.csv
2025-12-18 14:00:55 - exhaustive_index - INFO - Table datasets_USA/USA_CSV0000000000001428.csv has 422 rows and 57 columns
2025-12-18 14:00:55 - exhaustive_index - INFO - Processed table 134 - datasets_USA/USA_CSV0000000000001428.csv
2025-12-18 14:00:58 - exhaustive_index - INFO - Processing table 135 - datasets_USA/USA_CSV0000000000001434.csv
2025-12-18 14:00:58 - exhaustive_index - INFO - Table datasets_USA/USA_CSV0000000000001434.csv has 6229 rows and 13 columns
2025-12-18 14:00:58 - exhaustive_index - INFO - Processed table 135 - datasets_USA/USA_CSV0000000000001434.csv
2025-12-18 14:01:01 - exhaustive_index - INFO - Processing table 136 - datasets_USA/USA_CSV0000000000001438.csv
2025-12-18 14:01:01 - exhaustive_index - INFO - Table datasets_USA/USA_CSV0000000000001438.csv has 44759 rows and 7 columns
2025-12-18 14:01:01 - exhaustive_index - INFO - Processed table 136 - datasets_USA/USA_CSV0000000000001438.csv
2025-12-18 14:01:01 - exhaustive_index - INFO - Processing table 137 - datasets_USA/USA_CSV0000000000001445.csv
2025-12-18 14:01:01 - exhaustive_index - INFO - Table datasets_USA/USA_CSV0000000000001445.csv has 60 rows and 17 columns
2025-12-18 14:01:01 - exhaustive_index - INFO - Processed table 137 - datasets_USA/USA_CSV0000000000001445.csv
2025-12-18 14:01:02 - exhaustive_index - INFO - Processing table 138 - datasets_USA/USA_CSV0000000000001460.csv
2025-12-18 14:01:02 - exhaustive_index - INFO - Table datasets_USA/USA_CSV0000000000001460.csv has 98441 rows and 3 columns
2025-12-18 14:01:02 - exhaustive_index - INFO - Processed table 138 - datasets_USA/USA_CSV0000000000001460.csv
2025-12-18 14:01:03 - exhaustive_index - INFO - Processing table 139 - datasets_USA/USA_CSV0000000000001465.csv
2025-12-18 14:01:03 - exhaustive_index - INFO - Table datasets_USA/USA_CSV0000000000001465.csv has 397 rows and 16 columns
2025-12-18 14:01:03 - exhaustive_index - INFO - Processed table 139 - datasets_USA/USA_CSV0000000000001465.csv
2025-12-18 14:01:03 - exhaustive_index - INFO - Processing table 140 - datasets_USA/USA_CSV0000000000001501.csv
2025-12-18 14:01:03 - exhaustive_index - INFO - Table datasets_USA/USA_CSV0000000000001501.csv has 191 rows and 7 columns
2025-12-18 14:01:03 - exhaustive_index - INFO - Processed table 140 - datasets_USA/USA_CSV0000000000001501.csv
2025-12-18 14:01:05 - exhaustive_index - INFO - Processing table 141 - datasets_USA/USA_CSV0000000000001506.csv
2025-12-18 14:01:05 - exhaustive_index - INFO - Table datasets_USA/USA_CSV0000000000001506.csv has 41156 rows and 18 columns
2025-12-18 14:01:05 - exhaustive_index - INFO - Processed table 141 - datasets_USA/USA_CSV0000000000001506.csv
2025-12-18 14:01:06 - exhaustive_index - INFO - Processing table 142 - datasets_USA/USA_CSV0000000000001511.csv
2025-12-18 14:01:06 - exhaustive_index - INFO - Table datasets_USA/USA_CSV0000000000001511.csv has 15377 rows and 5 columns
2025-12-18 14:01:06 - exhaustive_index - INFO - Processed table 142 - datasets_USA/USA_CSV0000000000001511.csv
2025-12-18 14:01:07 - exhaustive_index - INFO - Processing table 143 - datasets_USA/USA_CSV0000000000001535.csv
2025-12-18 14:01:07 - exhaustive_index - INFO - Table datasets_USA/USA_CSV0000000000001535.csv has 27514 rows and 15 columns
2025-12-18 14:01:07 - exhaustive_index - INFO - Processed table 143 - datasets_USA/USA_CSV0000000000001535.csv
2025-12-18 14:01:07 - exhaustive_index - INFO - Processing table 144 - datasets_USA/USA_CSV0000000000001541.csv
2025-12-18 14:01:07 - exhaustive_index - INFO - Table datasets_USA/USA_CSV0000000000001541.csv has 13 rows and 14 columns
2025-12-18 14:01:07 - exhaustive_index - INFO - Processed table 144 - datasets_USA/USA_CSV0000000000001541.csv
2025-12-18 14:01:09 - exhaustive_index - INFO - Processing table 145 - datasets_USA/USA_CSV0000000000001554.csv
2025-12-18 14:01:09 - exhaustive_index - INFO - Table datasets_USA/USA_CSV0000000000001554.csv has 13896 rows and 9 columns
2025-12-18 14:01:09 - exhaustive_index - INFO - Processed table 145 - datasets_USA/USA_CSV0000000000001554.csv
2025-12-18 14:01:09 - exhaustive_index - INFO - Processing table 146 - datasets_USA/USA_CSV0000000000001556.csv
2025-12-18 14:01:09 - exhaustive_index - INFO - Table datasets_USA/USA_CSV0000000000001556.csv has 51083 rows and 11 columns
2025-12-18 14:01:09 - exhaustive_index - INFO - Processed table 146 - datasets_USA/USA_CSV0000000000001556.csv
2025-12-18 14:01:09 - exhaustive_index - INFO - Processing table 147 - datasets_USA/USA_CSV0000000000001559.csv
2025-12-18 14:01:09 - exhaustive_index - INFO - Table datasets_USA/USA_CSV0000000000001559.csv has 207 rows and 6 columns
2025-12-18 14:01:09 - exhaustive_index - INFO - Processed table 147 - datasets_USA/USA_CSV0000000000001559.csv
2025-12-18 14:01:09 - exhaustive_index - INFO - Processing table 148 - datasets_USA/USA_CSV0000000000001600.csv
2025-12-18 14:01:09 - exhaustive_index - INFO - Table datasets_USA/USA_CSV0000000000001600.csv has 9 rows and 4 columns
2025-12-18 14:01:09 - exhaustive_index - INFO - Processed table 148 - datasets_USA/USA_CSV0000000000001600.csv
2025-12-18 14:01:11 - exhaustive_index - INFO - Processing table 149 - datasets_USA/USA_CSV0000000000001618.csv
2025-12-18 14:01:11 - exhaustive_index - INFO - Table datasets_USA/USA_CSV0000000000001618.csv has 98230 rows and 6 columns
2025-12-18 14:01:11 - exhaustive_index - INFO - Processed table 149 - datasets_USA/USA_CSV0000000000001618.csv
2025-12-18 14:01:55 - exhaustive_index - INFO - Processing table 150 - datasets_USA/USA_CSV0000000000001623.csv
2025-12-18 14:01:55 - exhaustive_index - INFO - Table datasets_USA/USA_CSV0000000000001623.csv has 22708 rows and 16 columns
2025-12-18 14:01:55 - exhaustive_index - INFO - Processed table 150 - datasets_USA/USA_CSV0000000000001623.csv
2025-12-18 14:01:55 - exhaustive_index - INFO - Processing table 151 - datasets_USA/USA_CSV0000000000001630.csv
2025-12-18 14:01:55 - exhaustive_index - INFO - Table datasets_USA/USA_CSV0000000000001630.csv has 162 rows and 8 columns
2025-12-18 14:01:55 - exhaustive_index - INFO - Processed table 151 - datasets_USA/USA_CSV0000000000001630.csv
2025-12-18 14:01:58 - exhaustive_index - INFO - Processing table 152 - datasets_USA/USA_CSV0000000000001635.csv
2025-12-18 14:01:58 - exhaustive_index - INFO - Table datasets_USA/USA_CSV0000000000001635.csv has 14794 rows and 21 columns
2025-12-18 14:01:58 - exhaustive_index - INFO - Processed table 152 - datasets_USA/USA_CSV0000000000001635.csv
2025-12-18 14:02:01 - exhaustive_index - INFO - Processing table 153 - datasets_USA/USA_CSV0000000000001657.csv
2025-12-18 14:02:01 - exhaustive_index - INFO - Table datasets_USA/USA_CSV0000000000001657.csv has 81578 rows and 13 columns
2025-12-18 14:02:01 - exhaustive_index - INFO - Processed table 153 - datasets_USA/USA_CSV0000000000001657.csv
2025-12-18 14:02:16 - exhaustive_index - INFO - Processing table 154 - datasets_USA/USA_CSV0000000000001676.csv
2025-12-18 14:02:16 - exhaustive_index - INFO - Table datasets_USA/USA_CSV0000000000001676.csv has 43928 rows and 21 columns
2025-12-18 14:02:16 - exhaustive_index - INFO - Processed table 154 - datasets_USA/USA_CSV0000000000001676.csv
2025-12-18 14:02:16 - exhaustive_index - INFO - Processing table 155 - datasets_USA/USA_CSV0000000000001691.csv
2025-12-18 14:02:19 - exhaustive_index - INFO - Processing table 156 - datasets_USA/USA_CSV0000000000001722.csv
2025-12-18 14:02:19 - exhaustive_index - INFO - Table datasets_USA/USA_CSV0000000000001722.csv has 87 rows and 27 columns
2025-12-18 14:02:19 - exhaustive_index - INFO - Processed table 156 - datasets_USA/USA_CSV0000000000001722.csv
2025-12-18 14:19:56 - exhaustive_index - INFO - Processing table 157 - datasets_USA/USA_CSV0000000000001724.csv
2025-12-18 14:19:56 - exhaustive_index - INFO - Table datasets_USA/USA_CSV0000000000001724.csv has 7703 rows and 84 columns
2025-12-18 14:19:56 - exhaustive_index - INFO - Processed table 157 - datasets_USA/USA_CSV0000000000001724.csv
2025-12-18 14:19:56 - exhaustive_index - INFO - Processing table 158 - datasets_USA/USA_CSV0000000000001736.csv
2025-12-18 14:19:56 - exhaustive_index - INFO - Table datasets_USA/USA_CSV0000000000001736.csv has 34679 rows and 7 columns
2025-12-18 14:19:56 - exhaustive_index - INFO - Processed table 158 - datasets_USA/USA_CSV0000000000001736.csv
2025-12-18 14:19:56 - exhaustive_index - INFO - Processing table 159 - datasets_USA/USA_CSV0000000000001742.csv
2025-12-18 14:19:56 - exhaustive_index - INFO - Table datasets_USA/USA_CSV0000000000001742.csv has 35342 rows and 4 columns
2025-12-18 14:19:56 - exhaustive_index - INFO - Processed table 159 - datasets_USA/USA_CSV0000000000001742.csv
2025-12-18 14:19:58 - exhaustive_index - INFO - Processing table 160 - datasets_USA/USA_CSV0000000000001755.csv
2025-12-18 14:19:58 - exhaustive_index - INFO - Table datasets_USA/USA_CSV0000000000001755.csv has 9205 rows and 18 columns
2025-12-18 14:19:58 - exhaustive_index - INFO - Processed table 160 - datasets_USA/USA_CSV0000000000001755.csv
2025-12-18 14:20:04 - exhaustive_index - INFO - Processing table 161 - datasets_USA/USA_CSV0000000000001759.csv
2025-12-18 14:20:04 - exhaustive_index - INFO - Table datasets_USA/USA_CSV0000000000001759.csv has 103660 rows and 5 columns
2025-12-18 14:20:04 - exhaustive_index - INFO - Processed table 161 - datasets_USA/USA_CSV0000000000001759.csv
2025-12-18 14:20:05 - exhaustive_index - INFO - Processing table 162 - datasets_USA/USA_CSV0000000000001760.csv
2025-12-18 14:20:05 - exhaustive_index - INFO - Table datasets_USA/USA_CSV0000000000001760.csv has 11226 rows and 16 columns
2025-12-18 14:20:05 - exhaustive_index - INFO - Processed table 162 - datasets_USA/USA_CSV0000000000001760.csv
2025-12-18 14:20:10 - exhaustive_index - INFO - Processing table 163 - datasets_USA/USA_CSV0000000000001770.csv
2025-12-18 14:20:10 - exhaustive_index - INFO - Table datasets_USA/USA_CSV0000000000001770.csv has 2067 rows and 17 columns
2025-12-18 14:20:10 - exhaustive_index - INFO - Processed table 163 - datasets_USA/USA_CSV0000000000001770.csv
2025-12-18 14:20:24 - exhaustive_index - INFO - Processing table 164 - datasets_USA/USA_CSV0000000000001774.csv
2025-12-18 14:20:24 - exhaustive_index - INFO - Table datasets_USA/USA_CSV0000000000001774.csv has 733592 rows and 12 columns
2025-12-18 14:20:24 - exhaustive_index - INFO - Processed table 164 - datasets_USA/USA_CSV0000000000001774.csv
2025-12-18 14:20:29 - exhaustive_index - INFO - Processing table 165 - datasets_USA/USA_CSV0000000000001791.csv
2025-12-18 14:20:29 - exhaustive_index - INFO - Table datasets_USA/USA_CSV0000000000001791.csv has 3218 rows and 23 columns
2025-12-18 14:20:29 - exhaustive_index - INFO - Processed table 165 - datasets_USA/USA_CSV0000000000001791.csv
2025-12-18 14:20:32 - exhaustive_index - INFO - Processing table 166 - datasets_USA/USA_CSV0000000000001798.csv
2025-12-18 14:20:32 - exhaustive_index - INFO - Table datasets_USA/USA_CSV0000000000001798.csv has 7010 rows and 12 columns
2025-12-18 14:20:32 - exhaustive_index - INFO - Processed table 166 - datasets_USA/USA_CSV0000000000001798.csv
2025-12-18 14:20:32 - exhaustive_index - INFO - Processing table 167 - datasets_USA/USA_CSV0000000000001849.csv
2025-12-18 14:20:32 - exhaustive_index - INFO - Table datasets_USA/USA_CSV0000000000001849.csv has 45 rows and 6 columns
2025-12-18 14:20:32 - exhaustive_index - INFO - Processed table 167 - datasets_USA/USA_CSV0000000000001849.csv
2025-12-18 14:20:50 - exhaustive_index - INFO - Processing table 168 - datasets_USA/USA_CSV0000000000001864.csv
2025-12-18 14:20:50 - exhaustive_index - INFO - Table datasets_USA/USA_CSV0000000000001864.csv has 116731 rows and 16 columns
2025-12-18 14:20:50 - exhaustive_index - INFO - Processed table 168 - datasets_USA/USA_CSV0000000000001864.csv
2025-12-18 14:21:03 - exhaustive_index - INFO - Processing table 169 - datasets_USA/USA_CSV0000000000001866.csv
2025-12-18 14:21:03 - exhaustive_index - INFO - Table datasets_USA/USA_CSV0000000000001866.csv has 7646 rows and 16 columns
2025-12-18 14:21:03 - exhaustive_index - INFO - Processed table 169 - datasets_USA/USA_CSV0000000000001866.csv
2025-12-18 14:21:18 - exhaustive_index - INFO - Processing table 170 - datasets_USA/USA_CSV0000000000001868.csv
2025-12-18 14:21:18 - exhaustive_index - INFO - Table datasets_USA/USA_CSV0000000000001868.csv has 43019 rows and 17 columns
2025-12-18 14:21:18 - exhaustive_index - INFO - Processed table 170 - datasets_USA/USA_CSV0000000000001868.csv
2025-12-18 14:21:18 - exhaustive_index - INFO - Processing table 171 - datasets_USA/USA_CSV0000000000001869.csv
2025-12-18 14:21:18 - exhaustive_index - INFO - Table datasets_USA/USA_CSV0000000000001869.csv has 98441 rows and 3 columns
2025-12-18 14:21:18 - exhaustive_index - INFO - Processed table 171 - datasets_USA/USA_CSV0000000000001869.csv
2025-12-18 14:21:20 - exhaustive_index - INFO - Processing table 172 - datasets_USA/USA_CSV0000000000001891.csv
2025-12-18 14:21:20 - exhaustive_index - INFO - Table datasets_USA/USA_CSV0000000000001891.csv has 35848 rows and 19 columns
2025-12-18 14:21:20 - exhaustive_index - INFO - Processed table 172 - datasets_USA/USA_CSV0000000000001891.csv
2025-12-18 14:21:21 - exhaustive_index - INFO - Processing table 173 - datasets_USA/USA_CSV0000000000001904.csv
2025-12-18 14:21:21 - exhaustive_index - INFO - Table datasets_USA/USA_CSV0000000000001904.csv has 256 rows and 9 columns
2025-12-18 14:21:21 - exhaustive_index - INFO - Processed table 173 - datasets_USA/USA_CSV0000000000001904.csv
2025-12-18 14:21:27 - exhaustive_index - INFO - Processing table 174 - datasets_USA/USA_CSV0000000000001916.csv
2025-12-18 14:21:27 - exhaustive_index - INFO - Table datasets_USA/USA_CSV0000000000001916.csv has 39867 rows and 13 columns
2025-12-18 14:21:27 - exhaustive_index - INFO - Processed table 174 - datasets_USA/USA_CSV0000000000001916.csv
2025-12-18 14:21:41 - exhaustive_index - INFO - Processing table 175 - datasets_USA/USA_CSV0000000000001935.csv
2025-12-18 14:21:41 - exhaustive_index - INFO - Table datasets_USA/USA_CSV0000000000001935.csv has 12806 rows and 19 columns
2025-12-18 14:21:41 - exhaustive_index - INFO - Processed table 175 - datasets_USA/USA_CSV0000000000001935.csv
2025-12-18 14:21:54 - exhaustive_index - INFO - Processing table 176 - datasets_USA/USA_CSV0000000000001954.csv
2025-12-18 14:21:54 - exhaustive_index - INFO - Table datasets_USA/USA_CSV0000000000001954.csv has 38290 rows and 13 columns
2025-12-18 14:21:54 - exhaustive_index - INFO - Processed table 176 - datasets_USA/USA_CSV0000000000001954.csv
2025-12-18 14:21:57 - exhaustive_index - INFO - Processing table 177 - datasets_USA/USA_CSV0000000000001968.csv
2025-12-18 14:21:57 - exhaustive_index - INFO - Table datasets_USA/USA_CSV0000000000001968.csv has 30644 rows and 6 columns
2025-12-18 14:21:57 - exhaustive_index - INFO - Processed table 177 - datasets_USA/USA_CSV0000000000001968.csv
2025-12-18 14:26:52 - exhaustive_index - INFO - Processing table 178 - datasets_USA/USA_CSV0000000000001980.csv
2025-12-18 14:26:52 - exhaustive_index - INFO - Table datasets_USA/USA_CSV0000000000001980.csv has 7407 rows and 77 columns
2025-12-18 14:26:52 - exhaustive_index - INFO - Processed table 178 - datasets_USA/USA_CSV0000000000001980.csv
2025-12-18 14:26:53 - exhaustive_index - INFO - Processing table 179 - datasets_USA/USA_CSV0000000000002001.csv
2025-12-18 14:26:53 - exhaustive_index - INFO - Table datasets_USA/USA_CSV0000000000002001.csv has 444 rows and 6 columns
2025-12-18 14:26:53 - exhaustive_index - INFO - Processed table 179 - datasets_USA/USA_CSV0000000000002001.csv
2025-12-18 14:26:55 - exhaustive_index - INFO - Processing table 180 - datasets_USA/USA_CSV0000000000002008.csv
2025-12-18 14:26:55 - exhaustive_index - INFO - Table datasets_USA/USA_CSV0000000000002008.csv has 55956 rows and 20 columns
2025-12-18 14:26:55 - exhaustive_index - INFO - Processed table 180 - datasets_USA/USA_CSV0000000000002008.csv
2025-12-18 14:26:55 - exhaustive_index - INFO - Processing table 181 - datasets_USA/USA_CSV0000000000002016.csv
2025-12-18 14:26:55 - exhaustive_index - INFO - Table datasets_USA/USA_CSV0000000000002016.csv has 16 rows and 6 columns
2025-12-18 14:26:55 - exhaustive_index - INFO - Processed table 181 - datasets_USA/USA_CSV0000000000002016.csv
2025-12-18 14:26:57 - exhaustive_index - INFO - Processing table 182 - datasets_USA/USA_CSV0000000000002019.csv
2025-12-18 14:26:57 - exhaustive_index - INFO - Table datasets_USA/USA_CSV0000000000002019.csv has 5393 rows and 18 columns
2025-12-18 14:26:57 - exhaustive_index - INFO - Processed table 182 - datasets_USA/USA_CSV0000000000002019.csv
2025-12-18 14:27:00 - exhaustive_index - INFO - Processing table 183 - datasets_USA/USA_CSV0000000000002046.csv
2025-12-18 14:27:00 - exhaustive_index - INFO - Table datasets_USA/USA_CSV0000000000002046.csv has 74772 rows and 5 columns
2025-12-18 14:27:00 - exhaustive_index - INFO - Processed table 183 - datasets_USA/USA_CSV0000000000002046.csv
2025-12-18 14:27:08 - exhaustive_index - INFO - Processing table 184 - datasets_USA/USA_CSV0000000000002048.csv
2025-12-18 14:27:08 - exhaustive_index - INFO - Table datasets_USA/USA_CSV0000000000002048.csv has 13614 rows and 18 columns
2025-12-18 14:27:08 - exhaustive_index - INFO - Processed table 184 - datasets_USA/USA_CSV0000000000002048.csv
2025-12-18 14:27:08 - exhaustive_index - INFO - Processing table 185 - datasets_USA/USA_CSV0000000000002058.csv
2025-12-18 14:27:09 - exhaustive_index - INFO - Processing table 186 - datasets_USA/USA_CSV0000000000002071.csv
2025-12-18 14:27:09 - exhaustive_index - INFO - Table datasets_USA/USA_CSV0000000000002071.csv has 451 rows and 8 columns
2025-12-18 14:27:09 - exhaustive_index - INFO - Processed table 186 - datasets_USA/USA_CSV0000000000002071.csv
2025-12-18 14:27:12 - exhaustive_index - INFO - Processing table 187 - datasets_USA/USA_CSV0000000000002073.csv
2025-12-18 14:27:12 - exhaustive_index - INFO - Table datasets_USA/USA_CSV0000000000002073.csv has 108127 rows and 6 columns
2025-12-18 14:27:12 - exhaustive_index - INFO - Processed table 187 - datasets_USA/USA_CSV0000000000002073.csv
2025-12-18 14:27:13 - exhaustive_index - INFO - Processing table 188 - datasets_USA/USA_CSV0000000000002093.csv
2025-12-18 14:27:13 - exhaustive_index - INFO - Table datasets_USA/USA_CSV0000000000002093.csv has 39304 rows and 6 columns
2025-12-18 14:27:13 - exhaustive_index - INFO - Processed table 188 - datasets_USA/USA_CSV0000000000002093.csv
2025-12-18 14:27:14 - exhaustive_index - INFO - Processing table 189 - datasets_USA/USA_CSV0000000000002107.csv
2025-12-18 14:27:14 - exhaustive_index - INFO - Table datasets_USA/USA_CSV0000000000002107.csv has 118 rows and 9 columns
2025-12-18 14:27:14 - exhaustive_index - INFO - Processed table 189 - datasets_USA/USA_CSV0000000000002107.csv
2025-12-18 14:27:16 - exhaustive_index - INFO - Processing table 190 - datasets_USA/USA_CSV0000000000002111.csv
2025-12-18 14:27:16 - exhaustive_index - INFO - Table datasets_USA/USA_CSV0000000000002111.csv has 8523 rows and 22 columns
2025-12-18 14:27:16 - exhaustive_index - INFO - Processed table 190 - datasets_USA/USA_CSV0000000000002111.csv
2025-12-18 14:27:17 - exhaustive_index - INFO - Processing table 191 - datasets_USA/USA_CSV0000000000002114.csv
2025-12-18 14:27:17 - exhaustive_index - INFO - Table datasets_USA/USA_CSV0000000000002114.csv has 605 rows and 8 columns
2025-12-18 14:27:17 - exhaustive_index - INFO - Processed table 191 - datasets_USA/USA_CSV0000000000002114.csv
2025-12-18 14:27:20 - exhaustive_index - INFO - Processing table 192 - datasets_USA/USA_CSV0000000000002159.csv
2025-12-18 14:27:20 - exhaustive_index - INFO - Table datasets_USA/USA_CSV0000000000002159.csv has 13096 rows and 10 columns
2025-12-18 14:27:20 - exhaustive_index - INFO - Processed table 192 - datasets_USA/USA_CSV0000000000002159.csv
2025-12-18 14:27:23 - exhaustive_index - INFO - Processing table 193 - datasets_USA/USA_CSV0000000000002170.csv
2025-12-18 14:27:23 - exhaustive_index - INFO - Table datasets_USA/USA_CSV0000000000002170.csv has 46587 rows and 22 columns
2025-12-18 14:27:23 - exhaustive_index - INFO - Processed table 193 - datasets_USA/USA_CSV0000000000002170.csv
2025-12-18 14:27:24 - exhaustive_index - INFO - Processing table 194 - datasets_USA/USA_CSV0000000000002176.csv
2025-12-18 14:27:24 - exhaustive_index - INFO - Table datasets_USA/USA_CSV0000000000002176.csv has 52720 rows and 4 columns
2025-12-18 14:27:24 - exhaustive_index - INFO - Processed table 194 - datasets_USA/USA_CSV0000000000002176.csv
2025-12-18 14:27:40 - exhaustive_index - INFO - Processing table 195 - datasets_USA/USA_CSV0000000000002182.csv
2025-12-18 14:27:40 - exhaustive_index - INFO - Table datasets_USA/USA_CSV0000000000002182.csv has 50025 rows and 15 columns
2025-12-18 14:27:40 - exhaustive_index - INFO - Processed table 195 - datasets_USA/USA_CSV0000000000002182.csv
2025-12-18 14:27:42 - exhaustive_index - INFO - Processing table 196 - datasets_USA/USA_CSV0000000000002189.csv
2025-12-18 14:27:42 - exhaustive_index - INFO - Table datasets_USA/USA_CSV0000000000002189.csv has 15878 rows and 10 columns
2025-12-18 14:27:42 - exhaustive_index - INFO - Processed table 196 - datasets_USA/USA_CSV0000000000002189.csv
2025-12-18 14:27:45 - exhaustive_index - INFO - Processing table 197 - datasets_USA/USA_CSV0000000000002200.csv
2025-12-18 14:27:45 - exhaustive_index - INFO - Table datasets_USA/USA_CSV0000000000002200.csv has 169 rows and 26 columns
2025-12-18 14:27:45 - exhaustive_index - INFO - Processed table 197 - datasets_USA/USA_CSV0000000000002200.csv
2025-12-18 14:27:48 - exhaustive_index - INFO - Processing table 198 - datasets_USA/USA_CSV0000000000002233.csv
2025-12-18 14:27:48 - exhaustive_index - INFO - Table datasets_USA/USA_CSV0000000000002233.csv has 12460 rows and 10 columns
2025-12-18 14:27:48 - exhaustive_index - INFO - Processed table 198 - datasets_USA/USA_CSV0000000000002233.csv
2025-12-18 14:27:50 - exhaustive_index - INFO - Processing table 199 - datasets_USA/USA_CSV0000000000002235.csv
2025-12-18 14:27:50 - exhaustive_index - INFO - Table datasets_USA/USA_CSV0000000000002235.csv has 230 rows and 8 columns
2025-12-18 14:27:50 - exhaustive_index - INFO - Processed table 199 - datasets_USA/USA_CSV0000000000002235.csv
2025-12-18 14:27:56 - exhaustive_index - INFO - Processing table 200 - datasets_USA/USA_CSV0000000000002257.csv
2025-12-18 14:27:56 - exhaustive_index - INFO - Table datasets_USA/USA_CSV0000000000002257.csv has 10647 rows and 11 columns
2025-12-18 14:27:56 - exhaustive_index - INFO - Processed table 200 - datasets_USA/USA_CSV0000000000002257.csv
2025-12-18 14:27:58 - exhaustive_index - INFO - Processing table 201 - datasets_USA/USA_CSV0000000000002260.csv
2025-12-18 14:27:58 - exhaustive_index - INFO - Table datasets_USA/USA_CSV0000000000002260.csv has 14812 rows and 21 columns
2025-12-18 14:27:58 - exhaustive_index - INFO - Processed table 201 - datasets_USA/USA_CSV0000000000002260.csv
2025-12-18 14:28:12 - exhaustive_index - INFO - Processing table 202 - datasets_USA/USA_CSV0000000000002261.csv
2025-12-18 14:28:12 - exhaustive_index - INFO - Table datasets_USA/USA_CSV0000000000002261.csv has 45108 rows and 17 columns
2025-12-18 14:28:12 - exhaustive_index - INFO - Processed table 202 - datasets_USA/USA_CSV0000000000002261.csv
2025-12-18 14:28:12 - exhaustive_index - INFO - Processing table 203 - datasets_USA/USA_CSV0000000000002265.csv
2025-12-18 14:28:12 - exhaustive_index - INFO - Table datasets_USA/USA_CSV0000000000002265.csv has 43479 rows and 4 columns
2025-12-18 14:28:12 - exhaustive_index - INFO - Processed table 203 - datasets_USA/USA_CSV0000000000002265.csv
2025-12-18 14:28:15 - exhaustive_index - INFO - Processing table 204 - datasets_USA/USA_CSV0000000000002274.csv
2025-12-18 14:28:15 - exhaustive_index - INFO - Table datasets_USA/USA_CSV0000000000002274.csv has 8893 rows and 13 columns
2025-12-18 14:28:15 - exhaustive_index - INFO - Processed table 204 - datasets_USA/USA_CSV0000000000002274.csv
2025-12-18 14:28:16 - exhaustive_index - INFO - Processing table 205 - datasets_USA/USA_CSV0000000000002298.csv
2025-12-18 14:28:16 - exhaustive_index - INFO - Table datasets_USA/USA_CSV0000000000002298.csv has 210 rows and 7 columns
2025-12-18 14:28:16 - exhaustive_index - INFO - Processed table 205 - datasets_USA/USA_CSV0000000000002298.csv
2025-12-18 14:28:17 - exhaustive_index - INFO - Processing table 206 - datasets_USA/USA_CSV0000000000002299.csv
2025-12-18 14:28:17 - exhaustive_index - INFO - Table datasets_USA/USA_CSV0000000000002299.csv has 5584 rows and 25 columns
2025-12-18 14:28:17 - exhaustive_index - INFO - Processed table 206 - datasets_USA/USA_CSV0000000000002299.csv
2025-12-18 14:28:19 - exhaustive_index - INFO - Processing table 207 - datasets_USA/USA_CSV0000000000002300.csv
2025-12-18 14:28:19 - exhaustive_index - INFO - Table datasets_USA/USA_CSV0000000000002300.csv has 11788 rows and 12 columns
2025-12-18 14:28:19 - exhaustive_index - INFO - Processed table 207 - datasets_USA/USA_CSV0000000000002300.csv
2025-12-18 14:28:21 - exhaustive_index - INFO - Processing table 208 - datasets_USA/USA_CSV0000000000002305__70.csv
2025-12-18 14:28:21 - exhaustive_index - INFO - Table datasets_USA/USA_CSV0000000000002305__70.csv has 265 rows and 11 columns
2025-12-18 14:28:21 - exhaustive_index - INFO - Processed table 208 - datasets_USA/USA_CSV0000000000002305__70.csv
2025-12-18 14:28:50 - exhaustive_index - INFO - Processing table 209 - datasets_USA/USA_CSV0000000000002357.csv
2025-12-18 14:28:50 - exhaustive_index - INFO - Table datasets_USA/USA_CSV0000000000002357.csv has 7347 rows and 55 columns
2025-12-18 14:28:50 - exhaustive_index - INFO - Processed table 209 - datasets_USA/USA_CSV0000000000002357.csv
2025-12-18 14:28:51 - exhaustive_index - INFO - Processing table 210 - datasets_USA/USA_CSV0000000000002387.csv
2025-12-18 14:28:51 - exhaustive_index - INFO - Table datasets_USA/USA_CSV0000000000002387.csv has 55494 rows and 6 columns
2025-12-18 14:28:51 - exhaustive_index - INFO - Processed table 210 - datasets_USA/USA_CSV0000000000002387.csv
2025-12-18 14:29:17 - exhaustive_index - INFO - Processing table 211 - datasets_USA/USA_CSV0000000000002420.csv
2025-12-18 14:29:17 - exhaustive_index - INFO - Table datasets_USA/USA_CSV0000000000002420.csv has 15261 rows and 92 columns
2025-12-18 14:29:17 - exhaustive_index - INFO - Processed table 211 - datasets_USA/USA_CSV0000000000002420.csv
2025-12-18 14:29:18 - exhaustive_index - INFO - Processing table 212 - datasets_USA/USA_CSV0000000000002429.csv
2025-12-18 14:29:18 - exhaustive_index - INFO - Table datasets_USA/USA_CSV0000000000002429.csv has 38051 rows and 7 columns
2025-12-18 14:29:18 - exhaustive_index - INFO - Processed table 212 - datasets_USA/USA_CSV0000000000002429.csv
2025-12-18 14:29:20 - exhaustive_index - INFO - Processing table 213 - datasets_USA/USA_CSV0000000000002448.csv
2025-12-18 14:29:20 - exhaustive_index - INFO - Table datasets_USA/USA_CSV0000000000002448.csv has 7887 rows and 10 columns
2025-12-18 14:29:20 - exhaustive_index - INFO - Processed table 213 - datasets_USA/USA_CSV0000000000002448.csv
2025-12-18 14:29:21 - exhaustive_index - INFO - Processing table 214 - datasets_USA/USA_CSV0000000000002478.csv
2025-12-18 14:29:21 - exhaustive_index - INFO - Table datasets_USA/USA_CSV0000000000002478.csv has 9033 rows and 15 columns
2025-12-18 14:29:21 - exhaustive_index - INFO - Processed table 214 - datasets_USA/USA_CSV0000000000002478.csv
2025-12-18 14:29:23 - exhaustive_index - INFO - Processing table 215 - datasets_USA/USA_CSV0000000000002538.csv
2025-12-18 14:29:23 - exhaustive_index - INFO - Table datasets_USA/USA_CSV0000000000002538.csv has 87007 rows and 11 columns
2025-12-18 14:29:23 - exhaustive_index - INFO - Processed table 215 - datasets_USA/USA_CSV0000000000002538.csv
2025-12-18 14:29:28 - exhaustive_index - INFO - Processing table 216 - datasets_USA/USA_CSV0000000000002540.csv
2025-12-18 14:29:28 - exhaustive_index - INFO - Table datasets_USA/USA_CSV0000000000002540.csv has 17428 rows and 11 columns
2025-12-18 14:29:28 - exhaustive_index - INFO - Processed table 216 - datasets_USA/USA_CSV0000000000002540.csv
2025-12-18 14:29:29 - exhaustive_index - INFO - Processing table 217 - datasets_USA/USA_CSV0000000000002577.csv
2025-12-18 14:29:29 - exhaustive_index - INFO - Table datasets_USA/USA_CSV0000000000002577.csv has 72646 rows and 4 columns
2025-12-18 14:29:29 - exhaustive_index - INFO - Processed table 217 - datasets_USA/USA_CSV0000000000002577.csv
2025-12-18 14:29:30 - exhaustive_index - INFO - Processing table 218 - datasets_USA/USA_CSV0000000000002600.csv
2025-12-18 14:29:30 - exhaustive_index - INFO - Table datasets_USA/USA_CSV0000000000002600.csv has 344 rows and 7 columns
2025-12-18 14:29:30 - exhaustive_index - INFO - Processed table 218 - datasets_USA/USA_CSV0000000000002600.csv
2025-12-18 14:29:44 - exhaustive_index - INFO - Processing table 219 - datasets_USA/USA_CSV0000000000002601.csv
2025-12-18 14:29:44 - exhaustive_index - INFO - Table datasets_USA/USA_CSV0000000000002601.csv has 40267 rows and 18 columns
2025-12-18 14:29:44 - exhaustive_index - INFO - Processed table 219 - datasets_USA/USA_CSV0000000000002601.csv
2025-12-18 14:29:49 - exhaustive_index - INFO - Processing table 220 - datasets_USA/USA_CSV0000000000002626.csv
2025-12-18 14:29:49 - exhaustive_index - INFO - Table datasets_USA/USA_CSV0000000000002626.csv has 27972 rows and 10 columns
2025-12-18 14:29:49 - exhaustive_index - INFO - Processed table 220 - datasets_USA/USA_CSV0000000000002626.csv
2025-12-18 14:29:49 - exhaustive_index - INFO - Processing table 221 - datasets_USA/USA_CSV0000000000002642.csv
2025-12-18 14:29:49 - exhaustive_index - INFO - Table datasets_USA/USA_CSV0000000000002642.csv has 33 rows and 4 columns
2025-12-18 14:29:49 - exhaustive_index - INFO - Processed table 221 - datasets_USA/USA_CSV0000000000002642.csv
2025-12-18 14:30:01 - exhaustive_index - INFO - Processing table 222 - datasets_USA/USA_CSV0000000000002691.csv
2025-12-18 14:30:01 - exhaustive_index - INFO - Table datasets_USA/USA_CSV0000000000002691.csv has 556920 rows and 12 columns
2025-12-18 14:30:01 - exhaustive_index - INFO - Processed table 222 - datasets_USA/USA_CSV0000000000002691.csv
2025-12-18 14:30:03 - exhaustive_index - INFO - Processing table 223 - datasets_USA/USA_CSV0000000000002703.csv
2025-12-18 14:30:03 - exhaustive_index - INFO - Table datasets_USA/USA_CSV0000000000002703.csv has 8473 rows and 14 columns
2025-12-18 14:30:03 - exhaustive_index - INFO - Processed table 223 - datasets_USA/USA_CSV0000000000002703.csv
2025-12-18 14:30:03 - exhaustive_index - INFO - Processing table 224 - datasets_USA/USA_CSV0000000000002714.csv
2025-12-18 14:30:03 - exhaustive_index - INFO - Table datasets_USA/USA_CSV0000000000002714.csv has 28355 rows and 7 columns
2025-12-18 14:30:03 - exhaustive_index - INFO - Processed table 224 - datasets_USA/USA_CSV0000000000002714.csv
2025-12-18 14:30:15 - exhaustive_index - INFO - Processing table 225 - datasets_USA/USA_CSV0000000000002732.csv
2025-12-18 14:30:15 - exhaustive_index - INFO - Table datasets_USA/USA_CSV0000000000002732.csv has 33447 rows and 16 columns
2025-12-18 14:30:15 - exhaustive_index - INFO - Processed table 225 - datasets_USA/USA_CSV0000000000002732.csv
2025-12-18 14:30:20 - exhaustive_index - INFO - Processing table 226 - datasets_USA/USA_CSV0000000000002741.csv
2025-12-18 14:30:20 - exhaustive_index - INFO - Table datasets_USA/USA_CSV0000000000002741.csv has 20449 rows and 13 columns
2025-12-18 14:30:20 - exhaustive_index - INFO - Processed table 226 - datasets_USA/USA_CSV0000000000002741.csv
2025-12-18 14:30:21 - exhaustive_index - INFO - Processing table 227 - datasets_USA/USA_CSV0000000000002757.csv
2025-12-18 14:30:21 - exhaustive_index - INFO - Table datasets_USA/USA_CSV0000000000002757.csv has 26497 rows and 4 columns
2025-12-18 14:30:21 - exhaustive_index - INFO - Processed table 227 - datasets_USA/USA_CSV0000000000002757.csv
2025-12-18 14:30:29 - exhaustive_index - INFO - Processing table 228 - datasets_USA/USA_CSV0000000000002767.csv
2025-12-18 14:30:29 - exhaustive_index - INFO - Table datasets_USA/USA_CSV0000000000002767.csv has 20060 rows and 33 columns
2025-12-18 14:30:29 - exhaustive_index - INFO - Processed table 228 - datasets_USA/USA_CSV0000000000002767.csv
2025-12-18 14:30:34 - exhaustive_index - INFO - Processing table 229 - datasets_USA/USA_CSV0000000000002822.csv
2025-12-18 14:30:34 - exhaustive_index - INFO - Table datasets_USA/USA_CSV0000000000002822.csv has 81002 rows and 3 columns
2025-12-18 14:30:34 - exhaustive_index - INFO - Processed table 229 - datasets_USA/USA_CSV0000000000002822.csv
2025-12-18 14:30:35 - exhaustive_index - INFO - Processing table 230 - datasets_USA/USA_CSV0000000000002836.csv
2025-12-18 14:30:35 - exhaustive_index - INFO - Table datasets_USA/USA_CSV0000000000002836.csv has 6475 rows and 25 columns
2025-12-18 14:30:35 - exhaustive_index - INFO - Processed table 230 - datasets_USA/USA_CSV0000000000002836.csv
2025-12-18 14:30:37 - exhaustive_index - INFO - Processing table 231 - datasets_USA/USA_CSV0000000000002837.csv
2025-12-18 14:30:37 - exhaustive_index - INFO - Table datasets_USA/USA_CSV0000000000002837.csv has 15504 rows and 9 columns
2025-12-18 14:30:37 - exhaustive_index - INFO - Processed table 231 - datasets_USA/USA_CSV0000000000002837.csv
2025-12-18 14:30:41 - exhaustive_index - INFO - Processing table 232 - datasets_USA/USA_CSV0000000000002843.csv
2025-12-18 14:30:41 - exhaustive_index - INFO - Table datasets_USA/USA_CSV0000000000002843.csv has 36346 rows and 7 columns
2025-12-18 14:30:41 - exhaustive_index - INFO - Processed table 232 - datasets_USA/USA_CSV0000000000002843.csv
2025-12-18 14:30:42 - exhaustive_index - INFO - Processing table 233 - datasets_USA/USA_CSV0000000000002851.csv
2025-12-18 14:30:42 - exhaustive_index - INFO - Table datasets_USA/USA_CSV0000000000002851.csv has 42 rows and 10 columns
2025-12-18 14:30:42 - exhaustive_index - INFO - Processed table 233 - datasets_USA/USA_CSV0000000000002851.csv
2025-12-18 14:30:43 - exhaustive_index - INFO - Processing table 234 - datasets_USA/USA_CSV0000000000002860.csv
2025-12-18 14:30:43 - exhaustive_index - INFO - Table datasets_USA/USA_CSV0000000000002860.csv has 15100 rows and 10 columns
2025-12-18 14:30:43 - exhaustive_index - INFO - Processed table 234 - datasets_USA/USA_CSV0000000000002860.csv
2025-12-18 14:32:38 - exhaustive_index - INFO - Processing table 235 - datasets_USA/USA_CSV0000000000002875.csv
2025-12-18 14:32:38 - exhaustive_index - INFO - Table datasets_USA/USA_CSV0000000000002875.csv has 27686 rows and 44 columns
2025-12-18 14:32:38 - exhaustive_index - INFO - Processed table 235 - datasets_USA/USA_CSV0000000000002875.csv
2025-12-18 14:32:42 - exhaustive_index - INFO - Processing table 236 - datasets_USA/USA_CSV0000000000002882.csv
2025-12-18 14:32:42 - exhaustive_index - INFO - Table datasets_USA/USA_CSV0000000000002882.csv has 50862 rows and 7 columns
2025-12-18 14:32:42 - exhaustive_index - INFO - Processed table 236 - datasets_USA/USA_CSV0000000000002882.csv
2025-12-18 14:32:44 - exhaustive_index - INFO - Processing table 237 - datasets_USA/USA_CSV0000000000002892.csv
2025-12-18 14:32:44 - exhaustive_index - INFO - Table datasets_USA/USA_CSV0000000000002892.csv has 18288 rows and 8 columns
2025-12-18 14:32:44 - exhaustive_index - INFO - Processed table 237 - datasets_USA/USA_CSV0000000000002892.csv
2025-12-18 14:32:44 - exhaustive_index - INFO - Processing table 238 - datasets_USA/USA_CSV0000000000002940.csv
2025-12-18 14:32:44 - exhaustive_index - INFO - Table datasets_USA/USA_CSV0000000000002940.csv has 72932 rows and 7 columns
2025-12-18 14:32:44 - exhaustive_index - INFO - Processed table 238 - datasets_USA/USA_CSV0000000000002940.csv
2025-12-18 14:32:47 - exhaustive_index - INFO - Processing table 239 - datasets_USA/USA_CSV0000000000002952.csv
2025-12-18 14:32:47 - exhaustive_index - INFO - Table datasets_USA/USA_CSV0000000000002952.csv has 7076 rows and 14 columns
2025-12-18 14:32:47 - exhaustive_index - INFO - Processed table 239 - datasets_USA/USA_CSV0000000000002952.csv
2025-12-18 14:32:49 - exhaustive_index - INFO - Processing table 240 - datasets_USA/USA_CSV0000000000002958.csv
2025-12-18 14:32:49 - exhaustive_index - INFO - Table datasets_USA/USA_CSV0000000000002958.csv has 30635 rows and 5 columns
2025-12-18 14:32:49 - exhaustive_index - INFO - Processed table 240 - datasets_USA/USA_CSV0000000000002958.csv
2025-12-18 14:32:52 - exhaustive_index - INFO - Processing table 241 - datasets_USA/USA_CSV0000000000002964.csv
2025-12-18 14:32:52 - exhaustive_index - INFO - Table datasets_USA/USA_CSV0000000000002964.csv has 65535 rows and 9 columns
2025-12-18 14:32:52 - exhaustive_index - INFO - Processed table 241 - datasets_USA/USA_CSV0000000000002964.csv
2025-12-18 14:32:54 - exhaustive_index - INFO - Processing table 242 - datasets_USA/USA_CSV0000000000002971.csv
2025-12-18 14:32:54 - exhaustive_index - INFO - Table datasets_USA/USA_CSV0000000000002971.csv has 34093 rows and 20 columns
2025-12-18 14:32:54 - exhaustive_index - INFO - Processed table 242 - datasets_USA/USA_CSV0000000000002971.csv
2025-12-18 14:32:57 - exhaustive_index - INFO - Processing table 243 - datasets_USA/USA_CSV0000000000002986.csv
2025-12-18 14:32:57 - exhaustive_index - INFO - Table datasets_USA/USA_CSV0000000000002986.csv has 12612 rows and 10 columns
2025-12-18 14:32:57 - exhaustive_index - INFO - Processed table 243 - datasets_USA/USA_CSV0000000000002986.csv
2025-12-18 14:32:57 - exhaustive_index - INFO - Processing table 244 - datasets_USA/USA_CSV0000000000003064.csv
2025-12-18 14:32:57 - exhaustive_index - INFO - Table datasets_USA/USA_CSV0000000000003064.csv has 10000 rows and 11 columns
2025-12-18 14:32:57 - exhaustive_index - INFO - Processed table 244 - datasets_USA/USA_CSV0000000000003064.csv
2025-12-18 14:32:57 - exhaustive_index - INFO - Processing table 245 - datasets_USA/USA_CSV0000000000003071.csv
2025-12-18 14:32:57 - exhaustive_index - INFO - Table datasets_USA/USA_CSV0000000000003071.csv has 351 rows and 5 columns
2025-12-18 14:32:57 - exhaustive_index - INFO - Processed table 245 - datasets_USA/USA_CSV0000000000003071.csv
2025-12-18 14:33:04 - exhaustive_index - INFO - Processing table 246 - datasets_USA/USA_CSV0000000000003087.csv
2025-12-18 14:33:04 - exhaustive_index - INFO - Table datasets_USA/USA_CSV0000000000003087.csv has 11727 rows and 14 columns
2025-12-18 14:33:04 - exhaustive_index - INFO - Processed table 246 - datasets_USA/USA_CSV0000000000003087.csv
2025-12-18 14:33:04 - exhaustive_index - INFO - Processing table 247 - datasets_USA/USA_CSV0000000000003095.csv
2025-12-18 14:33:04 - exhaustive_index - INFO - Table datasets_USA/USA_CSV0000000000003095.csv has 4078 rows and 6 columns
2025-12-18 14:33:04 - exhaustive_index - INFO - Processed table 247 - datasets_USA/USA_CSV0000000000003095.csv
2025-12-18 14:33:05 - exhaustive_index - INFO - Processing table 248 - datasets_USA/USA_CSV0000000000003102.csv
2025-12-18 14:33:05 - exhaustive_index - INFO - Table datasets_USA/USA_CSV0000000000003102.csv has 236 rows and 6 columns
2025-12-18 14:33:05 - exhaustive_index - INFO - Processed table 248 - datasets_USA/USA_CSV0000000000003102.csv
2025-12-18 14:33:05 - exhaustive_index - INFO - Processing table 249 - datasets_USA/USA_CSV0000000000003103.csv
2025-12-18 14:33:05 - exhaustive_index - INFO - Table datasets_USA/USA_CSV0000000000003103.csv has 240 rows and 5 columns
2025-12-18 14:33:05 - exhaustive_index - INFO - Processed table 249 - datasets_USA/USA_CSV0000000000003103.csv
2025-12-18 14:33:08 - exhaustive_index - INFO - Processing table 250 - datasets_USA/USA_CSV0000000000003115.csv
2025-12-18 14:33:08 - exhaustive_index - INFO - Table datasets_USA/USA_CSV0000000000003115.csv has 8025 rows and 21 columns
2025-12-18 14:33:08 - exhaustive_index - INFO - Processed table 250 - datasets_USA/USA_CSV0000000000003115.csv
2025-12-18 14:33:12 - exhaustive_index - INFO - Processing table 251 - datasets_USA/USA_CSV0000000000003156.csv
2025-12-18 14:33:12 - exhaustive_index - INFO - Table datasets_USA/USA_CSV0000000000003156.csv has 6729 rows and 13 columns
2025-12-18 14:33:12 - exhaustive_index - INFO - Processed table 251 - datasets_USA/USA_CSV0000000000003156.csv
2025-12-18 14:33:14 - exhaustive_index - INFO - Processing table 252 - datasets_USA/USA_CSV0000000000003191.csv
2025-12-18 14:33:14 - exhaustive_index - INFO - Table datasets_USA/USA_CSV0000000000003191.csv has 30273 rows and 9 columns
2025-12-18 14:33:14 - exhaustive_index - INFO - Processed table 252 - datasets_USA/USA_CSV0000000000003191.csv
2025-12-18 14:33:17 - exhaustive_index - INFO - Processing table 253 - datasets_USA/USA_CSV0000000000003212.csv
2025-12-18 14:33:17 - exhaustive_index - INFO - Table datasets_USA/USA_CSV0000000000003212.csv has 9786 rows and 11 columns
2025-12-18 14:33:17 - exhaustive_index - INFO - Processed table 253 - datasets_USA/USA_CSV0000000000003212.csv
2025-12-18 14:33:55 - exhaustive_index - INFO - Processing table 254 - datasets_USA/USA_CSV0000000000003235.csv
2025-12-18 14:33:55 - exhaustive_index - INFO - Table datasets_USA/USA_CSV0000000000003235.csv has 19125 rows and 25 columns
2025-12-18 14:33:55 - exhaustive_index - INFO - Processed table 254 - datasets_USA/USA_CSV0000000000003235.csv
2025-12-18 14:33:55 - exhaustive_index - INFO - Processing table 255 - datasets_USA/USA_CSV0000000000003252.csv
2025-12-18 14:33:55 - exhaustive_index - INFO - Table datasets_USA/USA_CSV0000000000003252.csv has 50216 rows and 7 columns
2025-12-18 14:33:55 - exhaustive_index - INFO - Processed table 255 - datasets_USA/USA_CSV0000000000003252.csv
2025-12-18 14:34:02 - exhaustive_index - INFO - Processing table 256 - datasets_USA/USA_CSV0000000000003257.csv
2025-12-18 14:34:02 - exhaustive_index - INFO - Table datasets_USA/USA_CSV0000000000003257.csv has 4134 rows and 21 columns
2025-12-18 14:34:02 - exhaustive_index - INFO - Processed table 256 - datasets_USA/USA_CSV0000000000003257.csv
2025-12-18 14:34:08 - exhaustive_index - INFO - Processing table 257 - datasets_USA/USA_CSV0000000000003281.csv
2025-12-18 14:34:08 - exhaustive_index - INFO - Table datasets_USA/USA_CSV0000000000003281.csv has 11492 rows and 20 columns
2025-12-18 14:34:08 - exhaustive_index - INFO - Processed table 257 - datasets_USA/USA_CSV0000000000003281.csv
2025-12-18 14:34:13 - exhaustive_index - INFO - Processing table 258 - datasets_USA/USA_CSV0000000000003285.csv
2025-12-18 14:34:13 - exhaustive_index - INFO - Table datasets_USA/USA_CSV0000000000003285.csv has 23735 rows and 16 columns
2025-12-18 14:34:13 - exhaustive_index - INFO - Processed table 258 - datasets_USA/USA_CSV0000000000003285.csv
2025-12-18 14:34:13 - exhaustive_index - INFO - Processing table 259 - datasets_USA/USA_CSV0000000000003294.csv
2025-12-18 14:34:13 - exhaustive_index - INFO - Processing table 260 - datasets_USA/USA_CSV0000000000003307.csv
2025-12-18 14:34:13 - exhaustive_index - INFO - Table datasets_USA/USA_CSV0000000000003307.csv has 60475 rows and 4 columns
2025-12-18 14:34:13 - exhaustive_index - INFO - Processed table 260 - datasets_USA/USA_CSV0000000000003307.csv
2025-12-18 14:39:04 - exhaustive_index - INFO - Processing table 261 - datasets_USA/USA_CSV0000000000003344.csv
2025-12-18 14:39:04 - exhaustive_index - INFO - Table datasets_USA/USA_CSV0000000000003344.csv has 5336 rows and 61 columns
2025-12-18 14:39:04 - exhaustive_index - INFO - Processed table 261 - datasets_USA/USA_CSV0000000000003344.csv
2025-12-18 14:39:35 - exhaustive_index - INFO - Processing table 262 - datasets_USA/USA_CSV0000000000003377.csv
2025-12-18 14:39:35 - exhaustive_index - INFO - Table datasets_USA/USA_CSV0000000000003377.csv has 4206863 rows, sampling 1_000_000 rows
2025-12-18 14:39:35 - exhaustive_index - INFO - Table datasets_USA/USA_CSV0000000000003377.csv has 4206863 rows and 7 columns
2025-12-18 14:39:35 - exhaustive_index - INFO - Processed table 262 - datasets_USA/USA_CSV0000000000003377.csv
2025-12-18 14:39:37 - exhaustive_index - INFO - Processing table 263 - datasets_USA/USA_CSV0000000000003417.csv
2025-12-18 14:39:37 - exhaustive_index - INFO - Table datasets_USA/USA_CSV0000000000003417.csv has 28929 rows and 6 columns
2025-12-18 14:39:37 - exhaustive_index - INFO - Processed table 263 - datasets_USA/USA_CSV0000000000003417.csv
2025-12-18 14:39:37 - exhaustive_index - INFO - Processing table 264 - datasets_USA/USA_CSV0000000000003428.csv
2025-12-18 14:39:37 - exhaustive_index - INFO - Table datasets_USA/USA_CSV0000000000003428.csv has 99 rows and 6 columns
2025-12-18 14:39:37 - exhaustive_index - INFO - Processed table 264 - datasets_USA/USA_CSV0000000000003428.csv
2025-12-18 14:39:38 - exhaustive_index - INFO - Processing table 265 - datasets_USA/USA_CSV0000000000003445.csv
2025-12-18 14:39:38 - exhaustive_index - INFO - Table datasets_USA/USA_CSV0000000000003445.csv has 103 rows and 7 columns
2025-12-18 14:39:38 - exhaustive_index - INFO - Processed table 265 - datasets_USA/USA_CSV0000000000003445.csv
2025-12-18 14:39:38 - exhaustive_index - INFO - Processing table 266 - datasets_USA/USA_CSV0000000000003449.csv
2025-12-18 14:39:38 - exhaustive_index - INFO - Table datasets_USA/USA_CSV0000000000003449.csv has 305 rows and 8 columns
2025-12-18 14:39:38 - exhaustive_index - INFO - Processed table 266 - datasets_USA/USA_CSV0000000000003449.csv
2025-12-18 14:39:43 - exhaustive_index - INFO - Processing table 267 - datasets_USA/USA_CSV0000000000003498.csv
2025-12-18 14:39:43 - exhaustive_index - INFO - Table datasets_USA/USA_CSV0000000000003498.csv has 19601 rows and 15 columns
2025-12-18 14:39:43 - exhaustive_index - INFO - Processed table 267 - datasets_USA/USA_CSV0000000000003498.csv
2025-12-18 14:39:43 - exhaustive_index - INFO - Processing table 268 - datasets_USA/USA_CSV0000000000003518.csv
2025-12-18 14:39:43 - exhaustive_index - INFO - Table datasets_USA/USA_CSV0000000000003518.csv has 12725 rows and 4 columns
2025-12-18 14:39:43 - exhaustive_index - INFO - Processed table 268 - datasets_USA/USA_CSV0000000000003518.csv
2025-12-18 14:40:50 - exhaustive_index - INFO - Processing table 269 - datasets_USA/USA_CSV0000000000003537.csv
2025-12-18 14:40:50 - exhaustive_index - INFO - Table datasets_USA/USA_CSV0000000000003537.csv has 2631 rows and 36 columns
2025-12-18 14:40:50 - exhaustive_index - INFO - Processed table 269 - datasets_USA/USA_CSV0000000000003537.csv
2025-12-18 14:40:52 - exhaustive_index - INFO - Processing table 270 - datasets_USA/USA_CSV0000000000003542.csv
2025-12-18 14:40:52 - exhaustive_index - INFO - Table datasets_USA/USA_CSV0000000000003542.csv has 14652 rows and 9 columns
2025-12-18 14:40:52 - exhaustive_index - INFO - Processed table 270 - datasets_USA/USA_CSV0000000000003542.csv
2025-12-18 14:40:55 - exhaustive_index - INFO - Processing table 271 - datasets_USA/USA_CSV0000000000003570.csv
2025-12-18 14:40:55 - exhaustive_index - INFO - Table datasets_USA/USA_CSV0000000000003570.csv has 56466 rows and 9 columns
2025-12-18 14:40:55 - exhaustive_index - INFO - Processed table 271 - datasets_USA/USA_CSV0000000000003570.csv
2025-12-18 14:41:26 - exhaustive_index - INFO - Processing table 272 - datasets_USA/USA_CSV0000000000003633.csv
2025-12-18 14:41:26 - exhaustive_index - INFO - Table datasets_USA/USA_CSV0000000000003633.csv has 3375567 rows, sampling 1_000_000 rows
2025-12-18 14:41:26 - exhaustive_index - INFO - Table datasets_USA/USA_CSV0000000000003633.csv has 3375567 rows and 11 columns
2025-12-18 14:41:26 - exhaustive_index - INFO - Processed table 272 - datasets_USA/USA_CSV0000000000003633.csv
2025-12-18 14:41:31 - exhaustive_index - INFO - Processing table 273 - datasets_USA/USA_CSV0000000000003638.csv
2025-12-18 14:41:31 - exhaustive_index - INFO - Table datasets_USA/USA_CSV0000000000003638.csv has 3218 rows and 23 columns
2025-12-18 14:41:31 - exhaustive_index - INFO - Processed table 273 - datasets_USA/USA_CSV0000000000003638.csv
2025-12-18 14:41:31 - exhaustive_index - INFO - Processing table 274 - datasets_USA/USA_CSV0000000000003643.csv
2025-12-18 14:41:31 - exhaustive_index - INFO - Table datasets_USA/USA_CSV0000000000003643.csv has 1422 rows and 3 columns
2025-12-18 14:41:31 - exhaustive_index - INFO - Processed table 274 - datasets_USA/USA_CSV0000000000003643.csv
2025-12-18 14:41:34 - exhaustive_index - INFO - Processing table 275 - datasets_USA/USA_CSV0000000000003652.csv
2025-12-18 14:41:34 - exhaustive_index - INFO - Table datasets_USA/USA_CSV0000000000003652.csv has 7215 rows and 21 columns
2025-12-18 14:41:34 - exhaustive_index - INFO - Processed table 275 - datasets_USA/USA_CSV0000000000003652.csv
2025-12-18 14:41:38 - exhaustive_index - INFO - Processing table 276 - datasets_USA/USA_CSV0000000000003678.csv
2025-12-18 14:41:38 - exhaustive_index - INFO - Table datasets_USA/USA_CSV0000000000003678.csv has 15205 rows and 14 columns
2025-12-18 14:41:38 - exhaustive_index - INFO - Processed table 276 - datasets_USA/USA_CSV0000000000003678.csv
2025-12-18 14:41:40 - exhaustive_index - INFO - Processing table 277 - datasets_USA/USA_CSV0000000000003680.csv
2025-12-18 14:41:40 - exhaustive_index - INFO - Table datasets_USA/USA_CSV0000000000003680.csv has 176 rows and 9 columns
2025-12-18 14:41:40 - exhaustive_index - INFO - Processed table 277 - datasets_USA/USA_CSV0000000000003680.csv
2025-12-18 14:41:40 - exhaustive_index - INFO - Processing table 278 - datasets_USA/USA_CSV0000000000003684.csv
2025-12-18 14:41:40 - exhaustive_index - INFO - Table datasets_USA/USA_CSV0000000000003684.csv has 117 rows and 3 columns
2025-12-18 14:41:40 - exhaustive_index - INFO - Processed table 278 - datasets_USA/USA_CSV0000000000003684.csv
2025-12-18 14:41:44 - exhaustive_index - INFO - Processing table 279 - datasets_USA/USA_CSV0000000000003703.csv
2025-12-18 14:41:44 - exhaustive_index - INFO - Table datasets_USA/USA_CSV0000000000003703.csv has 2016 rows and 89 columns
2025-12-18 14:41:44 - exhaustive_index - INFO - Processed table 279 - datasets_USA/USA_CSV0000000000003703.csv
2025-12-18 14:41:51 - exhaustive_index - INFO - Processing table 280 - datasets_USA/USA_CSV0000000000003705.csv
2025-12-18 14:41:51 - exhaustive_index - INFO - Table datasets_USA/USA_CSV0000000000003705.csv has 11017 rows and 14 columns
2025-12-18 14:41:51 - exhaustive_index - INFO - Processed table 280 - datasets_USA/USA_CSV0000000000003705.csv
2025-12-18 14:42:18 - exhaustive_index - INFO - Processing table 281 - datasets_USA/USA_CSV0000000000003706.csv
2025-12-18 14:42:18 - exhaustive_index - INFO - Table datasets_USA/USA_CSV0000000000003706.csv has 484 rows and 55 columns
2025-12-18 14:42:18 - exhaustive_index - INFO - Processed table 281 - datasets_USA/USA_CSV0000000000003706.csv
2025-12-18 14:42:25 - exhaustive_index - INFO - Processing table 282 - datasets_USA/USA_CSV0000000000003716.csv
2025-12-18 14:42:25 - exhaustive_index - INFO - Table datasets_USA/USA_CSV0000000000003716.csv has 27819 rows and 14 columns
2025-12-18 14:42:25 - exhaustive_index - INFO - Processed table 282 - datasets_USA/USA_CSV0000000000003716.csv
2025-12-18 14:42:26 - exhaustive_index - INFO - Processing table 283 - datasets_USA/USA_CSV0000000000003746.csv
2025-12-18 14:42:26 - exhaustive_index - INFO - Table datasets_USA/USA_CSV0000000000003746.csv has 18672 rows and 6 columns
2025-12-18 14:42:26 - exhaustive_index - INFO - Processed table 283 - datasets_USA/USA_CSV0000000000003746.csv
2025-12-18 14:42:27 - exhaustive_index - INFO - Processing table 284 - datasets_USA/USA_CSV0000000000003751.csv
2025-12-18 14:42:27 - exhaustive_index - INFO - Table datasets_USA/USA_CSV0000000000003751.csv has 163 rows and 8 columns
2025-12-18 14:42:27 - exhaustive_index - INFO - Processed table 284 - datasets_USA/USA_CSV0000000000003751.csv
2025-12-18 14:42:29 - exhaustive_index - INFO - Processing table 285 - datasets_USA/USA_CSV0000000000003767.csv
2025-12-18 14:42:29 - exhaustive_index - INFO - Table datasets_USA/USA_CSV0000000000003767.csv has 8210 rows and 10 columns
2025-12-18 14:42:29 - exhaustive_index - INFO - Processed table 285 - datasets_USA/USA_CSV0000000000003767.csv
2025-12-18 14:42:30 - exhaustive_index - INFO - Processing table 286 - datasets_USA/USA_CSV0000000000003772.csv
2025-12-18 14:42:30 - exhaustive_index - INFO - Table datasets_USA/USA_CSV0000000000003772.csv has 846 rows and 7 columns
2025-12-18 14:42:30 - exhaustive_index - INFO - Processed table 286 - datasets_USA/USA_CSV0000000000003772.csv
2025-12-18 14:42:31 - exhaustive_index - INFO - Processing table 287 - datasets_USA/USA_CSV0000000000003777.csv
2025-12-18 14:42:31 - exhaustive_index - INFO - Table datasets_USA/USA_CSV0000000000003777.csv has 5155 rows and 5 columns
2025-12-18 14:42:31 - exhaustive_index - INFO - Processed table 287 - datasets_USA/USA_CSV0000000000003777.csv
2025-12-18 14:44:04 - exhaustive_index - INFO - Processing table 288 - datasets_USA/USA_CSV0000000000003785.csv
2025-12-18 14:44:04 - exhaustive_index - INFO - Table datasets_USA/USA_CSV0000000000003785.csv has 1667 rows and 50 columns
2025-12-18 14:44:04 - exhaustive_index - INFO - Processed table 288 - datasets_USA/USA_CSV0000000000003785.csv
2025-12-18 14:44:09 - exhaustive_index - INFO - Processing table 289 - datasets_USA/USA_CSV0000000000003787.csv
2025-12-18 14:44:09 - exhaustive_index - INFO - Table datasets_USA/USA_CSV0000000000003787.csv has 3970 rows and 30 columns
2025-12-18 14:44:09 - exhaustive_index - INFO - Processed table 289 - datasets_USA/USA_CSV0000000000003787.csv
2025-12-18 14:44:10 - exhaustive_index - INFO - Processing table 290 - datasets_USA/USA_CSV0000000000003792.csv
2025-12-18 14:44:10 - exhaustive_index - INFO - Table datasets_USA/USA_CSV0000000000003792.csv has 9841 rows and 10 columns
2025-12-18 14:44:10 - exhaustive_index - INFO - Processed table 290 - datasets_USA/USA_CSV0000000000003792.csv
2025-12-18 14:44:12 - exhaustive_index - INFO - Processing table 291 - datasets_USA/USA_CSV0000000000003809.csv
2025-12-18 14:44:12 - exhaustive_index - INFO - Table datasets_USA/USA_CSV0000000000003809.csv has 15965 rows and 8 columns
2025-12-18 14:44:12 - exhaustive_index - INFO - Processed table 291 - datasets_USA/USA_CSV0000000000003809.csv
2025-12-18 14:44:12 - exhaustive_index - INFO - Processing table 292 - datasets_USA/USA_CSV0000000000003848.csv
2025-12-18 14:44:12 - exhaustive_index - INFO - Table datasets_USA/USA_CSV0000000000003848.csv has 221 rows and 10 columns
2025-12-18 14:44:12 - exhaustive_index - INFO - Processed table 292 - datasets_USA/USA_CSV0000000000003848.csv
2025-12-18 14:44:20 - exhaustive_index - INFO - Processing table 293 - datasets_USA/USA_CSV0000000000003874.csv
2025-12-18 14:44:20 - exhaustive_index - INFO - Table datasets_USA/USA_CSV0000000000003874.csv has 15744 rows and 11 columns
2025-12-18 14:44:20 - exhaustive_index - INFO - Processed table 293 - datasets_USA/USA_CSV0000000000003874.csv
2025-12-18 14:44:20 - exhaustive_index - INFO - Processing table 294 - datasets_USA/USA_CSV0000000000003891.csv
2025-12-18 14:44:20 - exhaustive_index - INFO - Table datasets_USA/USA_CSV0000000000003891.csv has 169 rows and 5 columns
2025-12-18 14:44:20 - exhaustive_index - INFO - Processed table 294 - datasets_USA/USA_CSV0000000000003891.csv
2025-12-18 14:44:29 - exhaustive_index - INFO - Processing table 295 - datasets_USA/USA_CSV0000000000003901.csv
2025-12-18 14:44:29 - exhaustive_index - INFO - Table datasets_USA/USA_CSV0000000000003901.csv has 10251 rows and 14 columns
2025-12-18 14:44:29 - exhaustive_index - INFO - Processed table 295 - datasets_USA/USA_CSV0000000000003901.csv
2025-12-18 14:44:30 - exhaustive_index - INFO - Processing table 296 - datasets_USA/USA_CSV0000000000003908.csv
2025-12-18 14:44:30 - exhaustive_index - INFO - Table datasets_USA/USA_CSV0000000000003908.csv has 9742 rows and 5 columns
2025-12-18 14:44:30 - exhaustive_index - INFO - Processed table 296 - datasets_USA/USA_CSV0000000000003908.csv
2025-12-18 14:44:31 - exhaustive_index - INFO - Processing table 297 - datasets_USA/USA_CSV0000000000003912.csv
2025-12-18 14:44:31 - exhaustive_index - INFO - Table datasets_USA/USA_CSV0000000000003912.csv has 278 rows and 12 columns
2025-12-18 14:44:31 - exhaustive_index - INFO - Processed table 297 - datasets_USA/USA_CSV0000000000003912.csv
2025-12-18 14:44:33 - exhaustive_index - INFO - Processing table 298 - datasets_USA/USA_CSV0000000000003919.csv
2025-12-18 14:44:33 - exhaustive_index - INFO - Table datasets_USA/USA_CSV0000000000003919.csv has 421 rows and 12 columns
2025-12-18 14:44:33 - exhaustive_index - INFO - Processed table 298 - datasets_USA/USA_CSV0000000000003919.csv
2025-12-18 14:44:33 - exhaustive_index - INFO - Processing table 299 - datasets_USA/USA_CSV0000000000003920.csv
2025-12-18 14:44:33 - exhaustive_index - INFO - Table datasets_USA/USA_CSV0000000000003920.csv has 187 rows and 6 columns
2025-12-18 14:44:33 - exhaustive_index - INFO - Processed table 299 - datasets_USA/USA_CSV0000000000003920.csv
2025-12-18 14:44:36 - exhaustive_index - INFO - Processing table 300 - datasets_USA/USA_CSV0000000000003938.csv
2025-12-18 14:44:36 - exhaustive_index - INFO - Table datasets_USA/USA_CSV0000000000003938.csv has 12475 rows and 13 columns
2025-12-18 14:44:36 - exhaustive_index - INFO - Processed table 300 - datasets_USA/USA_CSV0000000000003938.csv
2025-12-18 14:44:38 - exhaustive_index - INFO - Processing table 301 - datasets_USA/USA_CSV0000000000003954.csv
2025-12-18 14:44:38 - exhaustive_index - INFO - Table datasets_USA/USA_CSV0000000000003954.csv has 47087 rows and 6 columns
2025-12-18 14:44:38 - exhaustive_index - INFO - Processed table 301 - datasets_USA/USA_CSV0000000000003954.csv
2025-12-18 14:44:39 - exhaustive_index - INFO - Processing table 302 - datasets_USA/USA_CSV0000000000003981.csv
2025-12-18 14:44:39 - exhaustive_index - INFO - Table datasets_USA/USA_CSV0000000000003981.csv has 19489 rows and 6 columns
2025-12-18 14:44:39 - exhaustive_index - INFO - Processed table 302 - datasets_USA/USA_CSV0000000000003981.csv
2025-12-18 14:44:48 - exhaustive_index - INFO - Processing table 303 - datasets_USA/USA_CSV0000000000003982.csv
2025-12-18 14:44:48 - exhaustive_index - INFO - Table datasets_USA/USA_CSV0000000000003982.csv has 23860 rows and 20 columns
2025-12-18 14:44:48 - exhaustive_index - INFO - Processed table 303 - datasets_USA/USA_CSV0000000000003982.csv
2025-12-18 14:44:50 - exhaustive_index - INFO - Processing table 304 - datasets_USA/USA_CSV0000000000004023.csv
2025-12-18 14:44:50 - exhaustive_index - INFO - Table datasets_USA/USA_CSV0000000000004023.csv has 7987 rows and 11 columns
2025-12-18 14:44:50 - exhaustive_index - INFO - Processed table 304 - datasets_USA/USA_CSV0000000000004023.csv
2025-12-18 14:44:50 - exhaustive_index - INFO - Processing table 305 - datasets_USA/USA_CSV0000000000004027.csv
2025-12-18 14:44:50 - exhaustive_index - INFO - Table datasets_USA/USA_CSV0000000000004027.csv has 112290 rows and 4 columns
2025-12-18 14:44:50 - exhaustive_index - INFO - Processed table 305 - datasets_USA/USA_CSV0000000000004027.csv
2025-12-18 14:44:52 - exhaustive_index - INFO - Processing table 306 - datasets_USA/USA_CSV0000000000004047.csv
2025-12-18 14:44:52 - exhaustive_index - INFO - Table datasets_USA/USA_CSV0000000000004047.csv has 37685 rows and 9 columns
2025-12-18 14:44:52 - exhaustive_index - INFO - Processed table 306 - datasets_USA/USA_CSV0000000000004047.csv
2025-12-18 14:44:53 - exhaustive_index - INFO - Processing table 307 - datasets_USA/USA_CSV0000000000004055.csv
2025-12-18 14:44:53 - exhaustive_index - INFO - Table datasets_USA/USA_CSV0000000000004055.csv has 434 rows and 10 columns
2025-12-18 14:44:53 - exhaustive_index - INFO - Processed table 307 - datasets_USA/USA_CSV0000000000004055.csv
2025-12-18 14:45:00 - exhaustive_index - INFO - Processing table 308 - datasets_USA/USA_CSV0000000000004060.csv
2025-12-18 14:45:00 - exhaustive_index - INFO - Table datasets_USA/USA_CSV0000000000004060.csv has 5002 rows and 15 columns
2025-12-18 14:45:00 - exhaustive_index - INFO - Processed table 308 - datasets_USA/USA_CSV0000000000004060.csv
2025-12-18 14:45:06 - exhaustive_index - INFO - Processing table 309 - datasets_USA/USA_CSV0000000000004095.csv
2025-12-18 14:45:06 - exhaustive_index - INFO - Table datasets_USA/USA_CSV0000000000004095.csv has 8662 rows and 14 columns
2025-12-18 14:45:06 - exhaustive_index - INFO - Processed table 309 - datasets_USA/USA_CSV0000000000004095.csv
2025-12-18 14:45:06 - exhaustive_index - INFO - Processing table 310 - datasets_USA/USA_CSV0000000000004122.csv
2025-12-18 14:45:06 - exhaustive_index - INFO - Table datasets_USA/USA_CSV0000000000004122.csv has 1422 rows and 3 columns
2025-12-18 14:45:06 - exhaustive_index - INFO - Processed table 310 - datasets_USA/USA_CSV0000000000004122.csv
2025-12-18 14:45:26 - exhaustive_index - INFO - Processing table 311 - datasets_USA/USA_CSV0000000000004125.csv
2025-12-18 14:45:26 - exhaustive_index - INFO - Table datasets_USA/USA_CSV0000000000004125.csv has 18322 rows and 35 columns
2025-12-18 14:45:26 - exhaustive_index - INFO - Processed table 311 - datasets_USA/USA_CSV0000000000004125.csv
2025-12-18 14:45:28 - exhaustive_index - INFO - Processing table 312 - datasets_USA/USA_CSV0000000000004130.csv
2025-12-18 14:45:28 - exhaustive_index - INFO - Table datasets_USA/USA_CSV0000000000004130.csv has 60485 rows and 7 columns
2025-12-18 14:45:28 - exhaustive_index - INFO - Processed table 312 - datasets_USA/USA_CSV0000000000004130.csv
2025-12-18 14:46:20 - exhaustive_index - INFO - Processing table 313 - datasets_USA/USA_CSV0000000000004155.csv
2025-12-18 14:46:20 - exhaustive_index - INFO - Table datasets_USA/USA_CSV0000000000004155.csv has 12107 rows and 21 columns
2025-12-18 14:46:20 - exhaustive_index - INFO - Processed table 313 - datasets_USA/USA_CSV0000000000004155.csv
2025-12-18 14:46:20 - exhaustive_index - INFO - Processing table 314 - datasets_USA/USA_CSV0000000000004166.csv
2025-12-18 14:46:20 - exhaustive_index - INFO - Table datasets_USA/USA_CSV0000000000004166.csv has 7688 rows and 21 columns
2025-12-18 14:46:20 - exhaustive_index - INFO - Processed table 314 - datasets_USA/USA_CSV0000000000004166.csv
2025-12-18 14:46:20 - exhaustive_index - INFO - Processing table 315 - datasets_USA/USA_CSV0000000000004188.csv
2025-12-18 14:46:20 - exhaustive_index - INFO - Table datasets_USA/USA_CSV0000000000004188.csv has 15 rows and 3 columns
2025-12-18 14:46:20 - exhaustive_index - INFO - Processed table 315 - datasets_USA/USA_CSV0000000000004188.csv
2025-12-18 14:46:38 - exhaustive_index - INFO - Processing table 316 - datasets_USA/USA_CSV0000000000004218.csv
2025-12-18 14:46:38 - exhaustive_index - INFO - Table datasets_USA/USA_CSV0000000000004218.csv has 14628 rows and 19 columns
2025-12-18 14:46:38 - exhaustive_index - INFO - Processed table 316 - datasets_USA/USA_CSV0000000000004218.csv
2025-12-18 14:47:04 - exhaustive_index - INFO - Processing table 317 - datasets_USA/USA_CSV0000000000004237.csv
2025-12-18 14:47:04 - exhaustive_index - INFO - Table datasets_USA/USA_CSV0000000000004237.csv has 7297 rows and 36 columns
2025-12-18 14:47:04 - exhaustive_index - INFO - Processed table 317 - datasets_USA/USA_CSV0000000000004237.csv
2025-12-18 14:47:11 - exhaustive_index - INFO - Processing table 318 - datasets_USA/USA_CSV0000000000004243.csv
2025-12-18 14:47:11 - exhaustive_index - INFO - Table datasets_USA/USA_CSV0000000000004243.csv has 7234 rows and 32 columns
2025-12-18 14:47:11 - exhaustive_index - INFO - Processed table 318 - datasets_USA/USA_CSV0000000000004243.csv
2025-12-18 14:47:11 - exhaustive_index - INFO - Processing table 319 - datasets_USA/USA_CSV0000000000004267.csv
2025-12-18 14:47:11 - exhaustive_index - INFO - Table datasets_USA/USA_CSV0000000000004267.csv has 14141 rows and 5 columns
2025-12-18 14:47:11 - exhaustive_index - INFO - Processed table 319 - datasets_USA/USA_CSV0000000000004267.csv
2025-12-18 14:49:21 - exhaustive_index - INFO - Processing table 320 - datasets_USA/USA_CSV0000000000004273.csv
2025-12-18 14:49:21 - exhaustive_index - INFO - Table datasets_USA/USA_CSV0000000000004273.csv has 3279 rows and 53 columns
2025-12-18 14:49:21 - exhaustive_index - INFO - Processed table 320 - datasets_USA/USA_CSV0000000000004273.csv
2025-12-18 14:49:22 - exhaustive_index - INFO - Processing table 321 - datasets_USA/USA_CSV0000000000004278.csv
2025-12-18 14:49:22 - exhaustive_index - INFO - Table datasets_USA/USA_CSV0000000000004278.csv has 31048 rows and 8 columns
2025-12-18 14:49:22 - exhaustive_index - INFO - Processed table 321 - datasets_USA/USA_CSV0000000000004278.csv
2025-12-18 14:49:27 - exhaustive_index - INFO - Processing table 322 - datasets_USA/USA_CSV0000000000004288.csv
2025-12-18 14:49:27 - exhaustive_index - INFO - Table datasets_USA/USA_CSV0000000000004288.csv has 6452 rows and 17 columns
2025-12-18 14:49:27 - exhaustive_index - INFO - Processed table 322 - datasets_USA/USA_CSV0000000000004288.csv
2025-12-18 14:49:28 - exhaustive_index - INFO - Processing table 323 - datasets_USA/USA_CSV0000000000004310.csv
2025-12-18 14:49:28 - exhaustive_index - INFO - Table datasets_USA/USA_CSV0000000000004310.csv has 142746 rows and 5 columns
2025-12-18 14:49:28 - exhaustive_index - INFO - Processed table 323 - datasets_USA/USA_CSV0000000000004310.csv
2025-12-18 14:49:29 - exhaustive_index - INFO - Processing table 324 - datasets_USA/USA_CSV0000000000004318.csv
2025-12-18 14:49:29 - exhaustive_index - INFO - Table datasets_USA/USA_CSV0000000000004318.csv has 342 rows and 10 columns
2025-12-18 14:49:29 - exhaustive_index - INFO - Processed table 324 - datasets_USA/USA_CSV0000000000004318.csv
2025-12-18 14:49:35 - exhaustive_index - INFO - Processing table 325 - datasets_USA/USA_CSV0000000000004349.csv
2025-12-18 14:49:35 - exhaustive_index - INFO - Table datasets_USA/USA_CSV0000000000004349.csv has 6789 rows and 17 columns
2025-12-18 14:49:35 - exhaustive_index - INFO - Processed table 325 - datasets_USA/USA_CSV0000000000004349.csv
2025-12-18 14:49:40 - exhaustive_index - INFO - Processing table 326 - datasets_USA/USA_CSV0000000000004350.csv
2025-12-18 14:49:40 - exhaustive_index - INFO - Table datasets_USA/USA_CSV0000000000004350.csv has 6677 rows and 17 columns
2025-12-18 14:49:40 - exhaustive_index - INFO - Processed table 326 - datasets_USA/USA_CSV0000000000004350.csv
2025-12-18 14:49:43 - exhaustive_index - INFO - Processing table 327 - datasets_USA/USA_CSV0000000000004352.csv
2025-12-18 14:49:43 - exhaustive_index - INFO - Table datasets_USA/USA_CSV0000000000004352.csv has 6019 rows and 12 columns
2025-12-18 14:49:43 - exhaustive_index - INFO - Processed table 327 - datasets_USA/USA_CSV0000000000004352.csv
2025-12-18 14:49:48 - exhaustive_index - INFO - Processing table 328 - datasets_USA/USA_CSV0000000000004353.csv
2025-12-18 14:49:48 - exhaustive_index - INFO - Table datasets_USA/USA_CSV0000000000004353.csv has 6504 rows and 17 columns
2025-12-18 14:49:48 - exhaustive_index - INFO - Processed table 328 - datasets_USA/USA_CSV0000000000004353.csv
2025-12-18 14:49:49 - exhaustive_index - INFO - Processing table 329 - datasets_USA/USA_CSV0000000000004369.csv
2025-12-18 14:49:49 - exhaustive_index - INFO - Table datasets_USA/USA_CSV0000000000004369.csv has 446 rows and 11 columns
2025-12-18 14:49:49 - exhaustive_index - INFO - Processed table 329 - datasets_USA/USA_CSV0000000000004369.csv
2025-12-18 14:49:54 - exhaustive_index - INFO - Processing table 330 - datasets_USA/USA_CSV0000000000004387.csv
2025-12-18 14:49:54 - exhaustive_index - INFO - Table datasets_USA/USA_CSV0000000000004387.csv has 21036 rows and 11 columns
2025-12-18 14:49:54 - exhaustive_index - INFO - Processed table 330 - datasets_USA/USA_CSV0000000000004387.csv
2025-12-18 14:49:54 - exhaustive_index - INFO - Processing table 331 - datasets_USA/USA_CSV0000000000004415.csv
2025-12-18 14:49:54 - exhaustive_index - INFO - Table datasets_USA/USA_CSV0000000000004415.csv has 29585 rows and 4 columns
2025-12-18 14:49:54 - exhaustive_index - INFO - Processed table 331 - datasets_USA/USA_CSV0000000000004415.csv
2025-12-18 14:49:55 - exhaustive_index - INFO - Processing table 332 - datasets_USA/USA_CSV0000000000004433.csv
2025-12-18 14:49:55 - exhaustive_index - INFO - Table datasets_USA/USA_CSV0000000000004433.csv has 64020 rows and 3 columns
2025-12-18 14:49:55 - exhaustive_index - INFO - Processed table 332 - datasets_USA/USA_CSV0000000000004433.csv
2025-12-18 14:50:12 - exhaustive_index - INFO - Processing table 333 - datasets_USA/USA_CSV0000000000004434.csv
2025-12-18 14:50:12 - exhaustive_index - INFO - Table datasets_USA/USA_CSV0000000000004434.csv has 9392 rows and 27 columns
2025-12-18 14:50:12 - exhaustive_index - INFO - Processed table 333 - datasets_USA/USA_CSV0000000000004434.csv
2025-12-18 14:50:54 - exhaustive_index - INFO - Processing table 334 - datasets_USA/USA_CSV0000000000004478.csv
2025-12-18 14:50:54 - exhaustive_index - INFO - Table datasets_USA/USA_CSV0000000000004478.csv has 25096 rows and 23 columns
2025-12-18 14:50:54 - exhaustive_index - INFO - Processed table 334 - datasets_USA/USA_CSV0000000000004478.csv
2025-12-18 14:51:08 - exhaustive_index - INFO - Processing table 335 - datasets_USA/USA_CSV0000000000004482.csv
2025-12-18 14:51:08 - exhaustive_index - INFO - Table datasets_USA/USA_CSV0000000000004482.csv has 437 rows and 48 columns
2025-12-18 14:51:08 - exhaustive_index - INFO - Processed table 335 - datasets_USA/USA_CSV0000000000004482.csv
2025-12-18 14:51:09 - exhaustive_index - INFO - Processing table 336 - datasets_USA/USA_CSV0000000000004493.csv
2025-12-18 14:51:09 - exhaustive_index - INFO - Table datasets_USA/USA_CSV0000000000004493.csv has 6615 rows and 25 columns
2025-12-18 14:51:09 - exhaustive_index - INFO - Processed table 336 - datasets_USA/USA_CSV0000000000004493.csv
2025-12-18 14:51:11 - exhaustive_index - INFO - Processing table 337 - datasets_USA/USA_CSV0000000000004509.csv
2025-12-18 14:51:11 - exhaustive_index - INFO - Table datasets_USA/USA_CSV0000000000004509.csv has 8813 rows and 10 columns
2025-12-18 14:51:11 - exhaustive_index - INFO - Processed table 337 - datasets_USA/USA_CSV0000000000004509.csv
2025-12-18 14:51:19 - exhaustive_index - INFO - Processing table 338 - datasets_USA/USA_CSV0000000000004512.csv
2025-12-18 14:51:19 - exhaustive_index - INFO - Table datasets_USA/USA_CSV0000000000004512.csv has 294 rows and 46 columns
2025-12-18 14:51:19 - exhaustive_index - INFO - Processed table 338 - datasets_USA/USA_CSV0000000000004512.csv
2025-12-18 14:51:24 - exhaustive_index - INFO - Processing table 339 - datasets_USA/USA_CSV0000000000004599.csv
2025-12-18 14:51:24 - exhaustive_index - INFO - Table datasets_USA/USA_CSV0000000000004599.csv has 9429 rows and 11 columns
2025-12-18 14:51:24 - exhaustive_index - INFO - Processed table 339 - datasets_USA/USA_CSV0000000000004599.csv
2025-12-18 14:51:26 - exhaustive_index - INFO - Processing table 340 - datasets_USA/USA_CSV0000000000004601.csv
2025-12-18 14:51:26 - exhaustive_index - INFO - Table datasets_USA/USA_CSV0000000000004601.csv has 75782 rows and 5 columns
2025-12-18 14:51:26 - exhaustive_index - INFO - Processed table 340 - datasets_USA/USA_CSV0000000000004601.csv
2025-12-18 14:53:55 - exhaustive_index - INFO - Processing table 341 - datasets_USA/USA_CSV0000000000004603.csv
2025-12-18 14:53:55 - exhaustive_index - INFO - Table datasets_USA/USA_CSV0000000000004603.csv has 7684 rows and 40 columns
2025-12-18 14:53:55 - exhaustive_index - INFO - Processed table 341 - datasets_USA/USA_CSV0000000000004603.csv
2025-12-18 14:53:55 - exhaustive_index - INFO - Processing table 342 - datasets_USA/USA_CSV0000000000004615.csv
2025-12-18 14:53:55 - exhaustive_index - INFO - Table datasets_USA/USA_CSV0000000000004615.csv has 15 rows and 3 columns
2025-12-18 14:53:55 - exhaustive_index - INFO - Processed table 342 - datasets_USA/USA_CSV0000000000004615.csv
2025-12-18 14:53:56 - exhaustive_index - INFO - Processing table 343 - datasets_USA/USA_CSV0000000000004660.csv
2025-12-18 14:53:56 - exhaustive_index - INFO - Table datasets_USA/USA_CSV0000000000004660.csv has 169 rows and 8 columns
2025-12-18 14:53:56 - exhaustive_index - INFO - Processed table 343 - datasets_USA/USA_CSV0000000000004660.csv
2025-12-18 14:54:21 - exhaustive_index - INFO - Processing table 344 - datasets_USA/USA_CSV0000000000004693.csv
2025-12-18 14:54:21 - exhaustive_index - INFO - Table datasets_USA/USA_CSV0000000000004693.csv has 5263 rows and 44 columns
2025-12-18 14:54:21 - exhaustive_index - INFO - Processed table 344 - datasets_USA/USA_CSV0000000000004693.csv
2025-12-18 14:54:23 - exhaustive_index - INFO - Processing table 345 - datasets_USA/USA_CSV0000000000004708.csv
2025-12-18 14:54:23 - exhaustive_index - INFO - Table datasets_USA/USA_CSV0000000000004708.csv has 76672 rows and 7 columns
2025-12-18 14:54:23 - exhaustive_index - INFO - Processed table 345 - datasets_USA/USA_CSV0000000000004708.csv
2025-12-18 14:54:26 - exhaustive_index - INFO - Processing table 346 - datasets_USA/USA_CSV0000000000004717.csv
2025-12-18 14:54:26 - exhaustive_index - INFO - Table datasets_USA/USA_CSV0000000000004717.csv has 12925 rows and 10 columns
2025-12-18 14:54:26 - exhaustive_index - INFO - Processed table 346 - datasets_USA/USA_CSV0000000000004717.csv
2025-12-18 14:54:28 - exhaustive_index - INFO - Processing table 347 - datasets_USA/USA_CSV0000000000004778.csv
2025-12-18 14:54:28 - exhaustive_index - INFO - Table datasets_USA/USA_CSV0000000000004778.csv has 263 rows and 7 columns
2025-12-18 14:54:28 - exhaustive_index - INFO - Processed table 347 - datasets_USA/USA_CSV0000000000004778.csv
2025-12-18 14:54:28 - exhaustive_index - INFO - Processing table 348 - datasets_USA/USA_CSV0000000000004816.csv
2025-12-18 14:54:28 - exhaustive_index - INFO - Table datasets_USA/USA_CSV0000000000004816.csv has 16996 rows and 9 columns
2025-12-18 14:54:28 - exhaustive_index - INFO - Processed table 348 - datasets_USA/USA_CSV0000000000004816.csv
2025-12-18 14:55:14 - exhaustive_index - INFO - Processing table 349 - datasets_USA/USA_CSV0000000000004818.csv
2025-12-18 14:55:14 - exhaustive_index - INFO - Table datasets_USA/USA_CSV0000000000004818.csv has 2119 rows and 62 columns
2025-12-18 14:55:14 - exhaustive_index - INFO - Processed table 349 - datasets_USA/USA_CSV0000000000004818.csv
2025-12-18 14:55:18 - exhaustive_index - INFO - Processing table 350 - datasets_USA/USA_CSV0000000000004924.csv
2025-12-18 14:55:18 - exhaustive_index - INFO - Table datasets_USA/USA_CSV0000000000004924.csv has 24530 rows and 12 columns
2025-12-18 14:55:18 - exhaustive_index - INFO - Processed table 350 - datasets_USA/USA_CSV0000000000004924.csv
2025-12-18 14:55:18 - exhaustive_index - INFO - Processing table 351 - datasets_USA/USA_CSV0000000000004937.csv
2025-12-18 14:55:18 - exhaustive_index - INFO - Table datasets_USA/USA_CSV0000000000004937.csv has 77469 rows and 3 columns
2025-12-18 14:55:18 - exhaustive_index - INFO - Processed table 351 - datasets_USA/USA_CSV0000000000004937.csv
2025-12-18 14:55:47 - exhaustive_index - INFO - Processing table 352 - datasets_USA/USA_CSV0000000000004950.csv
2025-12-18 14:55:47 - exhaustive_index - INFO - Table datasets_USA/USA_CSV0000000000004950.csv has 17095 rows and 23 columns
2025-12-18 14:55:47 - exhaustive_index - INFO - Processed table 352 - datasets_USA/USA_CSV0000000000004950.csv
2025-12-18 14:55:49 - exhaustive_index - INFO - Processing table 353 - datasets_USA/USA_CSV0000000000004956.csv
2025-12-18 14:55:49 - exhaustive_index - INFO - Table datasets_USA/USA_CSV0000000000004956.csv has 208 rows and 17 columns
2025-12-18 14:55:49 - exhaustive_index - INFO - Processed table 353 - datasets_USA/USA_CSV0000000000004956.csv
2025-12-18 14:56:10 - exhaustive_index - INFO - Processing table 354 - datasets_USA/USA_CSV0000000000004960.csv
2025-12-18 14:56:10 - exhaustive_index - INFO - Table datasets_USA/USA_CSV0000000000004960.csv has 28478 rows and 16 columns
2025-12-18 14:56:10 - exhaustive_index - INFO - Processed table 354 - datasets_USA/USA_CSV0000000000004960.csv
2025-12-18 14:56:12 - exhaustive_index - INFO - Processing table 355 - datasets_USA/USA_CSV0000000000004976.csv
2025-12-18 14:56:12 - exhaustive_index - INFO - Table datasets_USA/USA_CSV0000000000004976.csv has 3741 rows and 18 columns
2025-12-18 14:56:12 - exhaustive_index - INFO - Processed table 355 - datasets_USA/USA_CSV0000000000004976.csv
2025-12-18 14:56:12 - exhaustive_index - INFO - Processing table 356 - datasets_USA/USA_CSV0000000000004992.csv
2025-12-18 14:56:12 - exhaustive_index - INFO - Table datasets_USA/USA_CSV0000000000004992.csv has 38 rows and 5 columns
2025-12-18 14:56:12 - exhaustive_index - INFO - Processed table 356 - datasets_USA/USA_CSV0000000000004992.csv
2025-12-18 14:56:14 - exhaustive_index - INFO - Processing table 357 - datasets_USA/USA_CSV0000000000005021.csv
2025-12-18 14:56:14 - exhaustive_index - INFO - Table datasets_USA/USA_CSV0000000000005021.csv has 12616 rows and 5 columns
2025-12-18 14:56:14 - exhaustive_index - INFO - Processed table 357 - datasets_USA/USA_CSV0000000000005021.csv
2025-12-18 14:56:16 - exhaustive_index - INFO - Processing table 358 - datasets_USA/USA_CSV0000000000005034.csv
2025-12-18 14:56:16 - exhaustive_index - INFO - Table datasets_USA/USA_CSV0000000000005034.csv has 367 rows and 17 columns
2025-12-18 14:56:16 - exhaustive_index - INFO - Processed table 358 - datasets_USA/USA_CSV0000000000005034.csv
2025-12-18 14:56:17 - exhaustive_index - INFO - Processing table 359 - datasets_USA/USA_CSV0000000000005085.csv
2025-12-18 14:56:17 - exhaustive_index - INFO - Table datasets_USA/USA_CSV0000000000005085.csv has 121 rows and 9 columns
2025-12-18 14:56:17 - exhaustive_index - INFO - Processed table 359 - datasets_USA/USA_CSV0000000000005085.csv
2025-12-18 14:56:20 - exhaustive_index - INFO - Processing table 360 - datasets_USA/USA_CSV0000000000005098.csv
2025-12-18 14:56:20 - exhaustive_index - INFO - Table datasets_USA/USA_CSV0000000000005098.csv has 4702 rows and 8 columns
2025-12-18 14:56:20 - exhaustive_index - INFO - Processed table 360 - datasets_USA/USA_CSV0000000000005098.csv
2025-12-18 14:56:21 - exhaustive_index - INFO - Processing table 361 - datasets_USA/USA_CSV0000000000005110.csv
2025-12-18 14:56:21 - exhaustive_index - INFO - Table datasets_USA/USA_CSV0000000000005110.csv has 21665 rows and 13 columns
2025-12-18 14:56:21 - exhaustive_index - INFO - Processed table 361 - datasets_USA/USA_CSV0000000000005110.csv
2025-12-18 14:56:21 - exhaustive_index - INFO - Processing table 362 - datasets_USA/USA_CSV0000000000005128.csv
2025-12-18 14:56:37 - exhaustive_index - INFO - Processing table 363 - datasets_USA/USA_CSV0000000000005158.csv
2025-12-18 14:56:37 - exhaustive_index - INFO - Table datasets_USA/USA_CSV0000000000005158.csv has 9026 rows and 32 columns
2025-12-18 14:56:37 - exhaustive_index - INFO - Processed table 363 - datasets_USA/USA_CSV0000000000005158.csv
2025-12-18 14:56:46 - exhaustive_index - INFO - Processing table 364 - datasets_USA/USA_CSV0000000000005162.csv
2025-12-18 14:56:46 - exhaustive_index - INFO - Table datasets_USA/USA_CSV0000000000005162.csv has 23088 rows and 12 columns
2025-12-18 14:56:46 - exhaustive_index - INFO - Processed table 364 - datasets_USA/USA_CSV0000000000005162.csv
2025-12-18 14:56:47 - exhaustive_index - INFO - Processing table 365 - datasets_USA/USA_CSV0000000000005163.csv
2025-12-18 14:56:47 - exhaustive_index - INFO - Table datasets_USA/USA_CSV0000000000005163.csv has 6955 rows and 25 columns
2025-12-18 14:56:47 - exhaustive_index - INFO - Processed table 365 - datasets_USA/USA_CSV0000000000005163.csv
2025-12-18 14:56:48 - exhaustive_index - INFO - Processing table 366 - datasets_USA/USA_CSV0000000000005168.csv
2025-12-18 14:56:48 - exhaustive_index - INFO - Table datasets_USA/USA_CSV0000000000005168.csv has 48384 rows and 6 columns
2025-12-18 14:56:48 - exhaustive_index - INFO - Processed table 366 - datasets_USA/USA_CSV0000000000005168.csv
2025-12-18 14:56:49 - exhaustive_index - INFO - Processing table 367 - datasets_USA/USA_CSV0000000000005180.csv
2025-12-18 14:56:49 - exhaustive_index - INFO - Table datasets_USA/USA_CSV0000000000005180.csv has 189 rows and 6 columns
2025-12-18 14:56:49 - exhaustive_index - INFO - Processed table 367 - datasets_USA/USA_CSV0000000000005180.csv
2025-12-18 14:56:50 - exhaustive_index - INFO - Processing table 368 - datasets_USA/USA_CSV0000000000005221.csv
2025-12-18 14:56:50 - exhaustive_index - INFO - Table datasets_USA/USA_CSV0000000000005221.csv has 477 rows and 12 columns
2025-12-18 14:56:50 - exhaustive_index - INFO - Processed table 368 - datasets_USA/USA_CSV0000000000005221.csv
2025-12-18 14:56:53 - exhaustive_index - INFO - Processing table 369 - datasets_USA/USA_CSV0000000000005298.csv
2025-12-18 14:56:53 - exhaustive_index - INFO - Table datasets_USA/USA_CSV0000000000005298.csv has 25683 rows and 9 columns
2025-12-18 14:56:53 - exhaustive_index - INFO - Processed table 369 - datasets_USA/USA_CSV0000000000005298.csv
2025-12-18 14:57:20 - exhaustive_index - INFO - Processing table 370 - datasets_USA/USA_CSV0000000000005307.csv
2025-12-18 14:57:20 - exhaustive_index - INFO - Table datasets_USA/USA_CSV0000000000005307.csv has 3174 rows and 58 columns
2025-12-18 14:57:20 - exhaustive_index - INFO - Processed table 370 - datasets_USA/USA_CSV0000000000005307.csv
2025-12-18 14:57:23 - exhaustive_index - INFO - Processing table 371 - datasets_USA/USA_CSV0000000000005314.csv
2025-12-18 14:57:23 - exhaustive_index - INFO - Table datasets_USA/USA_CSV0000000000005314.csv has 61035 rows and 6 columns
2025-12-18 14:57:23 - exhaustive_index - INFO - Processed table 371 - datasets_USA/USA_CSV0000000000005314.csv
2025-12-18 14:57:46 - exhaustive_index - INFO - Processing table 372 - datasets_USA/USA_CSV0000000000005320.csv
2025-12-18 14:57:46 - exhaustive_index - INFO - Table datasets_USA/USA_CSV0000000000005320.csv has 8952 rows and 38 columns
2025-12-18 14:57:46 - exhaustive_index - INFO - Processed table 372 - datasets_USA/USA_CSV0000000000005320.csv
2025-12-18 14:57:50 - exhaustive_index - INFO - Processing table 373 - datasets_USA/USA_CSV0000000000005324.csv
2025-12-18 14:57:50 - exhaustive_index - INFO - Table datasets_USA/USA_CSV0000000000005324.csv has 19601 rows and 15 columns
2025-12-18 14:57:50 - exhaustive_index - INFO - Processed table 373 - datasets_USA/USA_CSV0000000000005324.csv
2025-12-18 14:57:50 - exhaustive_index - INFO - Processing table 374 - datasets_USA/USA_CSV0000000000005360.csv
2025-12-18 14:57:50 - exhaustive_index - INFO - Table datasets_USA/USA_CSV0000000000005360.csv has 292 rows and 6 columns
2025-12-18 14:57:50 - exhaustive_index - INFO - Processed table 374 - datasets_USA/USA_CSV0000000000005360.csv
2025-12-18 14:58:01 - exhaustive_index - INFO - Processing table 375 - datasets_USA/USA_CSV0000000000005376.csv
2025-12-18 14:58:01 - exhaustive_index - INFO - Table datasets_USA/USA_CSV0000000000005376.csv has 9354 rows and 24 columns
2025-12-18 14:58:01 - exhaustive_index - INFO - Processed table 375 - datasets_USA/USA_CSV0000000000005376.csv
2025-12-18 15:02:57 - exhaustive_index - INFO - Processing table 376 - datasets_USA/USA_CSV0000000000005379.csv
2025-12-18 15:02:57 - exhaustive_index - INFO - Table datasets_USA/USA_CSV0000000000005379.csv has 5336 rows and 61 columns
2025-12-18 15:02:57 - exhaustive_index - INFO - Processed table 376 - datasets_USA/USA_CSV0000000000005379.csv
2025-12-18 15:03:00 - exhaustive_index - INFO - Processing table 377 - datasets_USA/USA_CSV0000000000005385.csv
2025-12-18 15:03:00 - exhaustive_index - INFO - Table datasets_USA/USA_CSV0000000000005385.csv has 6459 rows and 15 columns
2025-12-18 15:03:00 - exhaustive_index - INFO - Processed table 377 - datasets_USA/USA_CSV0000000000005385.csv
2025-12-18 15:03:05 - exhaustive_index - INFO - Processing table 378 - datasets_USA/USA_CSV0000000000005386.csv
2025-12-18 15:03:05 - exhaustive_index - INFO - Table datasets_USA/USA_CSV0000000000005386.csv has 6841 rows and 17 columns
2025-12-18 15:03:05 - exhaustive_index - INFO - Processed table 378 - datasets_USA/USA_CSV0000000000005386.csv
2025-12-18 15:03:10 - exhaustive_index - INFO - Processing table 379 - datasets_USA/USA_CSV0000000000005393.csv
2025-12-18 15:03:10 - exhaustive_index - INFO - Table datasets_USA/USA_CSV0000000000005393.csv has 5629 rows and 14 columns
2025-12-18 15:03:10 - exhaustive_index - INFO - Processed table 379 - datasets_USA/USA_CSV0000000000005393.csv
2025-12-18 15:04:24 - exhaustive_index - INFO - Processing table 380 - datasets_USA/USA_CSV0000000000005399.csv
2025-12-18 15:04:24 - exhaustive_index - INFO - Table datasets_USA/USA_CSV0000000000005399.csv has 3241 rows and 54 columns
2025-12-18 15:04:24 - exhaustive_index - INFO - Processed table 380 - datasets_USA/USA_CSV0000000000005399.csv
2025-12-18 15:04:27 - exhaustive_index - INFO - Processing table 381 - datasets_USA/USA_CSV0000000000005407.csv
2025-12-18 15:04:27 - exhaustive_index - INFO - Table datasets_USA/USA_CSV0000000000005407.csv has 34756 rows and 9 columns
2025-12-18 15:04:27 - exhaustive_index - INFO - Processed table 381 - datasets_USA/USA_CSV0000000000005407.csv
2025-12-18 15:04:58 - exhaustive_index - INFO - Processing table 382 - datasets_USA/USA_CSV0000000000005415.csv
2025-12-18 15:04:58 - exhaustive_index - INFO - Table datasets_USA/USA_CSV0000000000005415.csv has 2202 rows and 58 columns
2025-12-18 15:04:58 - exhaustive_index - INFO - Processed table 382 - datasets_USA/USA_CSV0000000000005415.csv
2025-12-18 15:08:04 - exhaustive_index - INFO - Processing table 383 - datasets_USA/USA_CSV0000000000005422.csv
2025-12-18 15:08:04 - exhaustive_index - INFO - Table datasets_USA/USA_CSV0000000000005422.csv has 4924 rows and 96 columns
2025-12-18 15:08:04 - exhaustive_index - INFO - Processed table 383 - datasets_USA/USA_CSV0000000000005422.csv
2025-12-18 15:08:33 - exhaustive_index - INFO - Processing table 384 - datasets_USA/USA_CSV0000000000005433.csv
2025-12-18 15:08:33 - exhaustive_index - INFO - Table datasets_USA/USA_CSV0000000000005433.csv has 16908 rows and 16 columns
2025-12-18 15:08:33 - exhaustive_index - INFO - Processed table 384 - datasets_USA/USA_CSV0000000000005433.csv
2025-12-18 15:08:33 - exhaustive_index - INFO - Processing table 385 - datasets_USA/USA_CSV0000000000005436.csv
2025-12-18 15:08:33 - exhaustive_index - INFO - Table datasets_USA/USA_CSV0000000000005436.csv has 7767 rows and 5 columns
2025-12-18 15:08:33 - exhaustive_index - INFO - Processed table 385 - datasets_USA/USA_CSV0000000000005436.csv
2025-12-18 15:08:35 - exhaustive_index - INFO - Processing table 386 - datasets_USA/USA_CSV0000000000005441.csv
2025-12-18 15:08:35 - exhaustive_index - INFO - Table datasets_USA/USA_CSV0000000000005441.csv has 154628 rows and 3 columns
2025-12-18 15:08:35 - exhaustive_index - INFO - Processed table 386 - datasets_USA/USA_CSV0000000000005441.csv
2025-12-18 15:08:37 - exhaustive_index - INFO - Processing table 387 - datasets_USA/USA_CSV0000000000005445.csv
2025-12-18 15:08:37 - exhaustive_index - INFO - Table datasets_USA/USA_CSV0000000000005445.csv has 12192 rows and 13 columns
2025-12-18 15:08:37 - exhaustive_index - INFO - Processed table 387 - datasets_USA/USA_CSV0000000000005445.csv
2025-12-18 15:08:43 - exhaustive_index - INFO - Processing table 388 - datasets_USA/USA_CSV0000000000005465.csv
2025-12-18 15:08:43 - exhaustive_index - INFO - Table datasets_USA/USA_CSV0000000000005465.csv has 4749 rows and 18 columns
2025-12-18 15:08:43 - exhaustive_index - INFO - Processed table 388 - datasets_USA/USA_CSV0000000000005465.csv
2025-12-18 15:08:43 - exhaustive_index - INFO - Processing table 389 - datasets_USA/USA_CSV0000000000005469.csv
2025-12-18 15:08:43 - exhaustive_index - INFO - Table datasets_USA/USA_CSV0000000000005469.csv has 849 rows and 6 columns
2025-12-18 15:08:43 - exhaustive_index - INFO - Processed table 389 - datasets_USA/USA_CSV0000000000005469.csv
2025-12-18 15:08:46 - exhaustive_index - INFO - Processing table 390 - datasets_USA/USA_CSV0000000000005481.csv
2025-12-18 15:08:46 - exhaustive_index - INFO - Table datasets_USA/USA_CSV0000000000005481.csv has 14875 rows and 10 columns
2025-12-18 15:08:46 - exhaustive_index - INFO - Processed table 390 - datasets_USA/USA_CSV0000000000005481.csv
2025-12-18 15:08:48 - exhaustive_index - INFO - Processing table 391 - datasets_USA/USA_CSV0000000000005489.csv
2025-12-18 15:08:48 - exhaustive_index - INFO - Table datasets_USA/USA_CSV0000000000005489.csv has 2338 rows and 10 columns
2025-12-18 15:08:48 - exhaustive_index - INFO - Processed table 391 - datasets_USA/USA_CSV0000000000005489.csv
2025-12-18 15:08:53 - exhaustive_index - INFO - Processing table 392 - datasets_USA/USA_CSV0000000000005498.csv
2025-12-18 15:08:53 - exhaustive_index - INFO - Table datasets_USA/USA_CSV0000000000005498.csv has 15260 rows and 17 columns
2025-12-18 15:08:53 - exhaustive_index - INFO - Processed table 392 - datasets_USA/USA_CSV0000000000005498.csv
2025-12-18 15:09:08 - exhaustive_index - INFO - Processing table 393 - datasets_USA/USA_CSV0000000000005539.csv
2025-12-18 15:09:08 - exhaustive_index - INFO - Table datasets_USA/USA_CSV0000000000005539.csv has 63470 rows and 16 columns
2025-12-18 15:09:08 - exhaustive_index - INFO - Processed table 393 - datasets_USA/USA_CSV0000000000005539.csv
2025-12-18 15:09:50 - exhaustive_index - INFO - Processing table 394 - datasets_USA/USA_CSV0000000000005573.csv
2025-12-18 15:09:50 - exhaustive_index - INFO - Table datasets_USA/USA_CSV0000000000005573.csv has 2572 rows and 70 columns
2025-12-18 15:09:50 - exhaustive_index - INFO - Processed table 394 - datasets_USA/USA_CSV0000000000005573.csv
2025-12-18 15:09:52 - exhaustive_index - INFO - Processing table 395 - datasets_USA/USA_CSV0000000000005632.csv
2025-12-18 15:09:52 - exhaustive_index - INFO - Table datasets_USA/USA_CSV0000000000005632.csv has 165360 rows and 4 columns
2025-12-18 15:09:52 - exhaustive_index - INFO - Processed table 395 - datasets_USA/USA_CSV0000000000005632.csv
2025-12-18 15:09:54 - exhaustive_index - INFO - Processing table 396 - datasets_USA/USA_CSV0000000000005633.csv
2025-12-18 15:09:54 - exhaustive_index - INFO - Table datasets_USA/USA_CSV0000000000005633.csv has 17989 rows and 9 columns
2025-12-18 15:09:54 - exhaustive_index - INFO - Processed table 396 - datasets_USA/USA_CSV0000000000005633.csv
2025-12-18 15:09:54 - exhaustive_index - INFO - Processing table 397 - datasets_USA/USA_CSV0000000000005656.csv
2025-12-18 15:09:54 - exhaustive_index - INFO - Table datasets_USA/USA_CSV0000000000005656.csv has 161 rows and 7 columns
2025-12-18 15:09:54 - exhaustive_index - INFO - Processed table 397 - datasets_USA/USA_CSV0000000000005656.csv
2025-12-18 15:09:56 - exhaustive_index - INFO - Processing table 398 - datasets_USA/USA_CSV0000000000005657.csv
2025-12-18 15:09:56 - exhaustive_index - INFO - Table datasets_USA/USA_CSV0000000000005657.csv has 13008 rows and 10 columns
2025-12-18 15:09:56 - exhaustive_index - INFO - Processed table 398 - datasets_USA/USA_CSV0000000000005657.csv
2025-12-18 15:10:04 - exhaustive_index - INFO - Processing table 399 - datasets_USA/USA_CSV0000000000005707.csv
2025-12-18 15:10:04 - exhaustive_index - INFO - Table datasets_USA/USA_CSV0000000000005707.csv has 24071 rows and 20 columns
2025-12-18 15:10:04 - exhaustive_index - INFO - Processed table 399 - datasets_USA/USA_CSV0000000000005707.csv
2025-12-18 15:10:26 - exhaustive_index - INFO - Processing table 400 - datasets_USA/USA_CSV0000000000005710.csv
2025-12-18 15:10:26 - exhaustive_index - INFO - Table datasets_USA/USA_CSV0000000000005710.csv has 4668 rows and 19 columns
2025-12-18 15:10:26 - exhaustive_index - INFO - Processed table 400 - datasets_USA/USA_CSV0000000000005710.csv
2025-12-18 15:14:54 - exhaustive_index - INFO - Processing table 401 - datasets_USA/USA_CSV0000000000005724.csv
2025-12-18 15:14:54 - exhaustive_index - INFO - Table datasets_USA/USA_CSV0000000000005724.csv has 6831 rows and 70 columns
2025-12-18 15:14:54 - exhaustive_index - INFO - Processed table 401 - datasets_USA/USA_CSV0000000000005724.csv
2025-12-18 15:14:58 - exhaustive_index - INFO - Processing table 402 - datasets_USA/USA_CSV0000000000005744.csv
2025-12-18 15:14:58 - exhaustive_index - INFO - Table datasets_USA/USA_CSV0000000000005744.csv has 2764 rows and 18 columns
2025-12-18 15:14:58 - exhaustive_index - INFO - Processed table 402 - datasets_USA/USA_CSV0000000000005744.csv
2025-12-18 15:15:05 - exhaustive_index - INFO - Processing table 403 - datasets_USA/USA_CSV0000000000005745.csv
2025-12-18 15:15:05 - exhaustive_index - INFO - Table datasets_USA/USA_CSV0000000000005745.csv has 22161 rows and 27 columns
2025-12-18 15:15:05 - exhaustive_index - INFO - Processed table 403 - datasets_USA/USA_CSV0000000000005745.csv
2025-12-18 15:19:11 - exhaustive_index - INFO - Processing table 404 - datasets_USA/USA_CSV0000000000005749.csv
2025-12-18 15:19:11 - exhaustive_index - INFO - Table datasets_USA/USA_CSV0000000000005749.csv has 9096 rows and 39 columns
2025-12-18 15:19:11 - exhaustive_index - INFO - Processed table 404 - datasets_USA/USA_CSV0000000000005749.csv
2025-12-18 15:19:14 - exhaustive_index - INFO - Processing table 405 - datasets_USA/USA_CSV0000000000005771.csv
2025-12-18 15:19:14 - exhaustive_index - INFO - Table datasets_USA/USA_CSV0000000000005771.csv has 7062 rows and 13 columns
2025-12-18 15:19:14 - exhaustive_index - INFO - Processed table 405 - datasets_USA/USA_CSV0000000000005771.csv
2025-12-18 15:19:15 - exhaustive_index - INFO - Processing table 406 - datasets_USA/USA_CSV0000000000005823.csv
2025-12-18 15:19:15 - exhaustive_index - INFO - Table datasets_USA/USA_CSV0000000000005823.csv has 263 rows and 7 columns
2025-12-18 15:19:15 - exhaustive_index - INFO - Processed table 406 - datasets_USA/USA_CSV0000000000005823.csv
2025-12-18 15:20:20 - exhaustive_index - INFO - Processing table 407 - datasets_USA/USA_CSV0000000000005853.csv
2025-12-18 15:20:20 - exhaustive_index - INFO - Table datasets_USA/USA_CSV0000000000005853.csv has 14586 rows and 36 columns
2025-12-18 15:20:20 - exhaustive_index - INFO - Processed table 407 - datasets_USA/USA_CSV0000000000005853.csv
2025-12-18 15:20:24 - exhaustive_index - INFO - Processing table 408 - datasets_USA/USA_CSV0000000000005860.csv
2025-12-18 15:20:24 - exhaustive_index - INFO - Table datasets_USA/USA_CSV0000000000005860.csv has 5512 rows and 23 columns
2025-12-18 15:20:24 - exhaustive_index - INFO - Processed table 408 - datasets_USA/USA_CSV0000000000005860.csv
2025-12-18 15:20:25 - exhaustive_index - INFO - Processing table 409 - datasets_USA/USA_CSV0000000000005888.csv
2025-12-18 15:20:25 - exhaustive_index - INFO - Table datasets_USA/USA_CSV0000000000005888.csv has 786 rows and 12 columns
2025-12-18 15:20:25 - exhaustive_index - INFO - Processed table 409 - datasets_USA/USA_CSV0000000000005888.csv
2025-12-18 15:20:28 - exhaustive_index - INFO - Processing table 410 - datasets_USA/USA_CSV0000000000005899.csv
2025-12-18 15:20:28 - exhaustive_index - INFO - Table datasets_USA/USA_CSV0000000000005899.csv has 7873 rows and 22 columns
2025-12-18 15:20:28 - exhaustive_index - INFO - Processed table 410 - datasets_USA/USA_CSV0000000000005899.csv
2025-12-18 15:20:43 - exhaustive_index - INFO - Processing table 411 - datasets_USA/USA_CSV0000000000005920.csv
2025-12-18 15:20:43 - exhaustive_index - INFO - Table datasets_USA/USA_CSV0000000000005920.csv has 17622 rows and 15 columns
2025-12-18 15:20:43 - exhaustive_index - INFO - Processed table 411 - datasets_USA/USA_CSV0000000000005920.csv
2025-12-18 15:20:43 - exhaustive_index - INFO - Processing table 412 - datasets_USA/USA_CSV0000000000005921.csv
2025-12-18 15:20:43 - exhaustive_index - INFO - Table datasets_USA/USA_CSV0000000000005921.csv has 9853 rows and 18 columns
2025-12-18 15:20:43 - exhaustive_index - INFO - Processed table 412 - datasets_USA/USA_CSV0000000000005921.csv
2025-12-18 15:20:45 - exhaustive_index - INFO - Processing table 413 - datasets_USA/USA_CSV0000000000005950.csv
2025-12-18 15:20:45 - exhaustive_index - INFO - Table datasets_USA/USA_CSV0000000000005950.csv has 7244 rows and 15 columns
2025-12-18 15:20:45 - exhaustive_index - INFO - Processed table 413 - datasets_USA/USA_CSV0000000000005950.csv
2025-12-18 15:21:06 - exhaustive_index - INFO - Processing table 414 - datasets_USA/USA_CSV0000000000005977.csv
2025-12-18 15:21:06 - exhaustive_index - INFO - Table datasets_USA/USA_CSV0000000000005977.csv has 21823 rows and 15 columns
2025-12-18 15:21:06 - exhaustive_index - INFO - Processed table 414 - datasets_USA/USA_CSV0000000000005977.csv
2025-12-18 15:21:07 - exhaustive_index - INFO - Processing table 415 - datasets_USA/USA_CSV0000000000006133.csv
2025-12-18 15:21:07 - exhaustive_index - INFO - Table datasets_USA/USA_CSV0000000000006133.csv has 1027 rows and 20 columns
2025-12-18 15:21:07 - exhaustive_index - INFO - Processed table 415 - datasets_USA/USA_CSV0000000000006133.csv
2025-12-18 15:21:19 - exhaustive_index - INFO - Processing table 416 - datasets_USA/USA_CSV0000000000006143.csv
2025-12-18 15:21:19 - exhaustive_index - INFO - Table datasets_USA/USA_CSV0000000000006143.csv has 36777 rows and 12 columns
2025-12-18 15:21:19 - exhaustive_index - INFO - Processed table 416 - datasets_USA/USA_CSV0000000000006143.csv
2025-12-18 15:21:19 - exhaustive_index - INFO - Processing table 417 - datasets_USA/USA_CSV0000000000006182.csv
2025-12-18 15:21:19 - exhaustive_index - INFO - Table datasets_USA/USA_CSV0000000000006182.csv has 37777 rows and 3 columns
2025-12-18 15:21:19 - exhaustive_index - INFO - Processed table 417 - datasets_USA/USA_CSV0000000000006182.csv
2025-12-18 15:21:20 - exhaustive_index - INFO - Processing table 418 - datasets_USA/USA_CSV0000000000006195.csv
2025-12-18 15:21:20 - exhaustive_index - INFO - Table datasets_USA/USA_CSV0000000000006195.csv has 34382 rows and 9 columns
2025-12-18 15:21:20 - exhaustive_index - INFO - Processed table 418 - datasets_USA/USA_CSV0000000000006195.csv
2025-12-18 15:21:23 - exhaustive_index - INFO - Processing table 419 - datasets_USA/USA_CSV0000000000006198.csv
2025-12-18 15:21:23 - exhaustive_index - INFO - Table datasets_USA/USA_CSV0000000000006198.csv has 6455 rows and 19 columns
2025-12-18 15:21:23 - exhaustive_index - INFO - Processed table 419 - datasets_USA/USA_CSV0000000000006198.csv
2025-12-18 15:22:03 - exhaustive_index - INFO - Processing table 420 - datasets_USA/USA_CSV0000000000006217.csv
2025-12-18 15:22:03 - exhaustive_index - INFO - Table datasets_USA/USA_CSV0000000000006217.csv has 2200 rows and 60 columns
2025-12-18 15:22:03 - exhaustive_index - INFO - Processed table 420 - datasets_USA/USA_CSV0000000000006217.csv
2025-12-18 15:22:04 - exhaustive_index - INFO - Processing table 421 - datasets_USA/USA_CSV0000000000006267.csv
2025-12-18 15:22:04 - exhaustive_index - INFO - Table datasets_USA/USA_CSV0000000000006267.csv has 13115 rows and 4 columns
2025-12-18 15:22:04 - exhaustive_index - INFO - Processed table 421 - datasets_USA/USA_CSV0000000000006267.csv
2025-12-18 15:22:05 - exhaustive_index - INFO - Processing table 422 - datasets_USA/USA_CSV0000000000006302.csv
2025-12-18 15:22:05 - exhaustive_index - INFO - Table datasets_USA/USA_CSV0000000000006302.csv has 8078 rows and 11 columns
2025-12-18 15:22:05 - exhaustive_index - INFO - Processed table 422 - datasets_USA/USA_CSV0000000000006302.csv
2025-12-18 15:22:05 - exhaustive_index - INFO - Processing table 423 - datasets_USA/USA_CSV0000000000006306.csv
2025-12-18 15:22:05 - exhaustive_index - INFO - Table datasets_USA/USA_CSV0000000000006306.csv has 10 rows and 4 columns
2025-12-18 15:22:05 - exhaustive_index - INFO - Processed table 423 - datasets_USA/USA_CSV0000000000006306.csv
2025-12-18 15:23:51 - exhaustive_index - INFO - Processing table 424 - datasets_USA/USA_CSV0000000000006308.csv
2025-12-18 15:23:51 - exhaustive_index - INFO - Table datasets_USA/USA_CSV0000000000006308.csv has 2246 rows and 52 columns
2025-12-18 15:23:51 - exhaustive_index - INFO - Processed table 424 - datasets_USA/USA_CSV0000000000006308.csv
2025-12-18 15:23:51 - exhaustive_index - INFO - Processing table 425 - datasets_USA/USA_CSV0000000000006310.csv
2025-12-18 15:23:51 - exhaustive_index - INFO - Table datasets_USA/USA_CSV0000000000006310.csv has 9 rows and 5 columns
2025-12-18 15:23:51 - exhaustive_index - INFO - Processed table 425 - datasets_USA/USA_CSV0000000000006310.csv
2025-12-18 15:23:51 - exhaustive_index - INFO - Processing table 426 - datasets_USA/USA_CSV0000000000006314.csv
2025-12-18 15:23:51 - exhaustive_index - INFO - Table datasets_USA/USA_CSV0000000000006314.csv has 27 rows and 12 columns
2025-12-18 15:23:51 - exhaustive_index - INFO - Processed table 426 - datasets_USA/USA_CSV0000000000006314.csv
2025-12-18 15:23:52 - exhaustive_index - INFO - Processing table 427 - datasets_USA/USA_CSV0000000000006318.csv
2025-12-18 15:23:52 - exhaustive_index - INFO - Table datasets_USA/USA_CSV0000000000006318.csv has 13352 rows and 16 columns
2025-12-18 15:23:52 - exhaustive_index - INFO - Processed table 427 - datasets_USA/USA_CSV0000000000006318.csv
2025-12-18 15:24:00 - exhaustive_index - INFO - Processing table 428 - datasets_USA/USA_CSV0000000000006319.csv
2025-12-18 15:24:00 - exhaustive_index - INFO - Table datasets_USA/USA_CSV0000000000006319.csv has 6026 rows and 16 columns
2025-12-18 15:24:00 - exhaustive_index - INFO - Processed table 428 - datasets_USA/USA_CSV0000000000006319.csv
2025-12-18 15:24:01 - exhaustive_index - INFO - Processing table 429 - datasets_USA/USA_CSV0000000000006322.csv
2025-12-18 15:24:01 - exhaustive_index - INFO - Table datasets_USA/USA_CSV0000000000006322.csv has 305 rows and 8 columns
2025-12-18 15:24:01 - exhaustive_index - INFO - Processed table 429 - datasets_USA/USA_CSV0000000000006322.csv
2025-12-18 15:24:01 - exhaustive_index - INFO - Processing table 430 - datasets_USA/USA_CSV0000000000006331.csv
2025-12-18 15:24:01 - exhaustive_index - INFO - Table datasets_USA/USA_CSV0000000000006331.csv has 302 rows and 10 columns
2025-12-18 15:24:01 - exhaustive_index - INFO - Processed table 430 - datasets_USA/USA_CSV0000000000006331.csv
2025-12-18 15:24:11 - exhaustive_index - INFO - Processing table 431 - datasets_USA/USA_CSV0000000000006332.csv
2025-12-18 15:24:11 - exhaustive_index - INFO - Table datasets_USA/USA_CSV0000000000006332.csv has 17178 rows and 15 columns
2025-12-18 15:24:11 - exhaustive_index - INFO - Processed table 431 - datasets_USA/USA_CSV0000000000006332.csv
2025-12-18 15:24:56 - exhaustive_index - INFO - Processing table 432 - datasets_USA/USA_CSV0000000000006400.csv
2025-12-18 15:24:56 - exhaustive_index - INFO - Table datasets_USA/USA_CSV0000000000006400.csv has 442 rows and 70 columns
2025-12-18 15:24:56 - exhaustive_index - INFO - Processed table 432 - datasets_USA/USA_CSV0000000000006400.csv
2025-12-18 15:24:56 - exhaustive_index - INFO - Processing table 433 - datasets_USA/USA_CSV0000000000006435.csv
2025-12-18 15:24:56 - exhaustive_index - INFO - Table datasets_USA/USA_CSV0000000000006435.csv has 1761 rows and 3 columns
2025-12-18 15:24:56 - exhaustive_index - INFO - Processed table 433 - datasets_USA/USA_CSV0000000000006435.csv
2025-12-18 15:24:57 - exhaustive_index - INFO - Processing table 434 - datasets_USA/USA_CSV0000000000006439.csv
2025-12-18 15:24:57 - exhaustive_index - INFO - Table datasets_USA/USA_CSV0000000000006439.csv has 8929 rows and 14 columns
2025-12-18 15:24:57 - exhaustive_index - INFO - Processed table 434 - datasets_USA/USA_CSV0000000000006439.csv
2025-12-18 15:24:57 - exhaustive_index - INFO - Processing table 435 - datasets_USA/USA_CSV0000000000006452.csv
2025-12-18 15:24:57 - exhaustive_index - INFO - Table datasets_USA/USA_CSV0000000000006452.csv has 27670 rows and 7 columns
2025-12-18 15:24:57 - exhaustive_index - INFO - Processed table 435 - datasets_USA/USA_CSV0000000000006452.csv
2025-12-18 15:24:58 - exhaustive_index - INFO - Processing table 436 - datasets_USA/USA_CSV0000000000006465.csv
2025-12-18 15:24:58 - exhaustive_index - INFO - Table datasets_USA/USA_CSV0000000000006465.csv has 207 rows and 5 columns
2025-12-18 15:24:58 - exhaustive_index - INFO - Processed table 436 - datasets_USA/USA_CSV0000000000006465.csv
2025-12-18 15:24:58 - exhaustive_index - INFO - Processing table 437 - datasets_USA/USA_CSV0000000000006528.csv
2025-12-18 15:24:58 - exhaustive_index - INFO - Table datasets_USA/USA_CSV0000000000006528.csv has 45 rows and 6 columns
2025-12-18 15:24:58 - exhaustive_index - INFO - Processed table 437 - datasets_USA/USA_CSV0000000000006528.csv
2025-12-18 15:25:01 - exhaustive_index - INFO - Processing table 438 - datasets_USA/USA_CSV0000000000006544.csv
2025-12-18 15:25:01 - exhaustive_index - INFO - Table datasets_USA/USA_CSV0000000000006544.csv has 17356 rows and 9 columns
2025-12-18 15:25:01 - exhaustive_index - INFO - Processed table 438 - datasets_USA/USA_CSV0000000000006544.csv
2025-12-18 15:25:02 - exhaustive_index - INFO - Processing table 439 - datasets_USA/USA_CSV0000000000006548.csv
2025-12-18 15:25:02 - exhaustive_index - INFO - Table datasets_USA/USA_CSV0000000000006548.csv has 5780 rows and 19 columns
2025-12-18 15:25:02 - exhaustive_index - INFO - Processed table 439 - datasets_USA/USA_CSV0000000000006548.csv
2025-12-18 15:25:04 - exhaustive_index - INFO - Processing table 440 - datasets_USA/USA_CSV0000000000006563.csv
2025-12-18 15:25:04 - exhaustive_index - INFO - Table datasets_USA/USA_CSV0000000000006563.csv has 20656 rows and 20 columns
2025-12-18 15:25:04 - exhaustive_index - INFO - Processed table 440 - datasets_USA/USA_CSV0000000000006563.csv
2025-12-18 15:25:05 - exhaustive_index - INFO - Processing table 441 - datasets_USA/USA_CSV0000000000006567.csv
2025-12-18 15:25:05 - exhaustive_index - INFO - Table datasets_USA/USA_CSV0000000000006567.csv has 35 rows and 10 columns
2025-12-18 15:25:05 - exhaustive_index - INFO - Processed table 441 - datasets_USA/USA_CSV0000000000006567.csv
2025-12-18 15:26:21 - exhaustive_index - INFO - Processing table 442 - datasets_USA/USA_CSV0000000000006613.csv
2025-12-18 15:26:21 - exhaustive_index - INFO - Table datasets_USA/USA_CSV0000000000006613.csv has 4807 rows and 35 columns
2025-12-18 15:26:21 - exhaustive_index - INFO - Processed table 442 - datasets_USA/USA_CSV0000000000006613.csv
2025-12-18 15:26:42 - exhaustive_index - INFO - Processing table 443 - datasets_USA/USA_CSV0000000000006628.csv
2025-12-18 15:26:42 - exhaustive_index - INFO - Table datasets_USA/USA_CSV0000000000006628.csv has 655 rows and 64 columns
2025-12-18 15:26:42 - exhaustive_index - INFO - Processed table 443 - datasets_USA/USA_CSV0000000000006628.csv
2025-12-18 15:26:47 - exhaustive_index - INFO - Processing table 444 - datasets_USA/USA_CSV0000000000006633.csv
2025-12-18 15:26:47 - exhaustive_index - INFO - Table datasets_USA/USA_CSV0000000000006633.csv has 5386 rows and 21 columns
2025-12-18 15:26:47 - exhaustive_index - INFO - Processed table 444 - datasets_USA/USA_CSV0000000000006633.csv
2025-12-18 15:26:48 - exhaustive_index - INFO - Processing table 445 - datasets_USA/USA_CSV0000000000006659.csv
2025-12-18 15:26:48 - exhaustive_index - INFO - Table datasets_USA/USA_CSV0000000000006659.csv has 189 rows and 7 columns
2025-12-18 15:26:48 - exhaustive_index - INFO - Processed table 445 - datasets_USA/USA_CSV0000000000006659.csv
2025-12-18 15:26:49 - exhaustive_index - INFO - Processing table 446 - datasets_USA/USA_CSV0000000000006678.csv
2025-12-18 15:26:49 - exhaustive_index - INFO - Table datasets_USA/USA_CSV0000000000006678.csv has 5451 rows and 25 columns
2025-12-18 15:26:49 - exhaustive_index - INFO - Processed table 446 - datasets_USA/USA_CSV0000000000006678.csv
2025-12-18 15:26:50 - exhaustive_index - INFO - Processing table 447 - datasets_USA/USA_CSV0000000000006702.csv
2025-12-18 15:26:50 - exhaustive_index - INFO - Table datasets_USA/USA_CSV0000000000006702.csv has 416 rows and 14 columns
2025-12-18 15:26:50 - exhaustive_index - INFO - Processed table 447 - datasets_USA/USA_CSV0000000000006702.csv
2025-12-18 15:27:16 - exhaustive_index - INFO - Processing table 448 - datasets_USA/USA_CSV0000000000006768.csv
2025-12-18 15:27:16 - exhaustive_index - INFO - Table datasets_USA/USA_CSV0000000000006768.csv has 10358 rows and 28 columns
2025-12-18 15:27:16 - exhaustive_index - INFO - Processed table 448 - datasets_USA/USA_CSV0000000000006768.csv
2025-12-18 15:27:17 - exhaustive_index - INFO - Processing table 449 - datasets_USA/USA_CSV0000000000006780.csv
2025-12-18 15:27:17 - exhaustive_index - INFO - Table datasets_USA/USA_CSV0000000000006780.csv has 174 rows and 9 columns
2025-12-18 15:27:17 - exhaustive_index - INFO - Processed table 449 - datasets_USA/USA_CSV0000000000006780.csv
2025-12-18 15:27:18 - exhaustive_index - INFO - Processing table 450 - datasets_USA/USA_CSV0000000000006788.csv
2025-12-18 15:27:18 - exhaustive_index - INFO - Table datasets_USA/USA_CSV0000000000006788.csv has 33632 rows and 9 columns
2025-12-18 15:27:18 - exhaustive_index - INFO - Processed table 450 - datasets_USA/USA_CSV0000000000006788.csv
2025-12-18 15:27:21 - exhaustive_index - INFO - Processing table 451 - datasets_USA/USA_CSV0000000000006794.csv
2025-12-18 15:27:21 - exhaustive_index - INFO - Table datasets_USA/USA_CSV0000000000006794.csv has 52092 rows and 8 columns
2025-12-18 15:27:21 - exhaustive_index - INFO - Processed table 451 - datasets_USA/USA_CSV0000000000006794.csv
2025-12-18 15:27:22 - exhaustive_index - INFO - Processing table 452 - datasets_USA/USA_CSV0000000000006817.csv
2025-12-18 15:27:22 - exhaustive_index - INFO - Table datasets_USA/USA_CSV0000000000006817.csv has 206 rows and 10 columns
2025-12-18 15:27:22 - exhaustive_index - INFO - Processed table 452 - datasets_USA/USA_CSV0000000000006817.csv
2025-12-18 15:27:23 - exhaustive_index - INFO - Processing table 453 - datasets_USA/USA_CSV0000000000006831.csv
2025-12-18 15:27:23 - exhaustive_index - INFO - Table datasets_USA/USA_CSV0000000000006831.csv has 277 rows and 13 columns
2025-12-18 15:27:23 - exhaustive_index - INFO - Processed table 453 - datasets_USA/USA_CSV0000000000006831.csv
2025-12-18 15:27:24 - exhaustive_index - INFO - Processing table 454 - datasets_USA/USA_CSV0000000000006832.csv
2025-12-18 15:27:24 - exhaustive_index - INFO - Table datasets_USA/USA_CSV0000000000006832.csv has 303 rows and 9 columns
2025-12-18 15:27:24 - exhaustive_index - INFO - Processed table 454 - datasets_USA/USA_CSV0000000000006832.csv
2025-12-18 15:27:24 - exhaustive_index - INFO - Processing table 455 - datasets_USA/USA_CSV0000000000006869.csv
2025-12-18 15:27:24 - exhaustive_index - INFO - Table datasets_USA/USA_CSV0000000000006869.csv has 30793 rows and 6 columns
2025-12-18 15:27:24 - exhaustive_index - INFO - Processed table 455 - datasets_USA/USA_CSV0000000000006869.csv
2025-12-18 15:27:25 - exhaustive_index - INFO - Processing table 456 - datasets_USA/USA_CSV0000000000006872.csv
2025-12-18 15:27:25 - exhaustive_index - INFO - Table datasets_USA/USA_CSV0000000000006872.csv has 9986 rows and 25 columns
2025-12-18 15:27:25 - exhaustive_index - INFO - Processed table 456 - datasets_USA/USA_CSV0000000000006872.csv
2025-12-18 15:27:25 - exhaustive_index - INFO - Processing table 457 - datasets_USA/USA_CSV0000000000006917.csv
2025-12-18 15:27:25 - exhaustive_index - INFO - Table datasets_USA/USA_CSV0000000000006917.csv has 53 rows and 6 columns
2025-12-18 15:27:25 - exhaustive_index - INFO - Processed table 457 - datasets_USA/USA_CSV0000000000006917.csv
2025-12-18 15:27:27 - exhaustive_index - INFO - Processing table 458 - datasets_USA/USA_CSV0000000000006926.csv
2025-12-18 15:27:27 - exhaustive_index - INFO - Table datasets_USA/USA_CSV0000000000006926.csv has 5415 rows and 25 columns
2025-12-18 15:27:27 - exhaustive_index - INFO - Processed table 458 - datasets_USA/USA_CSV0000000000006926.csv
2025-12-18 15:27:29 - exhaustive_index - INFO - Processing table 459 - datasets_USA/USA_CSV0000000000006934.csv
2025-12-18 15:27:29 - exhaustive_index - INFO - Table datasets_USA/USA_CSV0000000000006934.csv has 14498 rows and 8 columns
2025-12-18 15:27:29 - exhaustive_index - INFO - Processed table 459 - datasets_USA/USA_CSV0000000000006934.csv
2025-12-18 15:27:30 - exhaustive_index - INFO - Processing table 460 - datasets_USA/USA_CSV0000000000006956.csv
2025-12-18 15:27:30 - exhaustive_index - INFO - Table datasets_USA/USA_CSV0000000000006956.csv has 32957 rows and 4 columns
2025-12-18 15:27:30 - exhaustive_index - INFO - Processed table 460 - datasets_USA/USA_CSV0000000000006956.csv
2025-12-18 15:27:31 - exhaustive_index - INFO - Processing table 461 - datasets_USA/USA_CSV0000000000006959.csv
2025-12-18 15:27:31 - exhaustive_index - INFO - Table datasets_USA/USA_CSV0000000000006959.csv has 272 rows and 8 columns
2025-12-18 15:27:31 - exhaustive_index - INFO - Processed table 461 - datasets_USA/USA_CSV0000000000006959.csv
2025-12-18 15:27:34 - exhaustive_index - INFO - Processing table 462 - datasets_USA/USA_CSV0000000000006960.csv
2025-12-18 15:27:34 - exhaustive_index - INFO - Table datasets_USA/USA_CSV0000000000006960.csv has 341 rows and 16 columns
2025-12-18 15:27:34 - exhaustive_index - INFO - Processed table 462 - datasets_USA/USA_CSV0000000000006960.csv
2025-12-18 15:27:36 - exhaustive_index - INFO - Processing table 463 - datasets_USA/USA_CSV0000000000006982.csv
2025-12-18 15:27:36 - exhaustive_index - INFO - Table datasets_USA/USA_CSV0000000000006982.csv has 26370 rows and 10 columns
2025-12-18 15:27:36 - exhaustive_index - INFO - Processed table 463 - datasets_USA/USA_CSV0000000000006982.csv
2025-12-18 15:27:36 - exhaustive_index - INFO - Processing table 464 - datasets_USA/USA_CSV0000000000007006.csv
2025-12-18 15:27:36 - exhaustive_index - INFO - Table datasets_USA/USA_CSV0000000000007006.csv has 265 rows and 6 columns
2025-12-18 15:27:36 - exhaustive_index - INFO - Processed table 464 - datasets_USA/USA_CSV0000000000007006.csv
2025-12-18 15:27:37 - exhaustive_index - INFO - Processing table 465 - datasets_USA/USA_CSV0000000000007054.csv
2025-12-18 15:27:37 - exhaustive_index - INFO - Table datasets_USA/USA_CSV0000000000007054.csv has 9198 rows and 10 columns
2025-12-18 15:27:37 - exhaustive_index - INFO - Processed table 465 - datasets_USA/USA_CSV0000000000007054.csv
2025-12-18 15:27:37 - exhaustive_index - INFO - Processing table 466 - datasets_USA/USA_CSV0000000000007077.csv
2025-12-18 15:27:37 - exhaustive_index - INFO - Table datasets_USA/USA_CSV0000000000007077.csv has 54 rows and 4 columns
2025-12-18 15:27:37 - exhaustive_index - INFO - Processed table 466 - datasets_USA/USA_CSV0000000000007077.csv
2025-12-18 15:27:38 - exhaustive_index - INFO - Processing table 467 - datasets_USA/USA_CSV0000000000007093.csv
2025-12-18 15:27:38 - exhaustive_index - INFO - Table datasets_USA/USA_CSV0000000000007093.csv has 20123 rows and 7 columns
2025-12-18 15:27:38 - exhaustive_index - INFO - Processed table 467 - datasets_USA/USA_CSV0000000000007093.csv
2025-12-18 15:27:38 - exhaustive_index - INFO - Processing table 468 - datasets_USA/USA_CSV0000000000007101.csv
2025-12-18 15:27:38 - exhaustive_index - INFO - Table datasets_USA/USA_CSV0000000000007101.csv has 344 rows and 6 columns
2025-12-18 15:27:38 - exhaustive_index - INFO - Processed table 468 - datasets_USA/USA_CSV0000000000007101.csv
2025-12-18 15:27:39 - exhaustive_index - INFO - Processing table 469 - datasets_USA/USA_CSV0000000000007103.csv
2025-12-18 15:27:39 - exhaustive_index - INFO - Table datasets_USA/USA_CSV0000000000007103.csv has 13152 rows and 10 columns
2025-12-18 15:27:39 - exhaustive_index - INFO - Processed table 469 - datasets_USA/USA_CSV0000000000007103.csv
2025-12-18 15:27:39 - exhaustive_index - INFO - Processing table 470 - datasets_USA/USA_CSV0000000000007123.csv
2025-12-18 15:27:45 - exhaustive_index - INFO - Processing table 471 - datasets_USA/USA_CSV0000000000007132.csv
2025-12-18 15:27:45 - exhaustive_index - INFO - Table datasets_USA/USA_CSV0000000000007132.csv has 1446 rows and 22 columns
2025-12-18 15:27:45 - exhaustive_index - INFO - Processed table 471 - datasets_USA/USA_CSV0000000000007132.csv
2025-12-18 15:27:47 - exhaustive_index - INFO - Processing table 472 - datasets_USA/USA_CSV0000000000007152.csv
2025-12-18 15:27:47 - exhaustive_index - INFO - Table datasets_USA/USA_CSV0000000000007152.csv has 40272 rows and 9 columns
2025-12-18 15:27:47 - exhaustive_index - INFO - Processed table 472 - datasets_USA/USA_CSV0000000000007152.csv
2025-12-18 15:27:55 - exhaustive_index - INFO - Processing table 473 - datasets_USA/USA_CSV0000000000007156.csv
2025-12-18 15:27:55 - exhaustive_index - INFO - Table datasets_USA/USA_CSV0000000000007156.csv has 26782 rows and 12 columns
2025-12-18 15:27:55 - exhaustive_index - INFO - Processed table 473 - datasets_USA/USA_CSV0000000000007156.csv
2025-12-18 15:27:58 - exhaustive_index - INFO - Processing table 474 - datasets_USA/USA_CSV0000000000007157.csv
2025-12-18 15:27:58 - exhaustive_index - INFO - Table datasets_USA/USA_CSV0000000000007157.csv has 70 rows and 33 columns
2025-12-18 15:27:58 - exhaustive_index - INFO - Processed table 474 - datasets_USA/USA_CSV0000000000007157.csv
2025-12-18 15:28:23 - exhaustive_index - INFO - Processing table 475 - datasets_USA/USA_CSV0000000000007166.csv
2025-12-18 15:28:23 - exhaustive_index - INFO - Table datasets_USA/USA_CSV0000000000007166.csv has 8545 rows and 30 columns
2025-12-18 15:28:23 - exhaustive_index - INFO - Processed table 475 - datasets_USA/USA_CSV0000000000007166.csv
2025-12-18 15:28:24 - exhaustive_index - INFO - Processing table 476 - datasets_USA/USA_CSV0000000000007216.csv
2025-12-18 15:28:24 - exhaustive_index - INFO - Table datasets_USA/USA_CSV0000000000007216.csv has 174 rows and 9 columns
2025-12-18 15:28:24 - exhaustive_index - INFO - Processed table 476 - datasets_USA/USA_CSV0000000000007216.csv
2025-12-18 15:28:26 - exhaustive_index - INFO - Processing table 477 - datasets_USA/USA_CSV0000000000007218.csv
2025-12-18 15:28:26 - exhaustive_index - INFO - Table datasets_USA/USA_CSV0000000000007218.csv has 22718 rows and 11 columns
2025-12-18 15:28:26 - exhaustive_index - INFO - Processed table 477 - datasets_USA/USA_CSV0000000000007218.csv
2025-12-18 15:29:15 - exhaustive_index - INFO - Processing table 478 - datasets_USA/USA_CSV0000000000007231.csv
2025-12-18 15:29:15 - exhaustive_index - INFO - Table datasets_USA/USA_CSV0000000000007231.csv has 2325 rows and 64 columns
2025-12-18 15:29:15 - exhaustive_index - INFO - Processed table 478 - datasets_USA/USA_CSV0000000000007231.csv
2025-12-18 15:29:19 - exhaustive_index - INFO - Processing table 479 - datasets_USA/USA_CSV0000000000007236.csv
2025-12-18 15:29:19 - exhaustive_index - INFO - Table datasets_USA/USA_CSV0000000000007236.csv has 11448 rows and 11 columns
2025-12-18 15:29:19 - exhaustive_index - INFO - Processed table 479 - datasets_USA/USA_CSV0000000000007236.csv
2025-12-18 15:29:19 - exhaustive_index - INFO - Processing table 480 - datasets_USA/USA_CSV0000000000007246.csv
2025-12-18 15:29:19 - exhaustive_index - INFO - Table datasets_USA/USA_CSV0000000000007246.csv has 46587 rows and 4 columns
2025-12-18 15:29:19 - exhaustive_index - INFO - Processed table 480 - datasets_USA/USA_CSV0000000000007246.csv
2025-12-18 15:29:20 - exhaustive_index - INFO - Processing table 481 - datasets_USA/USA_CSV0000000000007277.csv
2025-12-18 15:29:20 - exhaustive_index - INFO - Table datasets_USA/USA_CSV0000000000007277.csv has 103 rows and 7 columns
2025-12-18 15:29:20 - exhaustive_index - INFO - Processed table 481 - datasets_USA/USA_CSV0000000000007277.csv
2025-12-18 15:29:22 - exhaustive_index - INFO - Processing table 482 - datasets_USA/USA_CSV0000000000007282.csv
2025-12-18 15:29:22 - exhaustive_index - INFO - Table datasets_USA/USA_CSV0000000000007282.csv has 441 rows and 22 columns
2025-12-18 15:29:22 - exhaustive_index - INFO - Processed table 482 - datasets_USA/USA_CSV0000000000007282.csv
2025-12-18 15:29:22 - exhaustive_index - INFO - Processing table 483 - datasets_USA/USA_CSV0000000000007312.csv
2025-12-18 15:29:22 - exhaustive_index - INFO - Table datasets_USA/USA_CSV0000000000007312.csv has 11 rows and 5 columns
2025-12-18 15:29:22 - exhaustive_index - INFO - Processed table 483 - datasets_USA/USA_CSV0000000000007312.csv
2025-12-18 15:29:23 - exhaustive_index - INFO - Processing table 484 - datasets_USA/USA_CSV0000000000007366.csv
2025-12-18 15:29:23 - exhaustive_index - INFO - Table datasets_USA/USA_CSV0000000000007366.csv has 11863 rows and 6 columns
2025-12-18 15:29:23 - exhaustive_index - INFO - Processed table 484 - datasets_USA/USA_CSV0000000000007366.csv
2025-12-18 15:29:26 - exhaustive_index - INFO - Processing table 485 - datasets_USA/USA_CSV0000000000007379.csv
2025-12-18 15:29:26 - exhaustive_index - INFO - Table datasets_USA/USA_CSV0000000000007379.csv has 9295 rows and 49 columns
2025-12-18 15:29:26 - exhaustive_index - INFO - Processed table 485 - datasets_USA/USA_CSV0000000000007379.csv
2025-12-18 15:29:27 - exhaustive_index - INFO - Processing table 486 - datasets_USA/USA_CSV0000000000007406.csv
2025-12-18 15:29:27 - exhaustive_index - INFO - Table datasets_USA/USA_CSV0000000000007406.csv has 255 rows and 11 columns
2025-12-18 15:29:27 - exhaustive_index - INFO - Processed table 486 - datasets_USA/USA_CSV0000000000007406.csv
2025-12-18 15:29:30 - exhaustive_index - INFO - Processing table 487 - datasets_USA/USA_CSV0000000000007457.csv
2025-12-18 15:29:30 - exhaustive_index - INFO - Table datasets_USA/USA_CSV0000000000007457.csv has 10723 rows and 14 columns
2025-12-18 15:29:30 - exhaustive_index - INFO - Processed table 487 - datasets_USA/USA_CSV0000000000007457.csv
2025-12-18 15:29:31 - exhaustive_index - INFO - Processing table 488 - datasets_USA/USA_CSV0000000000007464.csv
2025-12-18 15:29:31 - exhaustive_index - INFO - Table datasets_USA/USA_CSV0000000000007464.csv has 2846 rows and 7 columns
2025-12-18 15:29:31 - exhaustive_index - INFO - Processed table 488 - datasets_USA/USA_CSV0000000000007464.csv
2025-12-18 15:29:31 - exhaustive_index - INFO - Processing table 489 - datasets_USA/USA_CSV0000000000007472.csv
2025-12-18 15:29:31 - exhaustive_index - INFO - Table datasets_USA/USA_CSV0000000000007472.csv has 65 rows and 4 columns
2025-12-18 15:29:31 - exhaustive_index - INFO - Processed table 489 - datasets_USA/USA_CSV0000000000007472.csv
2025-12-18 15:29:32 - exhaustive_index - INFO - Processing table 490 - datasets_USA/USA_CSV0000000000007493.csv
2025-12-18 15:29:32 - exhaustive_index - INFO - Table datasets_USA/USA_CSV0000000000007493.csv has 59 rows and 12 columns
2025-12-18 15:29:32 - exhaustive_index - INFO - Processed table 490 - datasets_USA/USA_CSV0000000000007493.csv
2025-12-18 15:29:32 - exhaustive_index - INFO - Processing table 491 - datasets_USA/USA_CSV0000000000007503.csv
2025-12-18 15:29:32 - exhaustive_index - INFO - Table datasets_USA/USA_CSV0000000000007503.csv has 12353 rows and 8 columns
2025-12-18 15:29:32 - exhaustive_index - INFO - Processed table 491 - datasets_USA/USA_CSV0000000000007503.csv
2025-12-18 15:29:34 - exhaustive_index - INFO - Processing table 492 - datasets_USA/USA_CSV0000000000007549.csv
2025-12-18 15:29:34 - exhaustive_index - INFO - Table datasets_USA/USA_CSV0000000000007549.csv has 6746 rows and 17 columns
2025-12-18 15:29:34 - exhaustive_index - INFO - Processed table 492 - datasets_USA/USA_CSV0000000000007549.csv
2025-12-18 15:29:37 - exhaustive_index - INFO - Processing table 493 - datasets_USA/USA_CSV0000000000007550.csv
2025-12-18 15:29:37 - exhaustive_index - INFO - Table datasets_USA/USA_CSV0000000000007550.csv has 9549 rows and 9 columns
2025-12-18 15:29:37 - exhaustive_index - INFO - Processed table 493 - datasets_USA/USA_CSV0000000000007550.csv
2025-12-18 15:29:38 - exhaustive_index - INFO - Processing table 494 - datasets_USA/USA_CSV0000000000007573.csv
2025-12-18 15:29:38 - exhaustive_index - INFO - Table datasets_USA/USA_CSV0000000000007573.csv has 164 rows and 10 columns
2025-12-18 15:29:38 - exhaustive_index - INFO - Processed table 494 - datasets_USA/USA_CSV0000000000007573.csv
2025-12-18 15:29:41 - exhaustive_index - INFO - Processing table 495 - datasets_USA/USA_CSV0000000000007615.csv
2025-12-18 15:29:41 - exhaustive_index - INFO - Table datasets_USA/USA_CSV0000000000007615.csv has 19553 rows and 12 columns
2025-12-18 15:29:41 - exhaustive_index - INFO - Processed table 495 - datasets_USA/USA_CSV0000000000007615.csv
2025-12-18 15:29:43 - exhaustive_index - INFO - Processing table 496 - datasets_USA/USA_CSV0000000000007629.csv
2025-12-18 15:29:43 - exhaustive_index - INFO - Table datasets_USA/USA_CSV0000000000007629.csv has 14276 rows and 9 columns
2025-12-18 15:29:43 - exhaustive_index - INFO - Processed table 496 - datasets_USA/USA_CSV0000000000007629.csv
2025-12-18 15:29:43 - exhaustive_index - INFO - Processing table 497 - datasets_USA/USA_CSV0000000000007633.csv
2025-12-18 15:29:43 - exhaustive_index - INFO - Table datasets_USA/USA_CSV0000000000007633.csv has 17 rows and 5 columns
2025-12-18 15:29:43 - exhaustive_index - INFO - Processed table 497 - datasets_USA/USA_CSV0000000000007633.csv
2025-12-18 15:29:47 - exhaustive_index - INFO - Processing table 498 - datasets_USA/USA_CSV0000000000007677.csv
2025-12-18 15:29:47 - exhaustive_index - INFO - Table datasets_USA/USA_CSV0000000000007677.csv has 16070 rows and 13 columns
2025-12-18 15:29:47 - exhaustive_index - INFO - Processed table 498 - datasets_USA/USA_CSV0000000000007677.csv
2025-12-18 15:29:47 - exhaustive_index - INFO - Processing table 499 - datasets_USA/USA_CSV0000000000007680.csv
2025-12-18 15:29:47 - exhaustive_index - INFO - Table datasets_USA/USA_CSV0000000000007680.csv has 190 rows and 5 columns
2025-12-18 15:29:47 - exhaustive_index - INFO - Processed table 499 - datasets_USA/USA_CSV0000000000007680.csv
2025-12-18 15:29:49 - exhaustive_index - INFO - Processing table 500 - datasets_USA/USA_CSV0000000000007718.csv
2025-12-18 15:29:49 - exhaustive_index - INFO - Table datasets_USA/USA_CSV0000000000007718.csv has 10343 rows and 14 columns
2025-12-18 15:29:49 - exhaustive_index - INFO - Processed table 500 - datasets_USA/USA_CSV0000000000007718.csv
2025-12-18 15:29:51 - exhaustive_index - INFO - Processing table 501 - datasets_USA/USA_CSV0000000000007720.csv
2025-12-18 15:29:51 - exhaustive_index - INFO - Table datasets_USA/USA_CSV0000000000007720.csv has 13590 rows and 16 columns
2025-12-18 15:29:51 - exhaustive_index - INFO - Processed table 501 - datasets_USA/USA_CSV0000000000007720.csv
2025-12-18 15:29:51 - exhaustive_index - INFO - Processing table 502 - datasets_USA/USA_CSV0000000000007721.csv
2025-12-18 15:29:51 - exhaustive_index - INFO - Table datasets_USA/USA_CSV0000000000007721.csv has 57 rows and 10 columns
2025-12-18 15:29:51 - exhaustive_index - INFO - Processed table 502 - datasets_USA/USA_CSV0000000000007721.csv
2025-12-18 15:29:57 - exhaustive_index - INFO - Processing table 503 - datasets_USA/USA_CSV0000000000007724.csv
2025-12-18 15:29:57 - exhaustive_index - INFO - Table datasets_USA/USA_CSV0000000000007724.csv has 15598 rows and 15 columns
2025-12-18 15:29:57 - exhaustive_index - INFO - Processed table 503 - datasets_USA/USA_CSV0000000000007724.csv
2025-12-18 15:30:01 - exhaustive_index - INFO - Processing table 504 - datasets_USA/USA_CSV0000000000007737.csv
2025-12-18 15:30:01 - exhaustive_index - INFO - Table datasets_USA/USA_CSV0000000000007737.csv has 8400 rows and 21 columns
2025-12-18 15:30:01 - exhaustive_index - INFO - Processed table 504 - datasets_USA/USA_CSV0000000000007737.csv
2025-12-18 15:30:09 - exhaustive_index - INFO - Processing table 505 - datasets_USA/USA_CSV0000000000007742.csv
2025-12-18 15:30:09 - exhaustive_index - INFO - Table datasets_USA/USA_CSV0000000000007742.csv has 7599 rows and 26 columns
2025-12-18 15:30:09 - exhaustive_index - INFO - Processed table 505 - datasets_USA/USA_CSV0000000000007742.csv
2025-12-18 15:30:22 - exhaustive_index - INFO - Processing table 506 - datasets_USA/USA_CSV0000000000007830.csv
2025-12-18 15:30:22 - exhaustive_index - INFO - Table datasets_USA/USA_CSV0000000000007830.csv has 27027 rows and 17 columns
2025-12-18 15:30:22 - exhaustive_index - INFO - Processed table 506 - datasets_USA/USA_CSV0000000000007830.csv
2025-12-18 15:30:23 - exhaustive_index - INFO - Processing table 507 - datasets_USA/USA_CSV0000000000007835.csv
2025-12-18 15:30:23 - exhaustive_index - INFO - Table datasets_USA/USA_CSV0000000000007835.csv has 14637 rows and 6 columns
2025-12-18 15:30:23 - exhaustive_index - INFO - Processed table 507 - datasets_USA/USA_CSV0000000000007835.csv
2025-12-18 15:30:23 - exhaustive_index - INFO - Processing table 508 - datasets_USA/USA_CSV0000000000007849.csv
2025-12-18 15:30:23 - exhaustive_index - INFO - Table datasets_USA/USA_CSV0000000000007849.csv has 24010 rows and 3 columns
2025-12-18 15:30:23 - exhaustive_index - INFO - Processed table 508 - datasets_USA/USA_CSV0000000000007849.csv
2025-12-18 15:30:26 - exhaustive_index - INFO - Processing table 509 - datasets_USA/USA_CSV0000000000007850.csv
2025-12-18 15:30:26 - exhaustive_index - INFO - Table datasets_USA/USA_CSV0000000000007850.csv has 8760 rows and 21 columns
2025-12-18 15:30:26 - exhaustive_index - INFO - Processed table 509 - datasets_USA/USA_CSV0000000000007850.csv
2025-12-18 15:30:29 - exhaustive_index - INFO - Processing table 510 - datasets_USA/USA_CSV0000000000007856.csv
2025-12-18 15:30:29 - exhaustive_index - INFO - Table datasets_USA/USA_CSV0000000000007856.csv has 8760 rows and 21 columns
2025-12-18 15:30:29 - exhaustive_index - INFO - Processed table 510 - datasets_USA/USA_CSV0000000000007856.csv
2025-12-18 15:31:08 - exhaustive_index - INFO - Processing table 511 - datasets_USA/USA_CSV0000000000007861.csv
2025-12-18 15:31:08 - exhaustive_index - INFO - Table datasets_USA/USA_CSV0000000000007861.csv has 19125 rows and 25 columns
2025-12-18 15:31:08 - exhaustive_index - INFO - Processed table 511 - datasets_USA/USA_CSV0000000000007861.csv
2025-12-18 15:31:57 - exhaustive_index - INFO - Processing table 512 - datasets_USA/USA_CSV0000000000007862.csv
2025-12-18 15:31:57 - exhaustive_index - INFO - Table datasets_USA/USA_CSV0000000000007862.csv has 25891 rows and 16 columns
2025-12-18 15:31:57 - exhaustive_index - INFO - Processed table 512 - datasets_USA/USA_CSV0000000000007862.csv
2025-12-18 15:32:00 - exhaustive_index - INFO - Processing table 513 - datasets_USA/USA_CSV0000000000007876.csv
2025-12-18 15:32:00 - exhaustive_index - INFO - Table datasets_USA/USA_CSV0000000000007876.csv has 8760 rows and 21 columns
2025-12-18 15:32:00 - exhaustive_index - INFO - Processed table 513 - datasets_USA/USA_CSV0000000000007876.csv
2025-12-18 15:32:01 - exhaustive_index - INFO - Processing table 514 - datasets_USA/USA_CSV0000000000007892.csv
2025-12-18 15:32:01 - exhaustive_index - INFO - Table datasets_USA/USA_CSV0000000000007892.csv has 12823 rows and 12 columns
2025-12-18 15:32:01 - exhaustive_index - INFO - Processed table 514 - datasets_USA/USA_CSV0000000000007892.csv
2025-12-18 15:32:03 - exhaustive_index - INFO - Processing table 515 - datasets_USA/USA_CSV0000000000007895.csv
2025-12-18 15:32:03 - exhaustive_index - INFO - Table datasets_USA/USA_CSV0000000000007895.csv has 8784 rows and 21 columns
2025-12-18 15:32:03 - exhaustive_index - INFO - Processed table 515 - datasets_USA/USA_CSV0000000000007895.csv
2025-12-18 15:32:05 - exhaustive_index - INFO - Processing table 516 - datasets_USA/USA_CSV0000000000007914.csv
2025-12-18 15:32:05 - exhaustive_index - INFO - Table datasets_USA/USA_CSV0000000000007914.csv has 12633 rows and 10 columns
2025-12-18 15:32:05 - exhaustive_index - INFO - Processed table 516 - datasets_USA/USA_CSV0000000000007914.csv
2025-12-18 15:32:08 - exhaustive_index - INFO - Processing table 517 - datasets_USA/USA_CSV0000000000007917.csv
2025-12-18 15:32:08 - exhaustive_index - INFO - Table datasets_USA/USA_CSV0000000000007917.csv has 8760 rows and 21 columns
2025-12-18 15:32:08 - exhaustive_index - INFO - Processed table 517 - datasets_USA/USA_CSV0000000000007917.csv
2025-12-18 15:32:09 - exhaustive_index - INFO - Processing table 518 - datasets_USA/USA_CSV0000000000007942.csv
2025-12-18 15:32:09 - exhaustive_index - INFO - Table datasets_USA/USA_CSV0000000000007942.csv has 8784 rows and 21 columns
2025-12-18 15:32:09 - exhaustive_index - INFO - Processed table 518 - datasets_USA/USA_CSV0000000000007942.csv
2025-12-18 15:32:11 - exhaustive_index - INFO - Processing table 519 - datasets_USA/USA_CSV0000000000007948.csv
2025-12-18 15:32:11 - exhaustive_index - INFO - Table datasets_USA/USA_CSV0000000000007948.csv has 8760 rows and 21 columns
2025-12-18 15:32:11 - exhaustive_index - INFO - Processed table 519 - datasets_USA/USA_CSV0000000000007948.csv
2025-12-18 15:32:12 - exhaustive_index - INFO - Processing table 520 - datasets_USA/USA_CSV0000000000007951.csv
2025-12-18 15:32:12 - exhaustive_index - INFO - Table datasets_USA/USA_CSV0000000000007951.csv has 8711 rows and 25 columns
2025-12-18 15:32:12 - exhaustive_index - INFO - Processed table 520 - datasets_USA/USA_CSV0000000000007951.csv
2025-12-18 15:32:27 - exhaustive_index - INFO - Processing table 521 - datasets_USA/USA_CSV0000000000007953.csv
2025-12-18 15:32:27 - exhaustive_index - INFO - Table datasets_USA/USA_CSV0000000000007953.csv has 8148 rows and 20 columns
2025-12-18 15:32:27 - exhaustive_index - INFO - Processed table 521 - datasets_USA/USA_CSV0000000000007953.csv
2025-12-18 15:32:27 - exhaustive_index - INFO - Processing table 522 - datasets_USA/USA_CSV0000000000007971.csv
2025-12-18 15:32:27 - exhaustive_index - INFO - Table datasets_USA/USA_CSV0000000000007971.csv has 257 rows and 13 columns
2025-12-18 15:32:27 - exhaustive_index - INFO - Processed table 522 - datasets_USA/USA_CSV0000000000007971.csv
2025-12-18 15:32:27 - exhaustive_index - INFO - Processing table 523 - datasets_USA/USA_CSV0000000000007972.csv
2025-12-18 15:32:27 - exhaustive_index - INFO - Table datasets_USA/USA_CSV0000000000007972.csv has 138 rows and 4 columns
2025-12-18 15:32:27 - exhaustive_index - INFO - Processed table 523 - datasets_USA/USA_CSV0000000000007972.csv
2025-12-18 15:32:29 - exhaustive_index - INFO - Processing table 524 - datasets_USA/USA_CSV0000000000007985.csv
2025-12-18 15:32:29 - exhaustive_index - INFO - Table datasets_USA/USA_CSV0000000000007985.csv has 303 rows and 13 columns
2025-12-18 15:32:29 - exhaustive_index - INFO - Processed table 524 - datasets_USA/USA_CSV0000000000007985.csv
2025-12-18 15:32:36 - exhaustive_index - INFO - Processing table 525 - datasets_USA/USA_CSV0000000000008007.csv
2025-12-18 15:32:36 - exhaustive_index - INFO - Table datasets_USA/USA_CSV0000000000008007.csv has 8760 rows and 21 columns
2025-12-18 15:32:36 - exhaustive_index - INFO - Processed table 525 - datasets_USA/USA_CSV0000000000008007.csv
2025-12-18 15:32:39 - exhaustive_index - INFO - Processing table 526 - datasets_USA/USA_CSV0000000000008011.csv
2025-12-18 15:32:39 - exhaustive_index - INFO - Table datasets_USA/USA_CSV0000000000008011.csv has 8760 rows and 21 columns
2025-12-18 15:32:39 - exhaustive_index - INFO - Processed table 526 - datasets_USA/USA_CSV0000000000008011.csv
2025-12-18 15:32:41 - exhaustive_index - INFO - Processing table 527 - datasets_USA/USA_CSV0000000000008014.csv
2025-12-18 15:32:41 - exhaustive_index - INFO - Table datasets_USA/USA_CSV0000000000008014.csv has 69649 rows and 6 columns
2025-12-18 15:32:41 - exhaustive_index - INFO - Processed table 527 - datasets_USA/USA_CSV0000000000008014.csv
2025-12-18 15:32:43 - exhaustive_index - INFO - Processing table 528 - datasets_USA/USA_CSV0000000000008028.csv
2025-12-18 15:32:43 - exhaustive_index - INFO - Table datasets_USA/USA_CSV0000000000008028.csv has 8760 rows and 21 columns
2025-12-18 15:32:43 - exhaustive_index - INFO - Processed table 528 - datasets_USA/USA_CSV0000000000008028.csv
2025-12-18 15:32:53 - exhaustive_index - INFO - Processing table 529 - datasets_USA/USA_CSV0000000000008041.csv
2025-12-18 15:32:53 - exhaustive_index - INFO - Table datasets_USA/USA_CSV0000000000008041.csv has 11727 rows and 14 columns
2025-12-18 15:32:53 - exhaustive_index - INFO - Processed table 529 - datasets_USA/USA_CSV0000000000008041.csv
2025-12-18 15:32:53 - exhaustive_index - INFO - Processing table 530 - datasets_USA/USA_CSV0000000000008062.csv
2025-12-18 15:32:53 - exhaustive_index - INFO - Table datasets_USA/USA_CSV0000000000008062.csv has 105 rows and 5 columns
2025-12-18 15:32:53 - exhaustive_index - INFO - Processed table 530 - datasets_USA/USA_CSV0000000000008062.csv
2025-12-18 15:32:55 - exhaustive_index - INFO - Processing table 531 - datasets_USA/USA_CSV0000000000008086.csv
2025-12-18 15:32:55 - exhaustive_index - INFO - Table datasets_USA/USA_CSV0000000000008086.csv has 65515 rows and 6 columns
2025-12-18 15:32:55 - exhaustive_index - INFO - Processed table 531 - datasets_USA/USA_CSV0000000000008086.csv
2025-12-18 15:33:00 - exhaustive_index - INFO - Processing table 532 - datasets_USA/USA_CSV0000000000008087.csv
2025-12-18 15:33:00 - exhaustive_index - INFO - Table datasets_USA/USA_CSV0000000000008087.csv has 6191 rows and 17 columns
2025-12-18 15:33:00 - exhaustive_index - INFO - Processed table 532 - datasets_USA/USA_CSV0000000000008087.csv
2025-12-18 15:33:00 - exhaustive_index - INFO - Processing table 533 - datasets_USA/USA_CSV0000000000008097.csv
2025-12-18 15:33:00 - exhaustive_index - INFO - Table datasets_USA/USA_CSV0000000000008097.csv has 106 rows and 10 columns
2025-12-18 15:33:00 - exhaustive_index - INFO - Processed table 533 - datasets_USA/USA_CSV0000000000008097.csv
2025-12-18 15:33:02 - exhaustive_index - INFO - Processing table 534 - datasets_USA/USA_CSV0000000000008109.csv
2025-12-18 15:33:02 - exhaustive_index - INFO - Table datasets_USA/USA_CSV0000000000008109.csv has 4049 rows and 13 columns
2025-12-18 15:33:02 - exhaustive_index - INFO - Processed table 534 - datasets_USA/USA_CSV0000000000008109.csv
2025-12-18 15:33:09 - exhaustive_index - INFO - Processing table 535 - datasets_USA/USA_CSV0000000000008127.csv
2025-12-18 15:33:09 - exhaustive_index - INFO - Table datasets_USA/USA_CSV0000000000008127.csv has 27611 rows and 15 columns
2025-12-18 15:33:09 - exhaustive_index - INFO - Processed table 535 - datasets_USA/USA_CSV0000000000008127.csv
2025-12-18 15:33:10 - exhaustive_index - INFO - Processing table 536 - datasets_USA/USA_CSV0000000000008136.csv
2025-12-18 15:33:10 - exhaustive_index - INFO - Table datasets_USA/USA_CSV0000000000008136.csv has 166 rows and 8 columns
2025-12-18 15:33:10 - exhaustive_index - INFO - Processed table 536 - datasets_USA/USA_CSV0000000000008136.csv
2025-12-18 15:33:12 - exhaustive_index - INFO - Processing table 537 - datasets_USA/USA_CSV0000000000008140.csv
2025-12-18 15:33:12 - exhaustive_index - INFO - Table datasets_USA/USA_CSV0000000000008140.csv has 71904 rows and 6 columns
2025-12-18 15:33:12 - exhaustive_index - INFO - Processed table 537 - datasets_USA/USA_CSV0000000000008140.csv
2025-12-18 15:33:18 - exhaustive_index - INFO - Processing table 538 - datasets_USA/USA_CSV0000000000008156.csv
2025-12-18 15:33:18 - exhaustive_index - INFO - Table datasets_USA/USA_CSV0000000000008156.csv has 8784 rows and 21 columns
2025-12-18 15:33:18 - exhaustive_index - INFO - Processed table 538 - datasets_USA/USA_CSV0000000000008156.csv
2025-12-18 15:33:21 - exhaustive_index - INFO - Processing table 539 - datasets_USA/USA_CSV0000000000008198.csv
2025-12-18 15:33:21 - exhaustive_index - INFO - Table datasets_USA/USA_CSV0000000000008198.csv has 11365 rows and 14 columns
2025-12-18 15:33:21 - exhaustive_index - INFO - Processed table 539 - datasets_USA/USA_CSV0000000000008198.csv
2025-12-18 15:33:24 - exhaustive_index - INFO - Processing table 540 - datasets_USA/USA_CSV0000000000008202.csv
2025-12-18 15:33:24 - exhaustive_index - INFO - Table datasets_USA/USA_CSV0000000000008202.csv has 8760 rows and 21 columns
2025-12-18 15:33:24 - exhaustive_index - INFO - Processed table 540 - datasets_USA/USA_CSV0000000000008202.csv
2025-12-18 15:33:27 - exhaustive_index - INFO - Processing table 541 - datasets_USA/USA_CSV0000000000008206.csv
2025-12-18 15:33:27 - exhaustive_index - INFO - Table datasets_USA/USA_CSV0000000000008206.csv has 8784 rows and 21 columns
2025-12-18 15:33:27 - exhaustive_index - INFO - Processed table 541 - datasets_USA/USA_CSV0000000000008206.csv
2025-12-18 15:33:29 - exhaustive_index - INFO - Processing table 542 - datasets_USA/USA_CSV0000000000008207.csv
2025-12-18 15:33:29 - exhaustive_index - INFO - Table datasets_USA/USA_CSV0000000000008207.csv has 13823 rows and 12 columns
2025-12-18 15:33:29 - exhaustive_index - INFO - Processed table 542 - datasets_USA/USA_CSV0000000000008207.csv
2025-12-18 15:33:30 - exhaustive_index - INFO - Processing table 543 - datasets_USA/USA_CSV0000000000008208.csv
2025-12-18 15:33:30 - exhaustive_index - INFO - Table datasets_USA/USA_CSV0000000000008208.csv has 58926 rows and 6 columns
2025-12-18 15:33:30 - exhaustive_index - INFO - Processed table 543 - datasets_USA/USA_CSV0000000000008208.csv
2025-12-18 15:33:38 - exhaustive_index - INFO - Processing table 544 - datasets_USA/USA_CSV0000000000008239.csv
2025-12-18 15:33:38 - exhaustive_index - INFO - Table datasets_USA/USA_CSV0000000000008239.csv has 8784 rows and 21 columns
2025-12-18 15:33:38 - exhaustive_index - INFO - Processed table 544 - datasets_USA/USA_CSV0000000000008239.csv
2025-12-18 15:33:40 - exhaustive_index - INFO - Processing table 545 - datasets_USA/USA_CSV0000000000008240.csv
2025-12-18 15:33:40 - exhaustive_index - INFO - Table datasets_USA/USA_CSV0000000000008240.csv has 8622 rows and 13 columns
2025-12-18 15:33:40 - exhaustive_index - INFO - Processed table 545 - datasets_USA/USA_CSV0000000000008240.csv
2025-12-18 15:33:42 - exhaustive_index - INFO - Processing table 546 - datasets_USA/USA_CSV0000000000008247.csv
2025-12-18 15:33:42 - exhaustive_index - INFO - Table datasets_USA/USA_CSV0000000000008247.csv has 5582 rows and 17 columns
2025-12-18 15:33:42 - exhaustive_index - INFO - Processed table 546 - datasets_USA/USA_CSV0000000000008247.csv
2025-12-18 15:33:43 - exhaustive_index - INFO - Processing table 547 - datasets_USA/USA_CSV0000000000008252.csv
2025-12-18 15:33:43 - exhaustive_index - INFO - Table datasets_USA/USA_CSV0000000000008252.csv has 6240 rows and 16 columns
2025-12-18 15:33:43 - exhaustive_index - INFO - Processed table 547 - datasets_USA/USA_CSV0000000000008252.csv
2025-12-18 15:33:52 - exhaustive_index - INFO - Processing table 548 - datasets_USA/USA_CSV0000000000008281.csv
2025-12-18 15:33:52 - exhaustive_index - INFO - Table datasets_USA/USA_CSV0000000000008281.csv has 9938 rows and 14 columns
2025-12-18 15:33:52 - exhaustive_index - INFO - Processed table 548 - datasets_USA/USA_CSV0000000000008281.csv
2025-12-18 15:33:53 - exhaustive_index - INFO - Processing table 549 - datasets_USA/USA_CSV0000000000008292.csv
2025-12-18 15:33:53 - exhaustive_index - INFO - Table datasets_USA/USA_CSV0000000000008292.csv has 8760 rows and 21 columns
2025-12-18 15:33:53 - exhaustive_index - INFO - Processed table 549 - datasets_USA/USA_CSV0000000000008292.csv
2025-12-18 15:33:55 - exhaustive_index - INFO - Processing table 550 - datasets_USA/USA_CSV0000000000008320.csv
2025-12-18 15:33:55 - exhaustive_index - INFO - Table datasets_USA/USA_CSV0000000000008320.csv has 6576 rows and 18 columns
2025-12-18 15:33:55 - exhaustive_index - INFO - Processed table 550 - datasets_USA/USA_CSV0000000000008320.csv
2025-12-18 15:34:12 - exhaustive_index - INFO - Processing table 551 - datasets_USA/USA_CSV0000000000008328.csv
2025-12-18 15:34:12 - exhaustive_index - INFO - Table datasets_USA/USA_CSV0000000000008328.csv has 2938 rows and 47 columns
2025-12-18 15:34:12 - exhaustive_index - INFO - Processed table 551 - datasets_USA/USA_CSV0000000000008328.csv
2025-12-18 15:34:14 - exhaustive_index - INFO - Processing table 552 - datasets_USA/USA_CSV0000000000008366.csv
2025-12-18 15:34:14 - exhaustive_index - INFO - Table datasets_USA/USA_CSV0000000000008366.csv has 14252 rows and 7 columns
2025-12-18 15:34:14 - exhaustive_index - INFO - Processed table 552 - datasets_USA/USA_CSV0000000000008366.csv
2025-12-18 15:34:17 - exhaustive_index - INFO - Processing table 553 - datasets_USA/USA_CSV0000000000008370.csv
2025-12-18 15:34:17 - exhaustive_index - INFO - Table datasets_USA/USA_CSV0000000000008370.csv has 8784 rows and 21 columns
2025-12-18 15:34:17 - exhaustive_index - INFO - Processed table 553 - datasets_USA/USA_CSV0000000000008370.csv
2025-12-18 15:34:22 - exhaustive_index - INFO - Processing table 554 - datasets_USA/USA_CSV0000000000008387.csv
2025-12-18 15:34:22 - exhaustive_index - INFO - Table datasets_USA/USA_CSV0000000000008387.csv has 5365 rows and 25 columns
2025-12-18 15:34:22 - exhaustive_index - INFO - Processed table 554 - datasets_USA/USA_CSV0000000000008387.csv
2025-12-18 15:34:23 - exhaustive_index - INFO - Processing table 555 - datasets_USA/USA_CSV0000000000008394.csv
2025-12-18 15:34:23 - exhaustive_index - INFO - Table datasets_USA/USA_CSV0000000000008394.csv has 21404 rows and 11 columns
2025-12-18 15:34:23 - exhaustive_index - INFO - Processed table 555 - datasets_USA/USA_CSV0000000000008394.csv
2025-12-18 15:34:24 - exhaustive_index - INFO - Processing table 556 - datasets_USA/USA_CSV0000000000008395.csv
2025-12-18 15:34:24 - exhaustive_index - INFO - Table datasets_USA/USA_CSV0000000000008395.csv has 240 rows and 6 columns
2025-12-18 15:34:24 - exhaustive_index - INFO - Processed table 556 - datasets_USA/USA_CSV0000000000008395.csv
2025-12-18 15:34:30 - exhaustive_index - INFO - Processing table 557 - datasets_USA/USA_CSV0000000000008399.csv
2025-12-18 15:34:30 - exhaustive_index - INFO - Table datasets_USA/USA_CSV0000000000008399.csv has 8760 rows and 21 columns
2025-12-18 15:34:30 - exhaustive_index - INFO - Processed table 557 - datasets_USA/USA_CSV0000000000008399.csv
2025-12-18 15:34:32 - exhaustive_index - INFO - Processing table 558 - datasets_USA/USA_CSV0000000000008408.csv
2025-12-18 15:34:32 - exhaustive_index - INFO - Table datasets_USA/USA_CSV0000000000008408.csv has 32860 rows and 5 columns
2025-12-18 15:34:32 - exhaustive_index - INFO - Processed table 558 - datasets_USA/USA_CSV0000000000008408.csv
2025-12-18 15:34:33 - exhaustive_index - INFO - Processing table 559 - datasets_USA/USA_CSV0000000000008415.csv
2025-12-18 15:34:33 - exhaustive_index - INFO - Table datasets_USA/USA_CSV0000000000008415.csv has 8784 rows and 21 columns
2025-12-18 15:34:33 - exhaustive_index - INFO - Processed table 559 - datasets_USA/USA_CSV0000000000008415.csv
2025-12-18 15:34:35 - exhaustive_index - INFO - Processing table 560 - datasets_USA/USA_CSV0000000000008429.csv
2025-12-18 15:34:35 - exhaustive_index - INFO - Table datasets_USA/USA_CSV0000000000008429.csv has 60330 rows and 6 columns
2025-12-18 15:34:35 - exhaustive_index - INFO - Processed table 560 - datasets_USA/USA_CSV0000000000008429.csv
2025-12-18 15:34:37 - exhaustive_index - INFO - Processing table 561 - datasets_USA/USA_CSV0000000000008433.csv
2025-12-18 15:34:37 - exhaustive_index - INFO - Table datasets_USA/USA_CSV0000000000008433.csv has 8760 rows and 21 columns
2025-12-18 15:34:37 - exhaustive_index - INFO - Processed table 561 - datasets_USA/USA_CSV0000000000008433.csv
2025-12-18 15:34:39 - exhaustive_index - INFO - Processing table 562 - datasets_USA/USA_CSV0000000000008439.csv
2025-12-18 15:34:39 - exhaustive_index - INFO - Table datasets_USA/USA_CSV0000000000008439.csv has 20231 rows and 11 columns
2025-12-18 15:34:39 - exhaustive_index - INFO - Processed table 562 - datasets_USA/USA_CSV0000000000008439.csv
2025-12-18 15:34:40 - exhaustive_index - INFO - Processing table 563 - datasets_USA/USA_CSV0000000000008441.csv
2025-12-18 15:34:40 - exhaustive_index - INFO - Table datasets_USA/USA_CSV0000000000008441.csv has 8760 rows and 21 columns
2025-12-18 15:34:40 - exhaustive_index - INFO - Processed table 563 - datasets_USA/USA_CSV0000000000008441.csv
2025-12-18 15:34:44 - exhaustive_index - INFO - Processing table 564 - datasets_USA/USA_CSV0000000000008445.csv
2025-12-18 15:34:44 - exhaustive_index - INFO - Table datasets_USA/USA_CSV0000000000008445.csv has 10293 rows and 20 columns
2025-12-18 15:34:44 - exhaustive_index - INFO - Processed table 564 - datasets_USA/USA_CSV0000000000008445.csv
2025-12-18 15:34:51 - exhaustive_index - INFO - Processing table 565 - datasets_USA/USA_CSV0000000000008456.csv
2025-12-18 15:34:51 - exhaustive_index - INFO - Table datasets_USA/USA_CSV0000000000008456.csv has 8760 rows and 21 columns
2025-12-18 15:34:51 - exhaustive_index - INFO - Processed table 565 - datasets_USA/USA_CSV0000000000008456.csv
2025-12-18 15:34:56 - exhaustive_index - INFO - Processing table 566 - datasets_USA/USA_CSV0000000000008469.csv
2025-12-18 15:34:56 - exhaustive_index - INFO - Table datasets_USA/USA_CSV0000000000008469.csv has 8822 rows and 20 columns
2025-12-18 15:34:56 - exhaustive_index - INFO - Processed table 566 - datasets_USA/USA_CSV0000000000008469.csv
2025-12-18 15:34:57 - exhaustive_index - INFO - Processing table 567 - datasets_USA/USA_CSV0000000000008475.csv
2025-12-18 15:34:57 - exhaustive_index - INFO - Table datasets_USA/USA_CSV0000000000008475.csv has 65 rows and 10 columns
2025-12-18 15:34:57 - exhaustive_index - INFO - Processed table 567 - datasets_USA/USA_CSV0000000000008475.csv
2025-12-18 15:34:58 - exhaustive_index - INFO - Processing table 568 - datasets_USA/USA_CSV0000000000008504.csv
2025-12-18 15:34:58 - exhaustive_index - INFO - Table datasets_USA/USA_CSV0000000000008504.csv has 8760 rows and 21 columns
2025-12-18 15:34:58 - exhaustive_index - INFO - Processed table 568 - datasets_USA/USA_CSV0000000000008504.csv
2025-12-18 15:34:59 - exhaustive_index - INFO - Processing table 569 - datasets_USA/USA_CSV0000000000008507.csv
2025-12-18 15:34:59 - exhaustive_index - INFO - Table datasets_USA/USA_CSV0000000000008507.csv has 6955 rows and 25 columns
2025-12-18 15:34:59 - exhaustive_index - INFO - Processed table 569 - datasets_USA/USA_CSV0000000000008507.csv
2025-12-18 15:35:02 - exhaustive_index - INFO - Processing table 570 - datasets_USA/USA_CSV0000000000008512.csv
2025-12-18 15:35:02 - exhaustive_index - INFO - Table datasets_USA/USA_CSV0000000000008512.csv has 8784 rows and 21 columns
2025-12-18 15:35:02 - exhaustive_index - INFO - Processed table 570 - datasets_USA/USA_CSV0000000000008512.csv
2025-12-18 15:35:05 - exhaustive_index - INFO - Processing table 571 - datasets_USA/USA_CSV0000000000008515.csv
2025-12-18 15:35:05 - exhaustive_index - INFO - Table datasets_USA/USA_CSV0000000000008515.csv has 8760 rows and 21 columns
2025-12-18 15:35:05 - exhaustive_index - INFO - Processed table 571 - datasets_USA/USA_CSV0000000000008515.csv
2025-12-18 15:35:07 - exhaustive_index - INFO - Processing table 572 - datasets_USA/USA_CSV0000000000008520.csv
2025-12-18 15:35:07 - exhaustive_index - INFO - Table datasets_USA/USA_CSV0000000000008520.csv has 8760 rows and 21 columns
2025-12-18 15:35:07 - exhaustive_index - INFO - Processed table 572 - datasets_USA/USA_CSV0000000000008520.csv
2025-12-18 15:35:32 - exhaustive_index - INFO - Processing table 573 - datasets_USA/USA_CSV0000000000008521.csv
2025-12-18 15:35:32 - exhaustive_index - INFO - Table datasets_USA/USA_CSV0000000000008521.csv has 9009 rows and 45 columns
2025-12-18 15:35:32 - exhaustive_index - INFO - Processed table 573 - datasets_USA/USA_CSV0000000000008521.csv
2025-12-18 15:35:33 - exhaustive_index - INFO - Processing table 574 - datasets_USA/USA_CSV0000000000008528.csv
2025-12-18 15:35:33 - exhaustive_index - INFO - Table datasets_USA/USA_CSV0000000000008528.csv has 118 rows and 9 columns
2025-12-18 15:35:33 - exhaustive_index - INFO - Processed table 574 - datasets_USA/USA_CSV0000000000008528.csv
2025-12-18 15:35:36 - exhaustive_index - INFO - Processing table 575 - datasets_USA/USA_CSV0000000000008532.csv
2025-12-18 15:35:36 - exhaustive_index - INFO - Table datasets_USA/USA_CSV0000000000008532.csv has 25074 rows and 8 columns
2025-12-18 15:35:36 - exhaustive_index - INFO - Processed table 575 - datasets_USA/USA_CSV0000000000008532.csv
2025-12-18 15:35:37 - exhaustive_index - INFO - Processing table 576 - datasets_USA/USA_CSV0000000000008541.csv
2025-12-18 15:35:37 - exhaustive_index - INFO - Table datasets_USA/USA_CSV0000000000008541.csv has 8760 rows and 21 columns
2025-12-18 15:35:37 - exhaustive_index - INFO - Processed table 576 - datasets_USA/USA_CSV0000000000008541.csv
2025-12-18 15:35:38 - exhaustive_index - INFO - Processing table 577 - datasets_USA/USA_CSV0000000000008573.csv
2025-12-18 15:35:38 - exhaustive_index - INFO - Table datasets_USA/USA_CSV0000000000008573.csv has 8784 rows and 21 columns
2025-12-18 15:35:38 - exhaustive_index - INFO - Processed table 577 - datasets_USA/USA_CSV0000000000008573.csv
2025-12-18 15:35:46 - exhaustive_index - INFO - Processing table 578 - datasets_USA/USA_CSV0000000000008574.csv
2025-12-18 15:35:46 - exhaustive_index - INFO - Table datasets_USA/USA_CSV0000000000008574.csv has 31474 rows and 15 columns
2025-12-18 15:35:46 - exhaustive_index - INFO - Processed table 578 - datasets_USA/USA_CSV0000000000008574.csv
2025-12-18 15:35:48 - exhaustive_index - INFO - Processing table 579 - datasets_USA/USA_CSV0000000000008602.csv
2025-12-18 15:35:48 - exhaustive_index - INFO - Table datasets_USA/USA_CSV0000000000008602.csv has 11772 rows and 9 columns
2025-12-18 15:35:48 - exhaustive_index - INFO - Processed table 579 - datasets_USA/USA_CSV0000000000008602.csv
2025-12-18 15:35:49 - exhaustive_index - INFO - Processing table 580 - datasets_USA/USA_CSV0000000000008612.csv
2025-12-18 15:35:49 - exhaustive_index - INFO - Table datasets_USA/USA_CSV0000000000008612.csv has 451 rows and 7 columns
2025-12-18 15:35:49 - exhaustive_index - INFO - Processed table 580 - datasets_USA/USA_CSV0000000000008612.csv
2025-12-18 15:35:49 - exhaustive_index - INFO - Processing table 581 - datasets_USA/USA_CSV0000000000008628.csv
2025-12-18 15:35:49 - exhaustive_index - INFO - Table datasets_USA/USA_CSV0000000000008628.csv has 6895 rows and 16 columns
2025-12-18 15:35:49 - exhaustive_index - INFO - Processed table 581 - datasets_USA/USA_CSV0000000000008628.csv
2025-12-18 15:35:50 - exhaustive_index - INFO - Processing table 582 - datasets_USA/USA_CSV0000000000008630.csv
2025-12-18 15:35:50 - exhaustive_index - INFO - Table datasets_USA/USA_CSV0000000000008630.csv has 187 rows and 5 columns
2025-12-18 15:35:50 - exhaustive_index - INFO - Processed table 582 - datasets_USA/USA_CSV0000000000008630.csv
2025-12-18 15:35:58 - exhaustive_index - INFO - Processing table 583 - datasets_USA/USA_CSV0000000000008656.csv
2025-12-18 15:35:58 - exhaustive_index - INFO - Table datasets_USA/USA_CSV0000000000008656.csv has 7647 rows and 25 columns
2025-12-18 15:35:58 - exhaustive_index - INFO - Processed table 583 - datasets_USA/USA_CSV0000000000008656.csv
2025-12-18 15:36:00 - exhaustive_index - INFO - Processing table 584 - datasets_USA/USA_CSV0000000000008676.csv
2025-12-18 15:36:00 - exhaustive_index - INFO - Table datasets_USA/USA_CSV0000000000008676.csv has 8784 rows and 21 columns
2025-12-18 15:36:00 - exhaustive_index - INFO - Processed table 584 - datasets_USA/USA_CSV0000000000008676.csv
2025-12-18 15:36:01 - exhaustive_index - INFO - Processing table 585 - datasets_USA/USA_CSV0000000000008702.csv
2025-12-18 15:36:01 - exhaustive_index - INFO - Table datasets_USA/USA_CSV0000000000008702.csv has 191 rows and 6 columns
2025-12-18 15:36:01 - exhaustive_index - INFO - Processed table 585 - datasets_USA/USA_CSV0000000000008702.csv
2025-12-18 15:36:02 - exhaustive_index - INFO - Processing table 586 - datasets_USA/USA_CSV0000000000008707.csv
2025-12-18 15:36:02 - exhaustive_index - INFO - Table datasets_USA/USA_CSV0000000000008707.csv has 202 rows and 9 columns
2025-12-18 15:36:02 - exhaustive_index - INFO - Processed table 586 - datasets_USA/USA_CSV0000000000008707.csv
2025-12-18 15:36:05 - exhaustive_index - INFO - Processing table 587 - datasets_USA/USA_CSV0000000000008719.csv
2025-12-18 15:36:05 - exhaustive_index - INFO - Table datasets_USA/USA_CSV0000000000008719.csv has 8760 rows and 21 columns
2025-12-18 15:36:05 - exhaustive_index - INFO - Processed table 587 - datasets_USA/USA_CSV0000000000008719.csv
2025-12-18 15:36:06 - exhaustive_index - INFO - Processing table 588 - datasets_USA/USA_CSV0000000000008736.csv
2025-12-18 15:36:06 - exhaustive_index - INFO - Table datasets_USA/USA_CSV0000000000008736.csv has 8784 rows and 21 columns
2025-12-18 15:36:06 - exhaustive_index - INFO - Processed table 588 - datasets_USA/USA_CSV0000000000008736.csv
2025-12-18 15:36:13 - exhaustive_index - INFO - Processing table 589 - datasets_USA/USA_CSV0000000000008755.csv
2025-12-18 15:36:13 - exhaustive_index - INFO - Table datasets_USA/USA_CSV0000000000008755.csv has 8760 rows and 21 columns
2025-12-18 15:36:13 - exhaustive_index - INFO - Processed table 589 - datasets_USA/USA_CSV0000000000008755.csv
2025-12-18 15:36:19 - exhaustive_index - INFO - Processing table 590 - datasets_USA/USA_CSV0000000000008766.csv
2025-12-18 15:36:19 - exhaustive_index - INFO - Table datasets_USA/USA_CSV0000000000008766.csv has 5585 rows and 21 columns
2025-12-18 15:36:19 - exhaustive_index - INFO - Processed table 590 - datasets_USA/USA_CSV0000000000008766.csv
2025-12-18 15:36:20 - exhaustive_index - INFO - Processing table 591 - datasets_USA/USA_CSV0000000000008782.csv
2025-12-18 15:36:20 - exhaustive_index - INFO - Table datasets_USA/USA_CSV0000000000008782.csv has 8784 rows and 21 columns
2025-12-18 15:36:20 - exhaustive_index - INFO - Processed table 591 - datasets_USA/USA_CSV0000000000008782.csv
2025-12-18 15:36:22 - exhaustive_index - INFO - Processing table 592 - datasets_USA/USA_CSV0000000000008785.csv
2025-12-18 15:36:22 - exhaustive_index - INFO - Table datasets_USA/USA_CSV0000000000008785.csv has 10163 rows and 14 columns
2025-12-18 15:36:22 - exhaustive_index - INFO - Processed table 592 - datasets_USA/USA_CSV0000000000008785.csv
2025-12-18 15:36:24 - exhaustive_index - INFO - Processing table 593 - datasets_USA/USA_CSV0000000000008790.csv
2025-12-18 15:36:24 - exhaustive_index - INFO - Table datasets_USA/USA_CSV0000000000008790.csv has 176 rows and 10 columns
2025-12-18 15:36:24 - exhaustive_index - INFO - Processed table 593 - datasets_USA/USA_CSV0000000000008790.csv
2025-12-18 15:36:25 - exhaustive_index - INFO - Processing table 594 - datasets_USA/USA_CSV0000000000008802.csv
2025-12-18 15:36:25 - exhaustive_index - INFO - Table datasets_USA/USA_CSV0000000000008802.csv has 170 rows and 7 columns
2025-12-18 15:36:25 - exhaustive_index - INFO - Processed table 594 - datasets_USA/USA_CSV0000000000008802.csv
2025-12-18 15:36:28 - exhaustive_index - INFO - Processing table 595 - datasets_USA/USA_CSV0000000000008817.csv
2025-12-18 15:36:28 - exhaustive_index - INFO - Table datasets_USA/USA_CSV0000000000008817.csv has 4131 rows and 14 columns
2025-12-18 15:36:28 - exhaustive_index - INFO - Processed table 595 - datasets_USA/USA_CSV0000000000008817.csv
2025-12-18 15:36:37 - exhaustive_index - INFO - Processing table 596 - datasets_USA/USA_CSV0000000000008825.csv
2025-12-18 15:36:37 - exhaustive_index - INFO - Table datasets_USA/USA_CSV0000000000008825.csv has 10468 rows and 11 columns
2025-12-18 15:36:37 - exhaustive_index - INFO - Processed table 596 - datasets_USA/USA_CSV0000000000008825.csv
2025-12-18 15:36:40 - exhaustive_index - INFO - Processing table 597 - datasets_USA/USA_CSV0000000000008838.csv
2025-12-18 15:36:40 - exhaustive_index - INFO - Table datasets_USA/USA_CSV0000000000008838.csv has 15020 rows and 10 columns
2025-12-18 15:36:40 - exhaustive_index - INFO - Processed table 597 - datasets_USA/USA_CSV0000000000008838.csv
2025-12-18 15:36:52 - exhaustive_index - INFO - Processing table 598 - datasets_USA/USA_CSV0000000000008854.csv
2025-12-18 15:36:52 - exhaustive_index - INFO - Table datasets_USA/USA_CSV0000000000008854.csv has 7412 rows and 22 columns
2025-12-18 15:36:52 - exhaustive_index - INFO - Processed table 598 - datasets_USA/USA_CSV0000000000008854.csv
2025-12-18 15:54:08 - exhaustive_index - INFO - Processing table 599 - datasets_USA/USA_CSV0000000000008857.csv
2025-12-18 15:54:08 - exhaustive_index - INFO - Table datasets_USA/USA_CSV0000000000008857.csv has 5255 rows and 98 columns
2025-12-18 15:54:08 - exhaustive_index - INFO - Processed table 599 - datasets_USA/USA_CSV0000000000008857.csv
2025-12-18 15:54:10 - exhaustive_index - INFO - Processing table 600 - datasets_USA/USA_CSV0000000000008875.csv
2025-12-18 15:54:10 - exhaustive_index - INFO - Table datasets_USA/USA_CSV0000000000008875.csv has 8784 rows and 21 columns
2025-12-18 15:54:10 - exhaustive_index - INFO - Processed table 600 - datasets_USA/USA_CSV0000000000008875.csv
2025-12-18 15:54:12 - exhaustive_index - INFO - Processing table 601 - datasets_USA/USA_CSV0000000000008885.csv
2025-12-18 15:54:12 - exhaustive_index - INFO - Table datasets_USA/USA_CSV0000000000008885.csv has 8760 rows and 21 columns
2025-12-18 15:54:12 - exhaustive_index - INFO - Processed table 601 - datasets_USA/USA_CSV0000000000008885.csv
2025-12-18 15:54:14 - exhaustive_index - INFO - Processing table 602 - datasets_USA/USA_CSV0000000000008924.csv
2025-12-18 15:54:14 - exhaustive_index - INFO - Table datasets_USA/USA_CSV0000000000008924.csv has 8760 rows and 21 columns
2025-12-18 15:54:14 - exhaustive_index - INFO - Processed table 602 - datasets_USA/USA_CSV0000000000008924.csv
2025-12-18 15:54:18 - exhaustive_index - INFO - Processing table 603 - datasets_USA/USA_CSV0000000000008955.csv
2025-12-18 15:54:18 - exhaustive_index - INFO - Table datasets_USA/USA_CSV0000000000008955.csv has 15599 rows and 17 columns
2025-12-18 15:54:18 - exhaustive_index - INFO - Processed table 603 - datasets_USA/USA_CSV0000000000008955.csv
2025-12-18 15:54:20 - exhaustive_index - INFO - Processing table 604 - datasets_USA/USA_CSV0000000000008962.csv
2025-12-18 15:54:20 - exhaustive_index - INFO - Table datasets_USA/USA_CSV0000000000008962.csv has 18717 rows and 11 columns
2025-12-18 15:54:20 - exhaustive_index - INFO - Processed table 604 - datasets_USA/USA_CSV0000000000008962.csv
2025-12-18 15:54:23 - exhaustive_index - INFO - Processing table 605 - datasets_USA/USA_CSV0000000000008989.csv
2025-12-18 15:54:23 - exhaustive_index - INFO - Table datasets_USA/USA_CSV0000000000008989.csv has 8760 rows and 21 columns
2025-12-18 15:54:23 - exhaustive_index - INFO - Processed table 605 - datasets_USA/USA_CSV0000000000008989.csv
2025-12-18 15:54:28 - exhaustive_index - INFO - Processing table 606 - datasets_USA/USA_CSV0000000000009002.csv
2025-12-18 15:54:28 - exhaustive_index - INFO - Table datasets_USA/USA_CSV0000000000009002.csv has 8760 rows and 21 columns
2025-12-18 15:54:28 - exhaustive_index - INFO - Processed table 606 - datasets_USA/USA_CSV0000000000009002.csv
2025-12-18 15:54:29 - exhaustive_index - INFO - Processing table 607 - datasets_USA/USA_CSV0000000000009005.csv
2025-12-18 15:54:29 - exhaustive_index - INFO - Table datasets_USA/USA_CSV0000000000009005.csv has 397 rows and 9 columns
2025-12-18 15:54:29 - exhaustive_index - INFO - Processed table 607 - datasets_USA/USA_CSV0000000000009005.csv
2025-12-18 15:54:30 - exhaustive_index - INFO - Processing table 608 - datasets_USA/USA_CSV0000000000009017.csv
2025-12-18 15:54:30 - exhaustive_index - INFO - Table datasets_USA/USA_CSV0000000000009017.csv has 62 rows and 10 columns
2025-12-18 15:54:30 - exhaustive_index - INFO - Processed table 608 - datasets_USA/USA_CSV0000000000009017.csv
2025-12-18 15:55:48 - exhaustive_index - INFO - Processing table 609 - datasets_USA/USA_CSV0000000000009022.csv
2025-12-18 15:55:48 - exhaustive_index - INFO - Table datasets_USA/USA_CSV0000000000009022.csv has 8766 rows and 29 columns
2025-12-18 15:55:48 - exhaustive_index - INFO - Processed table 609 - datasets_USA/USA_CSV0000000000009022.csv
2025-12-18 15:55:48 - exhaustive_index - INFO - Processing table 610 - datasets_USA/USA_CSV0000000000009033.csv
2025-12-18 15:55:48 - exhaustive_index - INFO - Table datasets_USA/USA_CSV0000000000009033.csv has 121 rows and 10 columns
2025-12-18 15:55:48 - exhaustive_index - INFO - Processed table 610 - datasets_USA/USA_CSV0000000000009033.csv
2025-12-18 15:55:49 - exhaustive_index - INFO - Processing table 611 - datasets_USA/USA_CSV0000000000009051.csv
2025-12-18 15:55:49 - exhaustive_index - INFO - Table datasets_USA/USA_CSV0000000000009051.csv has 422 rows and 7 columns
2025-12-18 15:55:49 - exhaustive_index - INFO - Processed table 611 - datasets_USA/USA_CSV0000000000009051.csv
2025-12-18 15:55:50 - exhaustive_index - INFO - Processing table 612 - datasets_USA/USA_CSV0000000000009061.csv
2025-12-18 15:55:50 - exhaustive_index - INFO - Table datasets_USA/USA_CSV0000000000009061.csv has 8760 rows and 21 columns
2025-12-18 15:55:50 - exhaustive_index - INFO - Processed table 612 - datasets_USA/USA_CSV0000000000009061.csv
2025-12-18 15:55:53 - exhaustive_index - INFO - Processing table 613 - datasets_USA/USA_CSV0000000000009065.csv
2025-12-18 15:55:53 - exhaustive_index - INFO - Table datasets_USA/USA_CSV0000000000009065.csv has 8784 rows and 21 columns
2025-12-18 15:55:53 - exhaustive_index - INFO - Processed table 613 - datasets_USA/USA_CSV0000000000009065.csv
2025-12-18 15:55:54 - exhaustive_index - INFO - Processing table 614 - datasets_USA/USA_CSV0000000000009076.csv
2025-12-18 15:55:54 - exhaustive_index - INFO - Table datasets_USA/USA_CSV0000000000009076.csv has 332 rows and 10 columns
2025-12-18 15:55:54 - exhaustive_index - INFO - Processed table 614 - datasets_USA/USA_CSV0000000000009076.csv
2025-12-18 15:55:55 - exhaustive_index - INFO - Processing table 615 - datasets_USA/USA_CSV0000000000009086.csv
2025-12-18 15:55:55 - exhaustive_index - INFO - Table datasets_USA/USA_CSV0000000000009086.csv has 8760 rows and 21 columns
2025-12-18 15:55:55 - exhaustive_index - INFO - Processed table 615 - datasets_USA/USA_CSV0000000000009086.csv
2025-12-18 15:55:56 - exhaustive_index - INFO - Processing table 616 - datasets_USA/USA_CSV0000000000009092.csv
2025-12-18 15:55:56 - exhaustive_index - INFO - Table datasets_USA/USA_CSV0000000000009092.csv has 8760 rows and 21 columns
2025-12-18 15:55:56 - exhaustive_index - INFO - Processed table 616 - datasets_USA/USA_CSV0000000000009092.csv
2025-12-18 15:55:59 - exhaustive_index - INFO - Processing table 617 - datasets_USA/USA_CSV0000000000009097.csv
2025-12-18 15:55:59 - exhaustive_index - INFO - Table datasets_USA/USA_CSV0000000000009097.csv has 26328 rows and 8 columns
2025-12-18 15:55:59 - exhaustive_index - INFO - Processed table 617 - datasets_USA/USA_CSV0000000000009097.csv
2025-12-18 15:56:00 - exhaustive_index - INFO - Processing table 618 - datasets_USA/USA_CSV0000000000009098.csv
2025-12-18 15:56:00 - exhaustive_index - INFO - Table datasets_USA/USA_CSV0000000000009098.csv has 56841 rows and 6 columns
2025-12-18 15:56:00 - exhaustive_index - INFO - Processed table 618 - datasets_USA/USA_CSV0000000000009098.csv
2025-12-18 15:56:01 - exhaustive_index - INFO - Processing table 619 - datasets_USA/USA_CSV0000000000009101.csv
2025-12-18 15:56:01 - exhaustive_index - INFO - Table datasets_USA/USA_CSV0000000000009101.csv has 774 rows and 7 columns
2025-12-18 15:56:01 - exhaustive_index - INFO - Processed table 619 - datasets_USA/USA_CSV0000000000009101.csv
2025-12-18 15:56:02 - exhaustive_index - INFO - Processing table 620 - datasets_USA/USA_CSV0000000000009108.csv
2025-12-18 15:56:02 - exhaustive_index - INFO - Table datasets_USA/USA_CSV0000000000009108.csv has 243 rows and 7 columns
2025-12-18 15:56:02 - exhaustive_index - INFO - Processed table 620 - datasets_USA/USA_CSV0000000000009108.csv
2025-12-18 15:56:24 - exhaustive_index - INFO - Processing table 621 - datasets_USA/USA_CSV0000000000009118.csv
2025-12-18 15:56:24 - exhaustive_index - INFO - Table datasets_USA/USA_CSV0000000000009118.csv has 7559 rows and 18 columns
2025-12-18 15:56:24 - exhaustive_index - INFO - Processed table 621 - datasets_USA/USA_CSV0000000000009118.csv
2025-12-18 15:56:25 - exhaustive_index - INFO - Processing table 622 - datasets_USA/USA_CSV0000000000009129.csv
2025-12-18 15:56:25 - exhaustive_index - INFO - Table datasets_USA/USA_CSV0000000000009129.csv has 8760 rows and 21 columns
2025-12-18 15:56:25 - exhaustive_index - INFO - Processed table 622 - datasets_USA/USA_CSV0000000000009129.csv
2025-12-18 15:56:27 - exhaustive_index - INFO - Processing table 623 - datasets_USA/USA_CSV0000000000009132.csv
2025-12-18 15:56:27 - exhaustive_index - INFO - Table datasets_USA/USA_CSV0000000000009132.csv has 8760 rows and 21 columns
2025-12-18 15:56:27 - exhaustive_index - INFO - Processed table 623 - datasets_USA/USA_CSV0000000000009132.csv
2025-12-18 15:56:28 - exhaustive_index - INFO - Processing table 624 - datasets_USA/USA_CSV0000000000009152.csv
2025-12-18 15:56:28 - exhaustive_index - INFO - Table datasets_USA/USA_CSV0000000000009152.csv has 8760 rows and 21 columns
2025-12-18 15:56:28 - exhaustive_index - INFO - Processed table 624 - datasets_USA/USA_CSV0000000000009152.csv
2025-12-18 15:56:29 - exhaustive_index - INFO - Processing table 625 - datasets_USA/USA_CSV0000000000009156.csv
2025-12-18 15:56:29 - exhaustive_index - INFO - Table datasets_USA/USA_CSV0000000000009156.csv has 8784 rows and 21 columns
2025-12-18 15:56:29 - exhaustive_index - INFO - Processed table 625 - datasets_USA/USA_CSV0000000000009156.csv
2025-12-18 15:56:32 - exhaustive_index - INFO - Processing table 626 - datasets_USA/USA_CSV0000000000009169.csv
2025-12-18 15:56:32 - exhaustive_index - INFO - Table datasets_USA/USA_CSV0000000000009169.csv has 8760 rows and 21 columns
2025-12-18 15:56:32 - exhaustive_index - INFO - Processed table 626 - datasets_USA/USA_CSV0000000000009169.csv
2025-12-18 15:57:24 - exhaustive_index - INFO - Processing table 627 - datasets_USA/USA_CSV0000000000009176.csv
2025-12-18 15:57:24 - exhaustive_index - INFO - Table datasets_USA/USA_CSV0000000000009176.csv has 2356 rows and 64 columns
2025-12-18 15:57:24 - exhaustive_index - INFO - Processed table 627 - datasets_USA/USA_CSV0000000000009176.csv
2025-12-18 15:57:26 - exhaustive_index - INFO - Processing table 628 - datasets_USA/USA_CSV0000000000009186.csv
2025-12-18 15:57:26 - exhaustive_index - INFO - Table datasets_USA/USA_CSV0000000000009186.csv has 8760 rows and 21 columns
2025-12-18 15:57:26 - exhaustive_index - INFO - Processed table 628 - datasets_USA/USA_CSV0000000000009186.csv
2025-12-18 15:57:30 - exhaustive_index - INFO - Processing table 629 - datasets_USA/USA_CSV0000000000009218.csv
2025-12-18 15:57:30 - exhaustive_index - INFO - Table datasets_USA/USA_CSV0000000000009218.csv has 21426 rows and 8 columns
2025-12-18 15:57:30 - exhaustive_index - INFO - Processed table 629 - datasets_USA/USA_CSV0000000000009218.csv
2025-12-18 15:57:31 - exhaustive_index - INFO - Processing table 630 - datasets_USA/USA_CSV0000000000009244.csv
2025-12-18 15:57:31 - exhaustive_index - INFO - Table datasets_USA/USA_CSV0000000000009244.csv has 9253 rows and 16 columns
2025-12-18 15:57:31 - exhaustive_index - INFO - Processed table 630 - datasets_USA/USA_CSV0000000000009244.csv
2025-12-18 15:57:32 - exhaustive_index - INFO - Processing table 631 - datasets_USA/USA_CSV0000000000009248.csv
2025-12-18 15:57:32 - exhaustive_index - INFO - Table datasets_USA/USA_CSV0000000000009248.csv has 8784 rows and 21 columns
2025-12-18 15:57:32 - exhaustive_index - INFO - Processed table 631 - datasets_USA/USA_CSV0000000000009248.csv
2025-12-18 15:57:34 - exhaustive_index - INFO - Processing table 632 - datasets_USA/USA_CSV0000000000009252.csv
2025-12-18 15:57:34 - exhaustive_index - INFO - Table datasets_USA/USA_CSV0000000000009252.csv has 8760 rows and 21 columns
2025-12-18 15:57:34 - exhaustive_index - INFO - Processed table 632 - datasets_USA/USA_CSV0000000000009252.csv
2025-12-18 15:57:36 - exhaustive_index - INFO - Processing table 633 - datasets_USA/USA_CSV0000000000009263.csv
2025-12-18 15:57:36 - exhaustive_index - INFO - Table datasets_USA/USA_CSV0000000000009263.csv has 71301 rows and 6 columns
2025-12-18 15:57:36 - exhaustive_index - INFO - Processed table 633 - datasets_USA/USA_CSV0000000000009263.csv
2025-12-18 15:57:41 - exhaustive_index - INFO - Processing table 634 - datasets_USA/USA_CSV0000000000009278.csv
2025-12-18 15:57:41 - exhaustive_index - INFO - Table datasets_USA/USA_CSV0000000000009278.csv has 12517 rows and 11 columns
2025-12-18 15:57:41 - exhaustive_index - INFO - Processed table 634 - datasets_USA/USA_CSV0000000000009278.csv
2025-12-18 15:57:47 - exhaustive_index - INFO - Processing table 635 - datasets_USA/USA_CSV0000000000009281.csv
2025-12-18 15:57:47 - exhaustive_index - INFO - Table datasets_USA/USA_CSV0000000000009281.csv has 5408 rows and 25 columns
2025-12-18 15:57:47 - exhaustive_index - INFO - Processed table 635 - datasets_USA/USA_CSV0000000000009281.csv
2025-12-18 15:57:49 - exhaustive_index - INFO - Processing table 636 - datasets_USA/USA_CSV0000000000009285.csv
2025-12-18 15:57:49 - exhaustive_index - INFO - Table datasets_USA/USA_CSV0000000000009285.csv has 66294 rows and 6 columns
2025-12-18 15:57:49 - exhaustive_index - INFO - Processed table 636 - datasets_USA/USA_CSV0000000000009285.csv
2025-12-18 15:57:50 - exhaustive_index - INFO - Processing table 637 - datasets_USA/USA_CSV0000000000009287.csv
2025-12-18 15:57:50 - exhaustive_index - INFO - Table datasets_USA/USA_CSV0000000000009287.csv has 33 rows and 6 columns
2025-12-18 15:57:50 - exhaustive_index - INFO - Processed table 637 - datasets_USA/USA_CSV0000000000009287.csv
2025-12-18 15:57:51 - exhaustive_index - INFO - Processing table 638 - datasets_USA/USA_CSV0000000000009290.csv
2025-12-18 15:57:51 - exhaustive_index - INFO - Table datasets_USA/USA_CSV0000000000009290.csv has 449 rows and 9 columns
2025-12-18 15:57:51 - exhaustive_index - INFO - Processed table 638 - datasets_USA/USA_CSV0000000000009290.csv
2025-12-18 15:57:54 - exhaustive_index - INFO - Processing table 639 - datasets_USA/USA_CSV0000000000009336.csv
2025-12-18 15:57:54 - exhaustive_index - INFO - Table datasets_USA/USA_CSV0000000000009336.csv has 8760 rows and 21 columns
2025-12-18 15:57:54 - exhaustive_index - INFO - Processed table 639 - datasets_USA/USA_CSV0000000000009336.csv
2025-12-18 15:57:55 - exhaustive_index - INFO - Processing table 640 - datasets_USA/USA_CSV0000000000009343.csv
2025-12-18 15:57:55 - exhaustive_index - INFO - Table datasets_USA/USA_CSV0000000000009343.csv has 8760 rows and 21 columns
2025-12-18 15:57:55 - exhaustive_index - INFO - Processed table 640 - datasets_USA/USA_CSV0000000000009343.csv
2025-12-18 16:00:04 - exhaustive_index - INFO - Processing table 641 - datasets_USA/USA_CSV0000000000009355.csv
2025-12-18 16:00:04 - exhaustive_index - INFO - Table datasets_USA/USA_CSV0000000000009355.csv has 2261 rows and 45 columns
2025-12-18 16:00:04 - exhaustive_index - INFO - Processed table 641 - datasets_USA/USA_CSV0000000000009355.csv
2025-12-18 16:00:06 - exhaustive_index - INFO - Processing table 642 - datasets_USA/USA_CSV0000000000009362.csv
2025-12-18 16:00:06 - exhaustive_index - INFO - Table datasets_USA/USA_CSV0000000000009362.csv has 8760 rows and 21 columns
2025-12-18 16:00:06 - exhaustive_index - INFO - Processed table 642 - datasets_USA/USA_CSV0000000000009362.csv
2025-12-18 16:00:12 - exhaustive_index - INFO - Processing table 643 - datasets_USA/USA_CSV0000000000009376.csv
2025-12-18 16:00:12 - exhaustive_index - INFO - Table datasets_USA/USA_CSV0000000000009376.csv has 6635 rows and 17 columns
2025-12-18 16:00:12 - exhaustive_index - INFO - Processed table 643 - datasets_USA/USA_CSV0000000000009376.csv
2025-12-18 16:00:18 - exhaustive_index - INFO - Processing table 644 - datasets_USA/USA_CSV0000000000009381.csv
2025-12-18 16:00:18 - exhaustive_index - INFO - Table datasets_USA/USA_CSV0000000000009381.csv has 10838 rows and 20 columns
2025-12-18 16:00:18 - exhaustive_index - INFO - Processed table 644 - datasets_USA/USA_CSV0000000000009381.csv
2025-12-18 16:00:43 - exhaustive_index - INFO - Processing table 645 - datasets_USA/USA_CSV0000000000009412.csv
2025-12-18 16:00:43 - exhaustive_index - INFO - Table datasets_USA/USA_CSV0000000000009412.csv has 3410 rows and 29 columns
2025-12-18 16:00:43 - exhaustive_index - INFO - Processed table 645 - datasets_USA/USA_CSV0000000000009412.csv
2025-12-18 16:00:46 - exhaustive_index - INFO - Processing table 646 - datasets_USA/USA_CSV0000000000009424.csv
2025-12-18 16:00:46 - exhaustive_index - INFO - Table datasets_USA/USA_CSV0000000000009424.csv has 8784 rows and 21 columns
2025-12-18 16:00:46 - exhaustive_index - INFO - Processed table 646 - datasets_USA/USA_CSV0000000000009424.csv
2025-12-18 16:00:49 - exhaustive_index - INFO - Processing table 647 - datasets_USA/USA_CSV0000000000009428.csv
2025-12-18 16:00:49 - exhaustive_index - INFO - Table datasets_USA/USA_CSV0000000000009428.csv has 8784 rows and 21 columns
2025-12-18 16:00:49 - exhaustive_index - INFO - Processed table 647 - datasets_USA/USA_CSV0000000000009428.csv
2025-12-18 16:00:50 - exhaustive_index - INFO - Processing table 648 - datasets_USA/USA_CSV0000000000009441.csv
2025-12-18 16:00:50 - exhaustive_index - INFO - Table datasets_USA/USA_CSV0000000000009441.csv has 272 rows and 9 columns
2025-12-18 16:00:50 - exhaustive_index - INFO - Processed table 648 - datasets_USA/USA_CSV0000000000009441.csv
2025-12-18 16:00:56 - exhaustive_index - INFO - Processing table 649 - datasets_USA/USA_CSV0000000000009453.csv
2025-12-18 16:00:56 - exhaustive_index - INFO - Table datasets_USA/USA_CSV0000000000009453.csv has 21277 rows and 13 columns
2025-12-18 16:00:56 - exhaustive_index - INFO - Processed table 649 - datasets_USA/USA_CSV0000000000009453.csv
2025-12-18 16:00:57 - exhaustive_index - INFO - Processing table 650 - datasets_USA/USA_CSV0000000000009457.csv
2025-12-18 16:00:57 - exhaustive_index - INFO - Table datasets_USA/USA_CSV0000000000009457.csv has 8760 rows and 21 columns
2025-12-18 16:00:57 - exhaustive_index - INFO - Processed table 650 - datasets_USA/USA_CSV0000000000009457.csv
2025-12-18 16:01:00 - exhaustive_index - INFO - Processing table 651 - datasets_USA/USA_CSV0000000000009465.csv
2025-12-18 16:01:00 - exhaustive_index - INFO - Table datasets_USA/USA_CSV0000000000009465.csv has 9272 rows and 12 columns
2025-12-18 16:01:00 - exhaustive_index - INFO - Processed table 651 - datasets_USA/USA_CSV0000000000009465.csv
2025-12-18 16:01:04 - exhaustive_index - INFO - Processing table 652 - datasets_USA/USA_CSV0000000000009468.csv
2025-12-18 16:01:04 - exhaustive_index - INFO - Table datasets_USA/USA_CSV0000000000009468.csv has 39210 rows and 14 columns
2025-12-18 16:01:04 - exhaustive_index - INFO - Processed table 652 - datasets_USA/USA_CSV0000000000009468.csv
2025-12-18 16:01:06 - exhaustive_index - INFO - Processing table 653 - datasets_USA/USA_CSV0000000000009471.csv
2025-12-18 16:01:06 - exhaustive_index - INFO - Table datasets_USA/USA_CSV0000000000009471.csv has 7093 rows and 17 columns
2025-12-18 16:01:06 - exhaustive_index - INFO - Processed table 653 - datasets_USA/USA_CSV0000000000009471.csv
2025-12-18 16:01:10 - exhaustive_index - INFO - Processing table 654 - datasets_USA/USA_CSV0000000000009476.csv
2025-12-18 16:01:10 - exhaustive_index - INFO - Table datasets_USA/USA_CSV0000000000009476.csv has 8760 rows and 21 columns
2025-12-18 16:01:10 - exhaustive_index - INFO - Processed table 654 - datasets_USA/USA_CSV0000000000009476.csv
2025-12-18 16:01:13 - exhaustive_index - INFO - Processing table 655 - datasets_USA/USA_CSV0000000000009483.csv
2025-12-18 16:01:13 - exhaustive_index - INFO - Table datasets_USA/USA_CSV0000000000009483.csv has 8760 rows and 21 columns
2025-12-18 16:01:13 - exhaustive_index - INFO - Processed table 655 - datasets_USA/USA_CSV0000000000009483.csv
2025-12-18 16:01:14 - exhaustive_index - INFO - Processing table 656 - datasets_USA/USA_CSV0000000000009503.csv
2025-12-18 16:01:14 - exhaustive_index - INFO - Table datasets_USA/USA_CSV0000000000009503.csv has 13952 rows and 11 columns
2025-12-18 16:01:14 - exhaustive_index - INFO - Processed table 656 - datasets_USA/USA_CSV0000000000009503.csv
2025-12-18 16:01:21 - exhaustive_index - INFO - Processing table 657 - datasets_USA/USA_CSV0000000000009506.csv
2025-12-18 16:01:21 - exhaustive_index - INFO - Table datasets_USA/USA_CSV0000000000009506.csv has 8760 rows and 21 columns
2025-12-18 16:01:21 - exhaustive_index - INFO - Processed table 657 - datasets_USA/USA_CSV0000000000009506.csv
2025-12-18 16:01:23 - exhaustive_index - INFO - Processing table 658 - datasets_USA/USA_CSV0000000000009510.csv
2025-12-18 16:01:23 - exhaustive_index - INFO - Table datasets_USA/USA_CSV0000000000009510.csv has 23505 rows and 6 columns
2025-12-18 16:01:23 - exhaustive_index - INFO - Processed table 658 - datasets_USA/USA_CSV0000000000009510.csv
2025-12-18 16:01:28 - exhaustive_index - INFO - Processing table 659 - datasets_USA/USA_CSV0000000000009518.csv
2025-12-18 16:01:28 - exhaustive_index - INFO - Table datasets_USA/USA_CSV0000000000009518.csv has 8760 rows and 21 columns
2025-12-18 16:01:28 - exhaustive_index - INFO - Processed table 659 - datasets_USA/USA_CSV0000000000009518.csv
2025-12-18 16:01:29 - exhaustive_index - INFO - Processing table 660 - datasets_USA/USA_CSV0000000000009520.csv
2025-12-18 16:01:29 - exhaustive_index - INFO - Table datasets_USA/USA_CSV0000000000009520.csv has 8784 rows and 21 columns
2025-12-18 16:01:29 - exhaustive_index - INFO - Processed table 660 - datasets_USA/USA_CSV0000000000009520.csv
2025-12-18 16:01:31 - exhaustive_index - INFO - Processing table 661 - datasets_USA/USA_CSV0000000000009553.csv
2025-12-18 16:01:31 - exhaustive_index - INFO - Table datasets_USA/USA_CSV0000000000009553.csv has 8760 rows and 21 columns
2025-12-18 16:01:31 - exhaustive_index - INFO - Processed table 661 - datasets_USA/USA_CSV0000000000009553.csv
2025-12-18 16:01:32 - exhaustive_index - INFO - Processing table 662 - datasets_USA/USA_CSV0000000000009575.csv
2025-12-18 16:01:32 - exhaustive_index - INFO - Table datasets_USA/USA_CSV0000000000009575.csv has 339 rows and 13 columns
2025-12-18 16:01:32 - exhaustive_index - INFO - Processed table 662 - datasets_USA/USA_CSV0000000000009575.csv
2025-12-18 16:01:35 - exhaustive_index - INFO - Processing table 663 - datasets_USA/USA_CSV0000000000009577.csv
2025-12-18 16:01:35 - exhaustive_index - INFO - Table datasets_USA/USA_CSV0000000000009577.csv has 8760 rows and 21 columns
2025-12-18 16:01:35 - exhaustive_index - INFO - Processed table 663 - datasets_USA/USA_CSV0000000000009577.csv
2025-12-18 16:01:36 - exhaustive_index - INFO - Processing table 664 - datasets_USA/USA_CSV0000000000009578.csv
2025-12-18 16:01:36 - exhaustive_index - INFO - Table datasets_USA/USA_CSV0000000000009578.csv has 19889 rows and 4 columns
2025-12-18 16:01:36 - exhaustive_index - INFO - Processed table 664 - datasets_USA/USA_CSV0000000000009578.csv
2025-12-18 16:01:49 - exhaustive_index - INFO - Processing table 665 - datasets_USA/USA_CSV0000000000009614.csv
2025-12-18 16:01:49 - exhaustive_index - INFO - Table datasets_USA/USA_CSV0000000000009614.csv has 4276 rows and 25 columns
2025-12-18 16:01:49 - exhaustive_index - INFO - Processed table 665 - datasets_USA/USA_CSV0000000000009614.csv
2025-12-18 16:01:55 - exhaustive_index - INFO - Processing table 666 - datasets_USA/USA_CSV0000000000009616.csv
2025-12-18 16:01:55 - exhaustive_index - INFO - Table datasets_USA/USA_CSV0000000000009616.csv has 8784 rows and 21 columns
2025-12-18 16:01:55 - exhaustive_index - INFO - Processed table 666 - datasets_USA/USA_CSV0000000000009616.csv
2025-12-18 16:01:58 - exhaustive_index - INFO - Processing table 667 - datasets_USA/USA_CSV0000000000009648.csv
2025-12-18 16:01:58 - exhaustive_index - INFO - Table datasets_USA/USA_CSV0000000000009648.csv has 4947 rows and 18 columns
2025-12-18 16:01:58 - exhaustive_index - INFO - Processed table 667 - datasets_USA/USA_CSV0000000000009648.csv
2025-12-18 16:02:00 - exhaustive_index - INFO - Processing table 668 - datasets_USA/USA_CSV0000000000009655.csv
2025-12-18 16:02:00 - exhaustive_index - INFO - Table datasets_USA/USA_CSV0000000000009655.csv has 8760 rows and 21 columns
2025-12-18 16:02:00 - exhaustive_index - INFO - Processed table 668 - datasets_USA/USA_CSV0000000000009655.csv
2025-12-18 16:02:01 - exhaustive_index - INFO - Processing table 669 - datasets_USA/USA_CSV0000000000009678.csv
2025-12-18 16:02:01 - exhaustive_index - INFO - Table datasets_USA/USA_CSV0000000000009678.csv has 35103 rows and 5 columns
2025-12-18 16:02:01 - exhaustive_index - INFO - Processed table 669 - datasets_USA/USA_CSV0000000000009678.csv
2025-12-18 16:02:01 - exhaustive_index - INFO - Processing table 670 - datasets_USA/USA_CSV0000000000009680.csv
2025-12-18 16:02:01 - exhaustive_index - INFO - Table datasets_USA/USA_CSV0000000000009680.csv has 37020 rows and 5 columns
2025-12-18 16:02:01 - exhaustive_index - INFO - Processed table 670 - datasets_USA/USA_CSV0000000000009680.csv
2025-12-18 16:02:03 - exhaustive_index - INFO - Processing table 671 - datasets_USA/USA_CSV0000000000009686.csv
2025-12-18 16:02:03 - exhaustive_index - INFO - Table datasets_USA/USA_CSV0000000000009686.csv has 8760 rows and 21 columns
2025-12-18 16:02:03 - exhaustive_index - INFO - Processed table 671 - datasets_USA/USA_CSV0000000000009686.csv
2025-12-18 16:02:05 - exhaustive_index - INFO - Processing table 672 - datasets_USA/USA_CSV0000000000009687.csv
2025-12-18 16:02:05 - exhaustive_index - INFO - Table datasets_USA/USA_CSV0000000000009687.csv has 8784 rows and 21 columns
2025-12-18 16:02:05 - exhaustive_index - INFO - Processed table 672 - datasets_USA/USA_CSV0000000000009687.csv
2025-12-18 16:02:06 - exhaustive_index - INFO - Processing table 673 - datasets_USA/USA_CSV0000000000009696.csv
2025-12-18 16:02:06 - exhaustive_index - INFO - Table datasets_USA/USA_CSV0000000000009696.csv has 8760 rows and 21 columns
2025-12-18 16:02:06 - exhaustive_index - INFO - Processed table 673 - datasets_USA/USA_CSV0000000000009696.csv
2025-12-18 16:03:45 - exhaustive_index - INFO - Processing table 674 - datasets_USA/USA_CSV0000000000009707.csv
2025-12-18 16:03:45 - exhaustive_index - INFO - Table datasets_USA/USA_CSV0000000000009707.csv has 1518 rows and 77 columns
2025-12-18 16:03:45 - exhaustive_index - INFO - Processed table 674 - datasets_USA/USA_CSV0000000000009707.csv
2025-12-18 16:03:45 - exhaustive_index - INFO - Processing table 675 - datasets_USA/USA_CSV0000000000009713.csv
2025-12-18 16:03:45 - exhaustive_index - INFO - Table datasets_USA/USA_CSV0000000000009713.csv has 78050 rows and 4 columns
2025-12-18 16:03:45 - exhaustive_index - INFO - Processed table 675 - datasets_USA/USA_CSV0000000000009713.csv
2025-12-18 16:03:48 - exhaustive_index - INFO - Processing table 676 - datasets_USA/USA_CSV0000000000009716.csv
2025-12-18 16:03:48 - exhaustive_index - INFO - Table datasets_USA/USA_CSV0000000000009716.csv has 5340 rows and 24 columns
2025-12-18 16:03:48 - exhaustive_index - INFO - Processed table 676 - datasets_USA/USA_CSV0000000000009716.csv
2025-12-18 16:03:48 - exhaustive_index - INFO - Processing table 677 - datasets_USA/USA_CSV0000000000009726.csv
2025-12-18 16:03:48 - exhaustive_index - INFO - Table datasets_USA/USA_CSV0000000000009726.csv has 18 rows and 4 columns
2025-12-18 16:03:48 - exhaustive_index - INFO - Processed table 677 - datasets_USA/USA_CSV0000000000009726.csv
2025-12-18 16:03:51 - exhaustive_index - INFO - Processing table 678 - datasets_USA/USA_CSV0000000000009729.csv
2025-12-18 16:03:51 - exhaustive_index - INFO - Table datasets_USA/USA_CSV0000000000009729.csv has 8784 rows and 21 columns
2025-12-18 16:03:51 - exhaustive_index - INFO - Processed table 678 - datasets_USA/USA_CSV0000000000009729.csv
2025-12-18 16:03:55 - exhaustive_index - INFO - Processing table 679 - datasets_USA/USA_CSV0000000000009736.csv
2025-12-18 16:03:55 - exhaustive_index - INFO - Table datasets_USA/USA_CSV0000000000009736.csv has 6846 rows and 18 columns
2025-12-18 16:03:55 - exhaustive_index - INFO - Processed table 679 - datasets_USA/USA_CSV0000000000009736.csv
2025-12-18 16:03:57 - exhaustive_index - INFO - Processing table 680 - datasets_USA/USA_CSV0000000000009776.csv
2025-12-18 16:03:57 - exhaustive_index - INFO - Table datasets_USA/USA_CSV0000000000009776.csv has 8760 rows and 21 columns
2025-12-18 16:03:57 - exhaustive_index - INFO - Processed table 680 - datasets_USA/USA_CSV0000000000009776.csv
2025-12-18 16:03:58 - exhaustive_index - INFO - Processing table 681 - datasets_USA/USA_CSV0000000000009781.csv
2025-12-18 16:03:58 - exhaustive_index - INFO - Table datasets_USA/USA_CSV0000000000009781.csv has 8760 rows and 21 columns
2025-12-18 16:03:58 - exhaustive_index - INFO - Processed table 681 - datasets_USA/USA_CSV0000000000009781.csv
2025-12-18 16:04:02 - exhaustive_index - INFO - Processing table 682 - datasets_USA/USA_CSV0000000000009825.csv
2025-12-18 16:04:02 - exhaustive_index - INFO - Table datasets_USA/USA_CSV0000000000009825.csv has 41157 rows and 9 columns
2025-12-18 16:04:02 - exhaustive_index - INFO - Processed table 682 - datasets_USA/USA_CSV0000000000009825.csv
2025-12-18 16:04:05 - exhaustive_index - INFO - Processing table 683 - datasets_USA/USA_CSV0000000000009827.csv
2025-12-18 16:04:05 - exhaustive_index - INFO - Table datasets_USA/USA_CSV0000000000009827.csv has 8760 rows and 21 columns
2025-12-18 16:04:05 - exhaustive_index - INFO - Processed table 683 - datasets_USA/USA_CSV0000000000009827.csv
2025-12-18 16:04:08 - exhaustive_index - INFO - Processing table 684 - datasets_USA/USA_CSV0000000000009852.csv
2025-12-18 16:04:08 - exhaustive_index - INFO - Table datasets_USA/USA_CSV0000000000009852.csv has 8760 rows and 21 columns
2025-12-18 16:04:08 - exhaustive_index - INFO - Processed table 684 - datasets_USA/USA_CSV0000000000009852.csv
2025-12-18 16:04:10 - exhaustive_index - INFO - Processing table 685 - datasets_USA/USA_CSV0000000000009856.csv
2025-12-18 16:04:10 - exhaustive_index - INFO - Table datasets_USA/USA_CSV0000000000009856.csv has 8760 rows and 21 columns
2025-12-18 16:04:10 - exhaustive_index - INFO - Processed table 685 - datasets_USA/USA_CSV0000000000009856.csv
2025-12-18 16:04:14 - exhaustive_index - INFO - Processing table 686 - datasets_USA/USA_CSV0000000000009931.csv
2025-12-18 16:04:14 - exhaustive_index - INFO - Table datasets_USA/USA_CSV0000000000009931.csv has 8784 rows and 21 columns
2025-12-18 16:04:14 - exhaustive_index - INFO - Processed table 686 - datasets_USA/USA_CSV0000000000009931.csv
2025-12-18 16:04:22 - exhaustive_index - INFO - Processing table 687 - datasets_USA/USA_CSV0000000000009938.csv
2025-12-18 16:04:22 - exhaustive_index - INFO - Table datasets_USA/USA_CSV0000000000009938.csv has 16478 rows and 13 columns
2025-12-18 16:04:22 - exhaustive_index - INFO - Processed table 687 - datasets_USA/USA_CSV0000000000009938.csv
2025-12-18 16:04:42 - exhaustive_index - INFO - Processing table 688 - datasets_USA/USA_CSV0000000000009942.csv
2025-12-18 16:04:42 - exhaustive_index - INFO - Table datasets_USA/USA_CSV0000000000009942.csv has 11984 rows and 19 columns
2025-12-18 16:04:42 - exhaustive_index - INFO - Processed table 688 - datasets_USA/USA_CSV0000000000009942.csv
2025-12-18 16:04:44 - exhaustive_index - INFO - Processing table 689 - datasets_USA/USA_CSV0000000000009947.csv
2025-12-18 16:04:44 - exhaustive_index - INFO - Table datasets_USA/USA_CSV0000000000009947.csv has 6208 rows and 30 columns
2025-12-18 16:04:44 - exhaustive_index - INFO - Processed table 689 - datasets_USA/USA_CSV0000000000009947.csv
2025-12-18 16:04:44 - exhaustive_index - INFO - Processing table 690 - datasets_USA/USA_CSV0000000000009955.csv
2025-12-18 16:04:44 - exhaustive_index - INFO - Table datasets_USA/USA_CSV0000000000009955.csv has 24010 rows and 3 columns
2025-12-18 16:04:44 - exhaustive_index - INFO - Processed table 690 - datasets_USA/USA_CSV0000000000009955.csv
2025-12-18 16:04:47 - exhaustive_index - INFO - Processing table 691 - datasets_USA/USA_CSV0000000000009968.csv
2025-12-18 16:04:47 - exhaustive_index - INFO - Table datasets_USA/USA_CSV0000000000009968.csv has 8760 rows and 21 columns
2025-12-18 16:04:47 - exhaustive_index - INFO - Processed table 691 - datasets_USA/USA_CSV0000000000009968.csv
2025-12-18 16:04:49 - exhaustive_index - INFO - Processing table 692 - datasets_USA/USA_CSV0000000000009976.csv
2025-12-18 16:04:49 - exhaustive_index - INFO - Table datasets_USA/USA_CSV0000000000009976.csv has 8760 rows and 21 columns
2025-12-18 16:04:49 - exhaustive_index - INFO - Processed table 692 - datasets_USA/USA_CSV0000000000009976.csv
2025-12-18 16:04:52 - exhaustive_index - INFO - Processing table 693 - datasets_USA/USA_CSV0000000000009994.csv
2025-12-18 16:04:52 - exhaustive_index - INFO - Table datasets_USA/USA_CSV0000000000009994.csv has 8760 rows and 21 columns
2025-12-18 16:04:52 - exhaustive_index - INFO - Processed table 693 - datasets_USA/USA_CSV0000000000009994.csv
2025-12-18 16:04:54 - exhaustive_index - INFO - Processing table 694 - datasets_USA/USA_CSV0000000000009997.csv
2025-12-18 16:04:54 - exhaustive_index - INFO - Table datasets_USA/USA_CSV0000000000009997.csv has 8784 rows and 21 columns
2025-12-18 16:04:54 - exhaustive_index - INFO - Processed table 694 - datasets_USA/USA_CSV0000000000009997.csv
2025-12-18 16:04:54 - exhaustive_index - INFO - Processing table 695 - datasets_USA/USA_CSV0000000000010007.csv
2025-12-18 16:04:54 - exhaustive_index - INFO - Table datasets_USA/USA_CSV0000000000010007.csv has 44036 rows and 5 columns
2025-12-18 16:04:54 - exhaustive_index - INFO - Processed table 695 - datasets_USA/USA_CSV0000000000010007.csv
2025-12-18 16:04:57 - exhaustive_index - INFO - Processing table 696 - datasets_USA/USA_CSV0000000000010014.csv
2025-12-18 16:04:57 - exhaustive_index - INFO - Table datasets_USA/USA_CSV0000000000010014.csv has 8760 rows and 21 columns
2025-12-18 16:04:57 - exhaustive_index - INFO - Processed table 696 - datasets_USA/USA_CSV0000000000010014.csv
2025-12-18 16:04:59 - exhaustive_index - INFO - Processing table 697 - datasets_USA/USA_CSV0000000000010040.csv
2025-12-18 16:04:59 - exhaustive_index - INFO - Table datasets_USA/USA_CSV0000000000010040.csv has 20376 rows and 11 columns
2025-12-18 16:04:59 - exhaustive_index - INFO - Processed table 697 - datasets_USA/USA_CSV0000000000010040.csv
2025-12-18 16:05:03 - exhaustive_index - INFO - Processing table 698 - datasets_USA/USA_CSV0000000000010067.csv
2025-12-18 16:05:03 - exhaustive_index - INFO - Table datasets_USA/USA_CSV0000000000010067.csv has 5284 rows and 12 columns
2025-12-18 16:05:03 - exhaustive_index - INFO - Processed table 698 - datasets_USA/USA_CSV0000000000010067.csv
2025-12-18 16:05:10 - exhaustive_index - INFO - Processing table 699 - datasets_USA/USA_CSV0000000000010081.csv
2025-12-18 16:05:10 - exhaustive_index - INFO - Table datasets_USA/USA_CSV0000000000010081.csv has 8760 rows and 21 columns
2025-12-18 16:05:10 - exhaustive_index - INFO - Processed table 699 - datasets_USA/USA_CSV0000000000010081.csv
2025-12-18 16:05:11 - exhaustive_index - INFO - Processing table 700 - datasets_USA/USA_CSV0000000000010092.csv
2025-12-18 16:05:11 - exhaustive_index - INFO - Table datasets_USA/USA_CSV0000000000010092.csv has 315 rows and 9 columns
2025-12-18 16:05:11 - exhaustive_index - INFO - Processed table 700 - datasets_USA/USA_CSV0000000000010092.csv
2025-12-18 16:05:13 - exhaustive_index - INFO - Processing table 701 - datasets_USA/USA_CSV0000000000010158.csv
2025-12-18 16:05:13 - exhaustive_index - INFO - Table datasets_USA/USA_CSV0000000000010158.csv has 8760 rows and 21 columns
2025-12-18 16:05:13 - exhaustive_index - INFO - Processed table 701 - datasets_USA/USA_CSV0000000000010158.csv
2025-12-18 16:05:13 - exhaustive_index - INFO - Processing table 702 - datasets_USA/USA_CSV0000000000010172.csv
2025-12-18 16:05:13 - exhaustive_index - INFO - Table datasets_USA/USA_CSV0000000000010172.csv has 67106 rows and 4 columns
2025-12-18 16:05:13 - exhaustive_index - INFO - Processed table 702 - datasets_USA/USA_CSV0000000000010172.csv
2025-12-18 16:05:14 - exhaustive_index - INFO - Processing table 703 - datasets_USA/USA_CSV0000000000010186.csv
2025-12-18 16:05:14 - exhaustive_index - INFO - Table datasets_USA/USA_CSV0000000000010186.csv has 28159 rows and 10 columns
2025-12-18 16:05:14 - exhaustive_index - INFO - Processed table 703 - datasets_USA/USA_CSV0000000000010186.csv
2025-12-18 16:05:17 - exhaustive_index - INFO - Processing table 704 - datasets_USA/USA_CSV0000000000010194.csv
2025-12-18 16:05:17 - exhaustive_index - INFO - Table datasets_USA/USA_CSV0000000000010194.csv has 8760 rows and 21 columns
2025-12-18 16:05:17 - exhaustive_index - INFO - Processed table 704 - datasets_USA/USA_CSV0000000000010194.csv
2025-12-18 16:05:18 - exhaustive_index - INFO - Processing table 705 - datasets_USA/USA_CSV0000000000010197.csv
2025-12-18 16:05:18 - exhaustive_index - INFO - Table datasets_USA/USA_CSV0000000000010197.csv has 253 rows and 10 columns
2025-12-18 16:05:18 - exhaustive_index - INFO - Processed table 705 - datasets_USA/USA_CSV0000000000010197.csv
2025-12-18 16:05:21 - exhaustive_index - INFO - Processing table 706 - datasets_USA/USA_CSV0000000000010203.csv
2025-12-18 16:05:21 - exhaustive_index - INFO - Table datasets_USA/USA_CSV0000000000010203.csv has 8760 rows and 21 columns
2025-12-18 16:05:21 - exhaustive_index - INFO - Processed table 706 - datasets_USA/USA_CSV0000000000010203.csv
2025-12-18 16:05:24 - exhaustive_index - INFO - Processing table 707 - datasets_USA/USA_CSV0000000000010204.csv
2025-12-18 16:05:24 - exhaustive_index - INFO - Table datasets_USA/USA_CSV0000000000010204.csv has 8760 rows and 21 columns
2025-12-18 16:05:24 - exhaustive_index - INFO - Processed table 707 - datasets_USA/USA_CSV0000000000010204.csv
2025-12-18 16:05:28 - exhaustive_index - INFO - Processing table 708 - datasets_USA/USA_CSV0000000000010216.csv
2025-12-18 16:05:28 - exhaustive_index - INFO - Table datasets_USA/USA_CSV0000000000010216.csv has 21601 rows and 8 columns
2025-12-18 16:05:28 - exhaustive_index - INFO - Processed table 708 - datasets_USA/USA_CSV0000000000010216.csv
2025-12-18 16:05:30 - exhaustive_index - INFO - Processing table 709 - datasets_USA/USA_CSV0000000000010218.csv
2025-12-18 16:05:30 - exhaustive_index - INFO - Table datasets_USA/USA_CSV0000000000010218.csv has 8760 rows and 21 columns
2025-12-18 16:05:30 - exhaustive_index - INFO - Processed table 709 - datasets_USA/USA_CSV0000000000010218.csv
2025-12-18 16:05:33 - exhaustive_index - INFO - Processing table 710 - datasets_USA/USA_CSV0000000000010222.csv
2025-12-18 16:05:33 - exhaustive_index - INFO - Table datasets_USA/USA_CSV0000000000010222.csv has 8784 rows and 21 columns
2025-12-18 16:05:33 - exhaustive_index - INFO - Processed table 710 - datasets_USA/USA_CSV0000000000010222.csv
2025-12-18 16:05:36 - exhaustive_index - INFO - Processing table 711 - datasets_USA/USA_CSV0000000000010227.csv
2025-12-18 16:05:36 - exhaustive_index - INFO - Table datasets_USA/USA_CSV0000000000010227.csv has 7702 rows and 22 columns
2025-12-18 16:05:36 - exhaustive_index - INFO - Processed table 711 - datasets_USA/USA_CSV0000000000010227.csv
2025-12-18 16:05:38 - exhaustive_index - INFO - Processing table 712 - datasets_USA/USA_CSV0000000000010230.csv
2025-12-18 16:05:38 - exhaustive_index - INFO - Table datasets_USA/USA_CSV0000000000010230.csv has 14387 rows and 12 columns
2025-12-18 16:05:38 - exhaustive_index - INFO - Processed table 712 - datasets_USA/USA_CSV0000000000010230.csv
2025-12-18 16:05:39 - exhaustive_index - INFO - Processing table 713 - datasets_USA/USA_CSV0000000000010238.csv
2025-12-18 16:05:39 - exhaustive_index - INFO - Table datasets_USA/USA_CSV0000000000010238.csv has 8760 rows and 21 columns
2025-12-18 16:05:39 - exhaustive_index - INFO - Processed table 713 - datasets_USA/USA_CSV0000000000010238.csv
2025-12-18 16:05:44 - exhaustive_index - INFO - Processing table 714 - datasets_USA/USA_CSV0000000000010242.csv
2025-12-18 16:05:44 - exhaustive_index - INFO - Table datasets_USA/USA_CSV0000000000010242.csv has 8670 rows and 12 columns
2025-12-18 16:05:44 - exhaustive_index - INFO - Processed table 714 - datasets_USA/USA_CSV0000000000010242.csv
2025-12-18 16:05:44 - exhaustive_index - INFO - Processing table 715 - datasets_USA/USA_CSV0000000000010257.csv
2025-12-18 16:05:44 - exhaustive_index - INFO - Table datasets_USA/USA_CSV0000000000010257.csv has 50 rows and 9 columns
2025-12-18 16:05:44 - exhaustive_index - INFO - Processed table 715 - datasets_USA/USA_CSV0000000000010257.csv
2025-12-18 16:05:45 - exhaustive_index - INFO - Processing table 716 - datasets_USA/USA_CSV0000000000010279.csv
2025-12-18 16:05:45 - exhaustive_index - INFO - Table datasets_USA/USA_CSV0000000000010279.csv has 8760 rows and 21 columns
2025-12-18 16:05:45 - exhaustive_index - INFO - Processed table 716 - datasets_USA/USA_CSV0000000000010279.csv
2025-12-18 16:05:55 - exhaustive_index - INFO - Processing table 717 - datasets_USA/USA_CSV0000000000010317.csv
2025-12-18 16:05:55 - exhaustive_index - INFO - Table datasets_USA/USA_CSV0000000000010317.csv has 7012 rows and 26 columns
2025-12-18 16:05:55 - exhaustive_index - INFO - Processed table 717 - datasets_USA/USA_CSV0000000000010317.csv
2025-12-18 16:05:59 - exhaustive_index - INFO - Processing table 718 - datasets_USA/USA_CSV0000000000010334.csv
2025-12-18 16:05:59 - exhaustive_index - INFO - Table datasets_USA/USA_CSV0000000000010334.csv has 19210 rows and 10 columns
2025-12-18 16:05:59 - exhaustive_index - INFO - Processed table 718 - datasets_USA/USA_CSV0000000000010334.csv
2025-12-18 16:06:00 - exhaustive_index - INFO - Processing table 719 - datasets_USA/USA_CSV0000000000010336.csv
2025-12-18 16:06:00 - exhaustive_index - INFO - Table datasets_USA/USA_CSV0000000000010336.csv has 230 rows and 9 columns
2025-12-18 16:06:00 - exhaustive_index - INFO - Processed table 719 - datasets_USA/USA_CSV0000000000010336.csv
2025-12-18 16:06:01 - exhaustive_index - INFO - Processing table 720 - datasets_USA/USA_CSV0000000000010345.csv
2025-12-18 16:06:01 - exhaustive_index - INFO - Table datasets_USA/USA_CSV0000000000010345.csv has 8760 rows and 21 columns
2025-12-18 16:06:01 - exhaustive_index - INFO - Processed table 720 - datasets_USA/USA_CSV0000000000010345.csv
2025-12-18 16:06:03 - exhaustive_index - INFO - Processing table 721 - datasets_USA/USA_CSV0000000000010350.csv
2025-12-18 16:06:03 - exhaustive_index - INFO - Table datasets_USA/USA_CSV0000000000010350.csv has 8784 rows and 21 columns
2025-12-18 16:06:03 - exhaustive_index - INFO - Processed table 721 - datasets_USA/USA_CSV0000000000010350.csv
2025-12-18 16:06:05 - exhaustive_index - INFO - Processing table 722 - datasets_USA/USA_CSV0000000000010359.csv
2025-12-18 16:06:05 - exhaustive_index - INFO - Table datasets_USA/USA_CSV0000000000010359.csv has 69120 rows and 6 columns
2025-12-18 16:06:05 - exhaustive_index - INFO - Processed table 722 - datasets_USA/USA_CSV0000000000010359.csv
2025-12-18 16:06:07 - exhaustive_index - INFO - Processing table 723 - datasets_USA/USA_CSV0000000000010364.csv
2025-12-18 16:06:07 - exhaustive_index - INFO - Table datasets_USA/USA_CSV0000000000010364.csv has 8760 rows and 21 columns
2025-12-18 16:06:07 - exhaustive_index - INFO - Processed table 723 - datasets_USA/USA_CSV0000000000010364.csv
2025-12-18 16:06:10 - exhaustive_index - INFO - Processing table 724 - datasets_USA/USA_CSV0000000000010371.csv
2025-12-18 16:06:10 - exhaustive_index - INFO - Table datasets_USA/USA_CSV0000000000010371.csv has 8760 rows and 21 columns
2025-12-18 16:06:10 - exhaustive_index - INFO - Processed table 724 - datasets_USA/USA_CSV0000000000010371.csv
2025-12-18 16:06:13 - exhaustive_index - INFO - Processing table 725 - datasets_USA/USA_CSV0000000000010376.csv
2025-12-18 16:06:13 - exhaustive_index - INFO - Table datasets_USA/USA_CSV0000000000010376.csv has 8760 rows and 21 columns
2025-12-18 16:06:13 - exhaustive_index - INFO - Processed table 725 - datasets_USA/USA_CSV0000000000010376.csv
2025-12-18 16:06:15 - exhaustive_index - INFO - Processing table 726 - datasets_USA/USA_CSV0000000000010377.csv
2025-12-18 16:06:15 - exhaustive_index - INFO - Table datasets_USA/USA_CSV0000000000010377.csv has 11310 rows and 10 columns
2025-12-18 16:06:15 - exhaustive_index - INFO - Processed table 726 - datasets_USA/USA_CSV0000000000010377.csv
2025-12-18 16:06:17 - exhaustive_index - INFO - Processing table 727 - datasets_USA/USA_CSV0000000000010384.csv
2025-12-18 16:06:17 - exhaustive_index - INFO - Table datasets_USA/USA_CSV0000000000010384.csv has 16174 rows and 9 columns
2025-12-18 16:06:17 - exhaustive_index - INFO - Processed table 727 - datasets_USA/USA_CSV0000000000010384.csv
2025-12-18 16:06:19 - exhaustive_index - INFO - Processing table 728 - datasets_USA/USA_CSV0000000000010386.csv
2025-12-18 16:06:19 - exhaustive_index - INFO - Table datasets_USA/USA_CSV0000000000010386.csv has 13703 rows and 14 columns
2025-12-18 16:06:19 - exhaustive_index - INFO - Processed table 728 - datasets_USA/USA_CSV0000000000010386.csv
2025-12-18 16:06:21 - exhaustive_index - INFO - Processing table 729 - datasets_USA/USA_CSV0000000000010388.csv
2025-12-18 16:06:21 - exhaustive_index - INFO - Table datasets_USA/USA_CSV0000000000010388.csv has 8784 rows and 21 columns
2025-12-18 16:06:21 - exhaustive_index - INFO - Processed table 729 - datasets_USA/USA_CSV0000000000010388.csv
2025-12-18 16:06:24 - exhaustive_index - INFO - Processing table 730 - datasets_USA/USA_CSV0000000000010389.csv
2025-12-18 16:06:24 - exhaustive_index - INFO - Table datasets_USA/USA_CSV0000000000010389.csv has 8760 rows and 21 columns
2025-12-18 16:06:24 - exhaustive_index - INFO - Processed table 730 - datasets_USA/USA_CSV0000000000010389.csv
2025-12-18 16:06:25 - exhaustive_index - INFO - Processing table 731 - datasets_USA/USA_CSV0000000000010429.csv
2025-12-18 16:06:25 - exhaustive_index - INFO - Table datasets_USA/USA_CSV0000000000010429.csv has 8784 rows and 21 columns
2025-12-18 16:06:25 - exhaustive_index - INFO - Processed table 731 - datasets_USA/USA_CSV0000000000010429.csv
2025-12-18 16:06:27 - exhaustive_index - INFO - Processing table 732 - datasets_USA/USA_CSV0000000000010432.csv
2025-12-18 16:06:27 - exhaustive_index - INFO - Table datasets_USA/USA_CSV0000000000010432.csv has 8760 rows and 21 columns
2025-12-18 16:06:27 - exhaustive_index - INFO - Processed table 732 - datasets_USA/USA_CSV0000000000010432.csv
2025-12-18 16:06:30 - exhaustive_index - INFO - Processing table 733 - datasets_USA/USA_CSV0000000000010441.csv
2025-12-18 16:06:30 - exhaustive_index - INFO - Table datasets_USA/USA_CSV0000000000010441.csv has 8760 rows and 21 columns
2025-12-18 16:06:30 - exhaustive_index - INFO - Processed table 733 - datasets_USA/USA_CSV0000000000010441.csv
2025-12-18 16:06:44 - exhaustive_index - INFO - Processing table 734 - datasets_USA/USA_CSV0000000000010457.csv
2025-12-18 16:06:44 - exhaustive_index - INFO - Table datasets_USA/USA_CSV0000000000010457.csv has 9047 rows and 18 columns
2025-12-18 16:06:44 - exhaustive_index - INFO - Processed table 734 - datasets_USA/USA_CSV0000000000010457.csv
2025-12-18 16:06:44 - exhaustive_index - INFO - Processing table 735 - datasets_USA/USA_CSV0000000000010464.csv
2025-12-18 16:06:44 - exhaustive_index - INFO - Table datasets_USA/USA_CSV0000000000010464.csv has 5684 rows and 12 columns
2025-12-18 16:06:44 - exhaustive_index - INFO - Processed table 735 - datasets_USA/USA_CSV0000000000010464.csv
2025-12-18 16:06:44 - exhaustive_index - INFO - Processing table 736 - datasets_USA/USA_CSV0000000000010465.csv
2025-12-18 16:06:44 - exhaustive_index - INFO - Table datasets_USA/USA_CSV0000000000010465.csv has 114 rows and 7 columns
2025-12-18 16:06:44 - exhaustive_index - INFO - Processed table 736 - datasets_USA/USA_CSV0000000000010465.csv
2025-12-18 16:06:56 - exhaustive_index - INFO - Processing table 737 - datasets_USA/USA_CSV0000000000010494.csv
2025-12-18 16:06:56 - exhaustive_index - INFO - Table datasets_USA/USA_CSV0000000000010494.csv has 6422 rows and 31 columns
2025-12-18 16:06:56 - exhaustive_index - INFO - Processed table 737 - datasets_USA/USA_CSV0000000000010494.csv
2025-12-18 16:06:57 - exhaustive_index - INFO - Processing table 738 - datasets_USA/USA_CSV0000000000010497.csv
2025-12-18 16:06:57 - exhaustive_index - INFO - Table datasets_USA/USA_CSV0000000000010497.csv has 8760 rows and 21 columns
2025-12-18 16:06:57 - exhaustive_index - INFO - Processed table 738 - datasets_USA/USA_CSV0000000000010497.csv
2025-12-18 16:06:59 - exhaustive_index - INFO - Processing table 739 - datasets_USA/USA_CSV0000000000010503.csv
2025-12-18 16:06:59 - exhaustive_index - INFO - Table datasets_USA/USA_CSV0000000000010503.csv has 8784 rows and 21 columns
2025-12-18 16:06:59 - exhaustive_index - INFO - Processed table 739 - datasets_USA/USA_CSV0000000000010503.csv
2025-12-18 16:07:01 - exhaustive_index - INFO - Processing table 740 - datasets_USA/USA_CSV0000000000010528.csv
2025-12-18 16:07:01 - exhaustive_index - INFO - Table datasets_USA/USA_CSV0000000000010528.csv has 270 rows and 15 columns
2025-12-18 16:07:01 - exhaustive_index - INFO - Processed table 740 - datasets_USA/USA_CSV0000000000010528.csv
2025-12-18 16:07:02 - exhaustive_index - INFO - Processing table 741 - datasets_USA/USA_CSV0000000000010529.csv
2025-12-18 16:07:02 - exhaustive_index - INFO - Table datasets_USA/USA_CSV0000000000010529.csv has 8784 rows and 21 columns
2025-12-18 16:07:02 - exhaustive_index - INFO - Processed table 741 - datasets_USA/USA_CSV0000000000010529.csv
2025-12-18 16:07:03 - exhaustive_index - INFO - Processing table 742 - datasets_USA/USA_CSV0000000000010530.csv
2025-12-18 16:07:03 - exhaustive_index - INFO - Table datasets_USA/USA_CSV0000000000010530.csv has 436 rows and 12 columns
2025-12-18 16:07:03 - exhaustive_index - INFO - Processed table 742 - datasets_USA/USA_CSV0000000000010530.csv
2025-12-18 16:07:06 - exhaustive_index - INFO - Processing table 743 - datasets_USA/USA_CSV0000000000010540.csv
2025-12-18 16:07:06 - exhaustive_index - INFO - Table datasets_USA/USA_CSV0000000000010540.csv has 8784 rows and 21 columns
2025-12-18 16:07:06 - exhaustive_index - INFO - Processed table 743 - datasets_USA/USA_CSV0000000000010540.csv
2025-12-18 16:07:07 - exhaustive_index - INFO - Processing table 744 - datasets_USA/USA_CSV0000000000010554.csv
2025-12-18 16:07:07 - exhaustive_index - INFO - Table datasets_USA/USA_CSV0000000000010554.csv has 8784 rows and 21 columns
2025-12-18 16:07:07 - exhaustive_index - INFO - Processed table 744 - datasets_USA/USA_CSV0000000000010554.csv
2025-12-18 16:07:14 - exhaustive_index - INFO - Processing table 745 - datasets_USA/USA_CSV0000000000010564.csv
2025-12-18 16:07:14 - exhaustive_index - INFO - Table datasets_USA/USA_CSV0000000000010564.csv has 8784 rows and 21 columns
2025-12-18 16:07:14 - exhaustive_index - INFO - Processed table 745 - datasets_USA/USA_CSV0000000000010564.csv
2025-12-18 16:07:15 - exhaustive_index - INFO - Processing table 746 - datasets_USA/USA_CSV0000000000010567.csv
2025-12-18 16:07:15 - exhaustive_index - INFO - Table datasets_USA/USA_CSV0000000000010567.csv has 8760 rows and 21 columns
2025-12-18 16:07:15 - exhaustive_index - INFO - Processed table 746 - datasets_USA/USA_CSV0000000000010567.csv
2025-12-18 16:07:18 - exhaustive_index - INFO - Processing table 747 - datasets_USA/USA_CSV0000000000010578.csv
2025-12-18 16:07:18 - exhaustive_index - INFO - Table datasets_USA/USA_CSV0000000000010578.csv has 8760 rows and 21 columns
2025-12-18 16:07:18 - exhaustive_index - INFO - Processed table 747 - datasets_USA/USA_CSV0000000000010578.csv
2025-12-18 16:07:21 - exhaustive_index - INFO - Processing table 748 - datasets_USA/USA_CSV0000000000010617.csv
2025-12-18 16:07:21 - exhaustive_index - INFO - Table datasets_USA/USA_CSV0000000000010617.csv has 14967 rows and 18 columns
2025-12-18 16:07:21 - exhaustive_index - INFO - Processed table 748 - datasets_USA/USA_CSV0000000000010617.csv
2025-12-18 16:07:24 - exhaustive_index - INFO - Processing table 749 - datasets_USA/USA_CSV0000000000010628.csv
2025-12-18 16:07:24 - exhaustive_index - INFO - Table datasets_USA/USA_CSV0000000000010628.csv has 8784 rows and 21 columns
2025-12-18 16:07:24 - exhaustive_index - INFO - Processed table 749 - datasets_USA/USA_CSV0000000000010628.csv
2025-12-18 16:07:27 - exhaustive_index - INFO - Processing table 750 - datasets_USA/USA_CSV0000000000010651.csv
2025-12-18 16:07:27 - exhaustive_index - INFO - Table datasets_USA/USA_CSV0000000000010651.csv has 8760 rows and 21 columns
2025-12-18 16:07:27 - exhaustive_index - INFO - Processed table 750 - datasets_USA/USA_CSV0000000000010651.csv
2025-12-18 16:07:28 - exhaustive_index - INFO - Processing table 751 - datasets_USA/USA_CSV0000000000010662.csv
2025-12-18 16:07:28 - exhaustive_index - INFO - Table datasets_USA/USA_CSV0000000000010662.csv has 8760 rows and 21 columns
2025-12-18 16:07:28 - exhaustive_index - INFO - Processed table 751 - datasets_USA/USA_CSV0000000000010662.csv
2025-12-18 16:07:31 - exhaustive_index - INFO - Processing table 752 - datasets_USA/USA_CSV0000000000010684.csv
2025-12-18 16:07:31 - exhaustive_index - INFO - Table datasets_USA/USA_CSV0000000000010684.csv has 8784 rows and 21 columns
2025-12-18 16:07:31 - exhaustive_index - INFO - Processed table 752 - datasets_USA/USA_CSV0000000000010684.csv
2025-12-18 16:07:34 - exhaustive_index - INFO - Processing table 753 - datasets_USA/USA_CSV0000000000010700.csv
2025-12-18 16:07:34 - exhaustive_index - INFO - Table datasets_USA/USA_CSV0000000000010700.csv has 8784 rows and 21 columns
2025-12-18 16:07:34 - exhaustive_index - INFO - Processed table 753 - datasets_USA/USA_CSV0000000000010700.csv
2025-12-18 16:07:35 - exhaustive_index - INFO - Processing table 754 - datasets_USA/USA_CSV0000000000010744.csv
2025-12-18 16:07:35 - exhaustive_index - INFO - Table datasets_USA/USA_CSV0000000000010744.csv has 21385 rows and 11 columns
2025-12-18 16:07:35 - exhaustive_index - INFO - Processed table 754 - datasets_USA/USA_CSV0000000000010744.csv
2025-12-18 16:07:37 - exhaustive_index - INFO - Processing table 755 - datasets_USA/USA_CSV0000000000010745.csv
2025-12-18 16:07:37 - exhaustive_index - INFO - Table datasets_USA/USA_CSV0000000000010745.csv has 14387 rows and 15 columns
2025-12-18 16:07:37 - exhaustive_index - INFO - Processed table 755 - datasets_USA/USA_CSV0000000000010745.csv
2025-12-18 16:07:38 - exhaustive_index - INFO - Processing table 756 - datasets_USA/USA_CSV0000000000010746.csv
2025-12-18 16:07:38 - exhaustive_index - INFO - Table datasets_USA/USA_CSV0000000000010746.csv has 8784 rows and 21 columns
2025-12-18 16:07:38 - exhaustive_index - INFO - Processed table 756 - datasets_USA/USA_CSV0000000000010746.csv
2025-12-18 16:07:39 - exhaustive_index - INFO - Processing table 757 - datasets_USA/USA_CSV0000000000010779.csv
2025-12-18 16:07:39 - exhaustive_index - INFO - Table datasets_USA/USA_CSV0000000000010779.csv has 208 rows and 7 columns
2025-12-18 16:07:39 - exhaustive_index - INFO - Processed table 757 - datasets_USA/USA_CSV0000000000010779.csv
2025-12-18 16:07:40 - exhaustive_index - INFO - Processing table 758 - datasets_USA/USA_CSV0000000000010805.csv
2025-12-18 16:07:40 - exhaustive_index - INFO - Table datasets_USA/USA_CSV0000000000010805.csv has 8784 rows and 21 columns
2025-12-18 16:07:40 - exhaustive_index - INFO - Processed table 758 - datasets_USA/USA_CSV0000000000010805.csv
2025-12-18 16:07:41 - exhaustive_index - INFO - Processing table 759 - datasets_USA/USA_CSV0000000000010808.csv
2025-12-18 16:07:41 - exhaustive_index - INFO - Table datasets_USA/USA_CSV0000000000010808.csv has 8760 rows and 21 columns
2025-12-18 16:07:41 - exhaustive_index - INFO - Processed table 759 - datasets_USA/USA_CSV0000000000010808.csv
2025-12-18 16:07:48 - exhaustive_index - INFO - Processing table 760 - datasets_USA/USA_CSV0000000000010812.csv
2025-12-18 16:07:48 - exhaustive_index - INFO - Table datasets_USA/USA_CSV0000000000010812.csv has 6018 rows and 23 columns
2025-12-18 16:07:48 - exhaustive_index - INFO - Processed table 760 - datasets_USA/USA_CSV0000000000010812.csv
2025-12-18 16:07:51 - exhaustive_index - INFO - Processing table 761 - datasets_USA/USA_CSV0000000000010814.csv
2025-12-18 16:07:51 - exhaustive_index - INFO - Table datasets_USA/USA_CSV0000000000010814.csv has 8784 rows and 21 columns
2025-12-18 16:07:51 - exhaustive_index - INFO - Processed table 761 - datasets_USA/USA_CSV0000000000010814.csv
2025-12-18 16:07:52 - exhaustive_index - INFO - Processing table 762 - datasets_USA/USA_CSV0000000000010822.csv
2025-12-18 16:07:52 - exhaustive_index - INFO - Table datasets_USA/USA_CSV0000000000010822.csv has 8784 rows and 21 columns
2025-12-18 16:07:52 - exhaustive_index - INFO - Processed table 762 - datasets_USA/USA_CSV0000000000010822.csv
2025-12-18 16:07:55 - exhaustive_index - INFO - Processing table 763 - datasets_USA/USA_CSV0000000000010830.csv
2025-12-18 16:07:55 - exhaustive_index - INFO - Table datasets_USA/USA_CSV0000000000010830.csv has 8760 rows and 21 columns
2025-12-18 16:07:55 - exhaustive_index - INFO - Processed table 763 - datasets_USA/USA_CSV0000000000010830.csv
2025-12-18 16:07:55 - exhaustive_index - INFO - Processing table 764 - datasets_USA/USA_CSV0000000000010836.csv
2025-12-18 16:07:55 - exhaustive_index - INFO - Table datasets_USA/USA_CSV0000000000010836.csv has 10904 rows and 8 columns
2025-12-18 16:07:55 - exhaustive_index - INFO - Processed table 764 - datasets_USA/USA_CSV0000000000010836.csv
2025-12-18 16:07:57 - exhaustive_index - INFO - Processing table 765 - datasets_USA/USA_CSV0000000000010861.csv
2025-12-18 16:07:57 - exhaustive_index - INFO - Table datasets_USA/USA_CSV0000000000010861.csv has 8784 rows and 21 columns
2025-12-18 16:07:57 - exhaustive_index - INFO - Processed table 765 - datasets_USA/USA_CSV0000000000010861.csv
2025-12-18 16:08:00 - exhaustive_index - INFO - Processing table 766 - datasets_USA/USA_CSV0000000000010889.csv
2025-12-18 16:08:00 - exhaustive_index - INFO - Table datasets_USA/USA_CSV0000000000010889.csv has 8760 rows and 21 columns
2025-12-18 16:08:00 - exhaustive_index - INFO - Processed table 766 - datasets_USA/USA_CSV0000000000010889.csv
2025-12-18 16:08:01 - exhaustive_index - INFO - Processing table 767 - datasets_USA/USA_CSV0000000000010904.csv
2025-12-18 16:08:01 - exhaustive_index - INFO - Table datasets_USA/USA_CSV0000000000010904.csv has 22948 rows and 5 columns
2025-12-18 16:08:01 - exhaustive_index - INFO - Processed table 767 - datasets_USA/USA_CSV0000000000010904.csv
2025-12-18 16:09:01 - exhaustive_index - INFO - Processing table 768 - datasets_USA/USA_CSV0000000000010909.csv
2025-12-18 16:09:01 - exhaustive_index - INFO - Table datasets_USA/USA_CSV0000000000010909.csv has 3726 rows and 70 columns
2025-12-18 16:09:01 - exhaustive_index - INFO - Processed table 768 - datasets_USA/USA_CSV0000000000010909.csv
2025-12-18 16:09:01 - exhaustive_index - INFO - Processing table 769 - datasets_USA/USA_CSV0000000000010926.csv
2025-12-18 16:09:04 - exhaustive_index - INFO - Processing table 770 - datasets_USA/USA_CSV0000000000010929.csv
2025-12-18 16:09:04 - exhaustive_index - INFO - Table datasets_USA/USA_CSV0000000000010929.csv has 8784 rows and 21 columns
2025-12-18 16:09:04 - exhaustive_index - INFO - Processed table 770 - datasets_USA/USA_CSV0000000000010929.csv
2025-12-18 16:09:12 - exhaustive_index - INFO - Processing table 771 - datasets_USA/USA_CSV0000000000010941.csv
2025-12-18 16:09:12 - exhaustive_index - INFO - Table datasets_USA/USA_CSV0000000000010941.csv has 65843 rows and 9 columns
2025-12-18 16:09:12 - exhaustive_index - INFO - Processed table 771 - datasets_USA/USA_CSV0000000000010941.csv
2025-12-18 16:09:13 - exhaustive_index - INFO - Processing table 772 - datasets_USA/USA_CSV0000000000010942.csv
2025-12-18 16:09:13 - exhaustive_index - INFO - Table datasets_USA/USA_CSV0000000000010942.csv has 8760 rows and 21 columns
2025-12-18 16:09:13 - exhaustive_index - INFO - Processed table 772 - datasets_USA/USA_CSV0000000000010942.csv
2025-12-18 16:09:15 - exhaustive_index - INFO - Processing table 773 - datasets_USA/USA_CSV0000000000010959.csv
2025-12-18 16:09:15 - exhaustive_index - INFO - Table datasets_USA/USA_CSV0000000000010959.csv has 15255 rows and 6 columns
2025-12-18 16:09:15 - exhaustive_index - INFO - Processed table 773 - datasets_USA/USA_CSV0000000000010959.csv
2025-12-18 16:09:17 - exhaustive_index - INFO - Processing table 774 - datasets_USA/USA_CSV0000000000010970.csv
2025-12-18 16:09:17 - exhaustive_index - INFO - Table datasets_USA/USA_CSV0000000000010970.csv has 8784 rows and 21 columns
2025-12-18 16:09:17 - exhaustive_index - INFO - Processed table 774 - datasets_USA/USA_CSV0000000000010970.csv
2025-12-18 16:09:19 - exhaustive_index - INFO - Processing table 775 - datasets_USA/USA_CSV0000000000010987.csv
2025-12-18 16:09:19 - exhaustive_index - INFO - Table datasets_USA/USA_CSV0000000000010987.csv has 8748 rows and 25 columns
2025-12-18 16:09:19 - exhaustive_index - INFO - Processed table 775 - datasets_USA/USA_CSV0000000000010987.csv
2025-12-18 16:14:12 - exhaustive_index - INFO - Processing table 776 - datasets_USA/USA_CSV0000000000011068.csv
2025-12-18 16:14:12 - exhaustive_index - INFO - Table datasets_USA/USA_CSV0000000000011068.csv has 9251 rows and 44 columns
2025-12-18 16:14:12 - exhaustive_index - INFO - Processed table 776 - datasets_USA/USA_CSV0000000000011068.csv
2025-12-18 16:14:13 - exhaustive_index - INFO - Processing table 777 - datasets_USA/USA_CSV0000000000011075.csv
2025-12-18 16:14:13 - exhaustive_index - INFO - Table datasets_USA/USA_CSV0000000000011075.csv has 13118 rows and 4 columns
2025-12-18 16:14:13 - exhaustive_index - INFO - Processed table 777 - datasets_USA/USA_CSV0000000000011075.csv
2025-12-18 16:14:14 - exhaustive_index - INFO - Processing table 778 - datasets_USA/USA_CSV0000000000011082.csv
2025-12-18 16:14:14 - exhaustive_index - INFO - Table datasets_USA/USA_CSV0000000000011082.csv has 148 rows and 6 columns
2025-12-18 16:14:14 - exhaustive_index - INFO - Processed table 778 - datasets_USA/USA_CSV0000000000011082.csv
2025-12-18 16:14:15 - exhaustive_index - INFO - Processing table 779 - datasets_USA/USA_CSV0000000000011114.csv
2025-12-18 16:14:15 - exhaustive_index - INFO - Table datasets_USA/USA_CSV0000000000011114.csv has 307 rows and 17 columns
2025-12-18 16:14:15 - exhaustive_index - INFO - Processed table 779 - datasets_USA/USA_CSV0000000000011114.csv
2025-12-18 16:14:24 - exhaustive_index - INFO - Processing table 780 - datasets_USA/USA_CSV0000000000011117.csv
2025-12-18 16:14:24 - exhaustive_index - INFO - Table datasets_USA/USA_CSV0000000000011117.csv has 14889 rows and 17 columns
2025-12-18 16:14:24 - exhaustive_index - INFO - Processed table 780 - datasets_USA/USA_CSV0000000000011117.csv
2025-12-18 16:14:26 - exhaustive_index - INFO - Processing table 781 - datasets_USA/USA_CSV0000000000011121.csv
2025-12-18 16:14:26 - exhaustive_index - INFO - Table datasets_USA/USA_CSV0000000000011121.csv has 37278 rows and 4 columns
2025-12-18 16:14:26 - exhaustive_index - INFO - Processed table 781 - datasets_USA/USA_CSV0000000000011121.csv
2025-12-18 16:14:28 - exhaustive_index - INFO - Processing table 782 - datasets_USA/USA_CSV0000000000011164.csv
2025-12-18 16:14:28 - exhaustive_index - INFO - Table datasets_USA/USA_CSV0000000000011164.csv has 24379 rows and 8 columns
2025-12-18 16:14:28 - exhaustive_index - INFO - Processed table 782 - datasets_USA/USA_CSV0000000000011164.csv
2025-12-18 16:14:30 - exhaustive_index - INFO - Processing table 783 - datasets_USA/USA_CSV0000000000011171.csv
2025-12-18 16:14:30 - exhaustive_index - INFO - Table datasets_USA/USA_CSV0000000000011171.csv has 34382 rows and 10 columns
2025-12-18 16:14:30 - exhaustive_index - INFO - Processed table 783 - datasets_USA/USA_CSV0000000000011171.csv
2025-12-18 16:14:31 - exhaustive_index - INFO - Processing table 784 - datasets_USA/USA_CSV0000000000011193.csv
2025-12-18 16:14:31 - exhaustive_index - INFO - Table datasets_USA/USA_CSV0000000000011193.csv has 5861 rows and 14 columns
2025-12-18 16:14:31 - exhaustive_index - INFO - Processed table 784 - datasets_USA/USA_CSV0000000000011193.csv
2025-12-18 16:14:36 - exhaustive_index - INFO - Processing table 785 - datasets_USA/USA_CSV0000000000011201__89.csv
2025-12-18 16:14:36 - exhaustive_index - INFO - Table datasets_USA/USA_CSV0000000000011201__89.csv has 82608 rows and 8 columns
2025-12-18 16:14:36 - exhaustive_index - INFO - Processed table 785 - datasets_USA/USA_CSV0000000000011201__89.csv
2025-12-18 16:14:37 - exhaustive_index - INFO - Processing table 786 - datasets_USA/USA_CSV0000000000011222.csv
2025-12-18 16:14:37 - exhaustive_index - INFO - Table datasets_USA/USA_CSV0000000000011222.csv has 22524 rows and 9 columns
2025-12-18 16:14:37 - exhaustive_index - INFO - Processed table 786 - datasets_USA/USA_CSV0000000000011222.csv
2025-12-18 16:14:40 - exhaustive_index - INFO - Processing table 787 - datasets_USA/USA_CSV0000000000011224.csv
2025-12-18 16:14:40 - exhaustive_index - INFO - Table datasets_USA/USA_CSV0000000000011224.csv has 8410 rows and 13 columns
2025-12-18 16:14:40 - exhaustive_index - INFO - Processed table 787 - datasets_USA/USA_CSV0000000000011224.csv
2025-12-18 16:14:46 - exhaustive_index - INFO - Processing table 788 - datasets_USA/USA_CSV0000000000011229.csv
2025-12-18 16:14:46 - exhaustive_index - INFO - Table datasets_USA/USA_CSV0000000000011229.csv has 5946 rows and 21 columns
2025-12-18 16:14:46 - exhaustive_index - INFO - Processed table 788 - datasets_USA/USA_CSV0000000000011229.csv
2025-12-18 16:14:53 - exhaustive_index - INFO - Processing table 789 - datasets_USA/USA_CSV0000000000011253.csv
2025-12-18 16:14:53 - exhaustive_index - INFO - Table datasets_USA/USA_CSV0000000000011253.csv has 13678 rows and 19 columns
2025-12-18 16:14:53 - exhaustive_index - INFO - Processed table 789 - datasets_USA/USA_CSV0000000000011253.csv
2025-12-18 16:17:10 - exhaustive_index - INFO - Processing table 790 - datasets_USA/USA_CSV0000000000011259.csv
2025-12-18 16:17:10 - exhaustive_index - INFO - Table datasets_USA/USA_CSV0000000000011259.csv has 3793 rows and 54 columns
2025-12-18 16:17:10 - exhaustive_index - INFO - Processed table 790 - datasets_USA/USA_CSV0000000000011259.csv
2025-12-18 16:17:12 - exhaustive_index - INFO - Processing table 791 - datasets_USA/USA_CSV0000000000011292.csv
2025-12-18 16:17:12 - exhaustive_index - INFO - Table datasets_USA/USA_CSV0000000000011292.csv has 10843 rows and 12 columns
2025-12-18 16:17:12 - exhaustive_index - INFO - Processed table 791 - datasets_USA/USA_CSV0000000000011292.csv
2025-12-18 16:17:14 - exhaustive_index - INFO - Processing table 792 - datasets_USA/USA_CSV0000000000011357.csv
2025-12-18 16:17:14 - exhaustive_index - INFO - Table datasets_USA/USA_CSV0000000000011357.csv has 24717 rows and 7 columns
2025-12-18 16:17:14 - exhaustive_index - INFO - Processed table 792 - datasets_USA/USA_CSV0000000000011357.csv
2025-12-18 16:17:17 - exhaustive_index - INFO - Processing table 793 - datasets_USA/USA_CSV0000000000011381.csv
2025-12-18 16:17:17 - exhaustive_index - INFO - Table datasets_USA/USA_CSV0000000000011381.csv has 14728 rows and 10 columns
2025-12-18 16:17:17 - exhaustive_index - INFO - Processed table 793 - datasets_USA/USA_CSV0000000000011381.csv
2025-12-18 16:17:18 - exhaustive_index - INFO - Processing table 794 - datasets_USA/USA_CSV0000000000011387.csv
2025-12-18 16:17:18 - exhaustive_index - INFO - Table datasets_USA/USA_CSV0000000000011387.csv has 6048 rows and 25 columns
2025-12-18 16:17:18 - exhaustive_index - INFO - Processed table 794 - datasets_USA/USA_CSV0000000000011387.csv
2025-12-18 16:17:27 - exhaustive_index - INFO - Processing table 795 - datasets_USA/USA_CSV0000000000011416.csv
2025-12-18 16:17:27 - exhaustive_index - INFO - Table datasets_USA/USA_CSV0000000000011416.csv has 15735 rows and 20 columns
2025-12-18 16:17:27 - exhaustive_index - INFO - Processed table 795 - datasets_USA/USA_CSV0000000000011416.csv
2025-12-18 16:17:28 - exhaustive_index - INFO - Processing table 796 - datasets_USA/USA_CSV0000000000011430.csv
2025-12-18 16:17:28 - exhaustive_index - INFO - Table datasets_USA/USA_CSV0000000000011430.csv has 37567 rows and 5 columns
2025-12-18 16:17:28 - exhaustive_index - INFO - Processed table 796 - datasets_USA/USA_CSV0000000000011430.csv
2025-12-18 16:18:21 - exhaustive_index - INFO - Processing table 797 - datasets_USA/USA_CSV0000000000011433.csv
2025-12-18 16:18:21 - exhaustive_index - INFO - Table datasets_USA/USA_CSV0000000000011433.csv has 2142 rows and 49 columns
2025-12-18 16:18:21 - exhaustive_index - INFO - Processed table 797 - datasets_USA/USA_CSV0000000000011433.csv
2025-12-18 16:18:24 - exhaustive_index - INFO - Processing table 798 - datasets_USA/USA_CSV0000000000011468.csv
2025-12-18 16:18:24 - exhaustive_index - INFO - Table datasets_USA/USA_CSV0000000000011468.csv has 282 rows and 17 columns
2025-12-18 16:18:24 - exhaustive_index - INFO - Processed table 798 - datasets_USA/USA_CSV0000000000011468.csv
2025-12-18 16:18:33 - exhaustive_index - INFO - Processing table 799 - datasets_USA/USA_CSV0000000000011486.csv
2025-12-18 16:18:33 - exhaustive_index - INFO - Table datasets_USA/USA_CSV0000000000011486.csv has 2653 rows and 29 columns
2025-12-18 16:18:33 - exhaustive_index - INFO - Processed table 799 - datasets_USA/USA_CSV0000000000011486.csv
2025-12-18 16:18:34 - exhaustive_index - INFO - Processing table 800 - datasets_USA/USA_CSV0000000000011489.csv
2025-12-18 16:18:34 - exhaustive_index - INFO - Table datasets_USA/USA_CSV0000000000011489.csv has 28637 rows and 7 columns
2025-12-18 16:18:34 - exhaustive_index - INFO - Processed table 800 - datasets_USA/USA_CSV0000000000011489.csv
2025-12-18 16:18:34 - exhaustive_index - INFO - Processing table 801 - datasets_USA/USA_CSV0000000000011519.csv
2025-12-18 16:18:35 - exhaustive_index - INFO - Processing table 802 - datasets_USA/USA_CSV0000000000011555.csv
2025-12-18 16:18:35 - exhaustive_index - INFO - Table datasets_USA/USA_CSV0000000000011555.csv has 8036 rows and 25 columns
2025-12-18 16:18:35 - exhaustive_index - INFO - Processed table 802 - datasets_USA/USA_CSV0000000000011555.csv
2025-12-18 16:18:37 - exhaustive_index - INFO - Processing table 803 - datasets_USA/USA_CSV0000000000011556.csv
2025-12-18 16:18:37 - exhaustive_index - INFO - Table datasets_USA/USA_CSV0000000000011556.csv has 13056 rows and 8 columns
2025-12-18 16:18:37 - exhaustive_index - INFO - Processed table 803 - datasets_USA/USA_CSV0000000000011556.csv
2025-12-18 16:18:38 - exhaustive_index - INFO - Processing table 804 - datasets_USA/USA_CSV0000000000011584.csv
2025-12-18 16:18:38 - exhaustive_index - INFO - Table datasets_USA/USA_CSV0000000000011584.csv has 248 rows and 12 columns
2025-12-18 16:18:38 - exhaustive_index - INFO - Processed table 804 - datasets_USA/USA_CSV0000000000011584.csv
2025-12-18 16:18:40 - exhaustive_index - INFO - Processing table 805 - datasets_USA/USA_CSV0000000000011589.csv
2025-12-18 16:18:40 - exhaustive_index - INFO - Table datasets_USA/USA_CSV0000000000011589.csv has 17428 rows and 17 columns
2025-12-18 16:18:40 - exhaustive_index - INFO - Processed table 805 - datasets_USA/USA_CSV0000000000011589.csv
2025-12-18 16:18:41 - exhaustive_index - INFO - Processing table 806 - datasets_USA/USA_CSV0000000000011593.csv
2025-12-18 16:18:41 - exhaustive_index - INFO - Table datasets_USA/USA_CSV0000000000011593.csv has 51908 rows and 3 columns
2025-12-18 16:18:41 - exhaustive_index - INFO - Processed table 806 - datasets_USA/USA_CSV0000000000011593.csv
2025-12-18 16:18:48 - exhaustive_index - INFO - Processing table 807 - datasets_USA/USA_CSV0000000000011610.csv
2025-12-18 16:18:48 - exhaustive_index - INFO - Table datasets_USA/USA_CSV0000000000011610.csv has 6631 rows and 17 columns
2025-12-18 16:18:48 - exhaustive_index - INFO - Processed table 807 - datasets_USA/USA_CSV0000000000011610.csv
2025-12-18 16:18:52 - exhaustive_index - INFO - Processing table 808 - datasets_USA/USA_CSV0000000000011616.csv
2025-12-18 16:18:52 - exhaustive_index - INFO - Table datasets_USA/USA_CSV0000000000011616.csv has 14826 rows and 12 columns
2025-12-18 16:18:52 - exhaustive_index - INFO - Processed table 808 - datasets_USA/USA_CSV0000000000011616.csv
2025-12-18 16:18:53 - exhaustive_index - INFO - Processing table 809 - datasets_USA/USA_CSV0000000000011629.csv
2025-12-18 16:18:53 - exhaustive_index - INFO - Table datasets_USA/USA_CSV0000000000011629.csv has 27044 rows and 14 columns
2025-12-18 16:18:53 - exhaustive_index - INFO - Processed table 809 - datasets_USA/USA_CSV0000000000011629.csv
2025-12-18 16:18:59 - exhaustive_index - INFO - Processing table 810 - datasets_USA/USA_CSV0000000000011671.csv
2025-12-18 16:18:59 - exhaustive_index - INFO - Table datasets_USA/USA_CSV0000000000011671.csv has 3505 rows and 25 columns
2025-12-18 16:18:59 - exhaustive_index - INFO - Processed table 810 - datasets_USA/USA_CSV0000000000011671.csv
2025-12-18 16:19:00 - exhaustive_index - INFO - Processing table 811 - datasets_USA/USA_CSV0000000000011700.csv
2025-12-18 16:19:00 - exhaustive_index - INFO - Table datasets_USA/USA_CSV0000000000011700.csv has 207 rows and 10 columns
2025-12-18 16:19:00 - exhaustive_index - INFO - Processed table 811 - datasets_USA/USA_CSV0000000000011700.csv
2025-12-18 16:19:01 - exhaustive_index - INFO - Processing table 812 - datasets_USA/USA_CSV0000000000011752.csv
2025-12-18 16:19:01 - exhaustive_index - INFO - Table datasets_USA/USA_CSV0000000000011752.csv has 17491 rows and 9 columns
2025-12-18 16:19:01 - exhaustive_index - INFO - Processed table 812 - datasets_USA/USA_CSV0000000000011752.csv
2025-12-18 16:19:01 - exhaustive_index - INFO - Processing table 813 - datasets_USA/USA_CSV0000000000011765.csv
2025-12-18 16:19:01 - exhaustive_index - INFO - Table datasets_USA/USA_CSV0000000000011765.csv has 33476 rows and 3 columns
2025-12-18 16:19:01 - exhaustive_index - INFO - Processed table 813 - datasets_USA/USA_CSV0000000000011765.csv
2025-12-18 16:19:02 - exhaustive_index - INFO - Processing table 814 - datasets_USA/USA_CSV0000000000011788.csv
2025-12-18 16:19:02 - exhaustive_index - INFO - Table datasets_USA/USA_CSV0000000000011788.csv has 21988 rows and 9 columns
2025-12-18 16:19:02 - exhaustive_index - INFO - Processed table 814 - datasets_USA/USA_CSV0000000000011788.csv
2025-12-18 16:19:02 - exhaustive_index - INFO - Processing table 815 - datasets_USA/USA_CSV0000000000011795.csv
2025-12-18 16:19:02 - exhaustive_index - INFO - Table datasets_USA/USA_CSV0000000000011795.csv has 501 rows and 3 columns
2025-12-18 16:19:02 - exhaustive_index - INFO - Processed table 815 - datasets_USA/USA_CSV0000000000011795.csv
2025-12-18 16:19:02 - exhaustive_index - INFO - Processing table 816 - datasets_USA/USA_CSV0000000000011819.csv
2025-12-18 16:19:02 - exhaustive_index - INFO - Table datasets_USA/USA_CSV0000000000011819.csv has 22961 rows and 8 columns
2025-12-18 16:19:02 - exhaustive_index - INFO - Processed table 816 - datasets_USA/USA_CSV0000000000011819.csv
2025-12-18 16:19:05 - exhaustive_index - INFO - Processing table 817 - datasets_USA/USA_CSV0000000000011832.csv
2025-12-18 16:19:05 - exhaustive_index - INFO - Table datasets_USA/USA_CSV0000000000011832.csv has 30274 rows and 5 columns
2025-12-18 16:19:05 - exhaustive_index - INFO - Processed table 817 - datasets_USA/USA_CSV0000000000011832.csv
2025-12-18 16:19:11 - exhaustive_index - INFO - Processing table 818 - datasets_USA/USA_CSV0000000000011855.csv
2025-12-18 16:19:11 - exhaustive_index - INFO - Table datasets_USA/USA_CSV0000000000011855.csv has 7269 rows and 32 columns
2025-12-18 16:19:11 - exhaustive_index - INFO - Processed table 818 - datasets_USA/USA_CSV0000000000011855.csv
2025-12-18 16:19:14 - exhaustive_index - INFO - Processing table 819 - datasets_USA/USA_CSV0000000000011861.csv
2025-12-18 16:19:14 - exhaustive_index - INFO - Table datasets_USA/USA_CSV0000000000011861.csv has 12289 rows and 22 columns
2025-12-18 16:19:14 - exhaustive_index - INFO - Processed table 819 - datasets_USA/USA_CSV0000000000011861.csv
2025-12-18 16:19:15 - exhaustive_index - INFO - Processing table 820 - datasets_USA/USA_CSV0000000000011879.csv
2025-12-18 16:19:15 - exhaustive_index - INFO - Table datasets_USA/USA_CSV0000000000011879.csv has 5954 rows and 17 columns
2025-12-18 16:19:15 - exhaustive_index - INFO - Processed table 820 - datasets_USA/USA_CSV0000000000011879.csv
2025-12-18 16:19:15 - exhaustive_index - INFO - Processing table 821 - datasets_USA/USA_CSV0000000000011882.csv
2025-12-18 16:19:15 - exhaustive_index - INFO - Table datasets_USA/USA_CSV0000000000011882.csv has 42328 rows and 5 columns
2025-12-18 16:19:15 - exhaustive_index - INFO - Processed table 821 - datasets_USA/USA_CSV0000000000011882.csv
2025-12-18 16:19:16 - exhaustive_index - INFO - Processing table 822 - datasets_USA/USA_CSV0000000000011890.csv
2025-12-18 16:19:16 - exhaustive_index - INFO - Table datasets_USA/USA_CSV0000000000011890.csv has 847 rows and 6 columns
2025-12-18 16:19:16 - exhaustive_index - INFO - Processed table 822 - datasets_USA/USA_CSV0000000000011890.csv
2025-12-18 16:19:17 - exhaustive_index - INFO - Processing table 823 - datasets_USA/USA_CSV0000000000011896.csv
2025-12-18 16:19:17 - exhaustive_index - INFO - Table datasets_USA/USA_CSV0000000000011896.csv has 5164 rows and 25 columns
2025-12-18 16:19:17 - exhaustive_index - INFO - Processed table 823 - datasets_USA/USA_CSV0000000000011896.csv
2025-12-18 16:19:19 - exhaustive_index - INFO - Processing table 824 - datasets_USA/USA_CSV0000000000011898.csv
2025-12-18 16:19:19 - exhaustive_index - INFO - Table datasets_USA/USA_CSV0000000000011898.csv has 44764 rows and 9 columns
2025-12-18 16:19:19 - exhaustive_index - INFO - Processed table 824 - datasets_USA/USA_CSV0000000000011898.csv
2025-12-18 16:19:21 - exhaustive_index - INFO - Processing table 825 - datasets_USA/USA_CSV0000000000011899.csv
2025-12-18 16:19:21 - exhaustive_index - INFO - Table datasets_USA/USA_CSV0000000000011899.csv has 1698 rows and 14 columns
2025-12-18 16:19:21 - exhaustive_index - INFO - Processed table 825 - datasets_USA/USA_CSV0000000000011899.csv
2025-12-18 16:19:23 - exhaustive_index - INFO - Processing table 826 - datasets_USA/USA_CSV0000000000011909.csv
2025-12-18 16:19:23 - exhaustive_index - INFO - Table datasets_USA/USA_CSV0000000000011909.csv has 12653 rows and 25 columns
2025-12-18 16:19:23 - exhaustive_index - INFO - Processed table 826 - datasets_USA/USA_CSV0000000000011909.csv
2025-12-18 16:19:24 - exhaustive_index - INFO - Processing table 827 - datasets_USA/USA_CSV0000000000011938.csv
2025-12-18 16:19:24 - exhaustive_index - INFO - Table datasets_USA/USA_CSV0000000000011938.csv has 278 rows and 6 columns
2025-12-18 16:19:24 - exhaustive_index - INFO - Processed table 827 - datasets_USA/USA_CSV0000000000011938.csv
2025-12-18 16:19:25 - exhaustive_index - INFO - Processing table 828 - datasets_USA/USA_CSV0000000000011973.csv
2025-12-18 16:19:25 - exhaustive_index - INFO - Table datasets_USA/USA_CSV0000000000011973.csv has 18753 rows and 9 columns
2025-12-18 16:19:25 - exhaustive_index - INFO - Processed table 828 - datasets_USA/USA_CSV0000000000011973.csv
2025-12-18 16:19:26 - exhaustive_index - INFO - Processing table 829 - datasets_USA/USA_CSV0000000000011989.csv
2025-12-18 16:19:26 - exhaustive_index - INFO - Table datasets_USA/USA_CSV0000000000011989.csv has 6301 rows and 12 columns
2025-12-18 16:19:26 - exhaustive_index - INFO - Processed table 829 - datasets_USA/USA_CSV0000000000011989.csv
2025-12-18 16:19:27 - exhaustive_index - INFO - Processing table 830 - datasets_USA/USA_CSV0000000000011997.csv
2025-12-18 16:19:27 - exhaustive_index - INFO - Table datasets_USA/USA_CSV0000000000011997.csv has 493 rows and 16 columns
2025-12-18 16:19:27 - exhaustive_index - INFO - Processed table 830 - datasets_USA/USA_CSV0000000000011997.csv
2025-12-18 16:19:33 - exhaustive_index - INFO - Processing table 831 - datasets_USA/USA_CSV0000000000011998.csv
2025-12-18 16:19:33 - exhaustive_index - INFO - Table datasets_USA/USA_CSV0000000000011998.csv has 7272 rows and 32 columns
2025-12-18 16:19:33 - exhaustive_index - INFO - Processed table 831 - datasets_USA/USA_CSV0000000000011998.csv
2025-12-18 16:19:34 - exhaustive_index - INFO - Processing table 832 - datasets_USA/USA_CSV0000000000012031.csv
2025-12-18 16:19:34 - exhaustive_index - INFO - Table datasets_USA/USA_CSV0000000000012031.csv has 205 rows and 10 columns
2025-12-18 16:19:34 - exhaustive_index - INFO - Processed table 832 - datasets_USA/USA_CSV0000000000012031.csv
2025-12-18 16:19:37 - exhaustive_index - INFO - Processing table 833 - datasets_USA/USA_CSV0000000000012066.csv
2025-12-18 16:19:37 - exhaustive_index - INFO - Table datasets_USA/USA_CSV0000000000012066.csv has 8968 rows and 10 columns
2025-12-18 16:19:37 - exhaustive_index - INFO - Processed table 833 - datasets_USA/USA_CSV0000000000012066.csv
2025-12-18 16:19:40 - exhaustive_index - INFO - Processing table 834 - datasets_USA/USA_CSV0000000000012071.csv
2025-12-18 16:19:40 - exhaustive_index - INFO - Table datasets_USA/USA_CSV0000000000012071.csv has 13943 rows and 10 columns
2025-12-18 16:19:40 - exhaustive_index - INFO - Processed table 834 - datasets_USA/USA_CSV0000000000012071.csv
2025-12-18 16:19:42 - exhaustive_index - INFO - Processing table 835 - datasets_USA/USA_CSV0000000000012078.csv
2025-12-18 16:19:42 - exhaustive_index - INFO - Table datasets_USA/USA_CSV0000000000012078.csv has 14403 rows and 8 columns
2025-12-18 16:19:42 - exhaustive_index - INFO - Processed table 835 - datasets_USA/USA_CSV0000000000012078.csv
2025-12-18 16:19:43 - exhaustive_index - INFO - Processing table 836 - datasets_USA/USA_CSV0000000000012083.csv
2025-12-18 16:19:43 - exhaustive_index - INFO - Table datasets_USA/USA_CSV0000000000012083.csv has 7769 rows and 9 columns
2025-12-18 16:19:43 - exhaustive_index - INFO - Processed table 836 - datasets_USA/USA_CSV0000000000012083.csv
2025-12-18 16:19:44 - exhaustive_index - INFO - Processing table 837 - datasets_USA/USA_CSV0000000000012088.csv
2025-12-18 16:19:44 - exhaustive_index - INFO - Table datasets_USA/USA_CSV0000000000012088.csv has 226 rows and 8 columns
2025-12-18 16:19:44 - exhaustive_index - INFO - Processed table 837 - datasets_USA/USA_CSV0000000000012088.csv
2025-12-18 16:20:05 - exhaustive_index - INFO - Processing table 838 - datasets_USA/USA_CSV0000000000012127.csv
2025-12-18 16:20:05 - exhaustive_index - INFO - Table datasets_USA/USA_CSV0000000000012127.csv has 15754 rows and 32 columns
2025-12-18 16:20:05 - exhaustive_index - INFO - Processed table 838 - datasets_USA/USA_CSV0000000000012127.csv
2025-12-18 16:20:06 - exhaustive_index - INFO - Processing table 839 - datasets_USA/USA_CSV0000000000012174.csv
2025-12-18 16:20:06 - exhaustive_index - INFO - Table datasets_USA/USA_CSV0000000000012174.csv has 27706 rows and 10 columns
2025-12-18 16:20:06 - exhaustive_index - INFO - Processed table 839 - datasets_USA/USA_CSV0000000000012174.csv
2025-12-18 16:20:14 - exhaustive_index - INFO - Processing table 840 - datasets_USA/USA_CSV0000000000012197.csv
2025-12-18 16:20:14 - exhaustive_index - INFO - Table datasets_USA/USA_CSV0000000000012197.csv has 11942 rows and 20 columns
2025-12-18 16:20:14 - exhaustive_index - INFO - Processed table 840 - datasets_USA/USA_CSV0000000000012197.csv
2025-12-18 16:20:14 - exhaustive_index - INFO - Processing table 841 - datasets_USA/USA_CSV0000000000012199.csv
2025-12-18 16:20:14 - exhaustive_index - INFO - Table datasets_USA/USA_CSV0000000000012199.csv has 34382 rows and 8 columns
2025-12-18 16:20:14 - exhaustive_index - INFO - Processed table 841 - datasets_USA/USA_CSV0000000000012199.csv
2025-12-18 16:20:23 - exhaustive_index - INFO - Processing table 842 - datasets_USA/USA_CSV0000000000012253.csv
2025-12-18 16:20:23 - exhaustive_index - INFO - Table datasets_USA/USA_CSV0000000000012253.csv has 17461 rows and 18 columns
2025-12-18 16:20:23 - exhaustive_index - INFO - Processed table 842 - datasets_USA/USA_CSV0000000000012253.csv
2025-12-18 16:20:24 - exhaustive_index - INFO - Processing table 843 - datasets_USA/USA_CSV0000000000012317.csv
2025-12-18 16:20:24 - exhaustive_index - INFO - Table datasets_USA/USA_CSV0000000000012317.csv has 21380 rows and 7 columns
2025-12-18 16:20:24 - exhaustive_index - INFO - Processed table 843 - datasets_USA/USA_CSV0000000000012317.csv
2025-12-18 16:20:24 - exhaustive_index - INFO - Processing table 844 - datasets_USA/USA_CSV0000000000012341.csv
2025-12-18 16:20:24 - exhaustive_index - INFO - Table datasets_USA/USA_CSV0000000000012341.csv has 77 rows and 10 columns
2025-12-18 16:20:24 - exhaustive_index - INFO - Processed table 844 - datasets_USA/USA_CSV0000000000012341.csv
2025-12-18 16:20:25 - exhaustive_index - INFO - Processing table 845 - datasets_USA/USA_CSV0000000000012364.csv
2025-12-18 16:20:25 - exhaustive_index - INFO - Table datasets_USA/USA_CSV0000000000012364.csv has 21336 rows and 7 columns
2025-12-18 16:20:25 - exhaustive_index - INFO - Processed table 845 - datasets_USA/USA_CSV0000000000012364.csv
2025-12-18 16:20:29 - exhaustive_index - INFO - Processing table 846 - datasets_USA/USA_CSV0000000000012376.csv
2025-12-18 16:20:29 - exhaustive_index - INFO - Table datasets_USA/USA_CSV0000000000012376.csv has 12851 rows and 17 columns
2025-12-18 16:20:29 - exhaustive_index - INFO - Processed table 846 - datasets_USA/USA_CSV0000000000012376.csv
2025-12-18 16:20:29 - exhaustive_index - INFO - Processing table 847 - datasets_USA/USA_CSV0000000000012389.csv
2025-12-18 16:20:29 - exhaustive_index - INFO - Table datasets_USA/USA_CSV0000000000012389.csv has 6559 rows and 8 columns
2025-12-18 16:20:29 - exhaustive_index - INFO - Processed table 847 - datasets_USA/USA_CSV0000000000012389.csv
2025-12-18 16:20:45 - exhaustive_index - INFO - Processing table 848 - datasets_USA/USA_CSV0000000000012397.csv
2025-12-18 16:20:45 - exhaustive_index - INFO - Table datasets_USA/USA_CSV0000000000012397.csv has 13029 rows and 16 columns
2025-12-18 16:20:45 - exhaustive_index - INFO - Processed table 848 - datasets_USA/USA_CSV0000000000012397.csv
2025-12-18 16:20:48 - exhaustive_index - INFO - Processing table 849 - datasets_USA/USA_CSV0000000000012399.csv
2025-12-18 16:20:48 - exhaustive_index - INFO - Table datasets_USA/USA_CSV0000000000012399.csv has 7599 rows and 13 columns
2025-12-18 16:20:48 - exhaustive_index - INFO - Processed table 849 - datasets_USA/USA_CSV0000000000012399.csv
2025-12-18 16:20:48 - exhaustive_index - INFO - Processing table 850 - datasets_USA/USA_CSV0000000000012438.csv
2025-12-18 16:20:48 - exhaustive_index - INFO - Table datasets_USA/USA_CSV0000000000012438.csv has 120 rows and 5 columns
2025-12-18 16:20:48 - exhaustive_index - INFO - Processed table 850 - datasets_USA/USA_CSV0000000000012438.csv
2025-12-18 16:20:49 - exhaustive_index - INFO - Processing table 851 - datasets_USA/USA_CSV0000000000012493.csv
2025-12-18 16:20:49 - exhaustive_index - INFO - Table datasets_USA/USA_CSV0000000000012493.csv has 17595 rows and 10 columns
2025-12-18 16:20:49 - exhaustive_index - INFO - Processed table 851 - datasets_USA/USA_CSV0000000000012493.csv
2025-12-18 16:21:26 - exhaustive_index - INFO - Processing table 852 - datasets_USA/USA_CSV0000000000012506.csv
2025-12-18 16:21:26 - exhaustive_index - INFO - Table datasets_USA/USA_CSV0000000000012506.csv has 8545 rows and 29 columns
2025-12-18 16:21:26 - exhaustive_index - INFO - Processed table 852 - datasets_USA/USA_CSV0000000000012506.csv
2025-12-18 16:21:26 - exhaustive_index - INFO - Processing table 853 - datasets_USA/USA_CSV0000000000012509.csv
2025-12-18 16:21:26 - exhaustive_index - INFO - Table datasets_USA/USA_CSV0000000000012509.csv has 13315 rows and 18 columns
2025-12-18 16:21:26 - exhaustive_index - INFO - Processed table 853 - datasets_USA/USA_CSV0000000000012509.csv
2025-12-18 16:23:43 - exhaustive_index - INFO - Processing table 854 - datasets_USA/USA_CSV0000000000012511.csv
2025-12-18 16:23:43 - exhaustive_index - INFO - Table datasets_USA/USA_CSV0000000000012511.csv has 594 rows and 48 columns
2025-12-18 16:23:43 - exhaustive_index - INFO - Processed table 854 - datasets_USA/USA_CSV0000000000012511.csv
2025-12-18 16:23:45 - exhaustive_index - INFO - Processing table 855 - datasets_USA/USA_CSV0000000000012557.csv
2025-12-18 16:23:45 - exhaustive_index - INFO - Table datasets_USA/USA_CSV0000000000012557.csv has 339 rows and 11 columns
2025-12-18 16:23:45 - exhaustive_index - INFO - Processed table 855 - datasets_USA/USA_CSV0000000000012557.csv
2025-12-18 16:23:45 - exhaustive_index - INFO - Processing table 856 - datasets_USA/USA_CSV0000000000012564.csv
2025-12-18 16:23:47 - exhaustive_index - INFO - Processing table 857 - datasets_USA/USA_CSV0000000000012667.csv
2025-12-18 16:23:47 - exhaustive_index - INFO - Table datasets_USA/USA_CSV0000000000012667.csv has 13927 rows and 8 columns
2025-12-18 16:23:47 - exhaustive_index - INFO - Processed table 857 - datasets_USA/USA_CSV0000000000012667.csv
2025-12-18 16:23:48 - exhaustive_index - INFO - Processing table 858 - datasets_USA/USA_CSV0000000000012687.csv
2025-12-18 16:23:48 - exhaustive_index - INFO - Table datasets_USA/USA_CSV0000000000012687.csv has 791 rows and 14 columns
2025-12-18 16:23:48 - exhaustive_index - INFO - Processed table 858 - datasets_USA/USA_CSV0000000000012687.csv
2025-12-18 16:23:48 - exhaustive_index - INFO - Processing table 859 - datasets_USA/USA_CSV0000000000012689.csv
2025-12-18 16:23:48 - exhaustive_index - INFO - Table datasets_USA/USA_CSV0000000000012689.csv has 253 rows and 10 columns
2025-12-18 16:23:48 - exhaustive_index - INFO - Processed table 859 - datasets_USA/USA_CSV0000000000012689.csv
2025-12-18 16:23:54 - exhaustive_index - INFO - Processing table 860 - datasets_USA/USA_CSV0000000000012695.csv
2025-12-18 16:23:54 - exhaustive_index - INFO - Table datasets_USA/USA_CSV0000000000012695.csv has 20344 rows and 12 columns
2025-12-18 16:23:54 - exhaustive_index - INFO - Processed table 860 - datasets_USA/USA_CSV0000000000012695.csv
2025-12-18 16:23:54 - exhaustive_index - INFO - Processing table 861 - datasets_USA/USA_CSV0000000000012696.csv
2025-12-18 16:23:54 - exhaustive_index - INFO - Table datasets_USA/USA_CSV0000000000012696.csv has 59 rows and 10 columns
2025-12-18 16:23:54 - exhaustive_index - INFO - Processed table 861 - datasets_USA/USA_CSV0000000000012696.csv
2025-12-18 16:23:55 - exhaustive_index - INFO - Processing table 862 - datasets_USA/USA_CSV0000000000012698.csv
2025-12-18 16:23:55 - exhaustive_index - INFO - Table datasets_USA/USA_CSV0000000000012698.csv has 2862 rows and 9 columns
2025-12-18 16:23:55 - exhaustive_index - INFO - Processed table 862 - datasets_USA/USA_CSV0000000000012698.csv
2025-12-18 16:24:01 - exhaustive_index - INFO - Processing table 863 - datasets_USA/USA_CSV0000000000012704.csv
2025-12-18 16:24:01 - exhaustive_index - INFO - Table datasets_USA/USA_CSV0000000000012704.csv has 276 rows and 46 columns
2025-12-18 16:24:01 - exhaustive_index - INFO - Processed table 863 - datasets_USA/USA_CSV0000000000012704.csv
2025-12-18 16:24:03 - exhaustive_index - INFO - Processing table 864 - datasets_USA/USA_CSV0000000000012710.csv
2025-12-18 16:24:03 - exhaustive_index - INFO - Table datasets_USA/USA_CSV0000000000012710.csv has 18025 rows and 9 columns
2025-12-18 16:24:03 - exhaustive_index - INFO - Processed table 864 - datasets_USA/USA_CSV0000000000012710.csv
2025-12-18 16:24:06 - exhaustive_index - INFO - Processing table 865 - datasets_USA/USA_CSV0000000000012722.csv
2025-12-18 16:24:06 - exhaustive_index - INFO - Table datasets_USA/USA_CSV0000000000012722.csv has 21870 rows and 13 columns
2025-12-18 16:24:06 - exhaustive_index - INFO - Processed table 865 - datasets_USA/USA_CSV0000000000012722.csv
2025-12-18 16:24:14 - exhaustive_index - INFO - Processing table 866 - datasets_USA/USA_CSV0000000000012731.csv
2025-12-18 16:24:14 - exhaustive_index - INFO - Table datasets_USA/USA_CSV0000000000012731.csv has 15935 rows and 26 columns
2025-12-18 16:24:14 - exhaustive_index - INFO - Processed table 866 - datasets_USA/USA_CSV0000000000012731.csv
2025-12-18 16:24:14 - exhaustive_index - INFO - Processing table 867 - datasets_USA/USA_CSV0000000000012787.csv
2025-12-18 16:24:14 - exhaustive_index - INFO - Table datasets_USA/USA_CSV0000000000012787.csv has 55 rows and 7 columns
2025-12-18 16:24:14 - exhaustive_index - INFO - Processed table 867 - datasets_USA/USA_CSV0000000000012787.csv
2025-12-18 16:24:16 - exhaustive_index - INFO - Processing table 868 - datasets_USA/USA_CSV0000000000012803.csv
2025-12-18 16:24:16 - exhaustive_index - INFO - Table datasets_USA/USA_CSV0000000000012803.csv has 12316 rows and 9 columns
2025-12-18 16:24:16 - exhaustive_index - INFO - Processed table 868 - datasets_USA/USA_CSV0000000000012803.csv
2025-12-18 16:24:17 - exhaustive_index - INFO - Processing table 869 - datasets_USA/USA_CSV0000000000012828.csv
2025-12-18 16:24:17 - exhaustive_index - INFO - Table datasets_USA/USA_CSV0000000000012828.csv has 16715 rows and 8 columns
2025-12-18 16:24:17 - exhaustive_index - INFO - Processed table 869 - datasets_USA/USA_CSV0000000000012828.csv
2025-12-18 16:24:22 - exhaustive_index - INFO - Processing table 870 - datasets_USA/USA_CSV0000000000012860.csv
2025-12-18 16:24:22 - exhaustive_index - INFO - Table datasets_USA/USA_CSV0000000000012860.csv has 5979 rows and 13 columns
2025-12-18 16:24:22 - exhaustive_index - INFO - Processed table 870 - datasets_USA/USA_CSV0000000000012860.csv
2025-12-18 16:24:27 - exhaustive_index - INFO - Processing table 871 - datasets_USA/USA_CSV0000000000012886.csv
2025-12-18 16:24:27 - exhaustive_index - INFO - Table datasets_USA/USA_CSV0000000000012886.csv has 13553 rows and 19 columns
2025-12-18 16:24:27 - exhaustive_index - INFO - Processed table 871 - datasets_USA/USA_CSV0000000000012886.csv
2025-12-18 16:24:28 - exhaustive_index - INFO - Processing table 872 - datasets_USA/USA_CSV0000000000012901.csv
2025-12-18 16:24:28 - exhaustive_index - INFO - Table datasets_USA/USA_CSV0000000000012901.csv has 12799 rows and 4 columns
2025-12-18 16:24:28 - exhaustive_index - INFO - Processed table 872 - datasets_USA/USA_CSV0000000000012901.csv
2025-12-18 16:24:47 - exhaustive_index - INFO - Processing table 873 - datasets_USA/USA_CSV0000000000012913.csv
2025-12-18 16:24:47 - exhaustive_index - INFO - Table datasets_USA/USA_CSV0000000000012913.csv has 2069 rows and 40 columns
2025-12-18 16:24:47 - exhaustive_index - INFO - Processed table 873 - datasets_USA/USA_CSV0000000000012913.csv
2025-12-18 16:24:47 - exhaustive_index - INFO - Processing table 874 - datasets_USA/USA_CSV0000000000012937.csv
2025-12-18 16:24:47 - exhaustive_index - INFO - Table datasets_USA/USA_CSV0000000000012937.csv has 11 rows and 5 columns
2025-12-18 16:24:47 - exhaustive_index - INFO - Processed table 874 - datasets_USA/USA_CSV0000000000012937.csv
2025-12-18 16:24:48 - exhaustive_index - INFO - Processing table 875 - datasets_USA/USA_CSV0000000000012952.csv
2025-12-18 16:24:48 - exhaustive_index - INFO - Table datasets_USA/USA_CSV0000000000012952.csv has 368 rows and 10 columns
2025-12-18 16:24:48 - exhaustive_index - INFO - Processed table 875 - datasets_USA/USA_CSV0000000000012952.csv
2025-12-18 16:25:00 - exhaustive_index - INFO - Processing table 876 - datasets_USA/USA_CSV0000000000012953.csv
2025-12-18 16:25:00 - exhaustive_index - INFO - Table datasets_USA/USA_CSV0000000000012953.csv has 3756 rows and 39 columns
2025-12-18 16:25:00 - exhaustive_index - INFO - Processed table 876 - datasets_USA/USA_CSV0000000000012953.csv
2025-12-18 16:25:00 - exhaustive_index - INFO - Processing table 877 - datasets_USA/USA_CSV0000000000012974.csv
2025-12-18 16:25:00 - exhaustive_index - INFO - Table datasets_USA/USA_CSV0000000000012974.csv has 38 rows and 5 columns
2025-12-18 16:25:00 - exhaustive_index - INFO - Processed table 877 - datasets_USA/USA_CSV0000000000012974.csv
2025-12-18 16:25:01 - exhaustive_index - INFO - Processing table 878 - datasets_USA/USA_CSV0000000000012995.csv
2025-12-18 16:25:01 - exhaustive_index - INFO - Table datasets_USA/USA_CSV0000000000012995.csv has 3370 rows and 5 columns
2025-12-18 16:25:01 - exhaustive_index - INFO - Processed table 878 - datasets_USA/USA_CSV0000000000012995.csv
2025-12-18 16:25:27 - exhaustive_index - INFO - Processing table 879 - datasets_USA/USA_CSV0000000000013027.csv
2025-12-18 16:25:27 - exhaustive_index - INFO - Table datasets_USA/USA_CSV0000000000013027.csv has 18144 rows and 16 columns
2025-12-18 16:25:27 - exhaustive_index - INFO - Processed table 879 - datasets_USA/USA_CSV0000000000013027.csv
2025-12-18 16:25:28 - exhaustive_index - INFO - Processing table 880 - datasets_USA/USA_CSV0000000000013080.csv
2025-12-18 16:25:28 - exhaustive_index - INFO - Table datasets_USA/USA_CSV0000000000013080.csv has 30380 rows and 9 columns
2025-12-18 16:25:28 - exhaustive_index - INFO - Processed table 880 - datasets_USA/USA_CSV0000000000013080.csv
2025-12-18 16:26:19 - exhaustive_index - INFO - Processing table 881 - datasets_USA/USA_CSV0000000000013100.csv
2025-12-18 16:26:19 - exhaustive_index - INFO - Table datasets_USA/USA_CSV0000000000013100.csv has 2170 rows and 50 columns
2025-12-18 16:26:19 - exhaustive_index - INFO - Processed table 881 - datasets_USA/USA_CSV0000000000013100.csv
2025-12-18 16:26:20 - exhaustive_index - INFO - Processing table 882 - datasets_USA/USA_CSV0000000000013101.csv
2025-12-18 16:26:20 - exhaustive_index - INFO - Table datasets_USA/USA_CSV0000000000013101.csv has 18317 rows and 11 columns
2025-12-18 16:26:20 - exhaustive_index - INFO - Processed table 882 - datasets_USA/USA_CSV0000000000013101.csv
2025-12-18 16:26:22 - exhaustive_index - INFO - Processing table 883 - datasets_USA/USA_CSV0000000000013131.csv
2025-12-18 16:26:22 - exhaustive_index - INFO - Table datasets_USA/USA_CSV0000000000013131.csv has 6805 rows and 12 columns
2025-12-18 16:26:22 - exhaustive_index - INFO - Processed table 883 - datasets_USA/USA_CSV0000000000013131.csv
2025-12-18 16:26:22 - exhaustive_index - INFO - Processing table 884 - datasets_USA/USA_CSV0000000000013138.csv
2025-12-18 16:26:22 - exhaustive_index - INFO - Table datasets_USA/USA_CSV0000000000013138.csv has 105 rows and 5 columns
2025-12-18 16:26:22 - exhaustive_index - INFO - Processed table 884 - datasets_USA/USA_CSV0000000000013138.csv
2025-12-18 16:26:25 - exhaustive_index - INFO - Processing table 885 - datasets_USA/USA_CSV0000000000013140.csv
2025-12-18 16:26:25 - exhaustive_index - INFO - Table datasets_USA/USA_CSV0000000000013140.csv has 16933 rows and 10 columns
2025-12-18 16:26:25 - exhaustive_index - INFO - Processed table 885 - datasets_USA/USA_CSV0000000000013140.csv
2025-12-18 16:26:27 - exhaustive_index - INFO - Processing table 886 - datasets_USA/USA_CSV0000000000013144.csv
2025-12-18 16:26:27 - exhaustive_index - INFO - Table datasets_USA/USA_CSV0000000000013144.csv has 399 rows and 12 columns
2025-12-18 16:26:27 - exhaustive_index - INFO - Processed table 886 - datasets_USA/USA_CSV0000000000013144.csv
2025-12-18 16:30:33 - exhaustive_index - INFO - Processing table 887 - datasets_USA/USA_CSV0000000000013185.csv
2025-12-18 16:30:33 - exhaustive_index - INFO - Table datasets_USA/USA_CSV0000000000013185.csv has 8818 rows and 38 columns
2025-12-18 16:30:33 - exhaustive_index - INFO - Processed table 887 - datasets_USA/USA_CSV0000000000013185.csv
2025-12-18 16:30:35 - exhaustive_index - INFO - Processing table 888 - datasets_USA/USA_CSV0000000000013549.csv
2025-12-18 16:30:35 - exhaustive_index - INFO - Table datasets_USA/USA_CSV0000000000013549.csv has 22896 rows and 6 columns
2025-12-18 16:30:35 - exhaustive_index - INFO - Processed table 888 - datasets_USA/USA_CSV0000000000013549.csv
2025-12-18 16:30:37 - exhaustive_index - INFO - Processing table 889 - datasets_USA/USA_CSV0000000000013576.csv
2025-12-18 16:30:37 - exhaustive_index - INFO - Table datasets_USA/USA_CSV0000000000013576.csv has 487 rows and 13 columns
2025-12-18 16:30:37 - exhaustive_index - INFO - Processed table 889 - datasets_USA/USA_CSV0000000000013576.csv
2025-12-18 16:30:38 - exhaustive_index - INFO - Processing table 890 - datasets_USA/USA_CSV0000000000013762.csv
2025-12-18 16:30:38 - exhaustive_index - INFO - Table datasets_USA/USA_CSV0000000000013762.csv has 236 rows and 7 columns
2025-12-18 16:30:38 - exhaustive_index - INFO - Processed table 890 - datasets_USA/USA_CSV0000000000013762.csv
2025-12-18 16:30:39 - exhaustive_index - INFO - Processing table 891 - datasets_USA/USA_CSV0000000000013807.csv
2025-12-18 16:30:39 - exhaustive_index - INFO - Table datasets_USA/USA_CSV0000000000013807.csv has 317 rows and 12 columns
2025-12-18 16:30:39 - exhaustive_index - INFO - Processed table 891 - datasets_USA/USA_CSV0000000000013807.csv
2025-12-18 16:30:40 - exhaustive_index - INFO - Processing table 892 - datasets_USA/USA_CSV0000000000014023.csv
2025-12-18 16:30:40 - exhaustive_index - INFO - Table datasets_USA/USA_CSV0000000000014023.csv has 252 rows and 6 columns
2025-12-18 16:30:40 - exhaustive_index - INFO - Processed table 892 - datasets_USA/USA_CSV0000000000014023.csv
2025-12-18 16:30:48 - exhaustive_index - INFO - Processing table 893 - datasets_USA/USA_CSV0000000000014121.csv
2025-12-18 16:30:48 - exhaustive_index - INFO - Table datasets_USA/USA_CSV0000000000014121.csv has 4198 rows and 19 columns
2025-12-18 16:30:48 - exhaustive_index - INFO - Processed table 893 - datasets_USA/USA_CSV0000000000014121.csv
2025-12-18 16:30:49 - exhaustive_index - INFO - Processing table 894 - datasets_USA/USA_CSV0000000000014140.csv
2025-12-18 16:30:49 - exhaustive_index - INFO - Table datasets_USA/USA_CSV0000000000014140.csv has 335 rows and 14 columns
2025-12-18 16:30:49 - exhaustive_index - INFO - Processed table 894 - datasets_USA/USA_CSV0000000000014140.csv
2025-12-18 16:30:52 - exhaustive_index - INFO - Processing table 895 - datasets_USA/USA_CSV0000000000014166.csv
2025-12-18 16:30:52 - exhaustive_index - INFO - Table datasets_USA/USA_CSV0000000000014166.csv has 7311 rows and 22 columns
2025-12-18 16:30:52 - exhaustive_index - INFO - Processed table 895 - datasets_USA/USA_CSV0000000000014166.csv
2025-12-18 16:30:52 - exhaustive_index - INFO - Processing table 896 - datasets_USA/USA_CSV0000000000014168.csv
2025-12-18 16:30:52 - exhaustive_index - INFO - Table datasets_USA/USA_CSV0000000000014168.csv has 10709 rows and 18 columns
2025-12-18 16:30:52 - exhaustive_index - INFO - Processed table 896 - datasets_USA/USA_CSV0000000000014168.csv
2025-12-18 16:31:12 - exhaustive_index - INFO - Processing table 897 - datasets_USA/USA_CSV0000000000014194.csv
2025-12-18 16:31:12 - exhaustive_index - INFO - Table datasets_USA/USA_CSV0000000000014194.csv has 31925 rows and 18 columns
2025-12-18 16:31:12 - exhaustive_index - INFO - Processed table 897 - datasets_USA/USA_CSV0000000000014194.csv
2025-12-18 16:31:14 - exhaustive_index - INFO - Processing table 898 - datasets_USA/USA_CSV0000000000014207.csv
2025-12-18 16:31:14 - exhaustive_index - INFO - Table datasets_USA/USA_CSV0000000000014207.csv has 19553 rows and 8 columns
2025-12-18 16:31:14 - exhaustive_index - INFO - Processed table 898 - datasets_USA/USA_CSV0000000000014207.csv
2025-12-18 16:31:20 - exhaustive_index - INFO - Processing table 899 - datasets_USA/USA_CSV0000000000014218.csv
2025-12-18 16:31:20 - exhaustive_index - INFO - Table datasets_USA/USA_CSV0000000000014218.csv has 10320 rows and 30 columns
2025-12-18 16:31:20 - exhaustive_index - INFO - Processed table 899 - datasets_USA/USA_CSV0000000000014218.csv
2025-12-18 16:31:26 - exhaustive_index - INFO - Processing table 900 - datasets_USA/USA_CSV0000000000014223.csv
2025-12-18 16:31:26 - exhaustive_index - INFO - Table datasets_USA/USA_CSV0000000000014223.csv has 4200 rows and 25 columns
2025-12-18 16:31:26 - exhaustive_index - INFO - Processed table 900 - datasets_USA/USA_CSV0000000000014223.csv
2025-12-18 16:31:37 - exhaustive_index - INFO - Processing table 901 - datasets_USA/USA_CSV0000000000014269.csv
2025-12-18 16:31:37 - exhaustive_index - INFO - Table datasets_USA/USA_CSV0000000000014269.csv has 7309 rows and 20 columns
2025-12-18 16:31:37 - exhaustive_index - INFO - Processed table 901 - datasets_USA/USA_CSV0000000000014269.csv
2025-12-18 16:31:37 - exhaustive_index - INFO - Processing table 902 - datasets_USA/USA_CSV0000000000014282.csv
2025-12-18 16:31:37 - exhaustive_index - INFO - Table datasets_USA/USA_CSV0000000000014282.csv has 32315 rows and 4 columns
2025-12-18 16:31:37 - exhaustive_index - INFO - Processed table 902 - datasets_USA/USA_CSV0000000000014282.csv
2025-12-18 16:31:37 - exhaustive_index - INFO - Processing table 903 - datasets_USA/USA_CSV0000000000014293.csv
2025-12-18 16:31:37 - exhaustive_index - INFO - Table datasets_USA/USA_CSV0000000000014293.csv has 71 rows and 25 columns
2025-12-18 16:31:37 - exhaustive_index - INFO - Processed table 903 - datasets_USA/USA_CSV0000000000014293.csv
2025-12-18 16:31:46 - exhaustive_index - INFO - Processing table 904 - datasets_USA/USA_CSV0000000000014301.csv
2025-12-18 16:31:46 - exhaustive_index - INFO - Table datasets_USA/USA_CSV0000000000014301.csv has 14003 rows and 17 columns
2025-12-18 16:31:46 - exhaustive_index - INFO - Processed table 904 - datasets_USA/USA_CSV0000000000014301.csv
2025-12-18 16:31:47 - exhaustive_index - INFO - Processing table 905 - datasets_USA/USA_CSV0000000000014319.csv
2025-12-18 16:31:47 - exhaustive_index - INFO - Table datasets_USA/USA_CSV0000000000014319.csv has 48019 rows and 5 columns
2025-12-18 16:31:47 - exhaustive_index - INFO - Processed table 905 - datasets_USA/USA_CSV0000000000014319.csv
2025-12-18 16:31:49 - exhaustive_index - INFO - Processing table 906 - datasets_USA/USA_CSV0000000000014338.csv
2025-12-18 16:31:49 - exhaustive_index - INFO - Table datasets_USA/USA_CSV0000000000014338.csv has 6833 rows and 18 columns
2025-12-18 16:31:49 - exhaustive_index - INFO - Processed table 906 - datasets_USA/USA_CSV0000000000014338.csv
2025-12-18 16:32:00 - exhaustive_index - INFO - Processing table 907 - datasets_USA/USA_CSV0000000000014374.csv
2025-12-18 16:32:00 - exhaustive_index - INFO - Table datasets_USA/USA_CSV0000000000014374.csv has 617 rows and 81 columns
2025-12-18 16:32:00 - exhaustive_index - INFO - Processed table 907 - datasets_USA/USA_CSV0000000000014374.csv
2025-12-18 16:32:02 - exhaustive_index - INFO - Processing table 908 - datasets_USA/USA_CSV0000000000014383.csv
2025-12-18 16:32:02 - exhaustive_index - INFO - Table datasets_USA/USA_CSV0000000000014383.csv has 4014 rows and 22 columns
2025-12-18 16:32:02 - exhaustive_index - INFO - Processed table 908 - datasets_USA/USA_CSV0000000000014383.csv
2025-12-18 16:32:03 - exhaustive_index - INFO - Processing table 909 - datasets_USA/USA_CSV0000000000014389.csv
2025-12-18 16:32:03 - exhaustive_index - INFO - Table datasets_USA/USA_CSV0000000000014389.csv has 148 rows and 16 columns
2025-12-18 16:32:03 - exhaustive_index - INFO - Processed table 909 - datasets_USA/USA_CSV0000000000014389.csv
2025-12-18 16:32:05 - exhaustive_index - INFO - Processing table 910 - datasets_USA/USA_CSV0000000000014399.csv
2025-12-18 16:32:05 - exhaustive_index - INFO - Table datasets_USA/USA_CSV0000000000014399.csv has 34918 rows and 9 columns
2025-12-18 16:32:05 - exhaustive_index - INFO - Processed table 910 - datasets_USA/USA_CSV0000000000014399.csv
2025-12-18 16:32:12 - exhaustive_index - INFO - Processing table 911 - datasets_USA/USA_CSV0000000000014408.csv
2025-12-18 16:32:12 - exhaustive_index - INFO - Table datasets_USA/USA_CSV0000000000014408.csv has 9325 rows and 14 columns
2025-12-18 16:32:12 - exhaustive_index - INFO - Processed table 911 - datasets_USA/USA_CSV0000000000014408.csv
2025-12-18 16:32:12 - exhaustive_index - INFO - Processing table 912 - datasets_USA/USA_CSV0000000000014411.csv
2025-12-18 16:32:12 - exhaustive_index - INFO - Table datasets_USA/USA_CSV0000000000014411.csv has 7 rows and 7 columns
2025-12-18 16:32:12 - exhaustive_index - INFO - Processed table 912 - datasets_USA/USA_CSV0000000000014411.csv
2025-12-18 16:32:13 - exhaustive_index - INFO - Processing table 913 - datasets_USA/USA_CSV0000000000014423.csv
2025-12-18 16:32:13 - exhaustive_index - INFO - Table datasets_USA/USA_CSV0000000000014423.csv has 2856 rows and 6 columns
2025-12-18 16:32:13 - exhaustive_index - INFO - Processed table 913 - datasets_USA/USA_CSV0000000000014423.csv
2025-12-18 16:32:25 - exhaustive_index - INFO - Processing table 914 - datasets_USA/USA_CSV0000000000014425.csv
2025-12-18 16:32:25 - exhaustive_index - INFO - Table datasets_USA/USA_CSV0000000000014425.csv has 16005 rows and 18 columns
2025-12-18 16:32:25 - exhaustive_index - INFO - Processed table 914 - datasets_USA/USA_CSV0000000000014425.csv
2025-12-18 16:32:27 - exhaustive_index - INFO - Processing table 915 - datasets_USA/USA_CSV0000000000014431.csv
2025-12-18 16:32:27 - exhaustive_index - INFO - Table datasets_USA/USA_CSV0000000000014431.csv has 12801 rows and 10 columns
2025-12-18 16:32:27 - exhaustive_index - INFO - Processed table 915 - datasets_USA/USA_CSV0000000000014431.csv
2025-12-18 16:32:28 - exhaustive_index - INFO - Processing table 916 - datasets_USA/USA_CSV0000000000014434.csv
2025-12-18 16:32:28 - exhaustive_index - INFO - Table datasets_USA/USA_CSV0000000000014434.csv has 147 rows and 6 columns
2025-12-18 16:32:28 - exhaustive_index - INFO - Processed table 916 - datasets_USA/USA_CSV0000000000014434.csv
2025-12-18 16:32:41 - exhaustive_index - INFO - Processing table 917 - datasets_USA/USA_CSV0000000000014436.csv
2025-12-18 16:32:41 - exhaustive_index - INFO - Table datasets_USA/USA_CSV0000000000014436.csv has 11742 rows and 21 columns
2025-12-18 16:32:41 - exhaustive_index - INFO - Processed table 917 - datasets_USA/USA_CSV0000000000014436.csv
2025-12-18 16:32:45 - exhaustive_index - INFO - Processing table 918 - datasets_USA/USA_CSV0000000000014437.csv
2025-12-18 16:32:45 - exhaustive_index - INFO - Table datasets_USA/USA_CSV0000000000014437.csv has 9442 rows and 20 columns
2025-12-18 16:32:45 - exhaustive_index - INFO - Processed table 918 - datasets_USA/USA_CSV0000000000014437.csv
2025-12-18 16:33:11 - exhaustive_index - INFO - Processing table 919 - datasets_USA/USA_CSV0000000000014463.csv
2025-12-18 16:33:11 - exhaustive_index - INFO - Table datasets_USA/USA_CSV0000000000014463.csv has 16902 rows and 17 columns
2025-12-18 16:33:11 - exhaustive_index - INFO - Processed table 919 - datasets_USA/USA_CSV0000000000014463.csv
2025-12-18 16:33:13 - exhaustive_index - INFO - Processing table 920 - datasets_USA/USA_CSV0000000000014472.csv
2025-12-18 16:33:13 - exhaustive_index - INFO - Table datasets_USA/USA_CSV0000000000014472.csv has 23360 rows and 10 columns
2025-12-18 16:33:13 - exhaustive_index - INFO - Processed table 920 - datasets_USA/USA_CSV0000000000014472.csv
2025-12-18 16:33:13 - exhaustive_index - INFO - Processing table 921 - datasets_USA/USA_CSV0000000000014485.csv
2025-12-18 16:33:13 - exhaustive_index - INFO - Table datasets_USA/USA_CSV0000000000014485.csv has 25 rows and 8 columns
2025-12-18 16:33:13 - exhaustive_index - INFO - Processed table 921 - datasets_USA/USA_CSV0000000000014485.csv
2025-12-18 16:33:13 - exhaustive_index - INFO - Processing table 922 - datasets_USA/USA_CSV0000000000014504.csv
2025-12-18 16:33:13 - exhaustive_index - INFO - Table datasets_USA/USA_CSV0000000000014504.csv has 277 rows and 5 columns
2025-12-18 16:33:13 - exhaustive_index - INFO - Processed table 922 - datasets_USA/USA_CSV0000000000014504.csv
2025-12-18 16:33:14 - exhaustive_index - INFO - Processing table 923 - datasets_USA/USA_CSV0000000000014545.csv
2025-12-18 16:33:14 - exhaustive_index - INFO - Table datasets_USA/USA_CSV0000000000014545.csv has 42906 rows and 4 columns
2025-12-18 16:33:14 - exhaustive_index - INFO - Processed table 923 - datasets_USA/USA_CSV0000000000014545.csv
2025-12-18 16:33:16 - exhaustive_index - INFO - Processing table 924 - datasets_USA/USA_CSV0000000000014553.csv
2025-12-18 16:33:16 - exhaustive_index - INFO - Table datasets_USA/USA_CSV0000000000014553.csv has 13622 rows and 9 columns
2025-12-18 16:33:16 - exhaustive_index - INFO - Processed table 924 - datasets_USA/USA_CSV0000000000014553.csv
2025-12-18 16:33:16 - exhaustive_index - INFO - Processing table 925 - datasets_USA/USA_CSV0000000000014568.csv
2025-12-18 16:33:16 - exhaustive_index - INFO - Table datasets_USA/USA_CSV0000000000014568.csv has 34000 rows and 4 columns
2025-12-18 16:33:16 - exhaustive_index - INFO - Processed table 925 - datasets_USA/USA_CSV0000000000014568.csv
2025-12-18 16:33:17 - exhaustive_index - INFO - Processing table 926 - datasets_USA/USA_CSV0000000000014576.csv
2025-12-18 16:33:17 - exhaustive_index - INFO - Table datasets_USA/USA_CSV0000000000014576.csv has 3983 rows and 5 columns
2025-12-18 16:33:17 - exhaustive_index - INFO - Processed table 926 - datasets_USA/USA_CSV0000000000014576.csv
2025-12-18 16:34:32 - exhaustive_index - INFO - Processing table 927 - datasets_USA/USA_CSV0000000000014587.csv
2025-12-18 16:34:32 - exhaustive_index - INFO - Table datasets_USA/USA_CSV0000000000014587.csv has 1176 rows and 99 columns
2025-12-18 16:34:32 - exhaustive_index - INFO - Processed table 927 - datasets_USA/USA_CSV0000000000014587.csv
2025-12-18 16:34:33 - exhaustive_index - INFO - Processing table 928 - datasets_USA/USA_CSV0000000000014589.csv
2025-12-18 16:34:33 - exhaustive_index - INFO - Table datasets_USA/USA_CSV0000000000014589.csv has 34008 rows and 4 columns
2025-12-18 16:34:33 - exhaustive_index - INFO - Processed table 928 - datasets_USA/USA_CSV0000000000014589.csv
2025-12-18 16:34:35 - exhaustive_index - INFO - Processing table 929 - datasets_USA/USA_CSV0000000000014593.csv
2025-12-18 16:34:35 - exhaustive_index - INFO - Table datasets_USA/USA_CSV0000000000014593.csv has 26258 rows and 8 columns
2025-12-18 16:34:35 - exhaustive_index - INFO - Processed table 929 - datasets_USA/USA_CSV0000000000014593.csv
2025-12-18 16:34:35 - exhaustive_index - INFO - Processing table 930 - datasets_USA/USA_CSV0000000000014601.csv
2025-12-18 16:34:35 - exhaustive_index - INFO - Table datasets_USA/USA_CSV0000000000014601.csv has 33911 rows and 4 columns
2025-12-18 16:34:35 - exhaustive_index - INFO - Processed table 930 - datasets_USA/USA_CSV0000000000014601.csv
2025-12-18 16:34:43 - exhaustive_index - INFO - Processing table 931 - datasets_USA/USA_CSV0000000000014628.csv
2025-12-18 16:34:43 - exhaustive_index - INFO - Table datasets_USA/USA_CSV0000000000014628.csv has 3316 rows and 42 columns
2025-12-18 16:34:43 - exhaustive_index - INFO - Processed table 931 - datasets_USA/USA_CSV0000000000014628.csv
2025-12-18 16:34:43 - exhaustive_index - INFO - Processing table 932 - datasets_USA/USA_CSV0000000000014633__8.csv
2025-12-18 16:34:43 - exhaustive_index - INFO - Table datasets_USA/USA_CSV0000000000014633__8.csv has 106 rows and 6 columns
2025-12-18 16:34:43 - exhaustive_index - INFO - Processed table 932 - datasets_USA/USA_CSV0000000000014633__8.csv
2025-12-18 16:34:43 - exhaustive_index - INFO - Processing table 933 - datasets_USA/USA_CSV0000000000014646.csv
2025-12-18 16:34:43 - exhaustive_index - INFO - Table datasets_USA/USA_CSV0000000000014646.csv has 27619 rows and 5 columns
2025-12-18 16:34:43 - exhaustive_index - INFO - Processed table 933 - datasets_USA/USA_CSV0000000000014646.csv
2025-12-18 16:35:42 - exhaustive_index - INFO - Processing table 934 - datasets_USA/USA_CSV0000000000014658.csv
2025-12-18 16:35:42 - exhaustive_index - INFO - Table datasets_USA/USA_CSV0000000000014658.csv has 4924 rows and 89 columns
2025-12-18 16:35:42 - exhaustive_index - INFO - Processed table 934 - datasets_USA/USA_CSV0000000000014658.csv
2025-12-18 16:35:42 - exhaustive_index - INFO - Processing table 935 - datasets_USA/USA_CSV0000000000014682.csv
2025-12-18 16:35:42 - exhaustive_index - INFO - Processing table 936 - datasets_USA/USA_CSV0000000000014698.csv
2025-12-18 16:35:42 - exhaustive_index - INFO - Table datasets_USA/USA_CSV0000000000014698.csv has 49 rows and 6 columns
2025-12-18 16:35:42 - exhaustive_index - INFO - Processed table 936 - datasets_USA/USA_CSV0000000000014698.csv
2025-12-18 16:35:42 - exhaustive_index - INFO - Processing table 937 - datasets_USA/USA_CSV0000000000014708.csv
2025-12-18 16:35:42 - exhaustive_index - INFO - Table datasets_USA/USA_CSV0000000000014708.csv has 62 rows and 9 columns
2025-12-18 16:35:42 - exhaustive_index - INFO - Processed table 937 - datasets_USA/USA_CSV0000000000014708.csv
2025-12-18 16:35:43 - exhaustive_index - INFO - Processing table 938 - datasets_USA/USA_CSV0000000000014761.csv
2025-12-18 16:35:43 - exhaustive_index - INFO - Table datasets_USA/USA_CSV0000000000014761.csv has 33969 rows and 4 columns
2025-12-18 16:35:43 - exhaustive_index - INFO - Processed table 938 - datasets_USA/USA_CSV0000000000014761.csv
2025-12-18 16:35:46 - exhaustive_index - INFO - Processing table 939 - datasets_USA/USA_CSV0000000000014768.csv
2025-12-18 16:35:46 - exhaustive_index - INFO - Table datasets_USA/USA_CSV0000000000014768.csv has 7158 rows and 22 columns
2025-12-18 16:35:46 - exhaustive_index - INFO - Processed table 939 - datasets_USA/USA_CSV0000000000014768.csv
2025-12-18 16:35:50 - exhaustive_index - INFO - Processing table 940 - datasets_USA/USA_CSV0000000000014801.csv
2025-12-18 16:35:50 - exhaustive_index - INFO - Table datasets_USA/USA_CSV0000000000014801.csv has 33081 rows and 9 columns
2025-12-18 16:35:50 - exhaustive_index - INFO - Processed table 940 - datasets_USA/USA_CSV0000000000014801.csv
2025-12-18 16:36:00 - exhaustive_index - INFO - Processing table 941 - datasets_USA/USA_CSV0000000000014803.csv
2025-12-18 16:36:00 - exhaustive_index - INFO - Table datasets_USA/USA_CSV0000000000014803.csv has 5256 rows and 30 columns
2025-12-18 16:36:00 - exhaustive_index - INFO - Processed table 941 - datasets_USA/USA_CSV0000000000014803.csv
2025-12-18 16:36:04 - exhaustive_index - INFO - Processing table 942 - datasets_USA/USA_CSV0000000000014813.csv
2025-12-18 16:36:04 - exhaustive_index - INFO - Table datasets_USA/USA_CSV0000000000014813.csv has 13258 rows and 16 columns
2025-12-18 16:36:04 - exhaustive_index - INFO - Processed table 942 - datasets_USA/USA_CSV0000000000014813.csv
2025-12-18 16:36:05 - exhaustive_index - INFO - Processing table 943 - datasets_USA/USA_CSV0000000000014827.csv
2025-12-18 16:36:05 - exhaustive_index - INFO - Table datasets_USA/USA_CSV0000000000014827.csv has 26220 rows and 20 columns
2025-12-18 16:36:05 - exhaustive_index - INFO - Processed table 943 - datasets_USA/USA_CSV0000000000014827.csv
2025-12-18 16:36:05 - exhaustive_index - INFO - Processing table 944 - datasets_USA/USA_CSV0000000000014836.csv
2025-12-18 16:36:05 - exhaustive_index - INFO - Table datasets_USA/USA_CSV0000000000014836.csv has 116 rows and 4 columns
2025-12-18 16:36:05 - exhaustive_index - INFO - Processed table 944 - datasets_USA/USA_CSV0000000000014836.csv
2025-12-18 16:36:10 - exhaustive_index - INFO - Processing table 945 - datasets_USA/USA_CSV0000000000014848.csv
2025-12-18 16:36:10 - exhaustive_index - INFO - Table datasets_USA/USA_CSV0000000000014848.csv has 13133 rows and 15 columns
2025-12-18 16:36:10 - exhaustive_index - INFO - Processed table 945 - datasets_USA/USA_CSV0000000000014848.csv
2025-12-18 16:36:32 - exhaustive_index - INFO - Processing table 946 - datasets_USA/USA_CSV0000000000014861.csv
2025-12-18 16:36:32 - exhaustive_index - INFO - Table datasets_USA/USA_CSV0000000000014861.csv has 655 rows and 65 columns
2025-12-18 16:36:32 - exhaustive_index - INFO - Processed table 946 - datasets_USA/USA_CSV0000000000014861.csv
2025-12-18 16:36:34 - exhaustive_index - INFO - Processing table 947 - datasets_USA/USA_CSV0000000000014862.csv
2025-12-18 16:36:34 - exhaustive_index - INFO - Table datasets_USA/USA_CSV0000000000014862.csv has 2330 rows and 9 columns
2025-12-18 16:36:34 - exhaustive_index - INFO - Processed table 947 - datasets_USA/USA_CSV0000000000014862.csv
2025-12-18 16:36:35 - exhaustive_index - INFO - Processing table 948 - datasets_USA/USA_CSV0000000000014867.csv
2025-12-18 16:36:35 - exhaustive_index - INFO - Table datasets_USA/USA_CSV0000000000014867.csv has 10573 rows and 5 columns
2025-12-18 16:36:35 - exhaustive_index - INFO - Processed table 948 - datasets_USA/USA_CSV0000000000014867.csv
2025-12-18 16:36:46 - exhaustive_index - INFO - Processing table 949 - datasets_USA/USA_CSV0000000000014891.csv
2025-12-18 16:36:46 - exhaustive_index - INFO - Table datasets_USA/USA_CSV0000000000014891.csv has 10788 rows and 24 columns
2025-12-18 16:36:46 - exhaustive_index - INFO - Processed table 949 - datasets_USA/USA_CSV0000000000014891.csv
2025-12-18 16:36:46 - exhaustive_index - INFO - Processing table 950 - datasets_USA/USA_CSV0000000000014910.csv
2025-12-18 16:36:46 - exhaustive_index - INFO - Table datasets_USA/USA_CSV0000000000014910.csv has 98 rows and 5 columns
2025-12-18 16:36:46 - exhaustive_index - INFO - Processed table 950 - datasets_USA/USA_CSV0000000000014910.csv
2025-12-18 16:36:47 - exhaustive_index - INFO - Processing table 951 - datasets_USA/USA_CSV0000000000014915.csv
2025-12-18 16:36:47 - exhaustive_index - INFO - Table datasets_USA/USA_CSV0000000000014915.csv has 33999 rows and 4 columns
2025-12-18 16:36:47 - exhaustive_index - INFO - Processed table 951 - datasets_USA/USA_CSV0000000000014915.csv
2025-12-18 16:37:27 - exhaustive_index - INFO - Processing table 952 - datasets_USA/USA_CSV0000000000014928.csv
2025-12-18 16:37:27 - exhaustive_index - INFO - Table datasets_USA/USA_CSV0000000000014928.csv has 435 rows and 69 columns
2025-12-18 16:37:27 - exhaustive_index - INFO - Processed table 952 - datasets_USA/USA_CSV0000000000014928.csv
2025-12-18 16:37:34 - exhaustive_index - INFO - Processing table 953 - datasets_USA/USA_CSV0000000000014965__0.csv
2025-12-18 16:37:34 - exhaustive_index - INFO - Table datasets_USA/USA_CSV0000000000014965__0.csv has 137348 rows and 7 columns
2025-12-18 16:37:34 - exhaustive_index - INFO - Processed table 953 - datasets_USA/USA_CSV0000000000014965__0.csv
2025-12-18 16:37:35 - exhaustive_index - INFO - Processing table 954 - datasets_USA/USA_CSV0000000000014973.csv
2025-12-18 16:37:35 - exhaustive_index - INFO - Table datasets_USA/USA_CSV0000000000014973.csv has 594 rows and 5 columns
2025-12-18 16:37:35 - exhaustive_index - INFO - Processed table 954 - datasets_USA/USA_CSV0000000000014973.csv
2025-12-18 16:37:44 - exhaustive_index - INFO - Processing table 955 - datasets_USA/USA_CSV0000000000014979.csv
2025-12-18 16:37:44 - exhaustive_index - INFO - Table datasets_USA/USA_CSV0000000000014979.csv has 8873 rows and 28 columns
2025-12-18 16:37:44 - exhaustive_index - INFO - Processed table 955 - datasets_USA/USA_CSV0000000000014979.csv
2025-12-18 16:37:46 - exhaustive_index - INFO - Processing table 956 - datasets_USA/USA_CSV0000000000014984.csv
2025-12-18 16:37:46 - exhaustive_index - INFO - Table datasets_USA/USA_CSV0000000000014984.csv has 8760 rows and 21 columns
2025-12-18 16:37:46 - exhaustive_index - INFO - Processed table 956 - datasets_USA/USA_CSV0000000000014984.csv
2025-12-18 16:37:46 - exhaustive_index - INFO - Processing table 957 - datasets_USA/USA_CSV0000000000014992.csv
2025-12-18 16:37:46 - exhaustive_index - INFO - Table datasets_USA/USA_CSV0000000000014992.csv has 33967 rows and 4 columns
2025-12-18 16:37:46 - exhaustive_index - INFO - Processed table 957 - datasets_USA/USA_CSV0000000000014992.csv
2025-12-18 16:38:07 - exhaustive_index - INFO - Processing table 958 - datasets_USA/USA_CSV0000000000014995.csv
2025-12-18 16:38:07 - exhaustive_index - INFO - Table datasets_USA/USA_CSV0000000000014995.csv has 6986 rows and 87 columns
2025-12-18 16:38:07 - exhaustive_index - INFO - Processed table 958 - datasets_USA/USA_CSV0000000000014995.csv
2025-12-18 16:38:09 - exhaustive_index - INFO - Processing table 959 - datasets_USA/USA_CSV0000000000014996.csv
2025-12-18 16:38:09 - exhaustive_index - INFO - Table datasets_USA/USA_CSV0000000000014996.csv has 1778 rows and 19 columns
2025-12-18 16:38:09 - exhaustive_index - INFO - Processed table 959 - datasets_USA/USA_CSV0000000000014996.csv
2025-12-18 16:38:10 - exhaustive_index - INFO - Processing table 960 - datasets_USA/USA_CSV0000000000014999.csv
2025-12-18 16:38:10 - exhaustive_index - INFO - Table datasets_USA/USA_CSV0000000000014999.csv has 14674 rows and 11 columns
2025-12-18 16:38:10 - exhaustive_index - INFO - Processed table 960 - datasets_USA/USA_CSV0000000000014999.csv
2025-12-18 16:38:15 - exhaustive_index - INFO - Processing table 961 - datasets_USA/USA_CSV0000000000015007.csv
2025-12-18 16:38:15 - exhaustive_index - INFO - Table datasets_USA/USA_CSV0000000000015007.csv has 7225 rows and 23 columns
2025-12-18 16:38:15 - exhaustive_index - INFO - Processed table 961 - datasets_USA/USA_CSV0000000000015007.csv
2025-12-18 16:38:16 - exhaustive_index - INFO - Processing table 962 - datasets_USA/USA_CSV0000000000015014.csv
2025-12-18 16:38:16 - exhaustive_index - INFO - Table datasets_USA/USA_CSV0000000000015014.csv has 8760 rows and 21 columns
2025-12-18 16:38:16 - exhaustive_index - INFO - Processed table 962 - datasets_USA/USA_CSV0000000000015014.csv
2025-12-18 16:38:16 - exhaustive_index - INFO - Processing table 963 - datasets_USA/USA_CSV0000000000015029.csv
2025-12-18 16:38:16 - exhaustive_index - INFO - Table datasets_USA/USA_CSV0000000000015029.csv has 24010 rows and 3 columns
2025-12-18 16:38:16 - exhaustive_index - INFO - Processed table 963 - datasets_USA/USA_CSV0000000000015029.csv
2025-12-18 16:38:16 - exhaustive_index - INFO - Processing table 964 - datasets_USA/USA_CSV0000000000015049.csv
2025-12-18 16:38:16 - exhaustive_index - INFO - Table datasets_USA/USA_CSV0000000000015049.csv has 4562 rows and 8 columns
2025-12-18 16:38:16 - exhaustive_index - INFO - Processed table 964 - datasets_USA/USA_CSV0000000000015049.csv
2025-12-18 16:38:19 - exhaustive_index - INFO - Processing table 965 - datasets_USA/USA_CSV0000000000015054.csv
2025-12-18 16:38:19 - exhaustive_index - INFO - Table datasets_USA/USA_CSV0000000000015054.csv has 15225 rows and 11 columns
2025-12-18 16:38:19 - exhaustive_index - INFO - Processed table 965 - datasets_USA/USA_CSV0000000000015054.csv
2025-12-18 16:38:21 - exhaustive_index - INFO - Processing table 966 - datasets_USA/USA_CSV0000000000015060.csv
2025-12-18 16:38:21 - exhaustive_index - INFO - Table datasets_USA/USA_CSV0000000000015060.csv has 23619 rows and 22 columns
2025-12-18 16:38:21 - exhaustive_index - INFO - Processed table 966 - datasets_USA/USA_CSV0000000000015060.csv
2025-12-18 16:38:22 - exhaustive_index - INFO - Processing table 967 - datasets_USA/USA_CSV0000000000015061.csv
2025-12-18 16:38:22 - exhaustive_index - INFO - Table datasets_USA/USA_CSV0000000000015061.csv has 91 rows and 8 columns
2025-12-18 16:38:22 - exhaustive_index - INFO - Processed table 967 - datasets_USA/USA_CSV0000000000015061.csv
2025-12-18 16:38:24 - exhaustive_index - INFO - Processing table 968 - datasets_USA/USA_CSV0000000000015072.csv
2025-12-18 16:38:24 - exhaustive_index - INFO - Table datasets_USA/USA_CSV0000000000015072.csv has 8784 rows and 21 columns
2025-12-18 16:38:24 - exhaustive_index - INFO - Processed table 968 - datasets_USA/USA_CSV0000000000015072.csv
2025-12-18 16:38:48 - exhaustive_index - INFO - Processing table 969 - datasets_USA/USA_CSV0000000000015075.csv
2025-12-18 16:38:48 - exhaustive_index - INFO - Table datasets_USA/USA_CSV0000000000015075.csv has 9071 rows and 17 columns
2025-12-18 16:38:48 - exhaustive_index - INFO - Processed table 969 - datasets_USA/USA_CSV0000000000015075.csv
2025-12-18 16:38:50 - exhaustive_index - INFO - Processing table 970 - datasets_USA/USA_CSV0000000000015095.csv
2025-12-18 16:38:50 - exhaustive_index - INFO - Table datasets_USA/USA_CSV0000000000015095.csv has 7191 rows and 11 columns
2025-12-18 16:38:50 - exhaustive_index - INFO - Processed table 970 - datasets_USA/USA_CSV0000000000015095.csv
2025-12-18 16:38:51 - exhaustive_index - INFO - Processing table 971 - datasets_USA/USA_CSV0000000000015100.csv
2025-12-18 16:38:51 - exhaustive_index - INFO - Table datasets_USA/USA_CSV0000000000015100.csv has 8784 rows and 21 columns
2025-12-18 16:38:51 - exhaustive_index - INFO - Processed table 971 - datasets_USA/USA_CSV0000000000015100.csv
2025-12-18 16:38:52 - exhaustive_index - INFO - Processing table 972 - datasets_USA/USA_CSV0000000000015103.csv
2025-12-18 16:38:52 - exhaustive_index - INFO - Table datasets_USA/USA_CSV0000000000015103.csv has 8784 rows and 21 columns
2025-12-18 16:38:52 - exhaustive_index - INFO - Processed table 972 - datasets_USA/USA_CSV0000000000015103.csv
2025-12-18 16:38:59 - exhaustive_index - INFO - Processing table 973 - datasets_USA/USA_CSV0000000000015120.csv
2025-12-18 16:38:59 - exhaustive_index - INFO - Table datasets_USA/USA_CSV0000000000015120.csv has 3017 rows and 19 columns
2025-12-18 16:38:59 - exhaustive_index - INFO - Processed table 973 - datasets_USA/USA_CSV0000000000015120.csv
2025-12-18 16:39:00 - exhaustive_index - INFO - Processing table 974 - datasets_USA/USA_CSV0000000000015124.csv
2025-12-18 16:39:00 - exhaustive_index - INFO - Table datasets_USA/USA_CSV0000000000015124.csv has 143 rows and 20 columns
2025-12-18 16:39:00 - exhaustive_index - INFO - Processed table 974 - datasets_USA/USA_CSV0000000000015124.csv
2025-12-18 16:39:06 - exhaustive_index - INFO - Processing table 975 - datasets_USA/USA_CSV0000000000015129.csv
2025-12-18 16:39:06 - exhaustive_index - INFO - Table datasets_USA/USA_CSV0000000000015129.csv has 12627 rows and 19 columns
2025-12-18 16:39:06 - exhaustive_index - INFO - Processed table 975 - datasets_USA/USA_CSV0000000000015129.csv
2025-12-18 16:39:07 - exhaustive_index - INFO - Processing table 976 - datasets_USA/USA_CSV0000000000015138.csv
2025-12-18 16:39:07 - exhaustive_index - INFO - Table datasets_USA/USA_CSV0000000000015138.csv has 8760 rows and 21 columns
2025-12-18 16:39:07 - exhaustive_index - INFO - Processed table 976 - datasets_USA/USA_CSV0000000000015138.csv
2025-12-18 16:39:15 - exhaustive_index - INFO - Processing table 977 - datasets_USA/USA_CSV0000000000015146.csv
2025-12-18 16:39:15 - exhaustive_index - INFO - Table datasets_USA/USA_CSV0000000000015146.csv has 2398 rows and 28 columns
2025-12-18 16:39:15 - exhaustive_index - INFO - Processed table 977 - datasets_USA/USA_CSV0000000000015146.csv
2025-12-18 16:39:19 - exhaustive_index - INFO - Processing table 978 - datasets_USA/USA_CSV0000000000015149.csv
2025-12-18 16:39:19 - exhaustive_index - INFO - Table datasets_USA/USA_CSV0000000000015149.csv has 24023 rows and 10 columns
2025-12-18 16:39:19 - exhaustive_index - INFO - Processed table 978 - datasets_USA/USA_CSV0000000000015149.csv
2025-12-18 16:39:23 - exhaustive_index - INFO - Processing table 979 - datasets_USA/USA_CSV0000000000015180.csv
2025-12-18 16:39:23 - exhaustive_index - INFO - Table datasets_USA/USA_CSV0000000000015180.csv has 11596 rows and 14 columns
2025-12-18 16:39:23 - exhaustive_index - INFO - Processed table 979 - datasets_USA/USA_CSV0000000000015180.csv
2025-12-18 16:39:30 - exhaustive_index - INFO - Processing table 980 - datasets_USA/USA_CSV0000000000015208.csv
2025-12-18 16:39:30 - exhaustive_index - INFO - Table datasets_USA/USA_CSV0000000000015208.csv has 73804 rows and 10 columns
2025-12-18 16:39:30 - exhaustive_index - INFO - Processed table 980 - datasets_USA/USA_CSV0000000000015208.csv
2025-12-18 16:39:35 - exhaustive_index - INFO - Processing table 981 - datasets_USA/USA_CSV0000000000015210.csv
2025-12-18 16:39:35 - exhaustive_index - INFO - Table datasets_USA/USA_CSV0000000000015210.csv has 13203 rows and 14 columns
2025-12-18 16:39:35 - exhaustive_index - INFO - Processed table 981 - datasets_USA/USA_CSV0000000000015210.csv
2025-12-18 16:39:38 - exhaustive_index - INFO - Processing table 982 - datasets_USA/USA_CSV0000000000015211.csv
2025-12-18 16:39:38 - exhaustive_index - INFO - Table datasets_USA/USA_CSV0000000000015211.csv has 4683 rows and 13 columns
2025-12-18 16:39:38 - exhaustive_index - INFO - Processed table 982 - datasets_USA/USA_CSV0000000000015211.csv
2025-12-18 16:39:43 - exhaustive_index - INFO - Processing table 983 - datasets_USA/USA_CSV0000000000015228.csv
2025-12-18 16:39:43 - exhaustive_index - INFO - Table datasets_USA/USA_CSV0000000000015228.csv has 12892 rows and 19 columns
2025-12-18 16:39:43 - exhaustive_index - INFO - Processed table 983 - datasets_USA/USA_CSV0000000000015228.csv
2025-12-18 16:39:44 - exhaustive_index - INFO - Processing table 984 - datasets_USA/USA_CSV0000000000015235.csv
2025-12-18 16:39:44 - exhaustive_index - INFO - Table datasets_USA/USA_CSV0000000000015235.csv has 9986 rows and 13 columns
2025-12-18 16:39:44 - exhaustive_index - INFO - Processed table 984 - datasets_USA/USA_CSV0000000000015235.csv
2025-12-18 16:39:44 - exhaustive_index - INFO - Processing table 985 - datasets_USA/USA_CSV0000000000015236.csv
2025-12-18 16:39:44 - exhaustive_index - INFO - Table datasets_USA/USA_CSV0000000000015236.csv has 13119 rows and 4 columns
2025-12-18 16:39:44 - exhaustive_index - INFO - Processed table 985 - datasets_USA/USA_CSV0000000000015236.csv
2025-12-18 16:39:46 - exhaustive_index - INFO - Processing table 986 - datasets_USA/USA_CSV0000000000015245.csv
2025-12-18 16:39:46 - exhaustive_index - INFO - Table datasets_USA/USA_CSV0000000000015245.csv has 1574 rows and 8 columns
2025-12-18 16:39:46 - exhaustive_index - INFO - Processed table 986 - datasets_USA/USA_CSV0000000000015245.csv
2025-12-18 16:39:54 - exhaustive_index - INFO - Processing table 987 - datasets_USA/USA_CSV0000000000015246.csv
2025-12-18 16:39:54 - exhaustive_index - INFO - Table datasets_USA/USA_CSV0000000000015246.csv has 9938 rows and 14 columns
2025-12-18 16:39:54 - exhaustive_index - INFO - Processed table 987 - datasets_USA/USA_CSV0000000000015246.csv
2025-12-18 16:39:57 - exhaustive_index - INFO - Processing table 988 - datasets_USA/USA_CSV0000000000015253.csv
2025-12-18 16:39:57 - exhaustive_index - INFO - Table datasets_USA/USA_CSV0000000000015253.csv has 7164 rows and 22 columns
2025-12-18 16:39:57 - exhaustive_index - INFO - Processed table 988 - datasets_USA/USA_CSV0000000000015253.csv
2025-12-18 16:39:59 - exhaustive_index - INFO - Processing table 989 - datasets_USA/USA_CSV0000000000015254.csv
2025-12-18 16:39:59 - exhaustive_index - INFO - Table datasets_USA/USA_CSV0000000000015254.csv has 72705 rows and 6 columns
2025-12-18 16:39:59 - exhaustive_index - INFO - Processed table 989 - datasets_USA/USA_CSV0000000000015254.csv
2025-12-18 16:40:02 - exhaustive_index - INFO - Processing table 990 - datasets_USA/USA_CSV0000000000015256.csv
2025-12-18 16:40:02 - exhaustive_index - INFO - Table datasets_USA/USA_CSV0000000000015256.csv has 2058 rows and 17 columns
2025-12-18 16:40:02 - exhaustive_index - INFO - Processed table 990 - datasets_USA/USA_CSV0000000000015256.csv
2025-12-18 16:40:04 - exhaustive_index - INFO - Processing table 991 - datasets_USA/USA_CSV0000000000015264.csv
2025-12-18 16:40:04 - exhaustive_index - INFO - Table datasets_USA/USA_CSV0000000000015264.csv has 8760 rows and 21 columns
2025-12-18 16:40:04 - exhaustive_index - INFO - Processed table 991 - datasets_USA/USA_CSV0000000000015264.csv
2025-12-18 16:40:05 - exhaustive_index - INFO - Processing table 992 - datasets_USA/USA_CSV0000000000015267.csv
2025-12-18 16:40:05 - exhaustive_index - INFO - Table datasets_USA/USA_CSV0000000000015267.csv has 25536 rows and 6 columns
2025-12-18 16:40:05 - exhaustive_index - INFO - Processed table 992 - datasets_USA/USA_CSV0000000000015267.csv
2025-12-18 16:40:13 - exhaustive_index - INFO - Processing table 993 - datasets_USA/USA_CSV0000000000015271.csv
2025-12-18 16:40:13 - exhaustive_index - INFO - Table datasets_USA/USA_CSV0000000000015271.csv has 12680 rows and 12 columns
2025-12-18 16:40:13 - exhaustive_index - INFO - Processed table 993 - datasets_USA/USA_CSV0000000000015271.csv
2025-12-18 16:40:16 - exhaustive_index - INFO - Processing table 994 - datasets_USA/USA_CSV0000000000015303.csv
2025-12-18 16:40:16 - exhaustive_index - INFO - Table datasets_USA/USA_CSV0000000000015303.csv has 11916 rows and 22 columns
2025-12-18 16:40:16 - exhaustive_index - INFO - Processed table 994 - datasets_USA/USA_CSV0000000000015303.csv
2025-12-18 16:40:18 - exhaustive_index - INFO - Processing table 995 - datasets_USA/USA_CSV0000000000015305.csv
2025-12-18 16:40:18 - exhaustive_index - INFO - Table datasets_USA/USA_CSV0000000000015305.csv has 9667 rows and 25 columns
2025-12-18 16:40:18 - exhaustive_index - INFO - Processed table 995 - datasets_USA/USA_CSV0000000000015305.csv
2025-12-18 16:40:21 - exhaustive_index - INFO - Processing table 996 - datasets_USA/USA_CSV0000000000015309.csv
2025-12-18 16:40:21 - exhaustive_index - INFO - Table datasets_USA/USA_CSV0000000000015309.csv has 8784 rows and 21 columns
2025-12-18 16:40:21 - exhaustive_index - INFO - Processed table 996 - datasets_USA/USA_CSV0000000000015309.csv
2025-12-18 16:40:21 - exhaustive_index - INFO - Processing table 997 - datasets_USA/USA_CSV0000000000015310.csv
2025-12-18 16:40:21 - exhaustive_index - INFO - Table datasets_USA/USA_CSV0000000000015310.csv has 19362 rows and 6 columns
2025-12-18 16:40:21 - exhaustive_index - INFO - Processed table 997 - datasets_USA/USA_CSV0000000000015310.csv
2025-12-18 16:40:23 - exhaustive_index - INFO - Processing table 998 - datasets_USA/USA_CSV0000000000015317.csv
2025-12-18 16:40:23 - exhaustive_index - INFO - Table datasets_USA/USA_CSV0000000000015317.csv has 1375 rows and 10 columns
2025-12-18 16:40:23 - exhaustive_index - INFO - Processed table 998 - datasets_USA/USA_CSV0000000000015317.csv
2025-12-18 16:40:23 - exhaustive_index - INFO - Processing table 999 - datasets_USA/USA_CSV0000000000015320.csv
2025-12-18 16:40:23 - exhaustive_index - INFO - Table datasets_USA/USA_CSV0000000000015320.csv has 34482 rows and 4 columns
2025-12-18 16:40:23 - exhaustive_index - INFO - Processed table 999 - datasets_USA/USA_CSV0000000000015320.csv
2025-12-18 16:40:39 - exhaustive_index - INFO - Processing table 1000 - datasets_USA/USA_CSV0000000000015327.csv
2025-12-18 16:40:39 - exhaustive_index - INFO - Table datasets_USA/USA_CSV0000000000015327.csv has 3673 rows and 34 columns
2025-12-18 16:40:39 - exhaustive_index - INFO - Processed table 1000 - datasets_USA/USA_CSV0000000000015327.csv
2025-12-18 16:40:43 - exhaustive_index - INFO - Processing table 1001 - datasets_USA/USA_CSV0000000000015349.csv
2025-12-18 16:40:43 - exhaustive_index - INFO - Table datasets_USA/USA_CSV0000000000015349.csv has 8784 rows and 21 columns
2025-12-18 16:40:43 - exhaustive_index - INFO - Processed table 1001 - datasets_USA/USA_CSV0000000000015349.csv
2025-12-18 16:40:43 - exhaustive_index - INFO - Processing table 1002 - datasets_USA/USA_CSV0000000000015382.csv
2025-12-18 16:40:43 - exhaustive_index - INFO - Table datasets_USA/USA_CSV0000000000015382.csv has 9254 rows and 18 columns
2025-12-18 16:40:43 - exhaustive_index - INFO - Processed table 1002 - datasets_USA/USA_CSV0000000000015382.csv
2025-12-18 16:40:44 - exhaustive_index - INFO - Processing table 1003 - datasets_USA/USA_CSV0000000000015389.csv
2025-12-18 16:40:44 - exhaustive_index - INFO - Table datasets_USA/USA_CSV0000000000015389.csv has 13280 rows and 18 columns
2025-12-18 16:40:44 - exhaustive_index - INFO - Processed table 1003 - datasets_USA/USA_CSV0000000000015389.csv
2025-12-18 16:40:44 - exhaustive_index - INFO - Processing table 1004 - datasets_USA/USA_CSV0000000000015399.csv
2025-12-18 16:40:44 - exhaustive_index - INFO - Table datasets_USA/USA_CSV0000000000015399.csv has 20 rows and 7 columns
2025-12-18 16:40:44 - exhaustive_index - INFO - Processed table 1004 - datasets_USA/USA_CSV0000000000015399.csv
2025-12-18 16:40:51 - exhaustive_index - INFO - Processing table 1005 - datasets_USA/USA_CSV0000000000015407__74.csv
2025-12-18 16:40:51 - exhaustive_index - INFO - Table datasets_USA/USA_CSV0000000000015407__74.csv has 55555 rows and 11 columns
2025-12-18 16:40:51 - exhaustive_index - INFO - Processed table 1005 - datasets_USA/USA_CSV0000000000015407__74.csv
2025-12-18 16:40:53 - exhaustive_index - INFO - Processing table 1006 - datasets_USA/USA_CSV0000000000015408.csv
2025-12-18 16:40:53 - exhaustive_index - INFO - Table datasets_USA/USA_CSV0000000000015408.csv has 2645 rows and 13 columns
2025-12-18 16:40:53 - exhaustive_index - INFO - Processed table 1006 - datasets_USA/USA_CSV0000000000015408.csv
2025-12-18 16:40:55 - exhaustive_index - INFO - Processing table 1007 - datasets_USA/USA_CSV0000000000015412.csv
2025-12-18 16:40:55 - exhaustive_index - INFO - Table datasets_USA/USA_CSV0000000000015412.csv has 34275 rows and 9 columns
2025-12-18 16:40:55 - exhaustive_index - INFO - Processed table 1007 - datasets_USA/USA_CSV0000000000015412.csv
2025-12-18 16:40:57 - exhaustive_index - INFO - Processing table 1008 - datasets_USA/USA_CSV0000000000015420.csv
2025-12-18 16:40:57 - exhaustive_index - INFO - Table datasets_USA/USA_CSV0000000000015420.csv has 8760 rows and 21 columns
2025-12-18 16:40:57 - exhaustive_index - INFO - Processed table 1008 - datasets_USA/USA_CSV0000000000015420.csv
2025-12-18 16:41:00 - exhaustive_index - INFO - Processing table 1009 - datasets_USA/USA_CSV0000000000015457.csv
2025-12-18 16:41:00 - exhaustive_index - INFO - Table datasets_USA/USA_CSV0000000000015457.csv has 8784 rows and 21 columns
2025-12-18 16:41:00 - exhaustive_index - INFO - Processed table 1009 - datasets_USA/USA_CSV0000000000015457.csv
2025-12-18 16:41:04 - exhaustive_index - INFO - Processing table 1010 - datasets_USA/USA_CSV0000000000015466.csv
2025-12-18 16:41:04 - exhaustive_index - INFO - Table datasets_USA/USA_CSV0000000000015466.csv has 966 rows and 18 columns
2025-12-18 16:41:04 - exhaustive_index - INFO - Processed table 1010 - datasets_USA/USA_CSV0000000000015466.csv
2025-12-18 16:41:11 - exhaustive_index - INFO - Processing table 1011 - datasets_USA/USA_CSV0000000000015467.csv
2025-12-18 16:41:11 - exhaustive_index - INFO - Table datasets_USA/USA_CSV0000000000015467.csv has 14847 rows and 12 columns
2025-12-18 16:41:11 - exhaustive_index - INFO - Processed table 1011 - datasets_USA/USA_CSV0000000000015467.csv
2025-12-18 16:41:15 - exhaustive_index - INFO - Processing table 1012 - datasets_USA/USA_CSV0000000000015470.csv
2025-12-18 16:41:15 - exhaustive_index - INFO - Table datasets_USA/USA_CSV0000000000015470.csv has 1148 rows and 15 columns
2025-12-18 16:41:15 - exhaustive_index - INFO - Processed table 1012 - datasets_USA/USA_CSV0000000000015470.csv
2025-12-18 16:41:15 - exhaustive_index - INFO - Processing table 1013 - datasets_USA/USA_CSV0000000000015474.csv
2025-12-18 16:41:15 - exhaustive_index - INFO - Table datasets_USA/USA_CSV0000000000015474.csv has 33912 rows and 4 columns
2025-12-18 16:41:15 - exhaustive_index - INFO - Processed table 1013 - datasets_USA/USA_CSV0000000000015474.csv
2025-12-18 16:41:15 - exhaustive_index - INFO - Processing table 1014 - datasets_USA/USA_CSV0000000000015479.csv
2025-12-18 16:41:15 - exhaustive_index - INFO - Table datasets_USA/USA_CSV0000000000015479.csv has 25 rows and 3 columns
2025-12-18 16:41:15 - exhaustive_index - INFO - Processed table 1014 - datasets_USA/USA_CSV0000000000015479.csv
2025-12-18 16:41:16 - exhaustive_index - INFO - Processing table 1015 - datasets_USA/USA_CSV0000000000015487.csv
2025-12-18 16:41:16 - exhaustive_index - INFO - Table datasets_USA/USA_CSV0000000000015487.csv has 144 rows and 19 columns
2025-12-18 16:41:16 - exhaustive_index - INFO - Processed table 1015 - datasets_USA/USA_CSV0000000000015487.csv
2025-12-18 16:41:17 - exhaustive_index - INFO - Processing table 1016 - datasets_USA/USA_CSV0000000000015493.csv
2025-12-18 16:41:17 - exhaustive_index - INFO - Table datasets_USA/USA_CSV0000000000015493.csv has 605 rows and 5 columns
2025-12-18 16:41:17 - exhaustive_index - INFO - Processed table 1016 - datasets_USA/USA_CSV0000000000015493.csv
2025-12-18 16:41:18 - exhaustive_index - INFO - Processing table 1017 - datasets_USA/USA_CSV0000000000015520.csv
2025-12-18 16:41:18 - exhaustive_index - INFO - Table datasets_USA/USA_CSV0000000000015520.csv has 8760 rows and 21 columns
2025-12-18 16:41:18 - exhaustive_index - INFO - Processed table 1017 - datasets_USA/USA_CSV0000000000015520.csv
2025-12-18 16:41:19 - exhaustive_index - INFO - Processing table 1018 - datasets_USA/USA_CSV0000000000015533.csv
2025-12-18 16:41:19 - exhaustive_index - INFO - Table datasets_USA/USA_CSV0000000000015533.csv has 19680 rows and 9 columns
2025-12-18 16:41:19 - exhaustive_index - INFO - Processed table 1018 - datasets_USA/USA_CSV0000000000015533.csv
2025-12-18 16:41:21 - exhaustive_index - INFO - Processing table 1019 - datasets_USA/USA_CSV0000000000015538.csv
2025-12-18 16:41:21 - exhaustive_index - INFO - Table datasets_USA/USA_CSV0000000000015538.csv has 8760 rows and 21 columns
2025-12-18 16:41:21 - exhaustive_index - INFO - Processed table 1019 - datasets_USA/USA_CSV0000000000015538.csv
2025-12-18 16:41:23 - exhaustive_index - INFO - Processing table 1020 - datasets_USA/USA_CSV0000000000015549.csv
2025-12-18 16:41:23 - exhaustive_index - INFO - Table datasets_USA/USA_CSV0000000000015549.csv has 9541 rows and 22 columns
2025-12-18 16:41:23 - exhaustive_index - INFO - Processed table 1020 - datasets_USA/USA_CSV0000000000015549.csv
2025-12-18 16:41:24 - exhaustive_index - INFO - Processing table 1021 - datasets_USA/USA_CSV0000000000015551.csv
2025-12-18 16:41:24 - exhaustive_index - INFO - Table datasets_USA/USA_CSV0000000000015551.csv has 13335 rows and 17 columns
2025-12-18 16:41:24 - exhaustive_index - INFO - Processed table 1021 - datasets_USA/USA_CSV0000000000015551.csv
2025-12-18 16:41:28 - exhaustive_index - INFO - Processing table 1022 - datasets_USA/USA_CSV0000000000015558.csv
2025-12-18 16:41:28 - exhaustive_index - INFO - Table datasets_USA/USA_CSV0000000000015558.csv has 25423 rows and 15 columns
2025-12-18 16:41:28 - exhaustive_index - INFO - Processed table 1022 - datasets_USA/USA_CSV0000000000015558.csv
2025-12-18 16:41:29 - exhaustive_index - INFO - Processing table 1023 - datasets_USA/USA_CSV0000000000015585.csv
2025-12-18 16:41:29 - exhaustive_index - INFO - Table datasets_USA/USA_CSV0000000000015585.csv has 846 rows and 6 columns
2025-12-18 16:41:29 - exhaustive_index - INFO - Processed table 1023 - datasets_USA/USA_CSV0000000000015585.csv
2025-12-18 16:41:35 - exhaustive_index - INFO - Processing table 1024 - datasets_USA/USA_CSV0000000000015588.csv
2025-12-18 16:41:35 - exhaustive_index - INFO - Table datasets_USA/USA_CSV0000000000015588.csv has 17031 rows and 20 columns
2025-12-18 16:41:35 - exhaustive_index - INFO - Processed table 1024 - datasets_USA/USA_CSV0000000000015588.csv
2025-12-18 16:41:37 - exhaustive_index - INFO - Processing table 1025 - datasets_USA/USA_CSV0000000000015589.csv
2025-12-18 16:41:37 - exhaustive_index - INFO - Table datasets_USA/USA_CSV0000000000015589.csv has 31512 rows and 13 columns
2025-12-18 16:41:37 - exhaustive_index - INFO - Processed table 1025 - datasets_USA/USA_CSV0000000000015589.csv
2025-12-18 16:41:39 - exhaustive_index - INFO - Processing table 1026 - datasets_USA/USA_CSV0000000000015621.csv
2025-12-18 16:41:39 - exhaustive_index - INFO - Table datasets_USA/USA_CSV0000000000015621.csv has 15104 rows and 11 columns
2025-12-18 16:41:39 - exhaustive_index - INFO - Processed table 1026 - datasets_USA/USA_CSV0000000000015621.csv
2025-12-18 16:41:39 - exhaustive_index - INFO - Processing table 1027 - datasets_USA/USA_CSV0000000000015638.csv
2025-12-18 16:41:39 - exhaustive_index - INFO - Table datasets_USA/USA_CSV0000000000015638.csv has 77469 rows and 3 columns
2025-12-18 16:41:39 - exhaustive_index - INFO - Processed table 1027 - datasets_USA/USA_CSV0000000000015638.csv
2025-12-18 16:41:42 - exhaustive_index - INFO - Processing table 1028 - datasets_USA/USA_CSV0000000000015655.csv
2025-12-18 16:41:42 - exhaustive_index - INFO - Table datasets_USA/USA_CSV0000000000015655.csv has 8760 rows and 21 columns
2025-12-18 16:41:42 - exhaustive_index - INFO - Processed table 1028 - datasets_USA/USA_CSV0000000000015655.csv
2025-12-18 16:41:43 - exhaustive_index - INFO - Processing table 1029 - datasets_USA/USA_CSV0000000000015662.csv
2025-12-18 16:41:43 - exhaustive_index - INFO - Table datasets_USA/USA_CSV0000000000015662.csv has 30633 rows and 11 columns
2025-12-18 16:41:43 - exhaustive_index - INFO - Processed table 1029 - datasets_USA/USA_CSV0000000000015662.csv
2025-12-18 16:41:43 - exhaustive_index - INFO - Processing table 1030 - datasets_USA/USA_CSV0000000000015677.csv
2025-12-18 16:41:43 - exhaustive_index - INFO - Table datasets_USA/USA_CSV0000000000015677.csv has 11 rows and 5 columns
2025-12-18 16:41:43 - exhaustive_index - INFO - Processed table 1030 - datasets_USA/USA_CSV0000000000015677.csv
2025-12-18 16:41:57 - exhaustive_index - INFO - Processing table 1031 - datasets_USA/USA_CSV0000000000015682.csv
2025-12-18 16:41:57 - exhaustive_index - INFO - Table datasets_USA/USA_CSV0000000000015682.csv has 11391 rows and 22 columns
2025-12-18 16:41:57 - exhaustive_index - INFO - Processed table 1031 - datasets_USA/USA_CSV0000000000015682.csv
2025-12-18 16:42:05 - exhaustive_index - INFO - Processing table 1032 - datasets_USA/USA_CSV0000000000015691.csv
2025-12-18 16:42:05 - exhaustive_index - INFO - Table datasets_USA/USA_CSV0000000000015691.csv has 7280 rows and 17 columns
2025-12-18 16:42:05 - exhaustive_index - INFO - Processed table 1032 - datasets_USA/USA_CSV0000000000015691.csv
2025-12-18 16:42:07 - exhaustive_index - INFO - Processing table 1033 - datasets_USA/USA_CSV0000000000015700.csv
2025-12-18 16:42:07 - exhaustive_index - INFO - Table datasets_USA/USA_CSV0000000000015700.csv has 8760 rows and 21 columns
2025-12-18 16:42:07 - exhaustive_index - INFO - Processed table 1033 - datasets_USA/USA_CSV0000000000015700.csv
2025-12-18 16:42:47 - exhaustive_index - INFO - Processing table 1034 - datasets_USA/USA_CSV0000000000015705.csv
2025-12-18 16:42:47 - exhaustive_index - INFO - Table datasets_USA/USA_CSV0000000000015705.csv has 4154 rows and 55 columns
2025-12-18 16:42:47 - exhaustive_index - INFO - Processed table 1034 - datasets_USA/USA_CSV0000000000015705.csv
2025-12-18 16:42:49 - exhaustive_index - INFO - Processing table 1035 - datasets_USA/USA_CSV0000000000015727.csv
2025-12-18 16:42:49 - exhaustive_index - INFO - Table datasets_USA/USA_CSV0000000000015727.csv has 58459 rows and 6 columns
2025-12-18 16:42:49 - exhaustive_index - INFO - Processed table 1035 - datasets_USA/USA_CSV0000000000015727.csv
2025-12-18 16:42:52 - exhaustive_index - INFO - Processing table 1036 - datasets_USA/USA_CSV0000000000015738.csv
2025-12-18 16:42:52 - exhaustive_index - INFO - Table datasets_USA/USA_CSV0000000000015738.csv has 8760 rows and 21 columns
2025-12-18 16:42:52 - exhaustive_index - INFO - Processed table 1036 - datasets_USA/USA_CSV0000000000015738.csv
2025-12-18 16:43:28 - exhaustive_index - INFO - Processing table 1037 - datasets_USA/USA_CSV0000000000015739.csv
2025-12-18 16:43:28 - exhaustive_index - INFO - Table datasets_USA/USA_CSV0000000000015739.csv has 6310 rows and 34 columns
2025-12-18 16:43:28 - exhaustive_index - INFO - Processed table 1037 - datasets_USA/USA_CSV0000000000015739.csv
2025-12-18 16:43:29 - exhaustive_index - INFO - Processing table 1038 - datasets_USA/USA_CSV0000000000015773.csv
2025-12-18 16:43:29 - exhaustive_index - INFO - Table datasets_USA/USA_CSV0000000000015773.csv has 17326 rows and 5 columns
2025-12-18 16:43:29 - exhaustive_index - INFO - Processed table 1038 - datasets_USA/USA_CSV0000000000015773.csv
2025-12-18 16:43:30 - exhaustive_index - INFO - Processing table 1039 - datasets_USA/USA_CSV0000000000015789.csv
2025-12-18 16:43:30 - exhaustive_index - INFO - Table datasets_USA/USA_CSV0000000000015789.csv has 31663 rows and 7 columns
2025-12-18 16:43:30 - exhaustive_index - INFO - Processed table 1039 - datasets_USA/USA_CSV0000000000015789.csv
2025-12-18 16:43:31 - exhaustive_index - INFO - Processing table 1040 - datasets_USA/USA_CSV0000000000015791.csv
2025-12-18 16:43:31 - exhaustive_index - INFO - Table datasets_USA/USA_CSV0000000000015791.csv has 19988 rows and 9 columns
2025-12-18 16:43:31 - exhaustive_index - INFO - Processed table 1040 - datasets_USA/USA_CSV0000000000015791.csv
2025-12-18 16:43:37 - exhaustive_index - INFO - Processing table 1041 - datasets_USA/USA_CSV0000000000015825.csv
2025-12-18 16:43:37 - exhaustive_index - INFO - Table datasets_USA/USA_CSV0000000000015825.csv has 14499 rows and 13 columns
2025-12-18 16:43:37 - exhaustive_index - INFO - Processed table 1041 - datasets_USA/USA_CSV0000000000015825.csv
2025-12-18 16:43:38 - exhaustive_index - INFO - Processing table 1042 - datasets_USA/USA_CSV0000000000015828.csv
2025-12-18 16:43:38 - exhaustive_index - INFO - Table datasets_USA/USA_CSV0000000000015828.csv has 7302 rows and 12 columns
2025-12-18 16:43:38 - exhaustive_index - INFO - Processed table 1042 - datasets_USA/USA_CSV0000000000015828.csv
2025-12-18 16:43:39 - exhaustive_index - INFO - Processing table 1043 - datasets_USA/USA_CSV0000000000015831.csv
2025-12-18 16:43:39 - exhaustive_index - INFO - Table datasets_USA/USA_CSV0000000000015831.csv has 8784 rows and 21 columns
2025-12-18 16:43:39 - exhaustive_index - INFO - Processed table 1043 - datasets_USA/USA_CSV0000000000015831.csv
2025-12-18 16:43:41 - exhaustive_index - INFO - Processing table 1044 - datasets_USA/USA_CSV0000000000015846.csv
2025-12-18 16:43:41 - exhaustive_index - INFO - Table datasets_USA/USA_CSV0000000000015846.csv has 5848 rows and 16 columns
2025-12-18 16:43:41 - exhaustive_index - INFO - Processed table 1044 - datasets_USA/USA_CSV0000000000015846.csv
2025-12-18 16:43:42 - exhaustive_index - INFO - Processing table 1045 - datasets_USA/USA_CSV0000000000015850.csv
2025-12-18 16:43:42 - exhaustive_index - INFO - Table datasets_USA/USA_CSV0000000000015850.csv has 12011 rows and 9 columns
2025-12-18 16:43:42 - exhaustive_index - INFO - Processed table 1045 - datasets_USA/USA_CSV0000000000015850.csv
2025-12-18 16:43:45 - exhaustive_index - INFO - Processing table 1046 - datasets_USA/USA_CSV0000000000015857.csv
2025-12-18 16:43:45 - exhaustive_index - INFO - Table datasets_USA/USA_CSV0000000000015857.csv has 16122 rows and 11 columns
2025-12-18 16:43:45 - exhaustive_index - INFO - Processed table 1046 - datasets_USA/USA_CSV0000000000015857.csv
2025-12-18 16:43:48 - exhaustive_index - INFO - Processing table 1047 - datasets_USA/USA_CSV0000000000015864.csv
2025-12-18 16:43:48 - exhaustive_index - INFO - Table datasets_USA/USA_CSV0000000000015864.csv has 8760 rows and 21 columns
2025-12-18 16:43:48 - exhaustive_index - INFO - Processed table 1047 - datasets_USA/USA_CSV0000000000015864.csv
2025-12-18 16:43:51 - exhaustive_index - INFO - Processing table 1048 - datasets_USA/USA_CSV0000000000015872.csv
2025-12-18 16:43:51 - exhaustive_index - INFO - Table datasets_USA/USA_CSV0000000000015872.csv has 8784 rows and 21 columns
2025-12-18 16:43:51 - exhaustive_index - INFO - Processed table 1048 - datasets_USA/USA_CSV0000000000015872.csv
2025-12-18 16:43:51 - exhaustive_index - INFO - Processing table 1049 - datasets_USA/USA_CSV0000000000015874.csv
2025-12-18 16:43:51 - exhaustive_index - INFO - Table datasets_USA/USA_CSV0000000000015874.csv has 1478 rows and 5 columns
2025-12-18 16:43:51 - exhaustive_index - INFO - Processed table 1049 - datasets_USA/USA_CSV0000000000015874.csv
2025-12-18 16:43:53 - exhaustive_index - INFO - Processing table 1050 - datasets_USA/USA_CSV0000000000015891.csv
2025-12-18 16:43:53 - exhaustive_index - INFO - Table datasets_USA/USA_CSV0000000000015891.csv has 18191 rows and 11 columns
2025-12-18 16:43:53 - exhaustive_index - INFO - Processed table 1050 - datasets_USA/USA_CSV0000000000015891.csv
2025-12-18 16:43:55 - exhaustive_index - INFO - Processing table 1051 - datasets_USA/USA_CSV0000000000015893.csv
2025-12-18 16:43:55 - exhaustive_index - INFO - Table datasets_USA/USA_CSV0000000000015893.csv has 8521 rows and 10 columns
2025-12-18 16:43:55 - exhaustive_index - INFO - Processed table 1051 - datasets_USA/USA_CSV0000000000015893.csv
2025-12-18 16:46:40 - exhaustive_index - INFO - Processing table 1052 - datasets_USA/USA_CSV0000000000015897.csv
2025-12-18 16:46:40 - exhaustive_index - INFO - Table datasets_USA/USA_CSV0000000000015897.csv has 893 rows and 91 columns
2025-12-18 16:46:40 - exhaustive_index - INFO - Processed table 1052 - datasets_USA/USA_CSV0000000000015897.csv
2025-12-18 16:46:46 - exhaustive_index - INFO - Processing table 1053 - datasets_USA/USA_CSV0000000000015922.csv
2025-12-18 16:46:46 - exhaustive_index - INFO - Table datasets_USA/USA_CSV0000000000015922.csv has 40786 rows and 12 columns
2025-12-18 16:46:46 - exhaustive_index - INFO - Processed table 1053 - datasets_USA/USA_CSV0000000000015922.csv
2025-12-18 16:46:46 - exhaustive_index - INFO - Processing table 1054 - datasets_USA/USA_CSV0000000000015924.csv
2025-12-18 16:46:46 - exhaustive_index - INFO - Table datasets_USA/USA_CSV0000000000015924.csv has 135 rows and 9 columns
2025-12-18 16:46:46 - exhaustive_index - INFO - Processed table 1054 - datasets_USA/USA_CSV0000000000015924.csv
2025-12-18 16:46:47 - exhaustive_index - INFO - Processing table 1055 - datasets_USA/USA_CSV0000000000015929.csv
2025-12-18 16:46:47 - exhaustive_index - INFO - Table datasets_USA/USA_CSV0000000000015929.csv has 8760 rows and 21 columns
2025-12-18 16:46:47 - exhaustive_index - INFO - Processed table 1055 - datasets_USA/USA_CSV0000000000015929.csv
2025-12-18 16:46:49 - exhaustive_index - INFO - Processing table 1056 - datasets_USA/USA_CSV0000000000015932.csv
2025-12-18 16:46:49 - exhaustive_index - INFO - Table datasets_USA/USA_CSV0000000000015932.csv has 8760 rows and 21 columns
2025-12-18 16:46:49 - exhaustive_index - INFO - Processed table 1056 - datasets_USA/USA_CSV0000000000015932.csv
2025-12-18 16:46:49 - exhaustive_index - INFO - Processing table 1057 - datasets_USA/USA_CSV0000000000015942.csv
2025-12-18 16:46:49 - exhaustive_index - INFO - Table datasets_USA/USA_CSV0000000000015942.csv has 23200 rows and 6 columns
2025-12-18 16:46:49 - exhaustive_index - INFO - Processed table 1057 - datasets_USA/USA_CSV0000000000015942.csv
2025-12-18 16:46:51 - exhaustive_index - INFO - Processing table 1058 - datasets_USA/USA_CSV0000000000015945.csv
2025-12-18 16:46:51 - exhaustive_index - INFO - Table datasets_USA/USA_CSV0000000000015945.csv has 8760 rows and 21 columns
2025-12-18 16:46:51 - exhaustive_index - INFO - Processed table 1058 - datasets_USA/USA_CSV0000000000015945.csv
2025-12-18 16:46:51 - exhaustive_index - INFO - Processing table 1059 - datasets_USA/USA_CSV0000000000015992.csv
2025-12-18 16:46:51 - exhaustive_index - INFO - Table datasets_USA/USA_CSV0000000000015992.csv has 34010 rows and 4 columns
2025-12-18 16:46:51 - exhaustive_index - INFO - Processed table 1059 - datasets_USA/USA_CSV0000000000015992.csv
2025-12-18 16:46:52 - exhaustive_index - INFO - Processing table 1060 - datasets_USA/USA_CSV0000000000016007.csv
2025-12-18 16:46:52 - exhaustive_index - INFO - Table datasets_USA/USA_CSV0000000000016007.csv has 89 rows and 8 columns
2025-12-18 16:46:52 - exhaustive_index - INFO - Processed table 1060 - datasets_USA/USA_CSV0000000000016007.csv
2025-12-18 16:46:52 - exhaustive_index - INFO - Processing table 1061 - datasets_USA/USA_CSV0000000000016033.csv
2025-12-18 16:46:52 - exhaustive_index - INFO - Table datasets_USA/USA_CSV0000000000016033.csv has 34482 rows and 4 columns
2025-12-18 16:46:52 - exhaustive_index - INFO - Processed table 1061 - datasets_USA/USA_CSV0000000000016033.csv
2025-12-18 16:47:20 - exhaustive_index - INFO - Processing table 1062 - datasets_USA/USA_CSV0000000000016034.csv
2025-12-18 16:47:20 - exhaustive_index - INFO - Table datasets_USA/USA_CSV0000000000016034.csv has 14543 rows and 24 columns
2025-12-18 16:47:20 - exhaustive_index - INFO - Processed table 1062 - datasets_USA/USA_CSV0000000000016034.csv
2025-12-18 16:47:20 - exhaustive_index - INFO - Processing table 1063 - datasets_USA/USA_CSV0000000000016039.csv
2025-12-18 16:47:20 - exhaustive_index - INFO - Table datasets_USA/USA_CSV0000000000016039.csv has 23089 rows and 8 columns
2025-12-18 16:47:20 - exhaustive_index - INFO - Processed table 1063 - datasets_USA/USA_CSV0000000000016039.csv
2025-12-18 16:47:20 - exhaustive_index - INFO - Processing table 1064 - datasets_USA/USA_CSV0000000000016076.csv
2025-12-18 16:47:20 - exhaustive_index - INFO - Table datasets_USA/USA_CSV0000000000016076.csv has 88 rows and 10 columns
2025-12-18 16:47:20 - exhaustive_index - INFO - Processed table 1064 - datasets_USA/USA_CSV0000000000016076.csv
2025-12-18 16:47:22 - exhaustive_index - INFO - Processing table 1065 - datasets_USA/USA_CSV0000000000016114.csv
2025-12-18 16:47:22 - exhaustive_index - INFO - Table datasets_USA/USA_CSV0000000000016114.csv has 19492 rows and 22 columns
2025-12-18 16:47:22 - exhaustive_index - INFO - Processed table 1065 - datasets_USA/USA_CSV0000000000016114.csv
2025-12-18 16:47:25 - exhaustive_index - INFO - Processing table 1066 - datasets_USA/USA_CSV0000000000016117.csv
2025-12-18 16:47:25 - exhaustive_index - INFO - Table datasets_USA/USA_CSV0000000000016117.csv has 8760 rows and 21 columns
2025-12-18 16:47:25 - exhaustive_index - INFO - Processed table 1066 - datasets_USA/USA_CSV0000000000016117.csv
2025-12-18 16:47:26 - exhaustive_index - INFO - Processing table 1067 - datasets_USA/USA_CSV0000000000016127.csv
2025-12-18 16:47:26 - exhaustive_index - INFO - Table datasets_USA/USA_CSV0000000000016127.csv has 8557 rows and 8 columns
2025-12-18 16:47:26 - exhaustive_index - INFO - Processed table 1067 - datasets_USA/USA_CSV0000000000016127.csv
2025-12-18 16:47:28 - exhaustive_index - INFO - Processing table 1068 - datasets_USA/USA_CSV0000000000016130.csv
2025-12-18 16:47:28 - exhaustive_index - INFO - Table datasets_USA/USA_CSV0000000000016130.csv has 7445 rows and 22 columns
2025-12-18 16:47:28 - exhaustive_index - INFO - Processed table 1068 - datasets_USA/USA_CSV0000000000016130.csv
2025-12-18 16:48:52 - exhaustive_index - INFO - Processing table 1069 - datasets_USA/USA_CSV0000000000016143.csv
2025-12-18 16:48:52 - exhaustive_index - INFO - Table datasets_USA/USA_CSV0000000000016143.csv has 24599 rows and 21 columns
2025-12-18 16:48:52 - exhaustive_index - INFO - Processed table 1069 - datasets_USA/USA_CSV0000000000016143.csv
2025-12-18 16:48:55 - exhaustive_index - INFO - Processing table 1070 - datasets_USA/USA_CSV0000000000016171.csv
2025-12-18 16:48:55 - exhaustive_index - INFO - Table datasets_USA/USA_CSV0000000000016171.csv has 7395 rows and 22 columns
2025-12-18 16:48:55 - exhaustive_index - INFO - Processed table 1070 - datasets_USA/USA_CSV0000000000016171.csv
2025-12-18 16:48:57 - exhaustive_index - INFO - Processing table 1071 - datasets_USA/USA_CSV0000000000016178.csv
2025-12-18 16:48:57 - exhaustive_index - INFO - Table datasets_USA/USA_CSV0000000000016178.csv has 12392 rows and 10 columns
2025-12-18 16:48:57 - exhaustive_index - INFO - Processed table 1071 - datasets_USA/USA_CSV0000000000016178.csv
2025-12-18 16:49:06 - exhaustive_index - INFO - Processing table 1072 - datasets_USA/USA_CSV0000000000016183.csv
2025-12-18 16:49:06 - exhaustive_index - INFO - Table datasets_USA/USA_CSV0000000000016183.csv has 6099 rows and 41 columns
2025-12-18 16:49:06 - exhaustive_index - INFO - Processed table 1072 - datasets_USA/USA_CSV0000000000016183.csv
2025-12-18 16:49:08 - exhaustive_index - INFO - Processing table 1073 - datasets_USA/USA_CSV0000000000016186.csv
2025-12-18 16:49:08 - exhaustive_index - INFO - Table datasets_USA/USA_CSV0000000000016186.csv has 21441 rows and 11 columns
2025-12-18 16:49:08 - exhaustive_index - INFO - Processed table 1073 - datasets_USA/USA_CSV0000000000016186.csv
2025-12-18 16:49:09 - exhaustive_index - INFO - Processing table 1074 - datasets_USA/USA_CSV0000000000016194.csv
2025-12-18 16:49:09 - exhaustive_index - INFO - Table datasets_USA/USA_CSV0000000000016194.csv has 72303 rows and 5 columns
2025-12-18 16:49:09 - exhaustive_index - INFO - Processed table 1074 - datasets_USA/USA_CSV0000000000016194.csv
2025-12-18 16:49:10 - exhaustive_index - INFO - Processing table 1075 - datasets_USA/USA_CSV0000000000016196.csv
2025-12-18 16:49:10 - exhaustive_index - INFO - Table datasets_USA/USA_CSV0000000000016196.csv has 126 rows and 8 columns
2025-12-18 16:49:10 - exhaustive_index - INFO - Processed table 1075 - datasets_USA/USA_CSV0000000000016196.csv
2025-12-18 16:49:45 - exhaustive_index - INFO - Processing table 1076 - datasets_USA/USA_CSV0000000000016210.csv
2025-12-18 16:49:45 - exhaustive_index - INFO - Table datasets_USA/USA_CSV0000000000016210.csv has 11145 rows and 31 columns
2025-12-18 16:49:45 - exhaustive_index - INFO - Processed table 1076 - datasets_USA/USA_CSV0000000000016210.csv
2025-12-18 16:49:48 - exhaustive_index - INFO - Processing table 1077 - datasets_USA/USA_CSV0000000000016213.csv
2025-12-18 16:49:48 - exhaustive_index - INFO - Table datasets_USA/USA_CSV0000000000016213.csv has 16057 rows and 11 columns
2025-12-18 16:49:48 - exhaustive_index - INFO - Processed table 1077 - datasets_USA/USA_CSV0000000000016213.csv
2025-12-18 16:49:49 - exhaustive_index - INFO - Processing table 1078 - datasets_USA/USA_CSV0000000000016239.csv
2025-12-18 16:49:49 - exhaustive_index - INFO - Table datasets_USA/USA_CSV0000000000016239.csv has 13399 rows and 18 columns
2025-12-18 16:49:49 - exhaustive_index - INFO - Processed table 1078 - datasets_USA/USA_CSV0000000000016239.csv
2025-12-18 16:49:50 - exhaustive_index - INFO - Processing table 1079 - datasets_USA/USA_CSV0000000000016243.csv
2025-12-18 16:49:50 - exhaustive_index - INFO - Table datasets_USA/USA_CSV0000000000016243.csv has 24010 rows and 3 columns
2025-12-18 16:49:50 - exhaustive_index - INFO - Processed table 1079 - datasets_USA/USA_CSV0000000000016243.csv
2025-12-18 16:49:50 - exhaustive_index - INFO - Processing table 1080 - datasets_USA/USA_CSV0000000000016244.csv
2025-12-18 16:49:50 - exhaustive_index - INFO - Table datasets_USA/USA_CSV0000000000016244.csv has 34012 rows and 4 columns
2025-12-18 16:49:50 - exhaustive_index - INFO - Processed table 1080 - datasets_USA/USA_CSV0000000000016244.csv
2025-12-18 16:49:51 - exhaustive_index - INFO - Processing table 1081 - datasets_USA/USA_CSV0000000000016264.csv
2025-12-18 16:49:51 - exhaustive_index - INFO - Table datasets_USA/USA_CSV0000000000016264.csv has 13482 rows and 7 columns
2025-12-18 16:49:51 - exhaustive_index - INFO - Processed table 1081 - datasets_USA/USA_CSV0000000000016264.csv
2025-12-18 16:49:54 - exhaustive_index - INFO - Processing table 1082 - datasets_USA/USA_CSV0000000000016266.csv
2025-12-18 16:49:54 - exhaustive_index - INFO - Table datasets_USA/USA_CSV0000000000016266.csv has 15132 rows and 11 columns
2025-12-18 16:49:54 - exhaustive_index - INFO - Processed table 1082 - datasets_USA/USA_CSV0000000000016266.csv
2025-12-18 16:49:57 - exhaustive_index - INFO - Processing table 1083 - datasets_USA/USA_CSV0000000000016298.csv
2025-12-18 16:49:57 - exhaustive_index - INFO - Table datasets_USA/USA_CSV0000000000016298.csv has 14132 rows and 7 columns
2025-12-18 16:49:57 - exhaustive_index - INFO - Processed table 1083 - datasets_USA/USA_CSV0000000000016298.csv
2025-12-18 16:49:57 - exhaustive_index - INFO - Processing table 1084 - datasets_USA/USA_CSV0000000000016300.csv
2025-12-18 16:49:59 - exhaustive_index - INFO - Processing table 1085 - datasets_USA/USA_CSV0000000000016306.csv
2025-12-18 16:49:59 - exhaustive_index - INFO - Table datasets_USA/USA_CSV0000000000016306.csv has 4698 rows and 16 columns
2025-12-18 16:49:59 - exhaustive_index - INFO - Processed table 1085 - datasets_USA/USA_CSV0000000000016306.csv
2025-12-18 16:49:59 - exhaustive_index - INFO - Processing table 1086 - datasets_USA/USA_CSV0000000000016324.csv
2025-12-18 16:49:59 - exhaustive_index - INFO - Table datasets_USA/USA_CSV0000000000016324.csv has 463 rows and 5 columns
2025-12-18 16:49:59 - exhaustive_index - INFO - Processed table 1086 - datasets_USA/USA_CSV0000000000016324.csv
2025-12-18 16:50:00 - exhaustive_index - INFO - Processing table 1087 - datasets_USA/USA_CSV0000000000016327.csv
2025-12-18 16:50:00 - exhaustive_index - INFO - Table datasets_USA/USA_CSV0000000000016327.csv has 215 rows and 8 columns
2025-12-18 16:50:00 - exhaustive_index - INFO - Processed table 1087 - datasets_USA/USA_CSV0000000000016327.csv
2025-12-18 16:50:04 - exhaustive_index - INFO - Processing table 1088 - datasets_USA/USA_CSV0000000000016332.csv
2025-12-18 16:50:04 - exhaustive_index - INFO - Table datasets_USA/USA_CSV0000000000016332.csv has 50588 rows and 8 columns
2025-12-18 16:50:04 - exhaustive_index - INFO - Processed table 1088 - datasets_USA/USA_CSV0000000000016332.csv
2025-12-18 16:50:05 - exhaustive_index - INFO - Processing table 1089 - datasets_USA/USA_CSV0000000000016336.csv
2025-12-18 16:50:05 - exhaustive_index - INFO - Table datasets_USA/USA_CSV0000000000016336.csv has 8760 rows and 21 columns
2025-12-18 16:50:05 - exhaustive_index - INFO - Processed table 1089 - datasets_USA/USA_CSV0000000000016336.csv
2025-12-18 16:50:09 - exhaustive_index - INFO - Processing table 1090 - datasets_USA/USA_CSV0000000000016341.csv
2025-12-18 16:50:09 - exhaustive_index - INFO - Table datasets_USA/USA_CSV0000000000016341.csv has 20210 rows and 10 columns
2025-12-18 16:50:09 - exhaustive_index - INFO - Processed table 1090 - datasets_USA/USA_CSV0000000000016341.csv
2025-12-18 16:50:59 - exhaustive_index - INFO - Processing table 1091 - datasets_USA/USA_CSV0000000000016344.csv
2025-12-18 16:50:59 - exhaustive_index - INFO - Table datasets_USA/USA_CSV0000000000016344.csv has 2407 rows and 64 columns
2025-12-18 16:50:59 - exhaustive_index - INFO - Processed table 1091 - datasets_USA/USA_CSV0000000000016344.csv
2025-12-18 16:51:02 - exhaustive_index - INFO - Processing table 1092 - datasets_USA/USA_CSV0000000000016380.csv
2025-12-18 16:51:02 - exhaustive_index - INFO - Table datasets_USA/USA_CSV0000000000016380.csv has 14252 rows and 22 columns
2025-12-18 16:51:02 - exhaustive_index - INFO - Processed table 1092 - datasets_USA/USA_CSV0000000000016380.csv
2025-12-18 16:51:04 - exhaustive_index - INFO - Processing table 1093 - datasets_USA/USA_CSV0000000000016392.csv
2025-12-18 16:51:04 - exhaustive_index - INFO - Table datasets_USA/USA_CSV0000000000016392.csv has 51084 rows and 5 columns
2025-12-18 16:51:04 - exhaustive_index - INFO - Processed table 1093 - datasets_USA/USA_CSV0000000000016392.csv
2025-12-18 16:51:14 - exhaustive_index - INFO - Processing table 1094 - datasets_USA/USA_CSV0000000000016409.csv
2025-12-18 16:51:14 - exhaustive_index - INFO - Table datasets_USA/USA_CSV0000000000016409.csv has 6847 rows and 26 columns
2025-12-18 16:51:14 - exhaustive_index - INFO - Processed table 1094 - datasets_USA/USA_CSV0000000000016409.csv
2025-12-18 16:51:16 - exhaustive_index - INFO - Processing table 1095 - datasets_USA/USA_CSV0000000000016427.csv
2025-12-18 16:51:16 - exhaustive_index - INFO - Table datasets_USA/USA_CSV0000000000016427.csv has 15317 rows and 11 columns
2025-12-18 16:51:16 - exhaustive_index - INFO - Processed table 1095 - datasets_USA/USA_CSV0000000000016427.csv
2025-12-18 16:51:17 - exhaustive_index - INFO - Processing table 1096 - datasets_USA/USA_CSV0000000000016429.csv
2025-12-18 16:51:17 - exhaustive_index - INFO - Table datasets_USA/USA_CSV0000000000016429.csv has 8760 rows and 21 columns
2025-12-18 16:51:17 - exhaustive_index - INFO - Processed table 1096 - datasets_USA/USA_CSV0000000000016429.csv
2025-12-18 16:51:19 - exhaustive_index - INFO - Processing table 1097 - datasets_USA/USA_CSV0000000000016461.csv
2025-12-18 16:51:19 - exhaustive_index - INFO - Table datasets_USA/USA_CSV0000000000016461.csv has 8784 rows and 21 columns
2025-12-18 16:51:19 - exhaustive_index - INFO - Processed table 1097 - datasets_USA/USA_CSV0000000000016461.csv
2025-12-18 16:51:20 - exhaustive_index - INFO - Processing table 1098 - datasets_USA/USA_CSV0000000000016478.csv
2025-12-18 16:51:20 - exhaustive_index - INFO - Table datasets_USA/USA_CSV0000000000016478.csv has 3748 rows and 26 columns
2025-12-18 16:51:20 - exhaustive_index - INFO - Processed table 1098 - datasets_USA/USA_CSV0000000000016478.csv
2025-12-18 16:51:20 - exhaustive_index - INFO - Processing table 1099 - datasets_USA/USA_CSV0000000000016481.csv
2025-12-18 16:51:20 - exhaustive_index - INFO - Table datasets_USA/USA_CSV0000000000016481.csv has 103455 rows and 3 columns
2025-12-18 16:51:20 - exhaustive_index - INFO - Processed table 1099 - datasets_USA/USA_CSV0000000000016481.csv
2025-12-18 16:51:20 - exhaustive_index - INFO - Processing table 1100 - datasets_USA/USA_CSV0000000000016490.csv
2025-12-18 16:51:20 - exhaustive_index - INFO - Table datasets_USA/USA_CSV0000000000016490.csv has 62252 rows and 3 columns
2025-12-18 16:51:20 - exhaustive_index - INFO - Processed table 1100 - datasets_USA/USA_CSV0000000000016490.csv
2025-12-18 16:51:20 - exhaustive_index - INFO - Processing table 1101 - datasets_USA/USA_CSV0000000000016507.csv
2025-12-18 16:51:20 - exhaustive_index - INFO - Table datasets_USA/USA_CSV0000000000016507.csv has 28 rows and 4 columns
2025-12-18 16:51:20 - exhaustive_index - INFO - Processed table 1101 - datasets_USA/USA_CSV0000000000016507.csv
2025-12-18 16:51:24 - exhaustive_index - INFO - Processing table 1102 - datasets_USA/USA_CSV0000000000016511.csv
2025-12-18 16:51:24 - exhaustive_index - INFO - Table datasets_USA/USA_CSV0000000000016511.csv has 8439 rows and 14 columns
2025-12-18 16:51:24 - exhaustive_index - INFO - Processed table 1102 - datasets_USA/USA_CSV0000000000016511.csv
2025-12-18 16:51:24 - exhaustive_index - INFO - Processing table 1103 - datasets_USA/USA_CSV0000000000016515.csv
2025-12-18 16:51:24 - exhaustive_index - INFO - Table datasets_USA/USA_CSV0000000000016515.csv has 3394 rows and 12 columns
2025-12-18 16:51:24 - exhaustive_index - INFO - Processed table 1103 - datasets_USA/USA_CSV0000000000016515.csv
2025-12-18 16:51:26 - exhaustive_index - INFO - Processing table 1104 - datasets_USA/USA_CSV0000000000016533.csv
2025-12-18 16:51:26 - exhaustive_index - INFO - Table datasets_USA/USA_CSV0000000000016533.csv has 8784 rows and 21 columns
2025-12-18 16:51:26 - exhaustive_index - INFO - Processed table 1104 - datasets_USA/USA_CSV0000000000016533.csv
2025-12-18 16:51:26 - exhaustive_index - INFO - Processing table 1105 - datasets_USA/USA_CSV0000000000016536.csv
2025-12-18 16:51:26 - exhaustive_index - INFO - Table datasets_USA/USA_CSV0000000000016536.csv has 6664 rows and 4 columns
2025-12-18 16:51:26 - exhaustive_index - INFO - Processed table 1105 - datasets_USA/USA_CSV0000000000016536.csv
2025-12-18 16:51:27 - exhaustive_index - INFO - Processing table 1106 - datasets_USA/USA_CSV0000000000016544.csv
2025-12-18 16:51:27 - exhaustive_index - INFO - Table datasets_USA/USA_CSV0000000000016544.csv has 8784 rows and 21 columns
2025-12-18 16:51:27 - exhaustive_index - INFO - Processed table 1106 - datasets_USA/USA_CSV0000000000016544.csv
2025-12-18 16:51:30 - exhaustive_index - INFO - Processing table 1107 - datasets_USA/USA_CSV0000000000016550.csv
2025-12-18 16:51:30 - exhaustive_index - INFO - Table datasets_USA/USA_CSV0000000000016550.csv has 7344 rows and 22 columns
2025-12-18 16:51:30 - exhaustive_index - INFO - Processed table 1107 - datasets_USA/USA_CSV0000000000016550.csv
2025-12-18 16:51:31 - exhaustive_index - INFO - Processing table 1108 - datasets_USA/USA_CSV0000000000016593.csv
2025-12-18 16:51:31 - exhaustive_index - INFO - Table datasets_USA/USA_CSV0000000000016593.csv has 12962 rows and 14 columns
2025-12-18 16:51:31 - exhaustive_index - INFO - Processed table 1108 - datasets_USA/USA_CSV0000000000016593.csv
2025-12-18 16:51:32 - exhaustive_index - INFO - Processing table 1109 - datasets_USA/USA_CSV0000000000016610.csv
2025-12-18 16:51:32 - exhaustive_index - INFO - Table datasets_USA/USA_CSV0000000000016610.csv has 15469 rows and 16 columns
2025-12-18 16:51:32 - exhaustive_index - INFO - Processed table 1109 - datasets_USA/USA_CSV0000000000016610.csv
2025-12-18 16:51:33 - exhaustive_index - INFO - Processing table 1110 - datasets_USA/USA_CSV0000000000016619.csv
2025-12-18 16:51:33 - exhaustive_index - INFO - Table datasets_USA/USA_CSV0000000000016619.csv has 26220 rows and 20 columns
2025-12-18 16:51:33 - exhaustive_index - INFO - Processed table 1110 - datasets_USA/USA_CSV0000000000016619.csv
2025-12-18 16:51:35 - exhaustive_index - INFO - Processing table 1111 - datasets_USA/USA_CSV0000000000016623.csv
2025-12-18 16:51:35 - exhaustive_index - INFO - Table datasets_USA/USA_CSV0000000000016623.csv has 8760 rows and 21 columns
2025-12-18 16:51:35 - exhaustive_index - INFO - Processed table 1111 - datasets_USA/USA_CSV0000000000016623.csv
2025-12-18 16:51:39 - exhaustive_index - INFO - Processing table 1112 - datasets_USA/USA_CSV0000000000016653.csv
2025-12-18 16:51:39 - exhaustive_index - INFO - Table datasets_USA/USA_CSV0000000000016653.csv has 1950 rows and 23 columns
2025-12-18 16:51:39 - exhaustive_index - INFO - Processed table 1112 - datasets_USA/USA_CSV0000000000016653.csv
2025-12-18 16:51:42 - exhaustive_index - INFO - Processing table 1113 - datasets_USA/USA_CSV0000000000016662.csv
2025-12-18 16:51:42 - exhaustive_index - INFO - Table datasets_USA/USA_CSV0000000000016662.csv has 8760 rows and 21 columns
2025-12-18 16:51:42 - exhaustive_index - INFO - Processed table 1113 - datasets_USA/USA_CSV0000000000016662.csv
2025-12-18 16:51:57 - exhaustive_index - INFO - Processing table 1114 - datasets_USA/USA_CSV0000000000016677.csv
2025-12-18 16:51:57 - exhaustive_index - INFO - Table datasets_USA/USA_CSV0000000000016677.csv has 23042 rows and 16 columns
2025-12-18 16:51:57 - exhaustive_index - INFO - Processed table 1114 - datasets_USA/USA_CSV0000000000016677.csv
2025-12-18 16:51:57 - exhaustive_index - INFO - Processing table 1115 - datasets_USA/USA_CSV0000000000016688.csv
2025-12-18 16:51:57 - exhaustive_index - INFO - Table datasets_USA/USA_CSV0000000000016688.csv has 58131 rows and 4 columns
2025-12-18 16:51:57 - exhaustive_index - INFO - Processed table 1115 - datasets_USA/USA_CSV0000000000016688.csv
2025-12-18 16:52:00 - exhaustive_index - INFO - Processing table 1116 - datasets_USA/USA_CSV0000000000016710.csv
2025-12-18 16:52:00 - exhaustive_index - INFO - Table datasets_USA/USA_CSV0000000000016710.csv has 8784 rows and 21 columns
2025-12-18 16:52:00 - exhaustive_index - INFO - Processed table 1116 - datasets_USA/USA_CSV0000000000016710.csv
2025-12-18 17:02:03 - exhaustive_index - INFO - Processing table 1117 - datasets_USA/USA_CSV0000000000016721.csv
2025-12-18 17:02:03 - exhaustive_index - INFO - Table datasets_USA/USA_CSV0000000000016721.csv has 6924 rows and 70 columns
2025-12-18 17:02:03 - exhaustive_index - INFO - Processed table 1117 - datasets_USA/USA_CSV0000000000016721.csv
2025-12-18 17:02:03 - exhaustive_index - INFO - Processing table 1118 - datasets_USA/USA_CSV0000000000016733.csv
2025-12-18 17:02:03 - exhaustive_index - INFO - Table datasets_USA/USA_CSV0000000000016733.csv has 51750 rows and 4 columns
2025-12-18 17:02:03 - exhaustive_index - INFO - Processed table 1118 - datasets_USA/USA_CSV0000000000016733.csv
2025-12-18 17:02:04 - exhaustive_index - INFO - Processing table 1119 - datasets_USA/USA_CSV0000000000016734.csv
2025-12-18 17:02:04 - exhaustive_index - INFO - Table datasets_USA/USA_CSV0000000000016734.csv has 8119 rows and 13 columns
2025-12-18 17:02:04 - exhaustive_index - INFO - Processed table 1119 - datasets_USA/USA_CSV0000000000016734.csv
2025-12-18 17:02:07 - exhaustive_index - INFO - Processing table 1120 - datasets_USA/USA_CSV0000000000016765.csv
2025-12-18 17:02:07 - exhaustive_index - INFO - Table datasets_USA/USA_CSV0000000000016765.csv has 8760 rows and 21 columns
2025-12-18 17:02:07 - exhaustive_index - INFO - Processed table 1120 - datasets_USA/USA_CSV0000000000016765.csv
2025-12-18 17:02:31 - exhaustive_index - INFO - Processing table 1121 - datasets_USA/USA_CSV0000000000016771.csv
2025-12-18 17:02:31 - exhaustive_index - INFO - Table datasets_USA/USA_CSV0000000000016771.csv has 11901 rows and 24 columns
2025-12-18 17:02:31 - exhaustive_index - INFO - Processed table 1121 - datasets_USA/USA_CSV0000000000016771.csv
2025-12-18 17:02:33 - exhaustive_index - INFO - Processing table 1122 - datasets_USA/USA_CSV0000000000016779.csv
2025-12-18 17:02:33 - exhaustive_index - INFO - Table datasets_USA/USA_CSV0000000000016779.csv has 6858 rows and 16 columns
2025-12-18 17:02:33 - exhaustive_index - INFO - Processed table 1122 - datasets_USA/USA_CSV0000000000016779.csv
2025-12-18 17:03:23 - exhaustive_index - INFO - Processing table 1123 - datasets_USA/USA_CSV0000000000016782.csv
2025-12-18 17:03:23 - exhaustive_index - INFO - Table datasets_USA/USA_CSV0000000000016782.csv has 440 rows and 67 columns
2025-12-18 17:03:23 - exhaustive_index - INFO - Processed table 1123 - datasets_USA/USA_CSV0000000000016782.csv
2025-12-18 17:03:26 - exhaustive_index - INFO - Processing table 1124 - datasets_USA/USA_CSV0000000000016806.csv
2025-12-18 17:03:26 - exhaustive_index - INFO - Table datasets_USA/USA_CSV0000000000016806.csv has 6390 rows and 12 columns
2025-12-18 17:03:26 - exhaustive_index - INFO - Processed table 1124 - datasets_USA/USA_CSV0000000000016806.csv
2025-12-18 17:03:35 - exhaustive_index - INFO - Processing table 1125 - datasets_USA/USA_CSV0000000000016824.csv
2025-12-18 17:03:35 - exhaustive_index - INFO - Table datasets_USA/USA_CSV0000000000016824.csv has 12204 rows and 16 columns
2025-12-18 17:03:35 - exhaustive_index - INFO - Processed table 1125 - datasets_USA/USA_CSV0000000000016824.csv
2025-12-18 17:03:41 - exhaustive_index - INFO - Processing table 1126 - datasets_USA/USA_CSV0000000000016834.csv
2025-12-18 17:03:41 - exhaustive_index - INFO - Table datasets_USA/USA_CSV0000000000016834.csv has 5216 rows and 17 columns
2025-12-18 17:03:41 - exhaustive_index - INFO - Processed table 1126 - datasets_USA/USA_CSV0000000000016834.csv
2025-12-18 17:03:46 - exhaustive_index - INFO - Processing table 1127 - datasets_USA/USA_CSV0000000000016853.csv
2025-12-18 17:03:46 - exhaustive_index - INFO - Table datasets_USA/USA_CSV0000000000016853.csv has 15347 rows and 20 columns
2025-12-18 17:03:46 - exhaustive_index - INFO - Processed table 1127 - datasets_USA/USA_CSV0000000000016853.csv
2025-12-18 17:03:53 - exhaustive_index - INFO - Processing table 1128 - datasets_USA/USA_CSV0000000000016861.csv
2025-12-18 17:03:53 - exhaustive_index - INFO - Table datasets_USA/USA_CSV0000000000016861.csv has 12869 rows and 19 columns
2025-12-18 17:03:53 - exhaustive_index - INFO - Processed table 1128 - datasets_USA/USA_CSV0000000000016861.csv
2025-12-18 17:03:54 - exhaustive_index - INFO - Processing table 1129 - datasets_USA/USA_CSV0000000000016863.csv
2025-12-18 17:03:54 - exhaustive_index - INFO - Table datasets_USA/USA_CSV0000000000016863.csv has 8635 rows and 9 columns
2025-12-18 17:03:54 - exhaustive_index - INFO - Processed table 1129 - datasets_USA/USA_CSV0000000000016863.csv
2025-12-18 17:03:54 - exhaustive_index - INFO - Processing table 1130 - datasets_USA/USA_CSV0000000000016867.csv
2025-12-18 17:03:54 - exhaustive_index - INFO - Table datasets_USA/USA_CSV0000000000016867.csv has 19059 rows and 5 columns
2025-12-18 17:03:54 - exhaustive_index - INFO - Processed table 1130 - datasets_USA/USA_CSV0000000000016867.csv
2025-12-18 17:03:59 - exhaustive_index - INFO - Processing table 1131 - datasets_USA/USA_CSV0000000000016871.csv
2025-12-18 17:03:59 - exhaustive_index - INFO - Table datasets_USA/USA_CSV0000000000016871.csv has 23344 rows and 10 columns
2025-12-18 17:03:59 - exhaustive_index - INFO - Processed table 1131 - datasets_USA/USA_CSV0000000000016871.csv
2025-12-18 17:03:59 - exhaustive_index - INFO - Processing table 1132 - datasets_USA/USA_CSV0000000000016902.csv
2025-12-18 17:03:59 - exhaustive_index - INFO - Table datasets_USA/USA_CSV0000000000016902.csv has 129747 rows and 3 columns
2025-12-18 17:03:59 - exhaustive_index - INFO - Processed table 1132 - datasets_USA/USA_CSV0000000000016902.csv
2025-12-18 17:04:02 - exhaustive_index - INFO - Processing table 1133 - datasets_USA/USA_CSV0000000000016911.csv
2025-12-18 17:04:02 - exhaustive_index - INFO - Table datasets_USA/USA_CSV0000000000016911.csv has 9338 rows and 19 columns
2025-12-18 17:04:02 - exhaustive_index - INFO - Processed table 1133 - datasets_USA/USA_CSV0000000000016911.csv
2025-12-18 17:04:05 - exhaustive_index - INFO - Processing table 1134 - datasets_USA/USA_CSV0000000000016912.csv
2025-12-18 17:04:05 - exhaustive_index - INFO - Table datasets_USA/USA_CSV0000000000016912.csv has 8784 rows and 21 columns
2025-12-18 17:04:05 - exhaustive_index - INFO - Processed table 1134 - datasets_USA/USA_CSV0000000000016912.csv
2025-12-18 17:04:06 - exhaustive_index - INFO - Processing table 1135 - datasets_USA/USA_CSV0000000000016914.csv
2025-12-18 17:04:06 - exhaustive_index - INFO - Table datasets_USA/USA_CSV0000000000016914.csv has 5428 rows and 25 columns
2025-12-18 17:04:06 - exhaustive_index - INFO - Processed table 1135 - datasets_USA/USA_CSV0000000000016914.csv
2025-12-18 17:04:07 - exhaustive_index - INFO - Processing table 1136 - datasets_USA/USA_CSV0000000000016924.csv
2025-12-18 17:04:07 - exhaustive_index - INFO - Table datasets_USA/USA_CSV0000000000016924.csv has 37027 rows and 4 columns
2025-12-18 17:04:07 - exhaustive_index - INFO - Processed table 1136 - datasets_USA/USA_CSV0000000000016924.csv
2025-12-18 17:04:11 - exhaustive_index - INFO - Processing table 1137 - datasets_USA/USA_CSV0000000000016925.csv
2025-12-18 17:04:11 - exhaustive_index - INFO - Table datasets_USA/USA_CSV0000000000016925.csv has 2875 rows and 28 columns
2025-12-18 17:04:11 - exhaustive_index - INFO - Processed table 1137 - datasets_USA/USA_CSV0000000000016925.csv
2025-12-18 17:04:12 - exhaustive_index - INFO - Processing table 1138 - datasets_USA/USA_CSV0000000000016945.csv
2025-12-18 17:04:12 - exhaustive_index - INFO - Table datasets_USA/USA_CSV0000000000016945.csv has 59 rows and 12 columns
2025-12-18 17:04:12 - exhaustive_index - INFO - Processed table 1138 - datasets_USA/USA_CSV0000000000016945.csv
2025-12-18 17:04:17 - exhaustive_index - INFO - Processing table 1139 - datasets_USA/USA_CSV0000000000016955.csv
2025-12-18 17:04:17 - exhaustive_index - INFO - Table datasets_USA/USA_CSV0000000000016955.csv has 3259 rows and 31 columns
2025-12-18 17:04:17 - exhaustive_index - INFO - Processed table 1139 - datasets_USA/USA_CSV0000000000016955.csv
2025-12-18 17:04:19 - exhaustive_index - INFO - Processing table 1140 - datasets_USA/USA_CSV0000000000016960.csv
2025-12-18 17:04:19 - exhaustive_index - INFO - Table datasets_USA/USA_CSV0000000000016960.csv has 785 rows and 14 columns
2025-12-18 17:04:19 - exhaustive_index - INFO - Processed table 1140 - datasets_USA/USA_CSV0000000000016960.csv
2025-12-18 17:04:21 - exhaustive_index - INFO - Processing table 1141 - datasets_USA/USA_CSV0000000000016973.csv
2025-12-18 17:04:21 - exhaustive_index - INFO - Table datasets_USA/USA_CSV0000000000016973.csv has 8784 rows and 21 columns
2025-12-18 17:04:21 - exhaustive_index - INFO - Processed table 1141 - datasets_USA/USA_CSV0000000000016973.csv
2025-12-18 17:09:40 - exhaustive_index - INFO - Processing table 1142 - datasets_USA/USA_CSV0000000000016979.csv
2025-12-18 17:09:40 - exhaustive_index - INFO - Table datasets_USA/USA_CSV0000000000016979.csv has 8973 rows and 39 columns
2025-12-18 17:09:40 - exhaustive_index - INFO - Processed table 1142 - datasets_USA/USA_CSV0000000000016979.csv
2025-12-18 17:09:51 - exhaustive_index - INFO - Processing table 1143 - datasets_USA/USA_CSV0000000000017001.csv
2025-12-18 17:09:51 - exhaustive_index - INFO - Table datasets_USA/USA_CSV0000000000017001.csv has 19562 rows and 14 columns
2025-12-18 17:09:51 - exhaustive_index - INFO - Processed table 1143 - datasets_USA/USA_CSV0000000000017001.csv
2025-12-18 17:09:51 - exhaustive_index - INFO - Processing table 1144 - datasets_USA/USA_CSV0000000000017016.csv
2025-12-18 17:09:51 - exhaustive_index - INFO - Table datasets_USA/USA_CSV0000000000017016.csv has 53 rows and 7 columns
2025-12-18 17:09:51 - exhaustive_index - INFO - Processed table 1144 - datasets_USA/USA_CSV0000000000017016.csv
2025-12-18 17:09:53 - exhaustive_index - INFO - Processing table 1145 - datasets_USA/USA_CSV0000000000017024.csv
2025-12-18 17:09:53 - exhaustive_index - INFO - Table datasets_USA/USA_CSV0000000000017024.csv has 3934 rows and 92 columns
2025-12-18 17:09:53 - exhaustive_index - INFO - Processed table 1145 - datasets_USA/USA_CSV0000000000017024.csv
2025-12-18 17:09:54 - exhaustive_index - INFO - Processing table 1146 - datasets_USA/USA_CSV0000000000017030.csv
2025-12-18 17:09:54 - exhaustive_index - INFO - Table datasets_USA/USA_CSV0000000000017030.csv has 34476 rows and 4 columns
2025-12-18 17:09:54 - exhaustive_index - INFO - Processed table 1146 - datasets_USA/USA_CSV0000000000017030.csv
2025-12-18 17:09:55 - exhaustive_index - INFO - Processing table 1147 - datasets_USA/USA_CSV0000000000017040.csv
2025-12-18 17:09:55 - exhaustive_index - INFO - Table datasets_USA/USA_CSV0000000000017040.csv has 8784 rows and 21 columns
2025-12-18 17:09:55 - exhaustive_index - INFO - Processed table 1147 - datasets_USA/USA_CSV0000000000017040.csv
2025-12-18 17:09:58 - exhaustive_index - INFO - Processing table 1148 - datasets_USA/USA_CSV0000000000017056.csv
2025-12-18 17:09:58 - exhaustive_index - INFO - Table datasets_USA/USA_CSV0000000000017056.csv has 8784 rows and 21 columns
2025-12-18 17:09:58 - exhaustive_index - INFO - Processed table 1148 - datasets_USA/USA_CSV0000000000017056.csv
2025-12-18 17:09:59 - exhaustive_index - INFO - Processing table 1149 - datasets_USA/USA_CSV0000000000017057.csv
2025-12-18 17:09:59 - exhaustive_index - INFO - Table datasets_USA/USA_CSV0000000000017057.csv has 1520 rows and 16 columns
2025-12-18 17:09:59 - exhaustive_index - INFO - Processed table 1149 - datasets_USA/USA_CSV0000000000017057.csv
2025-12-18 17:10:06 - exhaustive_index - INFO - Processing table 1150 - datasets_USA/USA_CSV0000000000017069.csv
2025-12-18 17:10:06 - exhaustive_index - INFO - Table datasets_USA/USA_CSV0000000000017069.csv has 4577 rows and 25 columns
2025-12-18 17:10:06 - exhaustive_index - INFO - Processed table 1150 - datasets_USA/USA_CSV0000000000017069.csv
2025-12-18 17:10:07 - exhaustive_index - INFO - Processing table 1151 - datasets_USA/USA_CSV0000000000017071.csv
2025-12-18 17:10:07 - exhaustive_index - INFO - Table datasets_USA/USA_CSV0000000000017071.csv has 15652 rows and 13 columns
2025-12-18 17:10:07 - exhaustive_index - INFO - Processed table 1151 - datasets_USA/USA_CSV0000000000017071.csv
2025-12-18 17:10:25 - exhaustive_index - INFO - Processing table 1152 - datasets_USA/USA_CSV0000000000017077.csv
2025-12-18 17:10:25 - exhaustive_index - INFO - Table datasets_USA/USA_CSV0000000000017077.csv has 370 rows and 54 columns
2025-12-18 17:10:25 - exhaustive_index - INFO - Processed table 1152 - datasets_USA/USA_CSV0000000000017077.csv
2025-12-18 17:10:27 - exhaustive_index - INFO - Processing table 1153 - datasets_USA/USA_CSV0000000000017080.csv
2025-12-18 17:10:27 - exhaustive_index - INFO - Table datasets_USA/USA_CSV0000000000017080.csv has 116569 rows and 5 columns
2025-12-18 17:10:27 - exhaustive_index - INFO - Processed table 1153 - datasets_USA/USA_CSV0000000000017080.csv
2025-12-18 17:10:32 - exhaustive_index - INFO - Processing table 1154 - datasets_USA/USA_CSV0000000000017088.csv
2025-12-18 17:10:32 - exhaustive_index - INFO - Table datasets_USA/USA_CSV0000000000017088.csv has 92376 rows and 9 columns
2025-12-18 17:10:32 - exhaustive_index - INFO - Processed table 1154 - datasets_USA/USA_CSV0000000000017088.csv
2025-12-18 17:10:32 - exhaustive_index - INFO - Processing table 1155 - datasets_USA/USA_CSV0000000000017102__47.csv
2025-12-18 17:10:32 - exhaustive_index - INFO - Table datasets_USA/USA_CSV0000000000017102__47.csv has 473 rows and 6 columns
2025-12-18 17:10:32 - exhaustive_index - INFO - Processed table 1155 - datasets_USA/USA_CSV0000000000017102__47.csv
2025-12-18 17:12:27 - exhaustive_index - INFO - Processing table 1156 - datasets_USA/USA_CSV0000000000017111.csv
2025-12-18 17:12:27 - exhaustive_index - INFO - Table datasets_USA/USA_CSV0000000000017111.csv has 6831 rows and 47 columns
2025-12-18 17:12:27 - exhaustive_index - INFO - Processed table 1156 - datasets_USA/USA_CSV0000000000017111.csv
2025-12-18 17:12:28 - exhaustive_index - INFO - Processing table 1157 - datasets_USA/USA_CSV0000000000017126.csv
2025-12-18 17:12:28 - exhaustive_index - INFO - Table datasets_USA/USA_CSV0000000000017126.csv has 845 rows and 6 columns
2025-12-18 17:12:28 - exhaustive_index - INFO - Processed table 1157 - datasets_USA/USA_CSV0000000000017126.csv
2025-12-18 17:12:29 - exhaustive_index - INFO - Processing table 1158 - datasets_USA/USA_CSV0000000000017149.csv
2025-12-18 17:12:29 - exhaustive_index - INFO - Table datasets_USA/USA_CSV0000000000017149.csv has 339 rows and 13 columns
2025-12-18 17:12:29 - exhaustive_index - INFO - Processed table 1158 - datasets_USA/USA_CSV0000000000017149.csv
2025-12-18 17:12:31 - exhaustive_index - INFO - Processing table 1159 - datasets_USA/USA_CSV0000000000017153.csv
2025-12-18 17:12:31 - exhaustive_index - INFO - Table datasets_USA/USA_CSV0000000000017153.csv has 24360 rows and 6 columns
2025-12-18 17:12:31 - exhaustive_index - INFO - Processed table 1159 - datasets_USA/USA_CSV0000000000017153.csv
2025-12-18 17:12:53 - exhaustive_index - INFO - Processing table 1160 - datasets_USA/USA_CSV0000000000017170.csv
2025-12-18 17:12:53 - exhaustive_index - INFO - Table datasets_USA/USA_CSV0000000000017170.csv has 661 rows and 61 columns
2025-12-18 17:12:53 - exhaustive_index - INFO - Processed table 1160 - datasets_USA/USA_CSV0000000000017170.csv
2025-12-18 17:12:57 - exhaustive_index - INFO - Processing table 1161 - datasets_USA/USA_CSV0000000000017173.csv
2025-12-18 17:12:57 - exhaustive_index - INFO - Table datasets_USA/USA_CSV0000000000017173.csv has 11126 rows and 11 columns
2025-12-18 17:12:57 - exhaustive_index - INFO - Processed table 1161 - datasets_USA/USA_CSV0000000000017173.csv
2025-12-18 17:12:58 - exhaustive_index - INFO - Processing table 1162 - datasets_USA/USA_CSV0000000000017192.csv
2025-12-18 17:12:58 - exhaustive_index - INFO - Table datasets_USA/USA_CSV0000000000017192.csv has 16422 rows and 9 columns
2025-12-18 17:12:58 - exhaustive_index - INFO - Processed table 1162 - datasets_USA/USA_CSV0000000000017192.csv
2025-12-18 17:12:59 - exhaustive_index - INFO - Processing table 1163 - datasets_USA/USA_CSV0000000000017206.csv
2025-12-18 17:12:59 - exhaustive_index - INFO - Table datasets_USA/USA_CSV0000000000017206.csv has 33920 rows and 4 columns
2025-12-18 17:12:59 - exhaustive_index - INFO - Processed table 1163 - datasets_USA/USA_CSV0000000000017206.csv
2025-12-18 17:13:02 - exhaustive_index - INFO - Processing table 1164 - datasets_USA/USA_CSV0000000000017214.csv
2025-12-18 17:13:02 - exhaustive_index - INFO - Table datasets_USA/USA_CSV0000000000017214.csv has 14921 rows and 14 columns
2025-12-18 17:13:02 - exhaustive_index - INFO - Processed table 1164 - datasets_USA/USA_CSV0000000000017214.csv
2025-12-18 17:13:02 - exhaustive_index - INFO - Processing table 1165 - datasets_USA/USA_CSV0000000000017217.csv
2025-12-18 17:13:02 - exhaustive_index - INFO - Table datasets_USA/USA_CSV0000000000017217.csv has 3604 rows and 9 columns
2025-12-18 17:13:02 - exhaustive_index - INFO - Processed table 1165 - datasets_USA/USA_CSV0000000000017217.csv
2025-12-18 17:17:27 - exhaustive_index - INFO - Processing table 1166 - datasets_USA/USA_CSV0000000000017221.csv
2025-12-18 17:17:27 - exhaustive_index - INFO - Table datasets_USA/USA_CSV0000000000017221.csv has 21396 rows and 26 columns
2025-12-18 17:17:27 - exhaustive_index - INFO - Processed table 1166 - datasets_USA/USA_CSV0000000000017221.csv
2025-12-18 17:17:32 - exhaustive_index - INFO - Processing table 1167 - datasets_USA/USA_CSV0000000000017232.csv
2025-12-18 17:17:32 - exhaustive_index - INFO - Table datasets_USA/USA_CSV0000000000017232.csv has 1265 rows and 20 columns
2025-12-18 17:17:32 - exhaustive_index - INFO - Processed table 1167 - datasets_USA/USA_CSV0000000000017232.csv
2025-12-18 17:17:32 - exhaustive_index - INFO - Processing table 1168 - datasets_USA/USA_CSV0000000000017237.csv
2025-12-18 17:17:32 - exhaustive_index - INFO - Table datasets_USA/USA_CSV0000000000017237.csv has 50 rows and 4 columns
2025-12-18 17:17:32 - exhaustive_index - INFO - Processed table 1168 - datasets_USA/USA_CSV0000000000017237.csv
2025-12-18 17:17:32 - exhaustive_index - INFO - Processing table 1169 - datasets_USA/USA_CSV0000000000017244.csv
2025-12-18 17:17:32 - exhaustive_index - INFO - Table datasets_USA/USA_CSV0000000000017244.csv has 120 rows and 5 columns
2025-12-18 17:17:32 - exhaustive_index - INFO - Processed table 1169 - datasets_USA/USA_CSV0000000000017244.csv
2025-12-18 17:17:32 - exhaustive_index - INFO - Processing table 1170 - datasets_USA/USA_CSV0000000000017248__20.csv
2025-12-18 17:17:32 - exhaustive_index - INFO - Table datasets_USA/USA_CSV0000000000017248__20.csv has 413 rows and 6 columns
2025-12-18 17:17:32 - exhaustive_index - INFO - Processed table 1170 - datasets_USA/USA_CSV0000000000017248__20.csv
2025-12-18 17:17:34 - exhaustive_index - INFO - Processing table 1171 - datasets_USA/USA_CSV0000000000017259.csv
2025-12-18 17:17:34 - exhaustive_index - INFO - Table datasets_USA/USA_CSV0000000000017259.csv has 31794 rows and 17 columns
2025-12-18 17:17:34 - exhaustive_index - INFO - Processed table 1171 - datasets_USA/USA_CSV0000000000017259.csv
2025-12-18 17:17:36 - exhaustive_index - INFO - Processing table 1172 - datasets_USA/USA_CSV0000000000017264.csv
2025-12-18 17:17:36 - exhaustive_index - INFO - Table datasets_USA/USA_CSV0000000000017264.csv has 18288 rows and 8 columns
2025-12-18 17:17:36 - exhaustive_index - INFO - Processed table 1172 - datasets_USA/USA_CSV0000000000017264.csv
2025-12-18 17:17:38 - exhaustive_index - INFO - Processing table 1173 - datasets_USA/USA_CSV0000000000017275.csv
2025-12-18 17:17:38 - exhaustive_index - INFO - Table datasets_USA/USA_CSV0000000000017275.csv has 8760 rows and 21 columns
2025-12-18 17:17:38 - exhaustive_index - INFO - Processed table 1173 - datasets_USA/USA_CSV0000000000017275.csv
2025-12-18 17:17:39 - exhaustive_index - INFO - Processing table 1174 - datasets_USA/USA_CSV0000000000017287.csv
2025-12-18 17:17:39 - exhaustive_index - INFO - Table datasets_USA/USA_CSV0000000000017287.csv has 8760 rows and 21 columns
2025-12-18 17:17:39 - exhaustive_index - INFO - Processed table 1174 - datasets_USA/USA_CSV0000000000017287.csv
2025-12-18 17:17:41 - exhaustive_index - INFO - Processing table 1175 - datasets_USA/USA_CSV0000000000017299.csv
2025-12-18 17:17:41 - exhaustive_index - INFO - Table datasets_USA/USA_CSV0000000000017299.csv has 34275 rows and 9 columns
2025-12-18 17:17:41 - exhaustive_index - INFO - Processed table 1175 - datasets_USA/USA_CSV0000000000017299.csv
2025-12-18 17:17:48 - exhaustive_index - INFO - Processing table 1176 - datasets_USA/USA_CSV0000000000017300.csv
2025-12-18 17:17:48 - exhaustive_index - INFO - Table datasets_USA/USA_CSV0000000000017300.csv has 17461 rows and 17 columns
2025-12-18 17:17:48 - exhaustive_index - INFO - Processed table 1176 - datasets_USA/USA_CSV0000000000017300.csv
2025-12-18 17:17:51 - exhaustive_index - INFO - Processing table 1177 - datasets_USA/USA_CSV0000000000017305.csv
2025-12-18 17:17:51 - exhaustive_index - INFO - Table datasets_USA/USA_CSV0000000000017305.csv has 8760 rows and 21 columns
2025-12-18 17:17:51 - exhaustive_index - INFO - Processed table 1177 - datasets_USA/USA_CSV0000000000017305.csv
2025-12-18 17:17:53 - exhaustive_index - INFO - Processing table 1178 - datasets_USA/USA_CSV0000000000017325.csv
2025-12-18 17:17:53 - exhaustive_index - INFO - Table datasets_USA/USA_CSV0000000000017325.csv has 20387 rows and 6 columns
2025-12-18 17:17:53 - exhaustive_index - INFO - Processed table 1178 - datasets_USA/USA_CSV0000000000017325.csv
2025-12-18 17:17:55 - exhaustive_index - INFO - Processing table 1179 - datasets_USA/USA_CSV0000000000017332.csv
2025-12-18 17:17:55 - exhaustive_index - INFO - Table datasets_USA/USA_CSV0000000000017332.csv has 8760 rows and 21 columns
2025-12-18 17:17:55 - exhaustive_index - INFO - Processed table 1179 - datasets_USA/USA_CSV0000000000017332.csv
2025-12-18 17:17:58 - exhaustive_index - INFO - Processing table 1180 - datasets_USA/USA_CSV0000000000017338.csv
2025-12-18 17:17:58 - exhaustive_index - INFO - Table datasets_USA/USA_CSV0000000000017338.csv has 817 rows and 25 columns
2025-12-18 17:17:58 - exhaustive_index - INFO - Processed table 1180 - datasets_USA/USA_CSV0000000000017338.csv
2025-12-18 17:17:59 - exhaustive_index - INFO - Processing table 1181 - datasets_USA/USA_CSV0000000000017339.csv
2025-12-18 17:17:59 - exhaustive_index - INFO - Table datasets_USA/USA_CSV0000000000017339.csv has 481 rows and 16 columns
2025-12-18 17:17:59 - exhaustive_index - INFO - Processed table 1181 - datasets_USA/USA_CSV0000000000017339.csv
2025-12-18 17:18:00 - exhaustive_index - INFO - Processing table 1182 - datasets_USA/USA_CSV0000000000017351.csv
2025-12-18 17:18:00 - exhaustive_index - INFO - Table datasets_USA/USA_CSV0000000000017351.csv has 27800 rows and 9 columns
2025-12-18 17:18:00 - exhaustive_index - INFO - Processed table 1182 - datasets_USA/USA_CSV0000000000017351.csv
2025-12-18 17:18:01 - exhaustive_index - INFO - Processing table 1183 - datasets_USA/USA_CSV0000000000017353.csv
2025-12-18 17:18:01 - exhaustive_index - INFO - Table datasets_USA/USA_CSV0000000000017353.csv has 13107 rows and 4 columns
2025-12-18 17:18:01 - exhaustive_index - INFO - Processed table 1183 - datasets_USA/USA_CSV0000000000017353.csv
2025-12-18 17:18:02 - exhaustive_index - INFO - Processing table 1184 - datasets_USA/USA_CSV0000000000017354.csv
2025-12-18 17:18:02 - exhaustive_index - INFO - Table datasets_USA/USA_CSV0000000000017354.csv has 9223 rows and 16 columns
2025-12-18 17:18:02 - exhaustive_index - INFO - Processed table 1184 - datasets_USA/USA_CSV0000000000017354.csv
2025-12-18 17:18:03 - exhaustive_index - INFO - Processing table 1185 - datasets_USA/USA_CSV0000000000017360.csv
2025-12-18 17:18:03 - exhaustive_index - INFO - Table datasets_USA/USA_CSV0000000000017360.csv has 11105 rows and 11 columns
2025-12-18 17:18:03 - exhaustive_index - INFO - Processed table 1185 - datasets_USA/USA_CSV0000000000017360.csv
2025-12-18 17:18:04 - exhaustive_index - INFO - Processing table 1186 - datasets_USA/USA_CSV0000000000017367.csv
2025-12-18 17:18:04 - exhaustive_index - INFO - Table datasets_USA/USA_CSV0000000000017367.csv has 5610 rows and 7 columns
2025-12-18 17:18:04 - exhaustive_index - INFO - Processed table 1186 - datasets_USA/USA_CSV0000000000017367.csv
2025-12-18 17:18:06 - exhaustive_index - INFO - Processing table 1187 - datasets_USA/USA_CSV0000000000017398.csv
2025-12-18 17:18:06 - exhaustive_index - INFO - Table datasets_USA/USA_CSV0000000000017398.csv has 8760 rows and 21 columns
2025-12-18 17:18:06 - exhaustive_index - INFO - Processed table 1187 - datasets_USA/USA_CSV0000000000017398.csv
2025-12-18 17:18:10 - exhaustive_index - INFO - Processing table 1188 - datasets_USA/USA_CSV0000000000017415.csv
2025-12-18 17:18:10 - exhaustive_index - INFO - Table datasets_USA/USA_CSV0000000000017415.csv has 19652 rows and 13 columns
2025-12-18 17:18:10 - exhaustive_index - INFO - Processed table 1188 - datasets_USA/USA_CSV0000000000017415.csv
2025-12-18 17:18:22 - exhaustive_index - INFO - Processing table 1189 - datasets_USA/USA_CSV0000000000017429.csv
2025-12-18 17:18:22 - exhaustive_index - INFO - Table datasets_USA/USA_CSV0000000000017429.csv has 614 rows and 34 columns
2025-12-18 17:18:22 - exhaustive_index - INFO - Processed table 1189 - datasets_USA/USA_CSV0000000000017429.csv
2025-12-18 17:18:34 - exhaustive_index - INFO - Processing table 1190 - datasets_USA/USA_CSV0000000000017439.csv
2025-12-18 17:18:34 - exhaustive_index - INFO - Table datasets_USA/USA_CSV0000000000017439.csv has 12988 rows and 18 columns
2025-12-18 17:18:34 - exhaustive_index - INFO - Processed table 1190 - datasets_USA/USA_CSV0000000000017439.csv
2025-12-18 17:18:41 - exhaustive_index - INFO - Processing table 1191 - datasets_USA/USA_CSV0000000000017464.csv
2025-12-18 17:18:41 - exhaustive_index - INFO - Table datasets_USA/USA_CSV0000000000017464.csv has 8760 rows and 21 columns
2025-12-18 17:18:41 - exhaustive_index - INFO - Processed table 1191 - datasets_USA/USA_CSV0000000000017464.csv
2025-12-18 17:18:43 - exhaustive_index - INFO - Processing table 1192 - datasets_USA/USA_CSV0000000000017501.csv
2025-12-18 17:18:43 - exhaustive_index - INFO - Table datasets_USA/USA_CSV0000000000017501.csv has 67945 rows and 6 columns
2025-12-18 17:18:43 - exhaustive_index - INFO - Processed table 1192 - datasets_USA/USA_CSV0000000000017501.csv
2025-12-18 17:18:52 - exhaustive_index - INFO - Processing table 1193 - datasets_USA/USA_CSV0000000000017510.csv
2025-12-18 17:18:52 - exhaustive_index - INFO - Table datasets_USA/USA_CSV0000000000017510.csv has 10468 rows and 11 columns
2025-12-18 17:18:52 - exhaustive_index - INFO - Processed table 1193 - datasets_USA/USA_CSV0000000000017510.csv
2025-12-18 17:18:53 - exhaustive_index - INFO - Processing table 1194 - datasets_USA/USA_CSV0000000000017511.csv
2025-12-18 17:18:53 - exhaustive_index - INFO - Table datasets_USA/USA_CSV0000000000017511.csv has 311 rows and 5 columns
2025-12-18 17:18:53 - exhaustive_index - INFO - Processed table 1194 - datasets_USA/USA_CSV0000000000017511.csv
2025-12-18 17:18:55 - exhaustive_index - INFO - Processing table 1195 - datasets_USA/USA_CSV0000000000017514.csv
2025-12-18 17:18:55 - exhaustive_index - INFO - Table datasets_USA/USA_CSV0000000000017514.csv has 8760 rows and 21 columns
2025-12-18 17:18:55 - exhaustive_index - INFO - Processed table 1195 - datasets_USA/USA_CSV0000000000017514.csv
2025-12-18 17:18:57 - exhaustive_index - INFO - Processing table 1196 - datasets_USA/USA_CSV0000000000017529.csv
2025-12-18 17:18:57 - exhaustive_index - INFO - Table datasets_USA/USA_CSV0000000000017529.csv has 22948 rows and 5 columns
2025-12-18 17:18:57 - exhaustive_index - INFO - Processed table 1196 - datasets_USA/USA_CSV0000000000017529.csv
2025-12-18 17:18:59 - exhaustive_index - INFO - Processing table 1197 - datasets_USA/USA_CSV0000000000017532.csv
2025-12-18 17:18:59 - exhaustive_index - INFO - Table datasets_USA/USA_CSV0000000000017532.csv has 16342 rows and 10 columns
2025-12-18 17:18:59 - exhaustive_index - INFO - Processed table 1197 - datasets_USA/USA_CSV0000000000017532.csv
2025-12-18 17:19:01 - exhaustive_index - INFO - Processing table 1198 - datasets_USA/USA_CSV0000000000017549.csv
2025-12-18 17:19:01 - exhaustive_index - INFO - Table datasets_USA/USA_CSV0000000000017549.csv has 16872 rows and 9 columns
2025-12-18 17:19:01 - exhaustive_index - INFO - Processed table 1198 - datasets_USA/USA_CSV0000000000017549.csv
2025-12-18 17:19:02 - exhaustive_index - INFO - Processing table 1199 - datasets_USA/USA_CSV0000000000017556.csv
2025-12-18 17:19:02 - exhaustive_index - INFO - Table datasets_USA/USA_CSV0000000000017556.csv has 53330 rows and 6 columns
2025-12-18 17:19:02 - exhaustive_index - INFO - Processed table 1199 - datasets_USA/USA_CSV0000000000017556.csv
2025-12-18 17:19:07 - exhaustive_index - INFO - Processing table 1200 - datasets_USA/USA_CSV0000000000017583.csv
2025-12-18 17:19:07 - exhaustive_index - INFO - Table datasets_USA/USA_CSV0000000000017583.csv has 39843 rows and 9 columns
2025-12-18 17:19:07 - exhaustive_index - INFO - Processed table 1200 - datasets_USA/USA_CSV0000000000017583.csv
2025-12-18 17:19:08 - exhaustive_index - INFO - Processing table 1201 - datasets_USA/USA_CSV0000000000017594.csv
2025-12-18 17:19:08 - exhaustive_index - INFO - Table datasets_USA/USA_CSV0000000000017594.csv has 69880 rows and 6 columns
2025-12-18 17:19:08 - exhaustive_index - INFO - Processed table 1201 - datasets_USA/USA_CSV0000000000017594.csv
2025-12-18 17:19:08 - exhaustive_index - INFO - Processing table 1202 - datasets_USA/USA_CSV0000000000017598.csv
2025-12-18 17:19:09 - exhaustive_index - INFO - Processing table 1203 - datasets_USA/USA_CSV0000000000017636.csv
2025-12-18 17:19:09 - exhaustive_index - INFO - Table datasets_USA/USA_CSV0000000000017636.csv has 11806 rows and 7 columns
2025-12-18 17:19:09 - exhaustive_index - INFO - Processed table 1203 - datasets_USA/USA_CSV0000000000017636.csv
2025-12-18 17:19:14 - exhaustive_index - INFO - Processing table 1204 - datasets_USA/USA_CSV0000000000017637.csv
2025-12-18 17:19:14 - exhaustive_index - INFO - Table datasets_USA/USA_CSV0000000000017637.csv has 8860 rows and 17 columns
2025-12-18 17:19:14 - exhaustive_index - INFO - Processed table 1204 - datasets_USA/USA_CSV0000000000017637.csv
2025-12-18 17:19:21 - exhaustive_index - INFO - Processing table 1205 - datasets_USA/USA_CSV0000000000017645.csv
2025-12-18 17:19:21 - exhaustive_index - INFO - Table datasets_USA/USA_CSV0000000000017645.csv has 5028 rows and 19 columns
2025-12-18 17:19:21 - exhaustive_index - INFO - Processed table 1205 - datasets_USA/USA_CSV0000000000017645.csv
2025-12-18 17:19:23 - exhaustive_index - INFO - Processing table 1206 - datasets_USA/USA_CSV0000000000017650.csv
2025-12-18 17:19:23 - exhaustive_index - INFO - Table datasets_USA/USA_CSV0000000000017650.csv has 8760 rows and 21 columns
2025-12-18 17:19:23 - exhaustive_index - INFO - Processed table 1206 - datasets_USA/USA_CSV0000000000017650.csv
2025-12-18 17:19:24 - exhaustive_index - INFO - Processing table 1207 - datasets_USA/USA_CSV0000000000017655.csv
2025-12-18 17:19:24 - exhaustive_index - INFO - Table datasets_USA/USA_CSV0000000000017655.csv has 9449 rows and 8 columns
2025-12-18 17:19:24 - exhaustive_index - INFO - Processed table 1207 - datasets_USA/USA_CSV0000000000017655.csv
2025-12-18 17:19:35 - exhaustive_index - INFO - Processing table 1208 - datasets_USA/USA_CSV0000000000017675.csv
2025-12-18 17:19:35 - exhaustive_index - INFO - Table datasets_USA/USA_CSV0000000000017675.csv has 1068 rows and 32 columns
2025-12-18 17:19:35 - exhaustive_index - INFO - Processed table 1208 - datasets_USA/USA_CSV0000000000017675.csv
2025-12-18 17:19:37 - exhaustive_index - INFO - Processing table 1209 - datasets_USA/USA_CSV0000000000017679.csv
2025-12-18 17:19:37 - exhaustive_index - INFO - Table datasets_USA/USA_CSV0000000000017679.csv has 16873 rows and 20 columns
2025-12-18 17:19:37 - exhaustive_index - INFO - Processed table 1209 - datasets_USA/USA_CSV0000000000017679.csv
2025-12-18 17:20:02 - exhaustive_index - INFO - Processing table 1210 - datasets_USA/USA_CSV0000000000017680.csv
2025-12-18 17:20:02 - exhaustive_index - INFO - Table datasets_USA/USA_CSV0000000000017680.csv has 8105 rows and 23 columns
2025-12-18 17:20:02 - exhaustive_index - INFO - Processed table 1210 - datasets_USA/USA_CSV0000000000017680.csv
2025-12-18 17:20:04 - exhaustive_index - INFO - Processing table 1211 - datasets_USA/USA_CSV0000000000017686.csv
2025-12-18 17:20:04 - exhaustive_index - INFO - Table datasets_USA/USA_CSV0000000000017686.csv has 46156 rows and 9 columns
2025-12-18 17:20:04 - exhaustive_index - INFO - Processed table 1211 - datasets_USA/USA_CSV0000000000017686.csv
2025-12-18 17:20:06 - exhaustive_index - INFO - Processing table 1212 - datasets_USA/USA_CSV0000000000017691.csv
2025-12-18 17:20:06 - exhaustive_index - INFO - Table datasets_USA/USA_CSV0000000000017691.csv has 357 rows and 15 columns
2025-12-18 17:20:06 - exhaustive_index - INFO - Processed table 1212 - datasets_USA/USA_CSV0000000000017691.csv
2025-12-18 17:20:10 - exhaustive_index - INFO - Processing table 1213 - datasets_USA/USA_CSV0000000000017707.csv
2025-12-18 17:20:10 - exhaustive_index - INFO - Table datasets_USA/USA_CSV0000000000017707.csv has 4809 rows and 14 columns
2025-12-18 17:20:10 - exhaustive_index - INFO - Processed table 1213 - datasets_USA/USA_CSV0000000000017707.csv
2025-12-18 17:20:12 - exhaustive_index - INFO - Processing table 1214 - datasets_USA/USA_CSV0000000000017723.csv
2025-12-18 17:20:12 - exhaustive_index - INFO - Table datasets_USA/USA_CSV0000000000017723.csv has 7129 rows and 10 columns
2025-12-18 17:20:12 - exhaustive_index - INFO - Processed table 1214 - datasets_USA/USA_CSV0000000000017723.csv
2025-12-18 17:20:13 - exhaustive_index - INFO - Processing table 1215 - datasets_USA/USA_CSV0000000000017725.csv
2025-12-18 17:20:13 - exhaustive_index - INFO - Table datasets_USA/USA_CSV0000000000017725.csv has 22983 rows and 9 columns
2025-12-18 17:20:13 - exhaustive_index - INFO - Processed table 1215 - datasets_USA/USA_CSV0000000000017725.csv
2025-12-18 17:20:14 - exhaustive_index - INFO - Processing table 1216 - datasets_USA/USA_CSV0000000000017730.csv
2025-12-18 17:20:14 - exhaustive_index - INFO - Table datasets_USA/USA_CSV0000000000017730.csv has 7947 rows and 4 columns
2025-12-18 17:20:14 - exhaustive_index - INFO - Processed table 1216 - datasets_USA/USA_CSV0000000000017730.csv
2025-12-18 17:20:16 - exhaustive_index - INFO - Processing table 1217 - datasets_USA/USA_CSV0000000000017748.csv
2025-12-18 17:20:16 - exhaustive_index - INFO - Table datasets_USA/USA_CSV0000000000017748.csv has 32648 rows and 9 columns
2025-12-18 17:20:16 - exhaustive_index - INFO - Processed table 1217 - datasets_USA/USA_CSV0000000000017748.csv
2025-12-18 17:20:19 - exhaustive_index - INFO - Processing table 1218 - datasets_USA/USA_CSV0000000000017758.csv
2025-12-18 17:20:19 - exhaustive_index - INFO - Table datasets_USA/USA_CSV0000000000017758.csv has 16552 rows and 10 columns
2025-12-18 17:20:19 - exhaustive_index - INFO - Processed table 1218 - datasets_USA/USA_CSV0000000000017758.csv
2025-12-18 17:20:20 - exhaustive_index - INFO - Processing table 1219 - datasets_USA/USA_CSV0000000000017765.csv
2025-12-18 17:20:20 - exhaustive_index - INFO - Table datasets_USA/USA_CSV0000000000017765.csv has 8784 rows and 21 columns
2025-12-18 17:20:20 - exhaustive_index - INFO - Processed table 1219 - datasets_USA/USA_CSV0000000000017765.csv
2025-12-18 17:20:22 - exhaustive_index - INFO - Processing table 1220 - datasets_USA/USA_CSV0000000000017775.csv
2025-12-18 17:20:22 - exhaustive_index - INFO - Table datasets_USA/USA_CSV0000000000017775.csv has 8760 rows and 21 columns
2025-12-18 17:20:22 - exhaustive_index - INFO - Processed table 1220 - datasets_USA/USA_CSV0000000000017775.csv
2025-12-18 17:20:24 - exhaustive_index - INFO - Processing table 1221 - datasets_USA/USA_CSV0000000000017781.csv
2025-12-18 17:20:24 - exhaustive_index - INFO - Table datasets_USA/USA_CSV0000000000017781.csv has 30273 rows and 9 columns
2025-12-18 17:20:24 - exhaustive_index - INFO - Processed table 1221 - datasets_USA/USA_CSV0000000000017781.csv
2025-12-18 17:20:26 - exhaustive_index - INFO - Processing table 1222 - datasets_USA/USA_CSV0000000000017782.csv
2025-12-18 17:20:26 - exhaustive_index - INFO - Table datasets_USA/USA_CSV0000000000017782.csv has 5666 rows and 14 columns
2025-12-18 17:20:26 - exhaustive_index - INFO - Processed table 1222 - datasets_USA/USA_CSV0000000000017782.csv
2025-12-18 17:20:35 - exhaustive_index - INFO - Processing table 1223 - datasets_USA/USA_CSV0000000000017789.csv
2025-12-18 17:20:35 - exhaustive_index - INFO - Table datasets_USA/USA_CSV0000000000017789.csv has 23226 rows and 12 columns
2025-12-18 17:20:35 - exhaustive_index - INFO - Processed table 1223 - datasets_USA/USA_CSV0000000000017789.csv
2025-12-18 17:20:37 - exhaustive_index - INFO - Processing table 1224 - datasets_USA/USA_CSV0000000000017800.csv
2025-12-18 17:20:37 - exhaustive_index - INFO - Table datasets_USA/USA_CSV0000000000017800.csv has 20002 rows and 11 columns
2025-12-18 17:20:37 - exhaustive_index - INFO - Processed table 1224 - datasets_USA/USA_CSV0000000000017800.csv
2025-12-18 17:20:39 - exhaustive_index - INFO - Processing table 1225 - datasets_USA/USA_CSV0000000000017803.csv
2025-12-18 17:20:39 - exhaustive_index - INFO - Table datasets_USA/USA_CSV0000000000017803.csv has 8784 rows and 21 columns
2025-12-18 17:20:39 - exhaustive_index - INFO - Processed table 1225 - datasets_USA/USA_CSV0000000000017803.csv
2025-12-18 17:20:41 - exhaustive_index - INFO - Processing table 1226 - datasets_USA/USA_CSV0000000000017811.csv
2025-12-18 17:20:41 - exhaustive_index - INFO - Table datasets_USA/USA_CSV0000000000017811.csv has 10158 rows and 10 columns
2025-12-18 17:20:41 - exhaustive_index - INFO - Processed table 1226 - datasets_USA/USA_CSV0000000000017811.csv
2025-12-18 17:20:44 - exhaustive_index - INFO - Processing table 1227 - datasets_USA/USA_CSV0000000000017839.csv
2025-12-18 17:20:44 - exhaustive_index - INFO - Table datasets_USA/USA_CSV0000000000017839.csv has 7124 rows and 11 columns
2025-12-18 17:20:44 - exhaustive_index - INFO - Processed table 1227 - datasets_USA/USA_CSV0000000000017839.csv
2025-12-18 17:20:47 - exhaustive_index - INFO - Processing table 1228 - datasets_USA/USA_CSV0000000000017843.csv
2025-12-18 17:20:47 - exhaustive_index - INFO - Table datasets_USA/USA_CSV0000000000017843.csv has 8784 rows and 21 columns
2025-12-18 17:20:47 - exhaustive_index - INFO - Processed table 1228 - datasets_USA/USA_CSV0000000000017843.csv
2025-12-18 17:20:48 - exhaustive_index - INFO - Processing table 1229 - datasets_USA/USA_CSV0000000000017863.csv
2025-12-18 17:20:48 - exhaustive_index - INFO - Table datasets_USA/USA_CSV0000000000017863.csv has 8784 rows and 21 columns
2025-12-18 17:20:48 - exhaustive_index - INFO - Processed table 1229 - datasets_USA/USA_CSV0000000000017863.csv
2025-12-18 17:20:49 - exhaustive_index - INFO - Processing table 1230 - datasets_USA/USA_CSV0000000000017865.csv
2025-12-18 17:20:49 - exhaustive_index - INFO - Table datasets_USA/USA_CSV0000000000017865.csv has 11857 rows and 9 columns
2025-12-18 17:20:49 - exhaustive_index - INFO - Processed table 1230 - datasets_USA/USA_CSV0000000000017865.csv
2025-12-18 17:20:52 - exhaustive_index - INFO - Processing table 1231 - datasets_USA/USA_CSV0000000000017882.csv
2025-12-18 17:20:52 - exhaustive_index - INFO - Table datasets_USA/USA_CSV0000000000017882.csv has 8760 rows and 21 columns
2025-12-18 17:20:52 - exhaustive_index - INFO - Processed table 1231 - datasets_USA/USA_CSV0000000000017882.csv
2025-12-18 17:20:54 - exhaustive_index - INFO - Processing table 1232 - datasets_USA/USA_CSV0000000000017907.csv
2025-12-18 17:20:54 - exhaustive_index - INFO - Table datasets_USA/USA_CSV0000000000017907.csv has 17084 rows and 13 columns
2025-12-18 17:20:54 - exhaustive_index - INFO - Processed table 1232 - datasets_USA/USA_CSV0000000000017907.csv
2025-12-18 17:20:58 - exhaustive_index - INFO - Processing table 1233 - datasets_USA/USA_CSV0000000000017911.csv
2025-12-18 17:20:58 - exhaustive_index - INFO - Table datasets_USA/USA_CSV0000000000017911.csv has 8255 rows and 15 columns
2025-12-18 17:20:58 - exhaustive_index - INFO - Processed table 1233 - datasets_USA/USA_CSV0000000000017911.csv
2025-12-18 17:21:01 - exhaustive_index - INFO - Processing table 1234 - datasets_USA/USA_CSV0000000000017918.csv
2025-12-18 17:21:01 - exhaustive_index - INFO - Table datasets_USA/USA_CSV0000000000017918.csv has 53940 rows and 4 columns
2025-12-18 17:21:01 - exhaustive_index - INFO - Processed table 1234 - datasets_USA/USA_CSV0000000000017918.csv
2025-12-18 17:21:04 - exhaustive_index - INFO - Processing table 1235 - datasets_USA/USA_CSV0000000000017931.csv
2025-12-18 17:21:04 - exhaustive_index - INFO - Table datasets_USA/USA_CSV0000000000017931.csv has 310 rows and 17 columns
2025-12-18 17:21:04 - exhaustive_index - INFO - Processed table 1235 - datasets_USA/USA_CSV0000000000017931.csv
2025-12-18 17:21:06 - exhaustive_index - INFO - Processing table 1236 - datasets_USA/USA_CSV0000000000017933.csv
2025-12-18 17:21:06 - exhaustive_index - INFO - Table datasets_USA/USA_CSV0000000000017933.csv has 6078 rows and 18 columns
2025-12-18 17:21:06 - exhaustive_index - INFO - Processed table 1236 - datasets_USA/USA_CSV0000000000017933.csv
2025-12-18 17:21:09 - exhaustive_index - INFO - Processing table 1237 - datasets_USA/USA_CSV0000000000017935.csv
2025-12-18 17:21:09 - exhaustive_index - INFO - Table datasets_USA/USA_CSV0000000000017935.csv has 3232 rows and 28 columns
2025-12-18 17:21:09 - exhaustive_index - INFO - Processed table 1237 - datasets_USA/USA_CSV0000000000017935.csv
2025-12-18 17:21:21 - exhaustive_index - INFO - Processing table 1238 - datasets_USA/USA_CSV0000000000017937.csv
2025-12-18 17:21:21 - exhaustive_index - INFO - Table datasets_USA/USA_CSV0000000000017937.csv has 614 rows and 34 columns
2025-12-18 17:21:21 - exhaustive_index - INFO - Processed table 1238 - datasets_USA/USA_CSV0000000000017937.csv
2025-12-18 17:21:23 - exhaustive_index - INFO - Processing table 1239 - datasets_USA/USA_CSV0000000000017965.csv
2025-12-18 17:21:23 - exhaustive_index - INFO - Table datasets_USA/USA_CSV0000000000017965.csv has 10907 rows and 12 columns
2025-12-18 17:21:23 - exhaustive_index - INFO - Processed table 1239 - datasets_USA/USA_CSV0000000000017965.csv
2025-12-18 17:21:26 - exhaustive_index - INFO - Processing table 1240 - datasets_USA/USA_CSV0000000000017970.csv
2025-12-18 17:21:26 - exhaustive_index - INFO - Table datasets_USA/USA_CSV0000000000017970.csv has 8784 rows and 21 columns
2025-12-18 17:21:26 - exhaustive_index - INFO - Processed table 1240 - datasets_USA/USA_CSV0000000000017970.csv
2025-12-18 17:21:28 - exhaustive_index - INFO - Processing table 1241 - datasets_USA/USA_CSV0000000000017976.csv
2025-12-18 17:21:28 - exhaustive_index - INFO - Table datasets_USA/USA_CSV0000000000017976.csv has 18511 rows and 9 columns
2025-12-18 17:21:28 - exhaustive_index - INFO - Processed table 1241 - datasets_USA/USA_CSV0000000000017976.csv
2025-12-18 17:21:28 - exhaustive_index - INFO - Processing table 1242 - datasets_USA/USA_CSV0000000000017997.csv
2025-12-18 17:21:28 - exhaustive_index - INFO - Table datasets_USA/USA_CSV0000000000017997.csv has 38 rows and 11 columns
2025-12-18 17:21:28 - exhaustive_index - INFO - Processed table 1242 - datasets_USA/USA_CSV0000000000017997.csv
2025-12-18 17:21:34 - exhaustive_index - INFO - Processing table 1243 - datasets_USA/USA_CSV0000000000018004.csv
2025-12-18 17:21:34 - exhaustive_index - INFO - Table datasets_USA/USA_CSV0000000000018004.csv has 4182 rows and 19 columns
2025-12-18 17:21:34 - exhaustive_index - INFO - Processed table 1243 - datasets_USA/USA_CSV0000000000018004.csv
2025-12-18 17:21:41 - exhaustive_index - INFO - Processing table 1244 - datasets_USA/USA_CSV0000000000018011.csv
2025-12-18 17:21:41 - exhaustive_index - INFO - Table datasets_USA/USA_CSV0000000000018011.csv has 12892 rows and 19 columns
2025-12-18 17:21:41 - exhaustive_index - INFO - Processed table 1244 - datasets_USA/USA_CSV0000000000018011.csv
2025-12-18 17:21:42 - exhaustive_index - INFO - Processing table 1245 - datasets_USA/USA_CSV0000000000018012.csv
2025-12-18 17:21:42 - exhaustive_index - INFO - Table datasets_USA/USA_CSV0000000000018012.csv has 8760 rows and 21 columns
2025-12-18 17:21:42 - exhaustive_index - INFO - Processed table 1245 - datasets_USA/USA_CSV0000000000018012.csv
2025-12-18 17:23:07 - exhaustive_index - INFO - Processing table 1246 - datasets_USA/USA_CSV0000000000018021.csv
2025-12-18 17:23:07 - exhaustive_index - INFO - Table datasets_USA/USA_CSV0000000000018021.csv has 29886 rows and 22 columns
2025-12-18 17:23:07 - exhaustive_index - INFO - Processed table 1246 - datasets_USA/USA_CSV0000000000018021.csv
2025-12-18 17:23:07 - exhaustive_index - INFO - Processing table 1247 - datasets_USA/USA_CSV0000000000018024.csv
2025-12-18 17:23:07 - exhaustive_index - INFO - Table datasets_USA/USA_CSV0000000000018024.csv has 61 rows and 5 columns
2025-12-18 17:23:07 - exhaustive_index - INFO - Processed table 1247 - datasets_USA/USA_CSV0000000000018024.csv
2025-12-18 17:23:08 - exhaustive_index - INFO - Processing table 1248 - datasets_USA/USA_CSV0000000000018030.csv
2025-12-18 17:23:08 - exhaustive_index - INFO - Table datasets_USA/USA_CSV0000000000018030.csv has 320 rows and 14 columns
2025-12-18 17:23:08 - exhaustive_index - INFO - Processed table 1248 - datasets_USA/USA_CSV0000000000018030.csv
2025-12-18 17:23:09 - exhaustive_index - INFO - Processing table 1249 - datasets_USA/USA_CSV0000000000018058.csv
2025-12-18 17:23:09 - exhaustive_index - INFO - Table datasets_USA/USA_CSV0000000000018058.csv has 62 rows and 10 columns
2025-12-18 17:23:09 - exhaustive_index - INFO - Processed table 1249 - datasets_USA/USA_CSV0000000000018058.csv
2025-12-18 17:23:14 - exhaustive_index - INFO - Processing table 1250 - datasets_USA/USA_CSV0000000000018059.csv
2025-12-18 17:23:14 - exhaustive_index - INFO - Table datasets_USA/USA_CSV0000000000018059.csv has 1902 rows and 19 columns
2025-12-18 17:23:14 - exhaustive_index - INFO - Processed table 1250 - datasets_USA/USA_CSV0000000000018059.csv
2025-12-18 17:23:14 - exhaustive_index - INFO - Processing table 1251 - datasets_USA/USA_CSV0000000000018079.csv
2025-12-18 17:23:14 - exhaustive_index - INFO - Table datasets_USA/USA_CSV0000000000018079.csv has 33 rows and 4 columns
2025-12-18 17:23:14 - exhaustive_index - INFO - Processed table 1251 - datasets_USA/USA_CSV0000000000018079.csv
2025-12-18 17:23:16 - exhaustive_index - INFO - Processing table 1252 - datasets_USA/USA_CSV0000000000018082.csv
2025-12-18 17:23:16 - exhaustive_index - INFO - Table datasets_USA/USA_CSV0000000000018082.csv has 22934 rows and 7 columns
2025-12-18 17:23:16 - exhaustive_index - INFO - Processed table 1252 - datasets_USA/USA_CSV0000000000018082.csv
2025-12-18 17:23:34 - exhaustive_index - INFO - Processing table 1253 - datasets_USA/USA_CSV0000000000018103.csv
2025-12-18 17:23:34 - exhaustive_index - INFO - Table datasets_USA/USA_CSV0000000000018103.csv has 12338 rows and 47 columns
2025-12-18 17:23:34 - exhaustive_index - INFO - Processed table 1253 - datasets_USA/USA_CSV0000000000018103.csv
2025-12-18 17:23:41 - exhaustive_index - INFO - Processing table 1254 - datasets_USA/USA_CSV0000000000018108.csv
2025-12-18 17:23:41 - exhaustive_index - INFO - Table datasets_USA/USA_CSV0000000000018108.csv has 7269 rows and 31 columns
2025-12-18 17:23:41 - exhaustive_index - INFO - Processed table 1254 - datasets_USA/USA_CSV0000000000018108.csv
2025-12-18 17:23:43 - exhaustive_index - INFO - Processing table 1255 - datasets_USA/USA_CSV0000000000018114.csv
2025-12-18 17:23:43 - exhaustive_index - INFO - Table datasets_USA/USA_CSV0000000000018114.csv has 34430 rows and 6 columns
2025-12-18 17:23:43 - exhaustive_index - INFO - Processed table 1255 - datasets_USA/USA_CSV0000000000018114.csv
2025-12-18 17:24:20 - exhaustive_index - INFO - Processing table 1256 - datasets_USA/USA_CSV0000000000018135.csv
2025-12-18 17:24:20 - exhaustive_index - INFO - Table datasets_USA/USA_CSV0000000000018135.csv has 6042 rows and 23 columns
2025-12-18 17:24:20 - exhaustive_index - INFO - Processed table 1256 - datasets_USA/USA_CSV0000000000018135.csv
2025-12-18 17:24:24 - exhaustive_index - INFO - Processing table 1257 - datasets_USA/USA_CSV0000000000018137.csv
2025-12-18 17:24:24 - exhaustive_index - INFO - Table datasets_USA/USA_CSV0000000000018137.csv has 8698 rows and 14 columns
2025-12-18 17:24:24 - exhaustive_index - INFO - Processed table 1257 - datasets_USA/USA_CSV0000000000018137.csv
2025-12-18 17:24:25 - exhaustive_index - INFO - Processing table 1258 - datasets_USA/USA_CSV0000000000018152.csv
2025-12-18 17:24:25 - exhaustive_index - INFO - Table datasets_USA/USA_CSV0000000000018152.csv has 3018 rows and 7 columns
2025-12-18 17:24:25 - exhaustive_index - INFO - Processed table 1258 - datasets_USA/USA_CSV0000000000018152.csv
2025-12-18 17:24:38 - exhaustive_index - INFO - Processing table 1259 - datasets_USA/USA_CSV0000000000018155.csv
2025-12-18 17:24:38 - exhaustive_index - INFO - Table datasets_USA/USA_CSV0000000000018155.csv has 7492 rows and 22 columns
2025-12-18 17:24:38 - exhaustive_index - INFO - Processed table 1259 - datasets_USA/USA_CSV0000000000018155.csv
2025-12-18 17:24:42 - exhaustive_index - INFO - Processing table 1260 - datasets_USA/USA_CSV0000000000018156.csv
2025-12-18 17:24:42 - exhaustive_index - INFO - Table datasets_USA/USA_CSV0000000000018156.csv has 7010 rows and 12 columns
2025-12-18 17:24:42 - exhaustive_index - INFO - Processed table 1260 - datasets_USA/USA_CSV0000000000018156.csv
2025-12-18 17:24:46 - exhaustive_index - INFO - Processing table 1261 - datasets_USA/USA_CSV0000000000018169.csv
2025-12-18 17:24:46 - exhaustive_index - INFO - Table datasets_USA/USA_CSV0000000000018169.csv has 23343 rows and 7 columns
2025-12-18 17:24:46 - exhaustive_index - INFO - Processed table 1261 - datasets_USA/USA_CSV0000000000018169.csv
2025-12-18 17:24:50 - exhaustive_index - INFO - Processing table 1262 - datasets_USA/USA_CSV0000000000018173.csv
2025-12-18 17:24:50 - exhaustive_index - INFO - Table datasets_USA/USA_CSV0000000000018173.csv has 16747 rows and 23 columns
2025-12-18 17:24:50 - exhaustive_index - INFO - Processed table 1262 - datasets_USA/USA_CSV0000000000018173.csv
2025-12-18 17:24:50 - exhaustive_index - INFO - Processing table 1263 - datasets_USA/USA_CSV0000000000018180.csv
2025-12-18 17:24:50 - exhaustive_index - INFO - Table datasets_USA/USA_CSV0000000000018180.csv has 56 rows and 5 columns
2025-12-18 17:24:50 - exhaustive_index - INFO - Processed table 1263 - datasets_USA/USA_CSV0000000000018180.csv
2025-12-18 17:24:54 - exhaustive_index - INFO - Processing table 1264 - datasets_USA/USA_CSV0000000000018187.csv
2025-12-18 17:24:54 - exhaustive_index - INFO - Table datasets_USA/USA_CSV0000000000018187.csv has 4993 rows and 13 columns
2025-12-18 17:24:54 - exhaustive_index - INFO - Processed table 1264 - datasets_USA/USA_CSV0000000000018187.csv
2025-12-18 17:24:55 - exhaustive_index - INFO - Processing table 1265 - datasets_USA/USA_CSV0000000000018198.csv
2025-12-18 17:24:55 - exhaustive_index - INFO - Table datasets_USA/USA_CSV0000000000018198.csv has 20353 rows and 11 columns
2025-12-18 17:24:55 - exhaustive_index - INFO - Processed table 1265 - datasets_USA/USA_CSV0000000000018198.csv
2025-12-18 17:24:58 - exhaustive_index - INFO - Processing table 1266 - datasets_USA/USA_CSV0000000000018203.csv
2025-12-18 17:24:58 - exhaustive_index - INFO - Table datasets_USA/USA_CSV0000000000018203.csv has 17674 rows and 22 columns
2025-12-18 17:24:58 - exhaustive_index - INFO - Processed table 1266 - datasets_USA/USA_CSV0000000000018203.csv
2025-12-18 17:25:54 - exhaustive_index - INFO - Processing table 1267 - datasets_USA/USA_CSV0000000000018206.csv
2025-12-18 17:25:54 - exhaustive_index - INFO - Table datasets_USA/USA_CSV0000000000018206.csv has 24421 rows and 33 columns
2025-12-18 17:25:54 - exhaustive_index - INFO - Processed table 1267 - datasets_USA/USA_CSV0000000000018206.csv
2025-12-18 17:25:57 - exhaustive_index - INFO - Processing table 1268 - datasets_USA/USA_CSV0000000000018232.csv
2025-12-18 17:25:57 - exhaustive_index - INFO - Table datasets_USA/USA_CSV0000000000018232.csv has 20352 rows and 7 columns
2025-12-18 17:25:57 - exhaustive_index - INFO - Processed table 1268 - datasets_USA/USA_CSV0000000000018232.csv
2025-12-18 17:26:00 - exhaustive_index - INFO - Processing table 1269 - datasets_USA/USA_CSV0000000000018244.csv
2025-12-18 17:26:00 - exhaustive_index - INFO - Table datasets_USA/USA_CSV0000000000018244.csv has 8760 rows and 21 columns
2025-12-18 17:26:00 - exhaustive_index - INFO - Processed table 1269 - datasets_USA/USA_CSV0000000000018244.csv
2025-12-18 17:26:02 - exhaustive_index - INFO - Processing table 1270 - datasets_USA/USA_CSV0000000000018251.csv
2025-12-18 17:26:02 - exhaustive_index - INFO - Table datasets_USA/USA_CSV0000000000018251.csv has 67663 rows and 6 columns
2025-12-18 17:26:02 - exhaustive_index - INFO - Processed table 1270 - datasets_USA/USA_CSV0000000000018251.csv
2025-12-18 17:26:02 - exhaustive_index - INFO - Processing table 1271 - datasets_USA/USA_CSV0000000000018260.csv
2025-12-18 17:26:02 - exhaustive_index - INFO - Table datasets_USA/USA_CSV0000000000018260.csv has 53 rows and 6 columns
2025-12-18 17:26:02 - exhaustive_index - INFO - Processed table 1271 - datasets_USA/USA_CSV0000000000018260.csv
2025-12-18 17:26:04 - exhaustive_index - INFO - Processing table 1272 - datasets_USA/USA_CSV0000000000018265.csv
2025-12-18 17:26:04 - exhaustive_index - INFO - Table datasets_USA/USA_CSV0000000000018265.csv has 24379 rows and 8 columns
2025-12-18 17:26:04 - exhaustive_index - INFO - Processed table 1272 - datasets_USA/USA_CSV0000000000018265.csv
2025-12-18 17:26:06 - exhaustive_index - INFO - Processing table 1273 - datasets_USA/USA_CSV0000000000018269.csv
2025-12-18 17:26:06 - exhaustive_index - INFO - Table datasets_USA/USA_CSV0000000000018269.csv has 16404 rows and 13 columns
2025-12-18 17:26:06 - exhaustive_index - INFO - Processed table 1273 - datasets_USA/USA_CSV0000000000018269.csv
2025-12-18 17:26:07 - exhaustive_index - INFO - Processing table 1274 - datasets_USA/USA_CSV0000000000018274.csv
2025-12-18 17:26:07 - exhaustive_index - INFO - Table datasets_USA/USA_CSV0000000000018274.csv has 8120 rows and 13 columns
2025-12-18 17:26:07 - exhaustive_index - INFO - Processed table 1274 - datasets_USA/USA_CSV0000000000018274.csv
2025-12-18 17:26:09 - exhaustive_index - INFO - Processing table 1275 - datasets_USA/USA_CSV0000000000018280.csv
2025-12-18 17:26:09 - exhaustive_index - INFO - Table datasets_USA/USA_CSV0000000000018280.csv has 241 rows and 27 columns
2025-12-18 17:26:09 - exhaustive_index - INFO - Processed table 1275 - datasets_USA/USA_CSV0000000000018280.csv
2025-12-18 17:26:09 - exhaustive_index - INFO - Processing table 1276 - datasets_USA/USA_CSV0000000000018284.csv
2025-12-18 17:26:09 - exhaustive_index - INFO - Table datasets_USA/USA_CSV0000000000018284.csv has 860 rows and 7 columns
2025-12-18 17:26:09 - exhaustive_index - INFO - Processed table 1276 - datasets_USA/USA_CSV0000000000018284.csv
2025-12-18 17:26:09 - exhaustive_index - INFO - Processing table 1277 - datasets_USA/USA_CSV0000000000018287.csv
2025-12-18 17:26:14 - exhaustive_index - INFO - Processing table 1278 - datasets_USA/USA_CSV0000000000018308.csv
2025-12-18 17:26:14 - exhaustive_index - INFO - Table datasets_USA/USA_CSV0000000000018308.csv has 31563 rows and 10 columns
2025-12-18 17:26:14 - exhaustive_index - INFO - Processed table 1278 - datasets_USA/USA_CSV0000000000018308.csv
2025-12-18 17:28:00 - exhaustive_index - INFO - Processing table 1279 - datasets_USA/USA_CSV0000000000018312.csv
2025-12-18 17:28:00 - exhaustive_index - INFO - Table datasets_USA/USA_CSV0000000000018312.csv has 14236 rows and 31 columns
2025-12-18 17:28:00 - exhaustive_index - INFO - Processed table 1279 - datasets_USA/USA_CSV0000000000018312.csv
2025-12-18 17:28:01 - exhaustive_index - INFO - Processing table 1280 - datasets_USA/USA_CSV0000000000018323.csv
2025-12-18 17:28:01 - exhaustive_index - INFO - Table datasets_USA/USA_CSV0000000000018323.csv has 11268 rows and 7 columns
2025-12-18 17:28:01 - exhaustive_index - INFO - Processed table 1280 - datasets_USA/USA_CSV0000000000018323.csv
2025-12-18 17:28:04 - exhaustive_index - INFO - Processing table 1281 - datasets_USA/USA_CSV0000000000018329.csv
2025-12-18 17:28:04 - exhaustive_index - INFO - Table datasets_USA/USA_CSV0000000000018329.csv has 17687 rows and 10 columns
2025-12-18 17:28:04 - exhaustive_index - INFO - Processed table 1281 - datasets_USA/USA_CSV0000000000018329.csv
2025-12-18 17:30:24 - exhaustive_index - INFO - Processing table 1282 - datasets_USA/USA_CSV0000000000018349.csv
2025-12-18 17:30:24 - exhaustive_index - INFO - Table datasets_USA/USA_CSV0000000000018349.csv has 2925 rows and 65 columns
2025-12-18 17:30:24 - exhaustive_index - INFO - Processed table 1282 - datasets_USA/USA_CSV0000000000018349.csv
2025-12-18 17:30:24 - exhaustive_index - INFO - Processing table 1283 - datasets_USA/USA_CSV0000000000018350.csv
2025-12-18 17:30:24 - exhaustive_index - INFO - Table datasets_USA/USA_CSV0000000000018350.csv has 0 rows and 9 columns
2025-12-18 17:30:24 - exhaustive_index - INFO - Processed table 1283 - datasets_USA/USA_CSV0000000000018350.csv
2025-12-18 17:30:26 - exhaustive_index - INFO - Processing table 1284 - datasets_USA/USA_CSV0000000000018364.csv
2025-12-18 17:30:26 - exhaustive_index - INFO - Table datasets_USA/USA_CSV0000000000018364.csv has 8760 rows and 21 columns
2025-12-18 17:30:26 - exhaustive_index - INFO - Processed table 1284 - datasets_USA/USA_CSV0000000000018364.csv
2025-12-18 17:30:30 - exhaustive_index - INFO - Processing table 1285 - datasets_USA/USA_CSV0000000000018382.csv
2025-12-18 17:30:30 - exhaustive_index - INFO - Table datasets_USA/USA_CSV0000000000018382.csv has 13917 rows and 10 columns
2025-12-18 17:30:30 - exhaustive_index - INFO - Processed table 1285 - datasets_USA/USA_CSV0000000000018382.csv
2025-12-18 17:30:34 - exhaustive_index - INFO - Processing table 1286 - datasets_USA/USA_CSV0000000000018428.csv
2025-12-18 17:30:34 - exhaustive_index - INFO - Table datasets_USA/USA_CSV0000000000018428.csv has 26299 rows and 8 columns
2025-12-18 17:30:34 - exhaustive_index - INFO - Processed table 1286 - datasets_USA/USA_CSV0000000000018428.csv
2025-12-18 17:30:35 - exhaustive_index - INFO - Processing table 1287 - datasets_USA/USA_CSV0000000000018429.csv
2025-12-18 17:30:35 - exhaustive_index - INFO - Table datasets_USA/USA_CSV0000000000018429.csv has 13399 rows and 18 columns
2025-12-18 17:30:35 - exhaustive_index - INFO - Processed table 1287 - datasets_USA/USA_CSV0000000000018429.csv
2025-12-18 17:30:35 - exhaustive_index - INFO - Processing table 1288 - datasets_USA/USA_CSV0000000000018440.csv
2025-12-18 17:30:35 - exhaustive_index - INFO - Table datasets_USA/USA_CSV0000000000018440.csv has 33968 rows and 4 columns
2025-12-18 17:30:35 - exhaustive_index - INFO - Processed table 1288 - datasets_USA/USA_CSV0000000000018440.csv
2025-12-18 17:30:37 - exhaustive_index - INFO - Processing table 1289 - datasets_USA/USA_CSV0000000000018454.csv
2025-12-18 17:30:37 - exhaustive_index - INFO - Table datasets_USA/USA_CSV0000000000018454.csv has 59065 rows and 6 columns
2025-12-18 17:30:37 - exhaustive_index - INFO - Processed table 1289 - datasets_USA/USA_CSV0000000000018454.csv
2025-12-18 17:30:42 - exhaustive_index - INFO - Processing table 1290 - datasets_USA/USA_CSV0000000000018463.csv
2025-12-18 17:30:42 - exhaustive_index - INFO - Table datasets_USA/USA_CSV0000000000018463.csv has 15511 rows and 11 columns
2025-12-18 17:30:42 - exhaustive_index - INFO - Processed table 1290 - datasets_USA/USA_CSV0000000000018463.csv
2025-12-18 17:30:44 - exhaustive_index - INFO - Processing table 1291 - datasets_USA/USA_CSV0000000000018475.csv
2025-12-18 17:30:44 - exhaustive_index - INFO - Table datasets_USA/USA_CSV0000000000018475.csv has 4972 rows and 15 columns
2025-12-18 17:30:44 - exhaustive_index - INFO - Processed table 1291 - datasets_USA/USA_CSV0000000000018475.csv
2025-12-18 17:30:48 - exhaustive_index - INFO - Processing table 1292 - datasets_USA/USA_CSV0000000000018485.csv
2025-12-18 17:30:48 - exhaustive_index - INFO - Table datasets_USA/USA_CSV0000000000018485.csv has 19918 rows and 14 columns
2025-12-18 17:30:48 - exhaustive_index - INFO - Processed table 1292 - datasets_USA/USA_CSV0000000000018485.csv
2025-12-18 17:30:55 - exhaustive_index - INFO - Processing table 1293 - datasets_USA/USA_CSV0000000000018498.csv
2025-12-18 17:30:55 - exhaustive_index - INFO - Table datasets_USA/USA_CSV0000000000018498.csv has 8760 rows and 21 columns
2025-12-18 17:30:55 - exhaustive_index - INFO - Processed table 1293 - datasets_USA/USA_CSV0000000000018498.csv
2025-12-18 17:30:56 - exhaustive_index - INFO - Processing table 1294 - datasets_USA/USA_CSV0000000000018511.csv
2025-12-18 17:30:56 - exhaustive_index - INFO - Table datasets_USA/USA_CSV0000000000018511.csv has 8760 rows and 21 columns
2025-12-18 17:30:56 - exhaustive_index - INFO - Processed table 1294 - datasets_USA/USA_CSV0000000000018511.csv
2025-12-18 17:31:44 - exhaustive_index - INFO - Processing table 1295 - datasets_USA/USA_CSV0000000000018517.csv
2025-12-18 17:31:44 - exhaustive_index - INFO - Table datasets_USA/USA_CSV0000000000018517.csv has 2396 rows and 59 columns
2025-12-18 17:31:44 - exhaustive_index - INFO - Processed table 1295 - datasets_USA/USA_CSV0000000000018517.csv
2025-12-18 17:32:00 - exhaustive_index - INFO - Processing table 1296 - datasets_USA/USA_CSV0000000000018537.csv
2025-12-18 17:32:00 - exhaustive_index - INFO - Table datasets_USA/USA_CSV0000000000018537.csv has 17065 rows and 15 columns
2025-12-18 17:32:00 - exhaustive_index - INFO - Processed table 1296 - datasets_USA/USA_CSV0000000000018537.csv
2025-12-18 17:32:02 - exhaustive_index - INFO - Processing table 1297 - datasets_USA/USA_CSV0000000000018546.csv
2025-12-18 17:32:02 - exhaustive_index - INFO - Table datasets_USA/USA_CSV0000000000018546.csv has 19431 rows and 9 columns
2025-12-18 17:32:02 - exhaustive_index - INFO - Processed table 1297 - datasets_USA/USA_CSV0000000000018546.csv
2025-12-18 17:32:04 - exhaustive_index - INFO - Processing table 1298 - datasets_USA/USA_CSV0000000000018554.csv
2025-12-18 17:32:04 - exhaustive_index - INFO - Table datasets_USA/USA_CSV0000000000018554.csv has 8760 rows and 21 columns
2025-12-18 17:32:04 - exhaustive_index - INFO - Processed table 1298 - datasets_USA/USA_CSV0000000000018554.csv
2025-12-18 17:32:06 - exhaustive_index - INFO - Processing table 1299 - datasets_USA/USA_CSV0000000000018557.csv
2025-12-18 17:32:06 - exhaustive_index - INFO - Table datasets_USA/USA_CSV0000000000018557.csv has 8760 rows and 21 columns
2025-12-18 17:32:06 - exhaustive_index - INFO - Processed table 1299 - datasets_USA/USA_CSV0000000000018557.csv
2025-12-18 17:32:08 - exhaustive_index - INFO - Processing table 1300 - datasets_USA/USA_CSV0000000000018575.csv
2025-12-18 17:32:08 - exhaustive_index - INFO - Table datasets_USA/USA_CSV0000000000018575.csv has 15486 rows and 13 columns
2025-12-18 17:32:08 - exhaustive_index - INFO - Processed table 1300 - datasets_USA/USA_CSV0000000000018575.csv
2025-12-18 17:32:11 - exhaustive_index - INFO - Processing table 1301 - datasets_USA/USA_CSV0000000000018581.csv
2025-12-18 17:32:11 - exhaustive_index - INFO - Table datasets_USA/USA_CSV0000000000018581.csv has 8760 rows and 21 columns
2025-12-18 17:32:11 - exhaustive_index - INFO - Processed table 1301 - datasets_USA/USA_CSV0000000000018581.csv
2025-12-18 17:32:14 - exhaustive_index - INFO - Processing table 1302 - datasets_USA/USA_CSV0000000000018584.csv
2025-12-18 17:32:14 - exhaustive_index - INFO - Table datasets_USA/USA_CSV0000000000018584.csv has 18667 rows and 9 columns
2025-12-18 17:32:14 - exhaustive_index - INFO - Processed table 1302 - datasets_USA/USA_CSV0000000000018584.csv
2025-12-18 17:32:16 - exhaustive_index - INFO - Processing table 1303 - datasets_USA/USA_CSV0000000000018599.csv
2025-12-18 17:32:16 - exhaustive_index - INFO - Table datasets_USA/USA_CSV0000000000018599.csv has 8760 rows and 21 columns
2025-12-18 17:32:16 - exhaustive_index - INFO - Processed table 1303 - datasets_USA/USA_CSV0000000000018599.csv
2025-12-18 17:32:18 - exhaustive_index - INFO - Processing table 1304 - datasets_USA/USA_CSV0000000000018611.csv
2025-12-18 17:32:18 - exhaustive_index - INFO - Table datasets_USA/USA_CSV0000000000018611.csv has 10838 rows and 26 columns
2025-12-18 17:32:18 - exhaustive_index - INFO - Processed table 1304 - datasets_USA/USA_CSV0000000000018611.csv
2025-12-18 17:32:20 - exhaustive_index - INFO - Processing table 1305 - datasets_USA/USA_CSV0000000000018618.csv
2025-12-18 17:32:20 - exhaustive_index - INFO - Table datasets_USA/USA_CSV0000000000018618.csv has 8760 rows and 21 columns
2025-12-18 17:32:20 - exhaustive_index - INFO - Processed table 1305 - datasets_USA/USA_CSV0000000000018618.csv
2025-12-18 17:32:23 - exhaustive_index - INFO - Processing table 1306 - datasets_USA/USA_CSV0000000000018625.csv
2025-12-18 17:32:23 - exhaustive_index - INFO - Table datasets_USA/USA_CSV0000000000018625.csv has 19753 rows and 7 columns
2025-12-18 17:32:23 - exhaustive_index - INFO - Processed table 1306 - datasets_USA/USA_CSV0000000000018625.csv
2025-12-18 17:32:27 - exhaustive_index - INFO - Processing table 1307 - datasets_USA/USA_CSV0000000000018632.csv
2025-12-18 17:32:27 - exhaustive_index - INFO - Table datasets_USA/USA_CSV0000000000018632.csv has 15050 rows and 11 columns
2025-12-18 17:32:27 - exhaustive_index - INFO - Processed table 1307 - datasets_USA/USA_CSV0000000000018632.csv
2025-12-18 17:32:28 - exhaustive_index - INFO - Processing table 1308 - datasets_USA/USA_CSV0000000000018644.csv
2025-12-18 17:32:28 - exhaustive_index - INFO - Table datasets_USA/USA_CSV0000000000018644.csv has 43480 rows and 4 columns
2025-12-18 17:32:28 - exhaustive_index - INFO - Processed table 1308 - datasets_USA/USA_CSV0000000000018644.csv
2025-12-18 17:32:28 - exhaustive_index - INFO - Processing table 1309 - datasets_USA/USA_CSV0000000000018648.csv
2025-12-18 17:32:28 - exhaustive_index - INFO - Table datasets_USA/USA_CSV0000000000018648.csv has 1260 rows and 8 columns
2025-12-18 17:32:28 - exhaustive_index - INFO - Processed table 1309 - datasets_USA/USA_CSV0000000000018648.csv
2025-12-18 17:32:29 - exhaustive_index - INFO - Processing table 1310 - datasets_USA/USA_CSV0000000000018649.csv
2025-12-18 17:32:29 - exhaustive_index - INFO - Table datasets_USA/USA_CSV0000000000018649.csv has 8760 rows and 21 columns
2025-12-18 17:32:29 - exhaustive_index - INFO - Processed table 1310 - datasets_USA/USA_CSV0000000000018649.csv
2025-12-18 17:32:40 - exhaustive_index - INFO - Processing table 1311 - datasets_USA/USA_CSV0000000000018653.csv
2025-12-18 17:32:40 - exhaustive_index - INFO - Table datasets_USA/USA_CSV0000000000018653.csv has 21237 rows and 23 columns
2025-12-18 17:32:40 - exhaustive_index - INFO - Processed table 1311 - datasets_USA/USA_CSV0000000000018653.csv
2025-12-18 17:32:50 - exhaustive_index - INFO - Processing table 1312 - datasets_USA/USA_CSV0000000000018657.csv
2025-12-18 17:32:50 - exhaustive_index - INFO - Table datasets_USA/USA_CSV0000000000018657.csv has 3381 rows and 42 columns
2025-12-18 17:32:50 - exhaustive_index - INFO - Processed table 1312 - datasets_USA/USA_CSV0000000000018657.csv
2025-12-18 17:32:56 - exhaustive_index - INFO - Processing table 1313 - datasets_USA/USA_CSV0000000000018681.csv
2025-12-18 17:32:56 - exhaustive_index - INFO - Table datasets_USA/USA_CSV0000000000018681.csv has 13678 rows and 19 columns
2025-12-18 17:32:56 - exhaustive_index - INFO - Processed table 1313 - datasets_USA/USA_CSV0000000000018681.csv
2025-12-18 17:32:57 - exhaustive_index - INFO - Processing table 1314 - datasets_USA/USA_CSV0000000000018682.csv
2025-12-18 17:32:57 - exhaustive_index - INFO - Table datasets_USA/USA_CSV0000000000018682.csv has 33911 rows and 4 columns
2025-12-18 17:32:57 - exhaustive_index - INFO - Processed table 1314 - datasets_USA/USA_CSV0000000000018682.csv
2025-12-18 17:32:57 - exhaustive_index - INFO - Processing table 1315 - datasets_USA/USA_CSV0000000000018687.csv
2025-12-18 17:32:57 - exhaustive_index - INFO - Table datasets_USA/USA_CSV0000000000018687.csv has 22365 rows and 5 columns
2025-12-18 17:32:57 - exhaustive_index - INFO - Processed table 1315 - datasets_USA/USA_CSV0000000000018687.csv
2025-12-18 17:33:04 - exhaustive_index - INFO - Processing table 1316 - datasets_USA/USA_CSV0000000000018706.csv
2025-12-18 17:33:04 - exhaustive_index - INFO - Table datasets_USA/USA_CSV0000000000018706.csv has 8760 rows and 21 columns
2025-12-18 17:33:04 - exhaustive_index - INFO - Processed table 1316 - datasets_USA/USA_CSV0000000000018706.csv
2025-12-18 17:33:07 - exhaustive_index - INFO - Processing table 1317 - datasets_USA/USA_CSV0000000000018709.csv
2025-12-18 17:33:07 - exhaustive_index - INFO - Table datasets_USA/USA_CSV0000000000018709.csv has 7675 rows and 22 columns
2025-12-18 17:33:07 - exhaustive_index - INFO - Processed table 1317 - datasets_USA/USA_CSV0000000000018709.csv
2025-12-18 17:33:13 - exhaustive_index - INFO - Processing table 1318 - datasets_USA/USA_CSV0000000000018711.csv
2025-12-18 17:33:13 - exhaustive_index - INFO - Table datasets_USA/USA_CSV0000000000018711.csv has 7866 rows and 15 columns
2025-12-18 17:33:13 - exhaustive_index - INFO - Processed table 1318 - datasets_USA/USA_CSV0000000000018711.csv
2025-12-18 17:33:14 - exhaustive_index - INFO - Processing table 1319 - datasets_USA/USA_CSV0000000000018735.csv
2025-12-18 17:33:14 - exhaustive_index - INFO - Table datasets_USA/USA_CSV0000000000018735.csv has 8784 rows and 21 columns
2025-12-18 17:33:14 - exhaustive_index - INFO - Processed table 1319 - datasets_USA/USA_CSV0000000000018735.csv
2025-12-18 17:33:19 - exhaustive_index - INFO - Processing table 1320 - datasets_USA/USA_CSV0000000000018763.csv
2025-12-18 17:33:19 - exhaustive_index - INFO - Table datasets_USA/USA_CSV0000000000018763.csv has 20507 rows and 12 columns
2025-12-18 17:33:19 - exhaustive_index - INFO - Processed table 1320 - datasets_USA/USA_CSV0000000000018763.csv
2025-12-18 17:33:25 - exhaustive_index - INFO - Processing table 1321 - datasets_USA/USA_CSV0000000000018793.csv
2025-12-18 17:33:25 - exhaustive_index - INFO - Table datasets_USA/USA_CSV0000000000018793.csv has 8784 rows and 21 columns
2025-12-18 17:33:25 - exhaustive_index - INFO - Processed table 1321 - datasets_USA/USA_CSV0000000000018793.csv
2025-12-18 17:33:26 - exhaustive_index - INFO - Processing table 1322 - datasets_USA/USA_CSV0000000000018809.csv
2025-12-18 17:33:26 - exhaustive_index - INFO - Table datasets_USA/USA_CSV0000000000018809.csv has 33913 rows and 4 columns
2025-12-18 17:33:26 - exhaustive_index - INFO - Processed table 1322 - datasets_USA/USA_CSV0000000000018809.csv
2025-12-18 17:33:28 - exhaustive_index - INFO - Processing table 1323 - datasets_USA/USA_CSV0000000000018811.csv
2025-12-18 17:33:28 - exhaustive_index - INFO - Table datasets_USA/USA_CSV0000000000018811.csv has 12634 rows and 12 columns
2025-12-18 17:33:28 - exhaustive_index - INFO - Processed table 1323 - datasets_USA/USA_CSV0000000000018811.csv
2025-12-18 17:33:29 - exhaustive_index - INFO - Processing table 1324 - datasets_USA/USA_CSV0000000000018814.csv
2025-12-18 17:33:29 - exhaustive_index - INFO - Table datasets_USA/USA_CSV0000000000018814.csv has 34017 rows and 4 columns
2025-12-18 17:33:29 - exhaustive_index - INFO - Processed table 1324 - datasets_USA/USA_CSV0000000000018814.csv
2025-12-18 17:34:20 - exhaustive_index - INFO - Processing table 1325 - datasets_USA/USA_CSV0000000000018820.csv
2025-12-18 17:34:20 - exhaustive_index - INFO - Table datasets_USA/USA_CSV0000000000018820.csv has 10316 rows and 25 columns
2025-12-18 17:34:20 - exhaustive_index - INFO - Processed table 1325 - datasets_USA/USA_CSV0000000000018820.csv
2025-12-18 17:34:24 - exhaustive_index - INFO - Processing table 1326 - datasets_USA/USA_CSV0000000000018823.csv
2025-12-18 17:34:24 - exhaustive_index - INFO - Table datasets_USA/USA_CSV0000000000018823.csv has 6486 rows and 19 columns
2025-12-18 17:34:24 - exhaustive_index - INFO - Processed table 1326 - datasets_USA/USA_CSV0000000000018823.csv
2025-12-18 17:34:45 - exhaustive_index - INFO - Processing table 1327 - datasets_USA/USA_CSV0000000000018828.csv
2025-12-18 17:34:45 - exhaustive_index - INFO - Table datasets_USA/USA_CSV0000000000018828.csv has 5414 rows and 28 columns
2025-12-18 17:34:45 - exhaustive_index - INFO - Processed table 1327 - datasets_USA/USA_CSV0000000000018828.csv
2025-12-18 17:34:45 - exhaustive_index - INFO - Processing table 1328 - datasets_USA/USA_CSV0000000000018841.csv
2025-12-18 17:34:45 - exhaustive_index - INFO - Table datasets_USA/USA_CSV0000000000018841.csv has 25 rows and 3 columns
2025-12-18 17:34:45 - exhaustive_index - INFO - Processed table 1328 - datasets_USA/USA_CSV0000000000018841.csv
2025-12-18 17:34:47 - exhaustive_index - INFO - Processing table 1329 - datasets_USA/USA_CSV0000000000018849.csv
2025-12-18 17:34:47 - exhaustive_index - INFO - Table datasets_USA/USA_CSV0000000000018849.csv has 10062 rows and 9 columns
2025-12-18 17:34:47 - exhaustive_index - INFO - Processed table 1329 - datasets_USA/USA_CSV0000000000018849.csv
2025-12-18 17:34:49 - exhaustive_index - INFO - Processing table 1330 - datasets_USA/USA_CSV0000000000018868.csv
2025-12-18 17:34:49 - exhaustive_index - INFO - Table datasets_USA/USA_CSV0000000000018868.csv has 9205 rows and 18 columns
2025-12-18 17:34:49 - exhaustive_index - INFO - Processed table 1330 - datasets_USA/USA_CSV0000000000018868.csv
2025-12-18 17:34:52 - exhaustive_index - INFO - Processing table 1331 - datasets_USA/USA_CSV0000000000018877.csv
2025-12-18 17:34:52 - exhaustive_index - INFO - Table datasets_USA/USA_CSV0000000000018877.csv has 3887 rows and 14 columns
2025-12-18 17:34:52 - exhaustive_index - INFO - Processed table 1331 - datasets_USA/USA_CSV0000000000018877.csv
2025-12-18 17:34:54 - exhaustive_index - INFO - Processing table 1332 - datasets_USA/USA_CSV0000000000018923.csv
2025-12-18 17:34:54 - exhaustive_index - INFO - Table datasets_USA/USA_CSV0000000000018923.csv has 8760 rows and 21 columns
2025-12-18 17:34:54 - exhaustive_index - INFO - Processed table 1332 - datasets_USA/USA_CSV0000000000018923.csv
2025-12-18 17:34:56 - exhaustive_index - INFO - Processing table 1333 - datasets_USA/USA_CSV0000000000018932.csv
2025-12-18 17:34:56 - exhaustive_index - INFO - Table datasets_USA/USA_CSV0000000000018932.csv has 8760 rows and 21 columns
2025-12-18 17:34:56 - exhaustive_index - INFO - Processed table 1333 - datasets_USA/USA_CSV0000000000018932.csv
2025-12-18 17:34:59 - exhaustive_index - INFO - Processing table 1334 - datasets_USA/USA_CSV0000000000018934.csv
2025-12-18 17:34:59 - exhaustive_index - INFO - Table datasets_USA/USA_CSV0000000000018934.csv has 8760 rows and 21 columns
2025-12-18 17:34:59 - exhaustive_index - INFO - Processed table 1334 - datasets_USA/USA_CSV0000000000018934.csv
2025-12-18 17:35:02 - exhaustive_index - INFO - Processing table 1335 - datasets_USA/USA_CSV0000000000018947.csv
2025-12-18 17:35:02 - exhaustive_index - INFO - Table datasets_USA/USA_CSV0000000000018947.csv has 8760 rows and 21 columns
2025-12-18 17:35:02 - exhaustive_index - INFO - Processed table 1335 - datasets_USA/USA_CSV0000000000018947.csv
2025-12-18 17:35:09 - exhaustive_index - INFO - Processing table 1336 - datasets_USA/USA_CSV0000000000018965.csv
2025-12-18 17:35:09 - exhaustive_index - INFO - Table datasets_USA/USA_CSV0000000000018965.csv has 8760 rows and 21 columns
2025-12-18 17:35:09 - exhaustive_index - INFO - Processed table 1336 - datasets_USA/USA_CSV0000000000018965.csv
2025-12-18 17:35:14 - exhaustive_index - INFO - Processing table 1337 - datasets_USA/USA_CSV0000000000018967.csv
2025-12-18 17:35:14 - exhaustive_index - INFO - Table datasets_USA/USA_CSV0000000000018967.csv has 19902 rows and 11 columns
2025-12-18 17:35:14 - exhaustive_index - INFO - Processed table 1337 - datasets_USA/USA_CSV0000000000018967.csv
2025-12-18 17:35:20 - exhaustive_index - INFO - Processing table 1338 - datasets_USA/USA_CSV0000000000019005.csv
2025-12-18 17:35:20 - exhaustive_index - INFO - Table datasets_USA/USA_CSV0000000000019005.csv has 30591 rows and 11 columns
2025-12-18 17:35:20 - exhaustive_index - INFO - Processed table 1338 - datasets_USA/USA_CSV0000000000019005.csv
2025-12-18 17:35:27 - exhaustive_index - INFO - Processing table 1339 - datasets_USA/USA_CSV0000000000019013.csv
2025-12-18 17:35:27 - exhaustive_index - INFO - Table datasets_USA/USA_CSV0000000000019013.csv has 11608 rows and 25 columns
2025-12-18 17:35:27 - exhaustive_index - INFO - Processed table 1339 - datasets_USA/USA_CSV0000000000019013.csv
2025-12-18 17:35:29 - exhaustive_index - INFO - Processing table 1340 - datasets_USA/USA_CSV0000000000019021.csv
2025-12-18 17:35:29 - exhaustive_index - INFO - Table datasets_USA/USA_CSV0000000000019021.csv has 9140 rows and 22 columns
2025-12-18 17:35:29 - exhaustive_index - INFO - Processed table 1340 - datasets_USA/USA_CSV0000000000019021.csv
2025-12-18 17:35:33 - exhaustive_index - INFO - Processing table 1341 - datasets_USA/USA_CSV0000000000019022.csv
2025-12-18 17:35:33 - exhaustive_index - INFO - Table datasets_USA/USA_CSV0000000000019022.csv has 4795 rows and 15 columns
2025-12-18 17:35:33 - exhaustive_index - INFO - Processed table 1341 - datasets_USA/USA_CSV0000000000019022.csv
2025-12-18 17:35:34 - exhaustive_index - INFO - Processing table 1342 - datasets_USA/USA_CSV0000000000019028.csv
2025-12-18 17:35:34 - exhaustive_index - INFO - Table datasets_USA/USA_CSV0000000000019028.csv has 71 rows and 11 columns
2025-12-18 17:35:34 - exhaustive_index - INFO - Processed table 1342 - datasets_USA/USA_CSV0000000000019028.csv
2025-12-18 17:35:35 - exhaustive_index - INFO - Processing table 1343 - datasets_USA/USA_CSV0000000000019036.csv
2025-12-18 17:35:35 - exhaustive_index - INFO - Table datasets_USA/USA_CSV0000000000019036.csv has 8784 rows and 21 columns
2025-12-18 17:35:35 - exhaustive_index - INFO - Processed table 1343 - datasets_USA/USA_CSV0000000000019036.csv
2025-12-18 17:35:36 - exhaustive_index - INFO - Processing table 1344 - datasets_USA/USA_CSV0000000000019054.csv
2025-12-18 17:35:36 - exhaustive_index - INFO - Table datasets_USA/USA_CSV0000000000019054.csv has 1007 rows and 11 columns
2025-12-18 17:35:36 - exhaustive_index - INFO - Processed table 1344 - datasets_USA/USA_CSV0000000000019054.csv
2025-12-18 17:36:01 - exhaustive_index - INFO - Processing table 1345 - datasets_USA/USA_CSV0000000000019066.csv
2025-12-18 17:36:01 - exhaustive_index - INFO - Table datasets_USA/USA_CSV0000000000019066.csv has 9009 rows and 45 columns
2025-12-18 17:36:01 - exhaustive_index - INFO - Processed table 1345 - datasets_USA/USA_CSV0000000000019066.csv
2025-12-18 17:36:02 - exhaustive_index - INFO - Processing table 1346 - datasets_USA/USA_CSV0000000000019068.csv
2025-12-18 17:36:02 - exhaustive_index - INFO - Table datasets_USA/USA_CSV0000000000019068.csv has 341 rows and 13 columns
2025-12-18 17:36:02 - exhaustive_index - INFO - Processed table 1346 - datasets_USA/USA_CSV0000000000019068.csv
2025-12-18 17:36:02 - exhaustive_index - INFO - Processing table 1347 - datasets_USA/USA_CSV0000000000019072.csv
2025-12-18 17:36:05 - exhaustive_index - INFO - Processing table 1348 - datasets_USA/USA_CSV0000000000019088.csv
2025-12-18 17:36:05 - exhaustive_index - INFO - Table datasets_USA/USA_CSV0000000000019088.csv has 8760 rows and 21 columns
2025-12-18 17:36:05 - exhaustive_index - INFO - Processed table 1348 - datasets_USA/USA_CSV0000000000019088.csv
2025-12-18 17:36:07 - exhaustive_index - INFO - Processing table 1349 - datasets_USA/USA_CSV0000000000019116.csv
2025-12-18 17:36:07 - exhaustive_index - INFO - Table datasets_USA/USA_CSV0000000000019116.csv has 8470 rows and 10 columns
2025-12-18 17:36:07 - exhaustive_index - INFO - Processed table 1349 - datasets_USA/USA_CSV0000000000019116.csv
2025-12-18 17:36:07 - exhaustive_index - INFO - Processing table 1350 - datasets_USA/USA_CSV0000000000019122.csv
2025-12-18 17:36:07 - exhaustive_index - INFO - Table datasets_USA/USA_CSV0000000000019122.csv has 456 rows and 7 columns
2025-12-18 17:36:07 - exhaustive_index - INFO - Processed table 1350 - datasets_USA/USA_CSV0000000000019122.csv
2025-12-18 17:36:07 - exhaustive_index - INFO - Processing table 1351 - datasets_USA/USA_CSV0000000000019137.csv
2025-12-18 17:36:07 - exhaustive_index - INFO - Table datasets_USA/USA_CSV0000000000019137.csv has 43628 rows and 4 columns
2025-12-18 17:36:07 - exhaustive_index - INFO - Processed table 1351 - datasets_USA/USA_CSV0000000000019137.csv
2025-12-18 17:36:08 - exhaustive_index - INFO - Processing table 1352 - datasets_USA/USA_CSV0000000000019145.csv
2025-12-18 17:36:08 - exhaustive_index - INFO - Table datasets_USA/USA_CSV0000000000019145.csv has 8760 rows and 21 columns
2025-12-18 17:36:08 - exhaustive_index - INFO - Processed table 1352 - datasets_USA/USA_CSV0000000000019145.csv
2025-12-18 17:36:14 - exhaustive_index - INFO - Processing table 1353 - datasets_USA/USA_CSV0000000000019164.csv
2025-12-18 17:36:14 - exhaustive_index - INFO - Table datasets_USA/USA_CSV0000000000019164.csv has 11089 rows and 14 columns
2025-12-18 17:36:14 - exhaustive_index - INFO - Processed table 1353 - datasets_USA/USA_CSV0000000000019164.csv
2025-12-18 17:36:55 - exhaustive_index - INFO - Processing table 1354 - datasets_USA/USA_CSV0000000000019185.csv
2025-12-18 17:36:55 - exhaustive_index - INFO - Table datasets_USA/USA_CSV0000000000019185.csv has 35680 rows and 18 columns
2025-12-18 17:36:55 - exhaustive_index - INFO - Processed table 1354 - datasets_USA/USA_CSV0000000000019185.csv
2025-12-18 17:36:59 - exhaustive_index - INFO - Processing table 1355 - datasets_USA/USA_CSV0000000000019191.csv
2025-12-18 17:36:59 - exhaustive_index - INFO - Table datasets_USA/USA_CSV0000000000019191.csv has 8760 rows and 21 columns
2025-12-18 17:36:59 - exhaustive_index - INFO - Processed table 1355 - datasets_USA/USA_CSV0000000000019191.csv
2025-12-18 17:37:09 - exhaustive_index - INFO - Processing table 1356 - datasets_USA/USA_CSV0000000000019202.csv
2025-12-18 17:37:09 - exhaustive_index - INFO - Table datasets_USA/USA_CSV0000000000019202.csv has 18676 rows and 13 columns
2025-12-18 17:37:09 - exhaustive_index - INFO - Processed table 1356 - datasets_USA/USA_CSV0000000000019202.csv
2025-12-18 17:37:09 - exhaustive_index - INFO - Processing table 1357 - datasets_USA/USA_CSV0000000000019215.csv
2025-12-18 17:37:37 - exhaustive_index - INFO - Processing table 1358 - datasets_USA/USA_CSV0000000000019218.csv
2025-12-18 17:37:37 - exhaustive_index - INFO - Table datasets_USA/USA_CSV0000000000019218.csv has 16908 rows and 16 columns
2025-12-18 17:37:37 - exhaustive_index - INFO - Processed table 1358 - datasets_USA/USA_CSV0000000000019218.csv
2025-12-18 17:37:38 - exhaustive_index - INFO - Processing table 1359 - datasets_USA/USA_CSV0000000000019239.csv
2025-12-18 17:37:38 - exhaustive_index - INFO - Table datasets_USA/USA_CSV0000000000019239.csv has 25600 rows and 6 columns
2025-12-18 17:37:38 - exhaustive_index - INFO - Processed table 1359 - datasets_USA/USA_CSV0000000000019239.csv
2025-12-18 17:37:42 - exhaustive_index - INFO - Processing table 1360 - datasets_USA/USA_CSV0000000000019255.csv
2025-12-18 17:37:42 - exhaustive_index - INFO - Table datasets_USA/USA_CSV0000000000019255.csv has 8760 rows and 21 columns
2025-12-18 17:37:42 - exhaustive_index - INFO - Processed table 1360 - datasets_USA/USA_CSV0000000000019255.csv
2025-12-18 17:42:06 - exhaustive_index - INFO - Processing table 1361 - datasets_USA/USA_CSV0000000000019259.csv
2025-12-18 17:42:06 - exhaustive_index - INFO - Table datasets_USA/USA_CSV0000000000019259.csv has 15751 rows and 57 columns
2025-12-18 17:42:06 - exhaustive_index - INFO - Processed table 1361 - datasets_USA/USA_CSV0000000000019259.csv
2025-12-18 17:42:14 - exhaustive_index - INFO - Processing table 1362 - datasets_USA/USA_CSV0000000000019263.csv
2025-12-18 17:42:14 - exhaustive_index - INFO - Table datasets_USA/USA_CSV0000000000019263.csv has 30211 rows and 15 columns
2025-12-18 17:42:14 - exhaustive_index - INFO - Processed table 1362 - datasets_USA/USA_CSV0000000000019263.csv
2025-12-18 17:42:24 - exhaustive_index - INFO - Processing table 1363 - datasets_USA/USA_CSV0000000000019269.csv
2025-12-18 17:42:24 - exhaustive_index - INFO - Table datasets_USA/USA_CSV0000000000019269.csv has 14824 rows and 16 columns
2025-12-18 17:42:24 - exhaustive_index - INFO - Processed table 1363 - datasets_USA/USA_CSV0000000000019269.csv
2025-12-18 17:42:25 - exhaustive_index - INFO - Processing table 1364 - datasets_USA/USA_CSV0000000000019297.csv
2025-12-18 17:42:25 - exhaustive_index - INFO - Table datasets_USA/USA_CSV0000000000019297.csv has 17030 rows and 10 columns
2025-12-18 17:42:25 - exhaustive_index - INFO - Processed table 1364 - datasets_USA/USA_CSV0000000000019297.csv
2025-12-18 17:42:26 - exhaustive_index - INFO - Processing table 1365 - datasets_USA/USA_CSV0000000000019306.csv
2025-12-18 17:42:26 - exhaustive_index - INFO - Table datasets_USA/USA_CSV0000000000019306.csv has 209 rows and 7 columns
2025-12-18 17:42:26 - exhaustive_index - INFO - Processed table 1365 - datasets_USA/USA_CSV0000000000019306.csv
2025-12-18 17:42:26 - exhaustive_index - INFO - Processing table 1366 - datasets_USA/USA_CSV0000000000019311.csv
2025-12-18 17:42:26 - exhaustive_index - INFO - Table datasets_USA/USA_CSV0000000000019311.csv has 178 rows and 5 columns
2025-12-18 17:42:26 - exhaustive_index - INFO - Processed table 1366 - datasets_USA/USA_CSV0000000000019311.csv
2025-12-18 17:42:27 - exhaustive_index - INFO - Processing table 1367 - datasets_USA/USA_CSV0000000000019312.csv
2025-12-18 17:42:27 - exhaustive_index - INFO - Table datasets_USA/USA_CSV0000000000019312.csv has 8784 rows and 21 columns
2025-12-18 17:42:27 - exhaustive_index - INFO - Processed table 1367 - datasets_USA/USA_CSV0000000000019312.csv
2025-12-18 17:42:30 - exhaustive_index - INFO - Processing table 1368 - datasets_USA/USA_CSV0000000000019331.csv
2025-12-18 17:42:30 - exhaustive_index - INFO - Table datasets_USA/USA_CSV0000000000019331.csv has 11667 rows and 12 columns
2025-12-18 17:42:30 - exhaustive_index - INFO - Processed table 1368 - datasets_USA/USA_CSV0000000000019331.csv
2025-12-18 17:42:33 - exhaustive_index - INFO - Processing table 1369 - datasets_USA/USA_CSV0000000000019335.csv
2025-12-18 17:42:33 - exhaustive_index - INFO - Table datasets_USA/USA_CSV0000000000019335.csv has 7709 rows and 22 columns
2025-12-18 17:42:33 - exhaustive_index - INFO - Processed table 1369 - datasets_USA/USA_CSV0000000000019335.csv
2025-12-18 17:42:36 - exhaustive_index - INFO - Processing table 1370 - datasets_USA/USA_CSV0000000000019354.csv
2025-12-18 17:42:36 - exhaustive_index - INFO - Table datasets_USA/USA_CSV0000000000019354.csv has 8760 rows and 21 columns
2025-12-18 17:42:36 - exhaustive_index - INFO - Processed table 1370 - datasets_USA/USA_CSV0000000000019354.csv
2025-12-18 17:42:43 - exhaustive_index - INFO - Processing table 1371 - datasets_USA/USA_CSV0000000000019361.csv
2025-12-18 17:42:43 - exhaustive_index - INFO - Table datasets_USA/USA_CSV0000000000019361.csv has 8760 rows and 21 columns
2025-12-18 17:42:43 - exhaustive_index - INFO - Processed table 1371 - datasets_USA/USA_CSV0000000000019361.csv
2025-12-18 17:42:43 - exhaustive_index - INFO - Processing table 1372 - datasets_USA/USA_CSV0000000000019369.csv
2025-12-18 17:42:43 - exhaustive_index - INFO - Table datasets_USA/USA_CSV0000000000019369.csv has 33914 rows and 4 columns
2025-12-18 17:42:43 - exhaustive_index - INFO - Processed table 1372 - datasets_USA/USA_CSV0000000000019369.csv
2025-12-18 17:42:45 - exhaustive_index - INFO - Processing table 1373 - datasets_USA/USA_CSV0000000000019373.csv
2025-12-18 17:42:45 - exhaustive_index - INFO - Table datasets_USA/USA_CSV0000000000019373.csv has 6510 rows and 12 columns
2025-12-18 17:42:45 - exhaustive_index - INFO - Processed table 1373 - datasets_USA/USA_CSV0000000000019373.csv
2025-12-18 17:42:48 - exhaustive_index - INFO - Processing table 1374 - datasets_USA/USA_CSV0000000000019379.csv
2025-12-18 17:42:48 - exhaustive_index - INFO - Table datasets_USA/USA_CSV0000000000019379.csv has 40254 rows and 8 columns
2025-12-18 17:42:48 - exhaustive_index - INFO - Processed table 1374 - datasets_USA/USA_CSV0000000000019379.csv
2025-12-18 17:43:47 - exhaustive_index - INFO - Processing table 1375 - datasets_USA/USA_CSV0000000000019382.csv
2025-12-18 17:43:47 - exhaustive_index - INFO - Table datasets_USA/USA_CSV0000000000019382.csv has 7863 rows and 24 columns
2025-12-18 17:43:47 - exhaustive_index - INFO - Processed table 1375 - datasets_USA/USA_CSV0000000000019382.csv
2025-12-18 17:43:49 - exhaustive_index - INFO - Processing table 1376 - datasets_USA/USA_CSV0000000000019383.csv
2025-12-18 17:43:49 - exhaustive_index - INFO - Table datasets_USA/USA_CSV0000000000019383.csv has 13362 rows and 22 columns
2025-12-18 17:43:49 - exhaustive_index - INFO - Processed table 1376 - datasets_USA/USA_CSV0000000000019383.csv
2025-12-18 17:44:37 - exhaustive_index - INFO - Processing table 1377 - datasets_USA/USA_CSV0000000000019400.csv
2025-12-18 17:44:37 - exhaustive_index - INFO - Table datasets_USA/USA_CSV0000000000019400.csv has 427 rows and 72 columns
2025-12-18 17:44:37 - exhaustive_index - INFO - Processed table 1377 - datasets_USA/USA_CSV0000000000019400.csv
2025-12-18 17:44:37 - exhaustive_index - INFO - Processing table 1378 - datasets_USA/USA_CSV0000000000019402.csv
2025-12-18 17:44:37 - exhaustive_index - INFO - Table datasets_USA/USA_CSV0000000000019402.csv has 101185 rows and 3 columns
2025-12-18 17:44:37 - exhaustive_index - INFO - Processed table 1378 - datasets_USA/USA_CSV0000000000019402.csv
2025-12-18 17:44:38 - exhaustive_index - INFO - Processing table 1379 - datasets_USA/USA_CSV0000000000019410.csv
2025-12-18 17:44:38 - exhaustive_index - INFO - Table datasets_USA/USA_CSV0000000000019410.csv has 846 rows and 6 columns
2025-12-18 17:44:38 - exhaustive_index - INFO - Processed table 1379 - datasets_USA/USA_CSV0000000000019410.csv
2025-12-18 17:44:41 - exhaustive_index - INFO - Processing table 1380 - datasets_USA/USA_CSV0000000000019427.csv
2025-12-18 17:44:41 - exhaustive_index - INFO - Table datasets_USA/USA_CSV0000000000019427.csv has 28057 rows and 9 columns
2025-12-18 17:44:41 - exhaustive_index - INFO - Processed table 1380 - datasets_USA/USA_CSV0000000000019427.csv
2025-12-18 17:44:41 - exhaustive_index - INFO - Processing table 1381 - datasets_USA/USA_CSV0000000000019439.csv
2025-12-18 17:44:41 - exhaustive_index - INFO - Table datasets_USA/USA_CSV0000000000019439.csv has 34020 rows and 4 columns
2025-12-18 17:44:41 - exhaustive_index - INFO - Processed table 1381 - datasets_USA/USA_CSV0000000000019439.csv
2025-12-18 17:44:44 - exhaustive_index - INFO - Processing table 1382 - datasets_USA/USA_CSV0000000000019445.csv
2025-12-18 17:44:44 - exhaustive_index - INFO - Table datasets_USA/USA_CSV0000000000019445.csv has 8760 rows and 21 columns
2025-12-18 17:44:44 - exhaustive_index - INFO - Processed table 1382 - datasets_USA/USA_CSV0000000000019445.csv
2025-12-18 17:44:45 - exhaustive_index - INFO - Processing table 1383 - datasets_USA/USA_CSV0000000000019454.csv
2025-12-18 17:44:45 - exhaustive_index - INFO - Table datasets_USA/USA_CSV0000000000019454.csv has 13118 rows and 4 columns
2025-12-18 17:44:45 - exhaustive_index - INFO - Processed table 1383 - datasets_USA/USA_CSV0000000000019454.csv
2025-12-18 17:44:47 - exhaustive_index - INFO - Processing table 1384 - datasets_USA/USA_CSV0000000000019475.csv
2025-12-18 17:44:47 - exhaustive_index - INFO - Table datasets_USA/USA_CSV0000000000019475.csv has 8760 rows and 21 columns
2025-12-18 17:44:47 - exhaustive_index - INFO - Processed table 1384 - datasets_USA/USA_CSV0000000000019475.csv
2025-12-18 17:45:23 - exhaustive_index - INFO - Processing table 1385 - datasets_USA/USA_CSV0000000000019493.csv
2025-12-18 17:45:23 - exhaustive_index - INFO - Table datasets_USA/USA_CSV0000000000019493.csv has 18144 rows and 16 columns
2025-12-18 17:45:23 - exhaustive_index - INFO - Processed table 1385 - datasets_USA/USA_CSV0000000000019493.csv
2025-12-18 17:45:24 - exhaustive_index - INFO - Processing table 1386 - datasets_USA/USA_CSV0000000000019495.csv
2025-12-18 17:45:24 - exhaustive_index - INFO - Table datasets_USA/USA_CSV0000000000019495.csv has 8930 rows and 17 columns
2025-12-18 17:45:24 - exhaustive_index - INFO - Processed table 1386 - datasets_USA/USA_CSV0000000000019495.csv
2025-12-18 17:45:26 - exhaustive_index - INFO - Processing table 1387 - datasets_USA/USA_CSV0000000000019505.csv
2025-12-18 17:45:26 - exhaustive_index - INFO - Table datasets_USA/USA_CSV0000000000019505.csv has 8521 rows and 10 columns
2025-12-18 17:45:26 - exhaustive_index - INFO - Processed table 1387 - datasets_USA/USA_CSV0000000000019505.csv
2025-12-18 17:45:28 - exhaustive_index - INFO - Processing table 1388 - datasets_USA/USA_CSV0000000000019526.csv
2025-12-18 17:45:28 - exhaustive_index - INFO - Table datasets_USA/USA_CSV0000000000019526.csv has 18762 rows and 6 columns
2025-12-18 17:45:28 - exhaustive_index - INFO - Processed table 1388 - datasets_USA/USA_CSV0000000000019526.csv
2025-12-18 17:45:28 - exhaustive_index - INFO - Processing table 1389 - datasets_USA/USA_CSV0000000000019528.csv
2025-12-18 17:45:28 - exhaustive_index - INFO - Table datasets_USA/USA_CSV0000000000019528.csv has 6738 rows and 16 columns
2025-12-18 17:45:28 - exhaustive_index - INFO - Processed table 1389 - datasets_USA/USA_CSV0000000000019528.csv
2025-12-18 17:45:31 - exhaustive_index - INFO - Processing table 1390 - datasets_USA/USA_CSV0000000000019535.csv
2025-12-18 17:45:31 - exhaustive_index - INFO - Table datasets_USA/USA_CSV0000000000019535.csv has 8760 rows and 21 columns
2025-12-18 17:45:31 - exhaustive_index - INFO - Processed table 1390 - datasets_USA/USA_CSV0000000000019535.csv
2025-12-18 17:45:40 - exhaustive_index - INFO - Processing table 1391 - datasets_USA/USA_CSV0000000000019540.csv
2025-12-18 17:45:40 - exhaustive_index - INFO - Table datasets_USA/USA_CSV0000000000019540.csv has 7152 rows and 22 columns
2025-12-18 17:45:40 - exhaustive_index - INFO - Processed table 1391 - datasets_USA/USA_CSV0000000000019540.csv
2025-12-18 17:45:41 - exhaustive_index - INFO - Processing table 1392 - datasets_USA/USA_CSV0000000000019544.csv
2025-12-18 17:45:41 - exhaustive_index - INFO - Table datasets_USA/USA_CSV0000000000019544.csv has 20570 rows and 8 columns
2025-12-18 17:45:41 - exhaustive_index - INFO - Processed table 1392 - datasets_USA/USA_CSV0000000000019544.csv
2025-12-18 17:45:43 - exhaustive_index - INFO - Processing table 1393 - datasets_USA/USA_CSV0000000000019551.csv
2025-12-18 17:45:43 - exhaustive_index - INFO - Table datasets_USA/USA_CSV0000000000019551.csv has 8760 rows and 21 columns
2025-12-18 17:45:43 - exhaustive_index - INFO - Processed table 1393 - datasets_USA/USA_CSV0000000000019551.csv
2025-12-18 17:45:46 - exhaustive_index - INFO - Processing table 1394 - datasets_USA/USA_CSV0000000000019565.csv
2025-12-18 17:45:46 - exhaustive_index - INFO - Table datasets_USA/USA_CSV0000000000019565.csv has 8760 rows and 21 columns
2025-12-18 17:45:46 - exhaustive_index - INFO - Processed table 1394 - datasets_USA/USA_CSV0000000000019565.csv
2025-12-18 17:45:48 - exhaustive_index - INFO - Processing table 1395 - datasets_USA/USA_CSV0000000000019580.csv
2025-12-18 17:45:48 - exhaustive_index - INFO - Table datasets_USA/USA_CSV0000000000019580.csv has 43045 rows and 8 columns
2025-12-18 17:45:48 - exhaustive_index - INFO - Processed table 1395 - datasets_USA/USA_CSV0000000000019580.csv
2025-12-18 17:45:49 - exhaustive_index - INFO - Processing table 1396 - datasets_USA/USA_CSV0000000000019592.csv
2025-12-18 17:45:49 - exhaustive_index - INFO - Table datasets_USA/USA_CSV0000000000019592.csv has 303 rows and 10 columns
2025-12-18 17:45:49 - exhaustive_index - INFO - Processed table 1396 - datasets_USA/USA_CSV0000000000019592.csv
2025-12-18 17:45:50 - exhaustive_index - INFO - Processing table 1397 - datasets_USA/USA_CSV0000000000019620.csv
2025-12-18 17:45:50 - exhaustive_index - INFO - Table datasets_USA/USA_CSV0000000000019620.csv has 8760 rows and 21 columns
2025-12-18 17:45:50 - exhaustive_index - INFO - Processed table 1397 - datasets_USA/USA_CSV0000000000019620.csv
2025-12-18 17:45:53 - exhaustive_index - INFO - Processing table 1398 - datasets_USA/USA_CSV0000000000019649.csv
2025-12-18 17:45:53 - exhaustive_index - INFO - Table datasets_USA/USA_CSV0000000000019649.csv has 8760 rows and 21 columns
2025-12-18 17:45:53 - exhaustive_index - INFO - Processed table 1398 - datasets_USA/USA_CSV0000000000019649.csv
2025-12-18 17:45:59 - exhaustive_index - INFO - Processing table 1399 - datasets_USA/USA_CSV0000000000019651.csv
2025-12-18 17:45:59 - exhaustive_index - INFO - Table datasets_USA/USA_CSV0000000000019651.csv has 17760 rows and 11 columns
2025-12-18 17:45:59 - exhaustive_index - INFO - Processed table 1399 - datasets_USA/USA_CSV0000000000019651.csv
2025-12-18 17:46:01 - exhaustive_index - INFO - Processing table 1400 - datasets_USA/USA_CSV0000000000019663.csv
2025-12-18 17:46:01 - exhaustive_index - INFO - Table datasets_USA/USA_CSV0000000000019663.csv has 8784 rows and 21 columns
2025-12-18 17:46:01 - exhaustive_index - INFO - Processed table 1400 - datasets_USA/USA_CSV0000000000019663.csv
2025-12-18 17:46:03 - exhaustive_index - INFO - Processing table 1401 - datasets_USA/USA_CSV0000000000019670.csv
2025-12-18 17:46:03 - exhaustive_index - INFO - Table datasets_USA/USA_CSV0000000000019670.csv has 8760 rows and 21 columns
2025-12-18 17:46:03 - exhaustive_index - INFO - Processed table 1401 - datasets_USA/USA_CSV0000000000019670.csv
2025-12-18 17:46:03 - exhaustive_index - INFO - Processing table 1402 - datasets_USA/USA_CSV0000000000019674.csv
2025-12-18 17:46:03 - exhaustive_index - INFO - Table datasets_USA/USA_CSV0000000000019674.csv has 33914 rows and 4 columns
2025-12-18 17:46:03 - exhaustive_index - INFO - Processed table 1402 - datasets_USA/USA_CSV0000000000019674.csv
2025-12-18 17:46:05 - exhaustive_index - INFO - Processing table 1403 - datasets_USA/USA_CSV0000000000019691.csv
2025-12-18 17:46:05 - exhaustive_index - INFO - Table datasets_USA/USA_CSV0000000000019691.csv has 8760 rows and 21 columns
2025-12-18 17:46:05 - exhaustive_index - INFO - Processed table 1403 - datasets_USA/USA_CSV0000000000019691.csv
2025-12-18 17:46:06 - exhaustive_index - INFO - Processing table 1404 - datasets_USA/USA_CSV0000000000019707.csv
2025-12-18 17:46:06 - exhaustive_index - INFO - Table datasets_USA/USA_CSV0000000000019707.csv has 11286 rows and 14 columns
2025-12-18 17:46:06 - exhaustive_index - INFO - Processed table 1404 - datasets_USA/USA_CSV0000000000019707.csv
2025-12-18 17:46:08 - exhaustive_index - INFO - Processing table 1405 - datasets_USA/USA_CSV0000000000019709.csv
2025-12-18 17:46:08 - exhaustive_index - INFO - Table datasets_USA/USA_CSV0000000000019709.csv has 9555 rows and 15 columns
2025-12-18 17:46:08 - exhaustive_index - INFO - Processed table 1405 - datasets_USA/USA_CSV0000000000019709.csv
2025-12-18 17:46:09 - exhaustive_index - INFO - Processing table 1406 - datasets_USA/USA_CSV0000000000019711.csv
2025-12-18 17:46:09 - exhaustive_index - INFO - Table datasets_USA/USA_CSV0000000000019711.csv has 14903 rows and 9 columns
2025-12-18 17:46:09 - exhaustive_index - INFO - Processed table 1406 - datasets_USA/USA_CSV0000000000019711.csv
2025-12-18 17:46:11 - exhaustive_index - INFO - Processing table 1407 - datasets_USA/USA_CSV0000000000019725.csv
2025-12-18 17:46:11 - exhaustive_index - INFO - Table datasets_USA/USA_CSV0000000000019725.csv has 8784 rows and 21 columns
2025-12-18 17:46:11 - exhaustive_index - INFO - Processed table 1407 - datasets_USA/USA_CSV0000000000019725.csv
2025-12-18 17:46:13 - exhaustive_index - INFO - Processing table 1408 - datasets_USA/USA_CSV0000000000019739.csv
2025-12-18 17:46:13 - exhaustive_index - INFO - Table datasets_USA/USA_CSV0000000000019739.csv has 34134 rows and 13 columns
2025-12-18 17:46:13 - exhaustive_index - INFO - Processed table 1408 - datasets_USA/USA_CSV0000000000019739.csv
2025-12-18 17:46:14 - exhaustive_index - INFO - Processing table 1409 - datasets_USA/USA_CSV0000000000019746.csv
2025-12-18 17:46:14 - exhaustive_index - INFO - Table datasets_USA/USA_CSV0000000000019746.csv has 8760 rows and 21 columns
2025-12-18 17:46:14 - exhaustive_index - INFO - Processed table 1409 - datasets_USA/USA_CSV0000000000019746.csv
2025-12-18 17:46:15 - exhaustive_index - INFO - Processing table 1410 - datasets_USA/USA_CSV0000000000019771.csv
2025-12-18 17:46:15 - exhaustive_index - INFO - Table datasets_USA/USA_CSV0000000000019771.csv has 15035 rows and 10 columns
2025-12-18 17:46:15 - exhaustive_index - INFO - Processed table 1410 - datasets_USA/USA_CSV0000000000019771.csv
2025-12-18 17:46:16 - exhaustive_index - INFO - Processing table 1411 - datasets_USA/USA_CSV0000000000019783.csv
2025-12-18 17:46:16 - exhaustive_index - INFO - Table datasets_USA/USA_CSV0000000000019783.csv has 297 rows and 8 columns
2025-12-18 17:46:16 - exhaustive_index - INFO - Processed table 1411 - datasets_USA/USA_CSV0000000000019783.csv
2025-12-18 17:46:17 - exhaustive_index - INFO - Processing table 1412 - datasets_USA/USA_CSV0000000000019800.csv
2025-12-18 17:46:17 - exhaustive_index - INFO - Table datasets_USA/USA_CSV0000000000019800.csv has 13951 rows and 10 columns
2025-12-18 17:46:17 - exhaustive_index - INFO - Processed table 1412 - datasets_USA/USA_CSV0000000000019800.csv
2025-12-18 17:47:25 - exhaustive_index - INFO - Processing table 1413 - datasets_USA/USA_CSV0000000000019807.csv
2025-12-18 17:47:25 - exhaustive_index - INFO - Table datasets_USA/USA_CSV0000000000019807.csv has 2829 rows and 42 columns
2025-12-18 17:47:25 - exhaustive_index - INFO - Processed table 1413 - datasets_USA/USA_CSV0000000000019807.csv
2025-12-18 17:47:26 - exhaustive_index - INFO - Processing table 1414 - datasets_USA/USA_CSV0000000000019827.csv
2025-12-18 17:47:26 - exhaustive_index - INFO - Table datasets_USA/USA_CSV0000000000019827.csv has 723 rows and 7 columns
2025-12-18 17:47:26 - exhaustive_index - INFO - Processed table 1414 - datasets_USA/USA_CSV0000000000019827.csv
2025-12-18 17:47:30 - exhaustive_index - INFO - Processing table 1415 - datasets_USA/USA_CSV0000000000019836.csv
2025-12-18 17:47:30 - exhaustive_index - INFO - Table datasets_USA/USA_CSV0000000000019836.csv has 5343 rows and 22 columns
2025-12-18 17:47:30 - exhaustive_index - INFO - Processed table 1415 - datasets_USA/USA_CSV0000000000019836.csv
2025-12-18 17:47:31 - exhaustive_index - INFO - Processing table 1416 - datasets_USA/USA_CSV0000000000019840.csv
2025-12-18 17:47:31 - exhaustive_index - INFO - Table datasets_USA/USA_CSV0000000000019840.csv has 72133 rows and 6 columns
2025-12-18 17:47:31 - exhaustive_index - INFO - Processed table 1416 - datasets_USA/USA_CSV0000000000019840.csv
2025-12-18 17:47:41 - exhaustive_index - INFO - Processing table 1417 - datasets_USA/USA_CSV0000000000019862.csv
2025-12-18 17:47:41 - exhaustive_index - INFO - Table datasets_USA/USA_CSV0000000000019862.csv has 7915 rows and 20 columns
2025-12-18 17:47:41 - exhaustive_index - INFO - Processed table 1417 - datasets_USA/USA_CSV0000000000019862.csv
2025-12-18 17:47:44 - exhaustive_index - INFO - Processing table 1418 - datasets_USA/USA_CSV0000000000019864.csv
2025-12-18 17:47:44 - exhaustive_index - INFO - Table datasets_USA/USA_CSV0000000000019864.csv has 8784 rows and 21 columns
2025-12-18 17:47:44 - exhaustive_index - INFO - Processed table 1418 - datasets_USA/USA_CSV0000000000019864.csv
2025-12-18 17:47:45 - exhaustive_index - INFO - Processing table 1419 - datasets_USA/USA_CSV0000000000019876.csv
2025-12-18 17:47:45 - exhaustive_index - INFO - Table datasets_USA/USA_CSV0000000000019876.csv has 8760 rows and 21 columns
2025-12-18 17:47:45 - exhaustive_index - INFO - Processed table 1419 - datasets_USA/USA_CSV0000000000019876.csv
2025-12-18 17:47:45 - exhaustive_index - INFO - Processing table 1420 - datasets_USA/USA_CSV0000000000019880.csv
2025-12-18 17:47:45 - exhaustive_index - INFO - Table datasets_USA/USA_CSV0000000000019880.csv has 24010 rows and 3 columns
2025-12-18 17:47:45 - exhaustive_index - INFO - Processed table 1420 - datasets_USA/USA_CSV0000000000019880.csv
2025-12-18 17:48:01 - exhaustive_index - INFO - Processing table 1421 - datasets_USA/USA_CSV0000000000019887.csv
2025-12-18 17:48:01 - exhaustive_index - INFO - Table datasets_USA/USA_CSV0000000000019887.csv has 8292 rows and 23 columns
2025-12-18 17:48:01 - exhaustive_index - INFO - Processed table 1421 - datasets_USA/USA_CSV0000000000019887.csv
2025-12-18 17:48:11 - exhaustive_index - INFO - Processing table 1422 - datasets_USA/USA_CSV0000000000019894.csv
2025-12-18 17:48:11 - exhaustive_index - INFO - Table datasets_USA/USA_CSV0000000000019894.csv has 8418 rows and 17 columns
2025-12-18 17:48:11 - exhaustive_index - INFO - Processed table 1422 - datasets_USA/USA_CSV0000000000019894.csv
2025-12-18 17:48:11 - exhaustive_index - INFO - Processing table 1423 - datasets_USA/USA_CSV0000000000019906.csv
2025-12-18 17:48:11 - exhaustive_index - INFO - Table datasets_USA/USA_CSV0000000000019906.csv has 56 rows and 10 columns
2025-12-18 17:48:11 - exhaustive_index - INFO - Processed table 1423 - datasets_USA/USA_CSV0000000000019906.csv
2025-12-18 17:48:13 - exhaustive_index - INFO - Processing table 1424 - datasets_USA/USA_CSV0000000000019914.csv
2025-12-18 17:48:13 - exhaustive_index - INFO - Table datasets_USA/USA_CSV0000000000019914.csv has 12892 rows and 8 columns
2025-12-18 17:48:13 - exhaustive_index - INFO - Processed table 1424 - datasets_USA/USA_CSV0000000000019914.csv
2025-12-18 17:48:16 - exhaustive_index - INFO - Processing table 1425 - datasets_USA/USA_CSV0000000000019916.csv
2025-12-18 17:48:16 - exhaustive_index - INFO - Table datasets_USA/USA_CSV0000000000019916.csv has 8784 rows and 21 columns
2025-12-18 17:48:16 - exhaustive_index - INFO - Processed table 1425 - datasets_USA/USA_CSV0000000000019916.csv
2025-12-18 17:48:20 - exhaustive_index - INFO - Processing table 1426 - datasets_USA/USA_CSV0000000000019929.csv
2025-12-18 17:48:20 - exhaustive_index - INFO - Table datasets_USA/USA_CSV0000000000019929.csv has 8784 rows and 21 columns
2025-12-18 17:48:20 - exhaustive_index - INFO - Processed table 1426 - datasets_USA/USA_CSV0000000000019929.csv
2025-12-18 17:48:25 - exhaustive_index - INFO - Processing table 1427 - datasets_USA/USA_CSV0000000000019938.csv
2025-12-18 17:48:25 - exhaustive_index - INFO - Table datasets_USA/USA_CSV0000000000019938.csv has 8784 rows and 21 columns
2025-12-18 17:48:25 - exhaustive_index - INFO - Processed table 1427 - datasets_USA/USA_CSV0000000000019938.csv
2025-12-18 17:48:27 - exhaustive_index - INFO - Processing table 1428 - datasets_USA/USA_CSV0000000000019945.csv
2025-12-18 17:48:27 - exhaustive_index - INFO - Table datasets_USA/USA_CSV0000000000019945.csv has 67021 rows and 6 columns
2025-12-18 17:48:27 - exhaustive_index - INFO - Processed table 1428 - datasets_USA/USA_CSV0000000000019945.csv
2025-12-18 17:48:34 - exhaustive_index - INFO - Processing table 1429 - datasets_USA/USA_CSV0000000000019973.csv
2025-12-18 17:48:34 - exhaustive_index - INFO - Table datasets_USA/USA_CSV0000000000019973.csv has 41249 rows and 12 columns
2025-12-18 17:48:34 - exhaustive_index - INFO - Processed table 1429 - datasets_USA/USA_CSV0000000000019973.csv
2025-12-18 17:48:36 - exhaustive_index - INFO - Processing table 1430 - datasets_USA/USA_CSV0000000000019980.csv
2025-12-18 17:48:36 - exhaustive_index - INFO - Table datasets_USA/USA_CSV0000000000019980.csv has 8784 rows and 21 columns
2025-12-18 17:48:36 - exhaustive_index - INFO - Processed table 1430 - datasets_USA/USA_CSV0000000000019980.csv
2025-12-18 17:48:36 - exhaustive_index - INFO - Processing table 1431 - datasets_USA/USA_CSV0000000000019983.csv
2025-12-18 17:48:36 - exhaustive_index - INFO - Table datasets_USA/USA_CSV0000000000019983.csv has 16386 rows and 7 columns
2025-12-18 17:48:36 - exhaustive_index - INFO - Processed table 1431 - datasets_USA/USA_CSV0000000000019983.csv
2025-12-18 17:48:38 - exhaustive_index - INFO - Processing table 1432 - datasets_USA/USA_CSV0000000000019996.csv
2025-12-18 17:48:38 - exhaustive_index - INFO - Table datasets_USA/USA_CSV0000000000019996.csv has 14346 rows and 8 columns
2025-12-18 17:48:38 - exhaustive_index - INFO - Processed table 1432 - datasets_USA/USA_CSV0000000000019996.csv
2025-12-18 17:48:40 - exhaustive_index - INFO - Processing table 1433 - datasets_USA/USA_CSV0000000000020001.csv
2025-12-18 17:48:40 - exhaustive_index - INFO - Table datasets_USA/USA_CSV0000000000020001.csv has 19519 rows and 10 columns
2025-12-18 17:48:40 - exhaustive_index - INFO - Processed table 1433 - datasets_USA/USA_CSV0000000000020001.csv
2025-12-18 17:48:43 - exhaustive_index - INFO - Processing table 1434 - datasets_USA/USA_CSV0000000000020004.csv
2025-12-18 17:48:43 - exhaustive_index - INFO - Table datasets_USA/USA_CSV0000000000020004.csv has 8760 rows and 21 columns
2025-12-18 17:48:43 - exhaustive_index - INFO - Processed table 1434 - datasets_USA/USA_CSV0000000000020004.csv
2025-12-18 17:48:44 - exhaustive_index - INFO - Processing table 1435 - datasets_USA/USA_CSV0000000000020013.csv
2025-12-18 17:48:44 - exhaustive_index - INFO - Table datasets_USA/USA_CSV0000000000020013.csv has 16404 rows and 13 columns
2025-12-18 17:48:44 - exhaustive_index - INFO - Processed table 1435 - datasets_USA/USA_CSV0000000000020013.csv
2025-12-18 17:48:47 - exhaustive_index - INFO - Processing table 1436 - datasets_USA/USA_CSV0000000000020015.csv
2025-12-18 17:48:47 - exhaustive_index - INFO - Table datasets_USA/USA_CSV0000000000020015.csv has 12514 rows and 17 columns
2025-12-18 17:48:47 - exhaustive_index - INFO - Processed table 1436 - datasets_USA/USA_CSV0000000000020015.csv
2025-12-18 17:48:55 - exhaustive_index - INFO - Processing table 1437 - datasets_USA/USA_CSV0000000000020028.csv
2025-12-18 17:48:55 - exhaustive_index - INFO - Table datasets_USA/USA_CSV0000000000020028.csv has 9046 rows and 15 columns
2025-12-18 17:48:55 - exhaustive_index - INFO - Processed table 1437 - datasets_USA/USA_CSV0000000000020028.csv
2025-12-18 17:49:01 - exhaustive_index - INFO - Processing table 1438 - datasets_USA/USA_CSV0000000000020033.csv
2025-12-18 17:49:01 - exhaustive_index - INFO - Table datasets_USA/USA_CSV0000000000020033.csv has 10959 rows and 9 columns
2025-12-18 17:49:01 - exhaustive_index - INFO - Processed table 1438 - datasets_USA/USA_CSV0000000000020033.csv
2025-12-18 17:49:02 - exhaustive_index - INFO - Processing table 1439 - datasets_USA/USA_CSV0000000000020043.csv
2025-12-18 17:49:02 - exhaustive_index - INFO - Table datasets_USA/USA_CSV0000000000020043.csv has 8760 rows and 21 columns
2025-12-18 17:49:02 - exhaustive_index - INFO - Processed table 1439 - datasets_USA/USA_CSV0000000000020043.csv
2025-12-18 17:49:19 - exhaustive_index - INFO - Processing table 1440 - datasets_USA/USA_CSV0000000000020049.csv
2025-12-18 17:49:19 - exhaustive_index - INFO - Table datasets_USA/USA_CSV0000000000020049.csv has 54680 rows and 16 columns
2025-12-18 17:49:19 - exhaustive_index - INFO - Processed table 1440 - datasets_USA/USA_CSV0000000000020049.csv
2025-12-18 17:49:22 - exhaustive_index - INFO - Processing table 1441 - datasets_USA/USA_CSV0000000000020056.csv
2025-12-18 17:49:22 - exhaustive_index - INFO - Table datasets_USA/USA_CSV0000000000020056.csv has 5230 rows and 28 columns
2025-12-18 17:49:22 - exhaustive_index - INFO - Processed table 1441 - datasets_USA/USA_CSV0000000000020056.csv
2025-12-18 17:49:31 - exhaustive_index - INFO - Processing table 1442 - datasets_USA/USA_CSV0000000000020066.csv
2025-12-18 17:49:31 - exhaustive_index - INFO - Table datasets_USA/USA_CSV0000000000020066.csv has 3257 rows and 42 columns
2025-12-18 17:49:31 - exhaustive_index - INFO - Processed table 1442 - datasets_USA/USA_CSV0000000000020066.csv
2025-12-18 17:49:34 - exhaustive_index - INFO - Processing table 1443 - datasets_USA/USA_CSV0000000000020122.csv
2025-12-18 17:49:34 - exhaustive_index - INFO - Table datasets_USA/USA_CSV0000000000020122.csv has 8784 rows and 21 columns
2025-12-18 17:49:34 - exhaustive_index - INFO - Processed table 1443 - datasets_USA/USA_CSV0000000000020122.csv
2025-12-18 17:49:42 - exhaustive_index - INFO - Processing table 1444 - datasets_USA/USA_CSV0000000000020130.csv
2025-12-18 17:49:42 - exhaustive_index - INFO - Table datasets_USA/USA_CSV0000000000020130.csv has 10568 rows and 14 columns
2025-12-18 17:49:42 - exhaustive_index - INFO - Processed table 1444 - datasets_USA/USA_CSV0000000000020130.csv
2025-12-18 17:49:52 - exhaustive_index - INFO - Processing table 1445 - datasets_USA/USA_CSV0000000000020133.csv
2025-12-18 17:49:52 - exhaustive_index - INFO - Table datasets_USA/USA_CSV0000000000020133.csv has 7068 rows and 26 columns
2025-12-18 17:49:52 - exhaustive_index - INFO - Processed table 1445 - datasets_USA/USA_CSV0000000000020133.csv
2025-12-18 17:49:55 - exhaustive_index - INFO - Processing table 1446 - datasets_USA/USA_CSV0000000000020171.csv
2025-12-18 17:49:55 - exhaustive_index - INFO - Table datasets_USA/USA_CSV0000000000020171.csv has 8784 rows and 21 columns
2025-12-18 17:49:55 - exhaustive_index - INFO - Processed table 1446 - datasets_USA/USA_CSV0000000000020171.csv
2025-12-18 17:49:56 - exhaustive_index - INFO - Processing table 1447 - datasets_USA/USA_CSV0000000000020173.csv
2025-12-18 17:49:56 - exhaustive_index - INFO - Table datasets_USA/USA_CSV0000000000020173.csv has 9745 rows and 9 columns
2025-12-18 17:49:56 - exhaustive_index - INFO - Processed table 1447 - datasets_USA/USA_CSV0000000000020173.csv
2025-12-18 17:49:58 - exhaustive_index - INFO - Processing table 1448 - datasets_USA/USA_CSV0000000000020181.csv
2025-12-18 17:49:58 - exhaustive_index - INFO - Table datasets_USA/USA_CSV0000000000020181.csv has 4218 rows and 10 columns
2025-12-18 17:49:58 - exhaustive_index - INFO - Processed table 1448 - datasets_USA/USA_CSV0000000000020181.csv
2025-12-18 17:50:00 - exhaustive_index - INFO - Processing table 1449 - datasets_USA/USA_CSV0000000000020184.csv
2025-12-18 17:50:00 - exhaustive_index - INFO - Table datasets_USA/USA_CSV0000000000020184.csv has 22663 rows and 9 columns
2025-12-18 17:50:00 - exhaustive_index - INFO - Processed table 1449 - datasets_USA/USA_CSV0000000000020184.csv
2025-12-18 17:50:00 - exhaustive_index - INFO - Processing table 1450 - datasets_USA/USA_CSV0000000000020189.csv
2025-12-18 17:50:00 - exhaustive_index - INFO - Table datasets_USA/USA_CSV0000000000020189.csv has 6356 rows and 11 columns
2025-12-18 17:50:00 - exhaustive_index - INFO - Processed table 1450 - datasets_USA/USA_CSV0000000000020189.csv
2025-12-18 17:50:01 - exhaustive_index - INFO - Processing table 1451 - datasets_USA/USA_CSV0000000000020198.csv
2025-12-18 17:50:01 - exhaustive_index - INFO - Table datasets_USA/USA_CSV0000000000020198.csv has 726 rows and 6 columns
2025-12-18 17:50:01 - exhaustive_index - INFO - Processed table 1451 - datasets_USA/USA_CSV0000000000020198.csv
2025-12-18 17:55:46 - exhaustive_index - INFO - Processing table 1452 - datasets_USA/USA_CSV0000000000020206.csv
2025-12-18 17:55:46 - exhaustive_index - INFO - Table datasets_USA/USA_CSV0000000000020206.csv has 9200 rows and 38 columns
2025-12-18 17:55:46 - exhaustive_index - INFO - Processed table 1452 - datasets_USA/USA_CSV0000000000020206.csv
2025-12-18 17:55:50 - exhaustive_index - INFO - Processing table 1453 - datasets_USA/USA_CSV0000000000020213.csv
2025-12-18 17:55:50 - exhaustive_index - INFO - Table datasets_USA/USA_CSV0000000000020213.csv has 17246 rows and 17 columns
2025-12-18 17:55:50 - exhaustive_index - INFO - Processed table 1453 - datasets_USA/USA_CSV0000000000020213.csv
2025-12-18 17:55:50 - exhaustive_index - INFO - Processing table 1454 - datasets_USA/USA_CSV0000000000020225.csv
2025-12-18 17:55:50 - exhaustive_index - INFO - Table datasets_USA/USA_CSV0000000000020225.csv has 121 rows and 5 columns
2025-12-18 17:55:50 - exhaustive_index - INFO - Processed table 1454 - datasets_USA/USA_CSV0000000000020225.csv
2025-12-18 17:55:54 - exhaustive_index - INFO - Processing table 1455 - datasets_USA/USA_CSV0000000000020241.csv
2025-12-18 17:55:54 - exhaustive_index - INFO - Table datasets_USA/USA_CSV0000000000020241.csv has 8916 rows and 21 columns
2025-12-18 17:55:54 - exhaustive_index - INFO - Processed table 1455 - datasets_USA/USA_CSV0000000000020241.csv
2025-12-18 17:55:56 - exhaustive_index - INFO - Processing table 1456 - datasets_USA/USA_CSV0000000000020261.csv
2025-12-18 17:55:56 - exhaustive_index - INFO - Table datasets_USA/USA_CSV0000000000020261.csv has 8760 rows and 21 columns
2025-12-18 17:55:56 - exhaustive_index - INFO - Processed table 1456 - datasets_USA/USA_CSV0000000000020261.csv
2025-12-18 17:55:57 - exhaustive_index - INFO - Processing table 1457 - datasets_USA/USA_CSV0000000000020270.csv
2025-12-18 17:55:57 - exhaustive_index - INFO - Table datasets_USA/USA_CSV0000000000020270.csv has 60663 rows and 6 columns
2025-12-18 17:55:57 - exhaustive_index - INFO - Processed table 1457 - datasets_USA/USA_CSV0000000000020270.csv
2025-12-18 17:55:57 - exhaustive_index - INFO - Processing table 1458 - datasets_USA/USA_CSV0000000000020272.csv
2025-12-18 17:55:57 - exhaustive_index - INFO - Table datasets_USA/USA_CSV0000000000020272.csv has 8311 rows and 9 columns
2025-12-18 17:55:57 - exhaustive_index - INFO - Processed table 1458 - datasets_USA/USA_CSV0000000000020272.csv
2025-12-18 17:56:00 - exhaustive_index - INFO - Processing table 1459 - datasets_USA/USA_CSV0000000000020294.csv
2025-12-18 17:56:00 - exhaustive_index - INFO - Table datasets_USA/USA_CSV0000000000020294.csv has 8760 rows and 21 columns
2025-12-18 17:56:00 - exhaustive_index - INFO - Processed table 1459 - datasets_USA/USA_CSV0000000000020294.csv
2025-12-18 17:56:02 - exhaustive_index - INFO - Processing table 1460 - datasets_USA/USA_CSV0000000000020300.csv
2025-12-18 17:56:02 - exhaustive_index - INFO - Table datasets_USA/USA_CSV0000000000020300.csv has 80480 rows and 3 columns
2025-12-18 17:56:02 - exhaustive_index - INFO - Processed table 1460 - datasets_USA/USA_CSV0000000000020300.csv
2025-12-18 17:56:04 - exhaustive_index - INFO - Processing table 1461 - datasets_USA/USA_CSV0000000000020306.csv
2025-12-18 17:56:04 - exhaustive_index - INFO - Table datasets_USA/USA_CSV0000000000020306.csv has 13614 rows and 11 columns
2025-12-18 17:56:04 - exhaustive_index - INFO - Processed table 1461 - datasets_USA/USA_CSV0000000000020306.csv
2025-12-18 17:56:07 - exhaustive_index - INFO - Processing table 1462 - datasets_USA/USA_CSV0000000000020310.csv
2025-12-18 17:56:07 - exhaustive_index - INFO - Table datasets_USA/USA_CSV0000000000020310.csv has 8760 rows and 21 columns
2025-12-18 17:56:07 - exhaustive_index - INFO - Processed table 1462 - datasets_USA/USA_CSV0000000000020310.csv
2025-12-18 17:56:16 - exhaustive_index - INFO - Processing table 1463 - datasets_USA/USA_CSV0000000000020323.csv
2025-12-18 17:56:16 - exhaustive_index - INFO - Table datasets_USA/USA_CSV0000000000020323.csv has 3359 rows and 42 columns
2025-12-18 17:56:16 - exhaustive_index - INFO - Processed table 1463 - datasets_USA/USA_CSV0000000000020323.csv
2025-12-18 17:56:17 - exhaustive_index - INFO - Processing table 1464 - datasets_USA/USA_CSV0000000000020329.csv
2025-12-18 17:56:17 - exhaustive_index - INFO - Table datasets_USA/USA_CSV0000000000020329.csv has 8760 rows and 21 columns
2025-12-18 17:56:17 - exhaustive_index - INFO - Processed table 1464 - datasets_USA/USA_CSV0000000000020329.csv
2025-12-18 17:56:22 - exhaustive_index - INFO - Processing table 1465 - datasets_USA/USA_CSV0000000000020330.csv
2025-12-18 17:56:22 - exhaustive_index - INFO - Table datasets_USA/USA_CSV0000000000020330.csv has 22891 rows and 18 columns
2025-12-18 17:56:22 - exhaustive_index - INFO - Processed table 1465 - datasets_USA/USA_CSV0000000000020330.csv
2025-12-18 17:56:22 - exhaustive_index - INFO - Processing table 1466 - datasets_USA/USA_CSV0000000000020359.csv
2025-12-18 17:56:22 - exhaustive_index - INFO - Table datasets_USA/USA_CSV0000000000020359.csv has 65 rows and 4 columns
2025-12-18 17:56:22 - exhaustive_index - INFO - Processed table 1466 - datasets_USA/USA_CSV0000000000020359.csv
2025-12-18 17:56:25 - exhaustive_index - INFO - Processing table 1467 - datasets_USA/USA_CSV0000000000020361.csv
2025-12-18 17:56:25 - exhaustive_index - INFO - Table datasets_USA/USA_CSV0000000000020361.csv has 30492 rows and 19 columns
2025-12-18 17:56:25 - exhaustive_index - INFO - Processed table 1467 - datasets_USA/USA_CSV0000000000020361.csv
2025-12-18 17:56:25 - exhaustive_index - INFO - Processing table 1468 - datasets_USA/USA_CSV0000000000020362.csv
2025-12-18 17:56:25 - exhaustive_index - INFO - Table datasets_USA/USA_CSV0000000000020362.csv has 6954 rows and 16 columns
2025-12-18 17:56:25 - exhaustive_index - INFO - Processed table 1468 - datasets_USA/USA_CSV0000000000020362.csv
2025-12-18 17:56:27 - exhaustive_index - INFO - Processing table 1469 - datasets_USA/USA_CSV0000000000020365.csv
2025-12-18 17:56:27 - exhaustive_index - INFO - Table datasets_USA/USA_CSV0000000000020365.csv has 8760 rows and 21 columns
2025-12-18 17:56:27 - exhaustive_index - INFO - Processed table 1469 - datasets_USA/USA_CSV0000000000020365.csv
2025-12-18 17:56:28 - exhaustive_index - INFO - Processing table 1470 - datasets_USA/USA_CSV0000000000020370.csv
2025-12-18 17:56:28 - exhaustive_index - INFO - Table datasets_USA/USA_CSV0000000000020370.csv has 15325 rows and 14 columns
2025-12-18 17:56:28 - exhaustive_index - INFO - Processed table 1470 - datasets_USA/USA_CSV0000000000020370.csv
2025-12-18 17:56:28 - exhaustive_index - INFO - Processing table 1471 - datasets_USA/USA_CSV0000000000020376.csv
2025-12-18 17:56:30 - exhaustive_index - INFO - Processing table 1472 - datasets_USA/USA_CSV0000000000020387.csv
2025-12-18 17:56:30 - exhaustive_index - INFO - Table datasets_USA/USA_CSV0000000000020387.csv has 207 rows and 19 columns
2025-12-18 17:56:30 - exhaustive_index - INFO - Processed table 1472 - datasets_USA/USA_CSV0000000000020387.csv
2025-12-18 17:56:31 - exhaustive_index - INFO - Processing table 1473 - datasets_USA/USA_CSV0000000000020405.csv
2025-12-18 17:56:31 - exhaustive_index - INFO - Table datasets_USA/USA_CSV0000000000020405.csv has 34382 rows and 10 columns
2025-12-18 17:56:31 - exhaustive_index - INFO - Processed table 1473 - datasets_USA/USA_CSV0000000000020405.csv
2025-12-18 17:56:34 - exhaustive_index - INFO - Processing table 1474 - datasets_USA/USA_CSV0000000000020425.csv
2025-12-18 17:56:34 - exhaustive_index - INFO - Table datasets_USA/USA_CSV0000000000020425.csv has 6228 rows and 14 columns
2025-12-18 17:56:34 - exhaustive_index - INFO - Processed table 1474 - datasets_USA/USA_CSV0000000000020425.csv
2025-12-18 17:56:39 - exhaustive_index - INFO - Processing table 1475 - datasets_USA/USA_CSV0000000000020436.csv
2025-12-18 17:56:39 - exhaustive_index - INFO - Table datasets_USA/USA_CSV0000000000020436.csv has 28042 rows and 9 columns
2025-12-18 17:56:39 - exhaustive_index - INFO - Processed table 1475 - datasets_USA/USA_CSV0000000000020436.csv
2025-12-18 17:56:40 - exhaustive_index - INFO - Processing table 1476 - datasets_USA/USA_CSV0000000000020448.csv
2025-12-18 17:56:40 - exhaustive_index - INFO - Table datasets_USA/USA_CSV0000000000020448.csv has 8760 rows and 21 columns
2025-12-18 17:56:40 - exhaustive_index - INFO - Processed table 1476 - datasets_USA/USA_CSV0000000000020448.csv
2025-12-18 17:56:42 - exhaustive_index - INFO - Processing table 1477 - datasets_USA/USA_CSV0000000000020452.csv
2025-12-18 17:56:42 - exhaustive_index - INFO - Table datasets_USA/USA_CSV0000000000020452.csv has 5129 rows and 11 columns
2025-12-18 17:56:42 - exhaustive_index - INFO - Processed table 1477 - datasets_USA/USA_CSV0000000000020452.csv
2025-12-18 17:56:44 - exhaustive_index - INFO - Processing table 1478 - datasets_USA/USA_CSV0000000000020482.csv
2025-12-18 17:56:44 - exhaustive_index - INFO - Table datasets_USA/USA_CSV0000000000020482.csv has 13902 rows and 7 columns
2025-12-18 17:56:44 - exhaustive_index - INFO - Processed table 1478 - datasets_USA/USA_CSV0000000000020482.csv
2025-12-18 17:56:45 - exhaustive_index - INFO - Processing table 1479 - datasets_USA/USA_CSV0000000000020486.csv
2025-12-18 17:56:45 - exhaustive_index - INFO - Table datasets_USA/USA_CSV0000000000020486.csv has 146 rows and 6 columns
2025-12-18 17:56:45 - exhaustive_index - INFO - Processed table 1479 - datasets_USA/USA_CSV0000000000020486.csv
2025-12-18 17:56:55 - exhaustive_index - INFO - Processing table 1480 - datasets_USA/USA_CSV0000000000020493.csv
2025-12-18 17:56:55 - exhaustive_index - INFO - Table datasets_USA/USA_CSV0000000000020493.csv has 7332 rows and 26 columns
2025-12-18 17:56:55 - exhaustive_index - INFO - Processed table 1480 - datasets_USA/USA_CSV0000000000020493.csv
2025-12-18 17:56:56 - exhaustive_index - INFO - Processing table 1481 - datasets_USA/USA_CSV0000000000020495.csv
2025-12-18 17:56:56 - exhaustive_index - INFO - Table datasets_USA/USA_CSV0000000000020495.csv has 2946 rows and 10 columns
2025-12-18 17:56:56 - exhaustive_index - INFO - Processed table 1481 - datasets_USA/USA_CSV0000000000020495.csv
2025-12-18 17:56:59 - exhaustive_index - INFO - Processing table 1482 - datasets_USA/USA_CSV0000000000020558.csv
2025-12-18 17:56:59 - exhaustive_index - INFO - Table datasets_USA/USA_CSV0000000000020558.csv has 6455 rows and 19 columns
2025-12-18 17:56:59 - exhaustive_index - INFO - Processed table 1482 - datasets_USA/USA_CSV0000000000020558.csv
2025-12-18 17:56:59 - exhaustive_index - INFO - Processing table 1483 - datasets_USA/USA_CSV0000000000020566.csv
2025-12-18 17:56:59 - exhaustive_index - INFO - Table datasets_USA/USA_CSV0000000000020566.csv has 38 rows and 4 columns
2025-12-18 17:56:59 - exhaustive_index - INFO - Processed table 1483 - datasets_USA/USA_CSV0000000000020566.csv
2025-12-18 17:57:02 - exhaustive_index - INFO - Processing table 1484 - datasets_USA/USA_CSV0000000000020590.csv
2025-12-18 17:57:02 - exhaustive_index - INFO - Table datasets_USA/USA_CSV0000000000020590.csv has 8760 rows and 21 columns
2025-12-18 17:57:02 - exhaustive_index - INFO - Processed table 1484 - datasets_USA/USA_CSV0000000000020590.csv
2025-12-18 17:57:03 - exhaustive_index - INFO - Processing table 1485 - datasets_USA/USA_CSV0000000000020592.csv
2025-12-18 17:57:03 - exhaustive_index - INFO - Table datasets_USA/USA_CSV0000000000020592.csv has 34023 rows and 4 columns
2025-12-18 17:57:03 - exhaustive_index - INFO - Processed table 1485 - datasets_USA/USA_CSV0000000000020592.csv
2025-12-18 17:57:12 - exhaustive_index - INFO - Processing table 1486 - datasets_USA/USA_CSV0000000000020597.csv
2025-12-18 17:57:12 - exhaustive_index - INFO - Table datasets_USA/USA_CSV0000000000020597.csv has 19411 rows and 15 columns
2025-12-18 17:57:12 - exhaustive_index - INFO - Processed table 1486 - datasets_USA/USA_CSV0000000000020597.csv
2025-12-18 17:57:23 - exhaustive_index - INFO - Processing table 1487 - datasets_USA/USA_CSV0000000000020605.csv
2025-12-18 17:57:23 - exhaustive_index - INFO - Table datasets_USA/USA_CSV0000000000020605.csv has 3198 rows and 42 columns
2025-12-18 17:57:23 - exhaustive_index - INFO - Processed table 1487 - datasets_USA/USA_CSV0000000000020605.csv
2025-12-18 17:57:25 - exhaustive_index - INFO - Processing table 1488 - datasets_USA/USA_CSV0000000000020626.csv
2025-12-18 17:57:25 - exhaustive_index - INFO - Table datasets_USA/USA_CSV0000000000020626.csv has 30959 rows and 6 columns
2025-12-18 17:57:25 - exhaustive_index - INFO - Processed table 1488 - datasets_USA/USA_CSV0000000000020626.csv
2025-12-18 18:02:11 - exhaustive_index - INFO - Processing table 1489 - datasets_USA/USA_CSV0000000000020627.csv
2025-12-18 18:02:11 - exhaustive_index - INFO - Table datasets_USA/USA_CSV0000000000020627.csv has 8972 rows and 39 columns
2025-12-18 18:02:11 - exhaustive_index - INFO - Processed table 1489 - datasets_USA/USA_CSV0000000000020627.csv
2025-12-18 18:02:11 - exhaustive_index - INFO - Processing table 1490 - datasets_USA/USA_CSV0000000000020652.csv
2025-12-18 18:02:11 - exhaustive_index - INFO - Table datasets_USA/USA_CSV0000000000020652.csv has 80157 rows and 4 columns
2025-12-18 18:02:11 - exhaustive_index - INFO - Processed table 1490 - datasets_USA/USA_CSV0000000000020652.csv
2025-12-18 18:02:13 - exhaustive_index - INFO - Processing table 1491 - datasets_USA/USA_CSV0000000000020656.csv
2025-12-18 18:02:13 - exhaustive_index - INFO - Table datasets_USA/USA_CSV0000000000020656.csv has 78991 rows and 3 columns
2025-12-18 18:02:13 - exhaustive_index - INFO - Processed table 1491 - datasets_USA/USA_CSV0000000000020656.csv
2025-12-18 18:02:15 - exhaustive_index - INFO - Processing table 1492 - datasets_USA/USA_CSV0000000000020657.csv
2025-12-18 18:02:15 - exhaustive_index - INFO - Table datasets_USA/USA_CSV0000000000020657.csv has 19210 rows and 8 columns
2025-12-18 18:02:15 - exhaustive_index - INFO - Processed table 1492 - datasets_USA/USA_CSV0000000000020657.csv
2025-12-18 18:02:18 - exhaustive_index - INFO - Processing table 1493 - datasets_USA/USA_CSV0000000000020673.csv
2025-12-18 18:02:18 - exhaustive_index - INFO - Table datasets_USA/USA_CSV0000000000020673.csv has 11197 rows and 15 columns
2025-12-18 18:02:18 - exhaustive_index - INFO - Processed table 1493 - datasets_USA/USA_CSV0000000000020673.csv
2025-12-18 18:02:18 - exhaustive_index - INFO - Processing table 1494 - datasets_USA/USA_CSV0000000000020681.csv
2025-12-18 18:02:18 - exhaustive_index - INFO - Table datasets_USA/USA_CSV0000000000020681.csv has 80157 rows and 4 columns
2025-12-18 18:02:18 - exhaustive_index - INFO - Processed table 1494 - datasets_USA/USA_CSV0000000000020681.csv
2025-12-18 18:02:19 - exhaustive_index - INFO - Processing table 1495 - datasets_USA/USA_CSV0000000000020684.csv
2025-12-18 18:02:19 - exhaustive_index - INFO - Table datasets_USA/USA_CSV0000000000020684.csv has 8784 rows and 21 columns
2025-12-18 18:02:19 - exhaustive_index - INFO - Processed table 1495 - datasets_USA/USA_CSV0000000000020684.csv
2025-12-18 18:02:26 - exhaustive_index - INFO - Processing table 1496 - datasets_USA/USA_CSV0000000000020698.csv
2025-12-18 18:02:26 - exhaustive_index - INFO - Table datasets_USA/USA_CSV0000000000020698.csv has 8760 rows and 21 columns
2025-12-18 18:02:26 - exhaustive_index - INFO - Processed table 1496 - datasets_USA/USA_CSV0000000000020698.csv
2025-12-18 18:02:26 - exhaustive_index - INFO - Processing table 1497 - datasets_USA/USA_CSV0000000000020727.csv
2025-12-18 18:02:26 - exhaustive_index - INFO - Table datasets_USA/USA_CSV0000000000020727.csv has 34482 rows and 4 columns
2025-12-18 18:02:26 - exhaustive_index - INFO - Processed table 1497 - datasets_USA/USA_CSV0000000000020727.csv
2025-12-18 18:02:30 - exhaustive_index - INFO - Processing table 1498 - datasets_USA/USA_CSV0000000000020731.csv
2025-12-18 18:02:30 - exhaustive_index - INFO - Table datasets_USA/USA_CSV0000000000020731.csv has 20520 rows and 8 columns
2025-12-18 18:02:30 - exhaustive_index - INFO - Processed table 1498 - datasets_USA/USA_CSV0000000000020731.csv
2025-12-18 18:02:47 - exhaustive_index - INFO - Processing table 1499 - datasets_USA/USA_CSV0000000000020745.csv
2025-12-18 18:02:47 - exhaustive_index - INFO - Table datasets_USA/USA_CSV0000000000020745.csv has 4624 rows and 18 columns
2025-12-18 18:02:47 - exhaustive_index - INFO - Processed table 1499 - datasets_USA/USA_CSV0000000000020745.csv
2025-12-18 18:02:58 - exhaustive_index - INFO - Processing table 1500 - datasets_USA/USA_CSV0000000000020752.csv
2025-12-18 18:02:58 - exhaustive_index - INFO - Table datasets_USA/USA_CSV0000000000020752.csv has 10089 rows and 40 columns
2025-12-18 18:02:58 - exhaustive_index - INFO - Processed table 1500 - datasets_USA/USA_CSV0000000000020752.csv
2025-12-18 18:02:58 - exhaustive_index - INFO - Processing table 1501 - datasets_USA/USA_CSV0000000000020755.csv
2025-12-18 18:02:58 - exhaustive_index - INFO - Table datasets_USA/USA_CSV0000000000020755.csv has 200 rows and 8 columns
2025-12-18 18:02:58 - exhaustive_index - INFO - Processed table 1501 - datasets_USA/USA_CSV0000000000020755.csv
2025-12-18 18:03:01 - exhaustive_index - INFO - Processing table 1502 - datasets_USA/USA_CSV0000000000020756.csv
2025-12-18 18:03:01 - exhaustive_index - INFO - Table datasets_USA/USA_CSV0000000000020756.csv has 7972 rows and 16 columns
2025-12-18 18:03:01 - exhaustive_index - INFO - Processed table 1502 - datasets_USA/USA_CSV0000000000020756.csv
2025-12-18 18:03:02 - exhaustive_index - INFO - Processing table 1503 - datasets_USA/USA_CSV0000000000020805.csv
2025-12-18 18:03:02 - exhaustive_index - INFO - Table datasets_USA/USA_CSV0000000000020805.csv has 34015 rows and 4 columns
2025-12-18 18:03:02 - exhaustive_index - INFO - Processed table 1503 - datasets_USA/USA_CSV0000000000020805.csv
2025-12-18 18:03:02 - exhaustive_index - INFO - Processing table 1504 - datasets_USA/USA_CSV0000000000020810.csv
2025-12-18 18:03:02 - exhaustive_index - INFO - Table datasets_USA/USA_CSV0000000000020810.csv has 33967 rows and 4 columns
2025-12-18 18:03:02 - exhaustive_index - INFO - Processed table 1504 - datasets_USA/USA_CSV0000000000020810.csv
2025-12-18 18:03:07 - exhaustive_index - INFO - Processing table 1505 - datasets_USA/USA_CSV0000000000020815.csv
2025-12-18 18:03:07 - exhaustive_index - INFO - Table datasets_USA/USA_CSV0000000000020815.csv has 18755 rows and 24 columns
2025-12-18 18:03:07 - exhaustive_index - INFO - Processed table 1505 - datasets_USA/USA_CSV0000000000020815.csv
2025-12-18 18:03:08 - exhaustive_index - INFO - Processing table 1506 - datasets_USA/USA_CSV0000000000020820.csv
2025-12-18 18:03:08 - exhaustive_index - INFO - Table datasets_USA/USA_CSV0000000000020820.csv has 8760 rows and 21 columns
2025-12-18 18:03:08 - exhaustive_index - INFO - Processed table 1506 - datasets_USA/USA_CSV0000000000020820.csv
2025-12-18 18:03:11 - exhaustive_index - INFO - Processing table 1507 - datasets_USA/USA_CSV0000000000020824.csv
2025-12-18 18:03:11 - exhaustive_index - INFO - Table datasets_USA/USA_CSV0000000000020824.csv has 11271 rows and 12 columns
2025-12-18 18:03:11 - exhaustive_index - INFO - Processed table 1507 - datasets_USA/USA_CSV0000000000020824.csv
2025-12-18 18:03:12 - exhaustive_index - INFO - Processing table 1508 - datasets_USA/USA_CSV0000000000020834.csv
2025-12-18 18:03:12 - exhaustive_index - INFO - Table datasets_USA/USA_CSV0000000000020834.csv has 14580 rows and 8 columns
2025-12-18 18:03:12 - exhaustive_index - INFO - Processed table 1508 - datasets_USA/USA_CSV0000000000020834.csv
2025-12-18 18:03:12 - exhaustive_index - INFO - Processing table 1509 - datasets_USA/USA_CSV0000000000020839.csv
2025-12-18 18:03:12 - exhaustive_index - INFO - Table datasets_USA/USA_CSV0000000000020839.csv has 13 rows and 4 columns
2025-12-18 18:03:12 - exhaustive_index - INFO - Processed table 1509 - datasets_USA/USA_CSV0000000000020839.csv
2025-12-18 18:03:15 - exhaustive_index - INFO - Processing table 1510 - datasets_USA/USA_CSV0000000000020843.csv
2025-12-18 18:03:15 - exhaustive_index - INFO - Table datasets_USA/USA_CSV0000000000020843.csv has 8760 rows and 21 columns
2025-12-18 18:03:15 - exhaustive_index - INFO - Processed table 1510 - datasets_USA/USA_CSV0000000000020843.csv
2025-12-18 18:03:17 - exhaustive_index - INFO - Processing table 1511 - datasets_USA/USA_CSV0000000000020847.csv
2025-12-18 18:03:17 - exhaustive_index - INFO - Table datasets_USA/USA_CSV0000000000020847.csv has 9976 rows and 7 columns
2025-12-18 18:03:17 - exhaustive_index - INFO - Processed table 1511 - datasets_USA/USA_CSV0000000000020847.csv
2025-12-18 18:03:19 - exhaustive_index - INFO - Processing table 1512 - datasets_USA/USA_CSV0000000000020854.csv
2025-12-18 18:03:19 - exhaustive_index - INFO - Table datasets_USA/USA_CSV0000000000020854.csv has 43902 rows and 7 columns
2025-12-18 18:03:19 - exhaustive_index - INFO - Processed table 1512 - datasets_USA/USA_CSV0000000000020854.csv
2025-12-18 18:03:24 - exhaustive_index - INFO - Processing table 1513 - datasets_USA/USA_CSV0000000000020856.csv
2025-12-18 18:03:24 - exhaustive_index - INFO - Table datasets_USA/USA_CSV0000000000020856.csv has 3218 rows and 23 columns
2025-12-18 18:03:24 - exhaustive_index - INFO - Processed table 1513 - datasets_USA/USA_CSV0000000000020856.csv
2025-12-18 18:03:27 - exhaustive_index - INFO - Processing table 1514 - datasets_USA/USA_CSV0000000000020858.csv
2025-12-18 18:03:27 - exhaustive_index - INFO - Table datasets_USA/USA_CSV0000000000020858.csv has 14987 rows and 14 columns
2025-12-18 18:03:27 - exhaustive_index - INFO - Processed table 1514 - datasets_USA/USA_CSV0000000000020858.csv
2025-12-18 18:03:29 - exhaustive_index - INFO - Processing table 1515 - datasets_USA/USA_CSV0000000000020868.csv
2025-12-18 18:03:29 - exhaustive_index - INFO - Table datasets_USA/USA_CSV0000000000020868.csv has 20237 rows and 10 columns
2025-12-18 18:03:29 - exhaustive_index - INFO - Processed table 1515 - datasets_USA/USA_CSV0000000000020868.csv
2025-12-18 18:03:32 - exhaustive_index - INFO - Processing table 1516 - datasets_USA/USA_CSV0000000000020869.csv
2025-12-18 18:03:32 - exhaustive_index - INFO - Table datasets_USA/USA_CSV0000000000020869.csv has 6050 rows and 14 columns
2025-12-18 18:03:32 - exhaustive_index - INFO - Processed table 1516 - datasets_USA/USA_CSV0000000000020869.csv
2025-12-18 18:03:45 - exhaustive_index - INFO - Processing table 1517 - datasets_USA/USA_CSV0000000000020879.csv
2025-12-18 18:03:45 - exhaustive_index - INFO - Table datasets_USA/USA_CSV0000000000020879.csv has 13054 rows and 14 columns
2025-12-18 18:03:45 - exhaustive_index - INFO - Processed table 1517 - datasets_USA/USA_CSV0000000000020879.csv
2025-12-18 18:03:50 - exhaustive_index - INFO - Processing table 1518 - datasets_USA/USA_CSV0000000000020914.csv
2025-12-18 18:03:50 - exhaustive_index - INFO - Table datasets_USA/USA_CSV0000000000020914.csv has 8784 rows and 21 columns
2025-12-18 18:03:50 - exhaustive_index - INFO - Processed table 1518 - datasets_USA/USA_CSV0000000000020914.csv
2025-12-18 18:03:58 - exhaustive_index - INFO - Processing table 1519 - datasets_USA/USA_CSV0000000000020932.csv
2025-12-18 18:03:58 - exhaustive_index - INFO - Table datasets_USA/USA_CSV0000000000020932.csv has 31474 rows and 15 columns
2025-12-18 18:03:58 - exhaustive_index - INFO - Processed table 1519 - datasets_USA/USA_CSV0000000000020932.csv
2025-12-18 18:04:00 - exhaustive_index - INFO - Processing table 1520 - datasets_USA/USA_CSV0000000000020938.csv
2025-12-18 18:04:00 - exhaustive_index - INFO - Table datasets_USA/USA_CSV0000000000020938.csv has 7407 rows and 5 columns
2025-12-18 18:04:00 - exhaustive_index - INFO - Processed table 1520 - datasets_USA/USA_CSV0000000000020938.csv
2025-12-18 18:04:01 - exhaustive_index - INFO - Processing table 1521 - datasets_USA/USA_CSV0000000000020949.csv
2025-12-18 18:04:01 - exhaustive_index - INFO - Table datasets_USA/USA_CSV0000000000020949.csv has 8760 rows and 21 columns
2025-12-18 18:04:01 - exhaustive_index - INFO - Processed table 1521 - datasets_USA/USA_CSV0000000000020949.csv
2025-12-18 18:04:04 - exhaustive_index - INFO - Processing table 1522 - datasets_USA/USA_CSV0000000000020952.csv
2025-12-18 18:04:04 - exhaustive_index - INFO - Table datasets_USA/USA_CSV0000000000020952.csv has 10639 rows and 13 columns
2025-12-18 18:04:04 - exhaustive_index - INFO - Processed table 1522 - datasets_USA/USA_CSV0000000000020952.csv
2025-12-18 18:04:11 - exhaustive_index - INFO - Processing table 1523 - datasets_USA/USA_CSV0000000000020955.csv
2025-12-18 18:04:11 - exhaustive_index - INFO - Table datasets_USA/USA_CSV0000000000020955.csv has 8139 rows and 14 columns
2025-12-18 18:04:11 - exhaustive_index - INFO - Processed table 1523 - datasets_USA/USA_CSV0000000000020955.csv
2025-12-18 18:04:15 - exhaustive_index - INFO - Processing table 1524 - datasets_USA/USA_CSV0000000000020957.csv
2025-12-18 18:04:15 - exhaustive_index - INFO - Table datasets_USA/USA_CSV0000000000020957.csv has 12007 rows and 11 columns
2025-12-18 18:04:15 - exhaustive_index - INFO - Processed table 1524 - datasets_USA/USA_CSV0000000000020957.csv
2025-12-18 18:04:16 - exhaustive_index - INFO - Processing table 1525 - datasets_USA/USA_CSV0000000000020978.csv
2025-12-18 18:04:16 - exhaustive_index - INFO - Table datasets_USA/USA_CSV0000000000020978.csv has 34017 rows and 4 columns
2025-12-18 18:04:16 - exhaustive_index - INFO - Processed table 1525 - datasets_USA/USA_CSV0000000000020978.csv
2025-12-18 18:04:27 - exhaustive_index - INFO - Processing table 1526 - datasets_USA/USA_CSV0000000000020987.csv
2025-12-18 18:04:27 - exhaustive_index - INFO - Table datasets_USA/USA_CSV0000000000020987.csv has 16494 rows and 22 columns
2025-12-18 18:04:27 - exhaustive_index - INFO - Processed table 1526 - datasets_USA/USA_CSV0000000000020987.csv
2025-12-18 18:04:27 - exhaustive_index - INFO - Processing table 1527 - datasets_USA/USA_CSV0000000000021002.csv
2025-12-18 18:04:27 - exhaustive_index - INFO - Table datasets_USA/USA_CSV0000000000021002.csv has 105 rows and 5 columns
2025-12-18 18:04:27 - exhaustive_index - INFO - Processed table 1527 - datasets_USA/USA_CSV0000000000021002.csv
2025-12-18 18:04:34 - exhaustive_index - INFO - Processing table 1528 - datasets_USA/USA_CSV0000000000021027.csv
2025-12-18 18:04:34 - exhaustive_index - INFO - Table datasets_USA/USA_CSV0000000000021027.csv has 41580 rows and 13 columns
2025-12-18 18:04:34 - exhaustive_index - INFO - Processed table 1528 - datasets_USA/USA_CSV0000000000021027.csv
2025-12-18 18:04:39 - exhaustive_index - INFO - Processing table 1529 - datasets_USA/USA_CSV0000000000021032.csv
2025-12-18 18:04:39 - exhaustive_index - INFO - Table datasets_USA/USA_CSV0000000000021032.csv has 6280 rows and 16 columns
2025-12-18 18:04:39 - exhaustive_index - INFO - Processed table 1529 - datasets_USA/USA_CSV0000000000021032.csv
2025-12-18 18:04:41 - exhaustive_index - INFO - Processing table 1530 - datasets_USA/USA_CSV0000000000021041.csv
2025-12-18 18:04:41 - exhaustive_index - INFO - Table datasets_USA/USA_CSV0000000000021041.csv has 75164 rows and 6 columns
2025-12-18 18:04:41 - exhaustive_index - INFO - Processed table 1530 - datasets_USA/USA_CSV0000000000021041.csv
2025-12-18 18:04:43 - exhaustive_index - INFO - Processing table 1531 - datasets_USA/USA_CSV0000000000021047.csv
2025-12-18 18:04:43 - exhaustive_index - INFO - Table datasets_USA/USA_CSV0000000000021047.csv has 6157 rows and 22 columns
2025-12-18 18:04:43 - exhaustive_index - INFO - Processed table 1531 - datasets_USA/USA_CSV0000000000021047.csv
2025-12-18 18:04:59 - exhaustive_index - INFO - Processing table 1532 - datasets_USA/USA_CSV0000000000021084.csv
2025-12-18 18:04:59 - exhaustive_index - INFO - Table datasets_USA/USA_CSV0000000000021084.csv has 3114 rows and 65 columns
2025-12-18 18:04:59 - exhaustive_index - INFO - Processed table 1532 - datasets_USA/USA_CSV0000000000021084.csv
2025-12-18 18:05:00 - exhaustive_index - INFO - Processing table 1533 - datasets_USA/USA_CSV0000000000021087.csv
2025-12-18 18:05:00 - exhaustive_index - INFO - Table datasets_USA/USA_CSV0000000000021087.csv has 8784 rows and 21 columns
2025-12-18 18:05:00 - exhaustive_index - INFO - Processed table 1533 - datasets_USA/USA_CSV0000000000021087.csv
2025-12-18 18:05:03 - exhaustive_index - INFO - Processing table 1534 - datasets_USA/USA_CSV0000000000021093.csv
2025-12-18 18:05:03 - exhaustive_index - INFO - Table datasets_USA/USA_CSV0000000000021093.csv has 10697 rows and 12 columns
2025-12-18 18:05:03 - exhaustive_index - INFO - Processed table 1534 - datasets_USA/USA_CSV0000000000021093.csv
2025-12-18 18:05:09 - exhaustive_index - INFO - Processing table 1535 - datasets_USA/USA_CSV0000000000021117.csv
2025-12-18 18:05:09 - exhaustive_index - INFO - Table datasets_USA/USA_CSV0000000000021117.csv has 12609 rows and 15 columns
2025-12-18 18:05:09 - exhaustive_index - INFO - Processed table 1535 - datasets_USA/USA_CSV0000000000021117.csv
2025-12-18 18:05:09 - exhaustive_index - INFO - Processing table 1536 - datasets_USA/USA_CSV0000000000021131.csv
2025-12-18 18:05:09 - exhaustive_index - INFO - Table datasets_USA/USA_CSV0000000000021131.csv has 28 rows and 10 columns
2025-12-18 18:05:09 - exhaustive_index - INFO - Processed table 1536 - datasets_USA/USA_CSV0000000000021131.csv
2025-12-18 18:05:10 - exhaustive_index - INFO - Processing table 1537 - datasets_USA/USA_CSV0000000000021134.csv
2025-12-18 18:05:10 - exhaustive_index - INFO - Table datasets_USA/USA_CSV0000000000021134.csv has 35368 rows and 9 columns
2025-12-18 18:05:10 - exhaustive_index - INFO - Processed table 1537 - datasets_USA/USA_CSV0000000000021134.csv
2025-12-18 18:05:11 - exhaustive_index - INFO - Processing table 1538 - datasets_USA/USA_CSV0000000000021140.csv
2025-12-18 18:05:11 - exhaustive_index - INFO - Table datasets_USA/USA_CSV0000000000021140.csv has 8784 rows and 21 columns
2025-12-18 18:05:11 - exhaustive_index - INFO - Processed table 1538 - datasets_USA/USA_CSV0000000000021140.csv
2025-12-18 18:05:14 - exhaustive_index - INFO - Processing table 1539 - datasets_USA/USA_CSV0000000000021151.csv
2025-12-18 18:05:14 - exhaustive_index - INFO - Table datasets_USA/USA_CSV0000000000021151.csv has 7453 rows and 16 columns
2025-12-18 18:05:14 - exhaustive_index - INFO - Processed table 1539 - datasets_USA/USA_CSV0000000000021151.csv
2025-12-18 18:05:15 - exhaustive_index - INFO - Processing table 1540 - datasets_USA/USA_CSV0000000000021158.csv
2025-12-18 18:05:15 - exhaustive_index - INFO - Table datasets_USA/USA_CSV0000000000021158.csv has 236 rows and 7 columns
2025-12-18 18:05:15 - exhaustive_index - INFO - Processed table 1540 - datasets_USA/USA_CSV0000000000021158.csv
2025-12-18 18:05:17 - exhaustive_index - INFO - Processing table 1541 - datasets_USA/USA_CSV0000000000021175.csv
2025-12-18 18:05:17 - exhaustive_index - INFO - Table datasets_USA/USA_CSV0000000000021175.csv has 16074 rows and 8 columns
2025-12-18 18:05:17 - exhaustive_index - INFO - Processed table 1541 - datasets_USA/USA_CSV0000000000021175.csv
2025-12-18 18:05:19 - exhaustive_index - INFO - Processing table 1542 - datasets_USA/USA_CSV0000000000021177.csv
2025-12-18 18:05:19 - exhaustive_index - INFO - Table datasets_USA/USA_CSV0000000000021177.csv has 8760 rows and 21 columns
2025-12-18 18:05:19 - exhaustive_index - INFO - Processed table 1542 - datasets_USA/USA_CSV0000000000021177.csv
2025-12-18 18:05:20 - exhaustive_index - INFO - Processing table 1543 - datasets_USA/USA_CSV0000000000021208.csv
2025-12-18 18:05:20 - exhaustive_index - INFO - Table datasets_USA/USA_CSV0000000000021208.csv has 3595 rows and 16 columns
2025-12-18 18:05:20 - exhaustive_index - INFO - Processed table 1543 - datasets_USA/USA_CSV0000000000021208.csv
2025-12-18 18:05:21 - exhaustive_index - INFO - Processing table 1544 - datasets_USA/USA_CSV0000000000021209.csv
2025-12-18 18:05:21 - exhaustive_index - INFO - Table datasets_USA/USA_CSV0000000000021209.csv has 8325 rows and 10 columns
2025-12-18 18:05:21 - exhaustive_index - INFO - Processed table 1544 - datasets_USA/USA_CSV0000000000021209.csv
2025-12-18 18:05:23 - exhaustive_index - INFO - Processing table 1545 - datasets_USA/USA_CSV0000000000021212.csv
2025-12-18 18:05:23 - exhaustive_index - INFO - Table datasets_USA/USA_CSV0000000000021212.csv has 9394 rows and 14 columns
2025-12-18 18:05:23 - exhaustive_index - INFO - Processed table 1545 - datasets_USA/USA_CSV0000000000021212.csv
2025-12-18 18:05:23 - exhaustive_index - INFO - Processing table 1546 - datasets_USA/USA_CSV0000000000021220.csv
2025-12-18 18:05:23 - exhaustive_index - INFO - Table datasets_USA/USA_CSV0000000000021220.csv has 1360 rows and 7 columns
2025-12-18 18:05:23 - exhaustive_index - INFO - Processed table 1546 - datasets_USA/USA_CSV0000000000021220.csv
2025-12-18 18:05:26 - exhaustive_index - INFO - Processing table 1547 - datasets_USA/USA_CSV0000000000021222.csv
2025-12-18 18:05:26 - exhaustive_index - INFO - Table datasets_USA/USA_CSV0000000000021222.csv has 8760 rows and 21 columns
2025-12-18 18:05:26 - exhaustive_index - INFO - Processed table 1547 - datasets_USA/USA_CSV0000000000021222.csv
2025-12-18 18:05:27 - exhaustive_index - INFO - Processing table 1548 - datasets_USA/USA_CSV0000000000021231.csv
2025-12-18 18:05:27 - exhaustive_index - INFO - Table datasets_USA/USA_CSV0000000000021231.csv has 29874 rows and 8 columns
2025-12-18 18:05:27 - exhaustive_index - INFO - Processed table 1548 - datasets_USA/USA_CSV0000000000021231.csv
2025-12-18 18:05:28 - exhaustive_index - INFO - Processing table 1549 - datasets_USA/USA_CSV0000000000021257.csv
2025-12-18 18:05:28 - exhaustive_index - INFO - Table datasets_USA/USA_CSV0000000000021257.csv has 43182 rows and 7 columns
2025-12-18 18:05:28 - exhaustive_index - INFO - Processed table 1549 - datasets_USA/USA_CSV0000000000021257.csv
2025-12-18 18:05:31 - exhaustive_index - INFO - Processing table 1550 - datasets_USA/USA_CSV0000000000021275.csv
2025-12-18 18:05:31 - exhaustive_index - INFO - Table datasets_USA/USA_CSV0000000000021275.csv has 4131 rows and 9 columns
2025-12-18 18:05:31 - exhaustive_index - INFO - Processed table 1550 - datasets_USA/USA_CSV0000000000021275.csv
2025-12-18 18:05:32 - exhaustive_index - INFO - Processing table 1551 - datasets_USA/USA_CSV0000000000021277.csv
2025-12-18 18:05:32 - exhaustive_index - INFO - Table datasets_USA/USA_CSV0000000000021277.csv has 338 rows and 13 columns
2025-12-18 18:05:32 - exhaustive_index - INFO - Processed table 1551 - datasets_USA/USA_CSV0000000000021277.csv
2025-12-18 18:05:32 - exhaustive_index - INFO - Processing table 1552 - datasets_USA/USA_CSV0000000000021290.csv
2025-12-18 18:05:32 - exhaustive_index - INFO - Table datasets_USA/USA_CSV0000000000021290.csv has 442 rows and 8 columns
2025-12-18 18:05:32 - exhaustive_index - INFO - Processed table 1552 - datasets_USA/USA_CSV0000000000021290.csv
2025-12-18 18:05:33 - exhaustive_index - INFO - Processing table 1553 - datasets_USA/USA_CSV0000000000021305.csv
2025-12-18 18:05:33 - exhaustive_index - INFO - Table datasets_USA/USA_CSV0000000000021305.csv has 302 rows and 12 columns
2025-12-18 18:05:33 - exhaustive_index - INFO - Processed table 1553 - datasets_USA/USA_CSV0000000000021305.csv
2025-12-18 18:05:33 - exhaustive_index - INFO - Processing table 1554 - datasets_USA/USA_CSV0000000000021324.csv
2025-12-18 18:05:33 - exhaustive_index - INFO - Table datasets_USA/USA_CSV0000000000021324.csv has 65 rows and 4 columns
2025-12-18 18:05:33 - exhaustive_index - INFO - Processed table 1554 - datasets_USA/USA_CSV0000000000021324.csv
2025-12-18 18:05:35 - exhaustive_index - INFO - Processing table 1555 - datasets_USA/USA_CSV0000000000021333.csv
2025-12-18 18:05:35 - exhaustive_index - INFO - Table datasets_USA/USA_CSV0000000000021333.csv has 80634 rows and 3 columns
2025-12-18 18:05:35 - exhaustive_index - INFO - Processed table 1555 - datasets_USA/USA_CSV0000000000021333.csv
2025-12-18 18:05:43 - exhaustive_index - INFO - Processing table 1556 - datasets_USA/USA_CSV0000000000021342.csv
2025-12-18 18:05:43 - exhaustive_index - INFO - Table datasets_USA/USA_CSV0000000000021342.csv has 14244 rows and 21 columns
2025-12-18 18:05:43 - exhaustive_index - INFO - Processed table 1556 - datasets_USA/USA_CSV0000000000021342.csv
2025-12-18 18:06:02 - exhaustive_index - INFO - Processing table 1557 - datasets_USA/USA_CSV0000000000021350.csv
2025-12-18 18:06:02 - exhaustive_index - INFO - Table datasets_USA/USA_CSV0000000000021350.csv has 28465 rows and 16 columns
2025-12-18 18:06:02 - exhaustive_index - INFO - Processed table 1557 - datasets_USA/USA_CSV0000000000021350.csv
2025-12-18 18:06:05 - exhaustive_index - INFO - Processing table 1558 - datasets_USA/USA_CSV0000000000021352.csv
2025-12-18 18:06:05 - exhaustive_index - INFO - Table datasets_USA/USA_CSV0000000000021352.csv has 24724 rows and 6 columns
2025-12-18 18:06:05 - exhaustive_index - INFO - Processed table 1558 - datasets_USA/USA_CSV0000000000021352.csv
2025-12-18 18:06:06 - exhaustive_index - INFO - Processing table 1559 - datasets_USA/USA_CSV0000000000021360.csv
2025-12-18 18:06:06 - exhaustive_index - INFO - Table datasets_USA/USA_CSV0000000000021360.csv has 95894 rows and 5 columns
2025-12-18 18:06:06 - exhaustive_index - INFO - Processed table 1559 - datasets_USA/USA_CSV0000000000021360.csv
2025-12-18 18:06:07 - exhaustive_index - INFO - Processing table 1560 - datasets_USA/USA_CSV0000000000021368.csv
2025-12-18 18:06:07 - exhaustive_index - INFO - Table datasets_USA/USA_CSV0000000000021368.csv has 2623 rows and 6 columns
2025-12-18 18:06:07 - exhaustive_index - INFO - Processed table 1560 - datasets_USA/USA_CSV0000000000021368.csv
2025-12-18 18:06:07 - exhaustive_index - INFO - Processing table 1561 - datasets_USA/USA_CSV0000000000021375.csv
2025-12-18 18:06:07 - exhaustive_index - INFO - Table datasets_USA/USA_CSV0000000000021375.csv has 57 rows and 9 columns
2025-12-18 18:06:07 - exhaustive_index - INFO - Processed table 1561 - datasets_USA/USA_CSV0000000000021375.csv
2025-12-18 18:06:10 - exhaustive_index - INFO - Processing table 1562 - datasets_USA/USA_CSV0000000000021388.csv
2025-12-18 18:06:10 - exhaustive_index - INFO - Table datasets_USA/USA_CSV0000000000021388.csv has 8784 rows and 21 columns
2025-12-18 18:06:10 - exhaustive_index - INFO - Processed table 1562 - datasets_USA/USA_CSV0000000000021388.csv
2025-12-18 18:06:18 - exhaustive_index - INFO - Processing table 1563 - datasets_USA/USA_CSV0000000000021392.csv
2025-12-18 18:06:18 - exhaustive_index - INFO - Table datasets_USA/USA_CSV0000000000021392.csv has 22615 rows and 12 columns
2025-12-18 18:06:18 - exhaustive_index - INFO - Processed table 1563 - datasets_USA/USA_CSV0000000000021392.csv
2025-12-18 18:06:20 - exhaustive_index - INFO - Processing table 1564 - datasets_USA/USA_CSV0000000000021414.csv
2025-12-18 18:06:20 - exhaustive_index - INFO - Table datasets_USA/USA_CSV0000000000021414.csv has 8760 rows and 21 columns
2025-12-18 18:06:20 - exhaustive_index - INFO - Processed table 1564 - datasets_USA/USA_CSV0000000000021414.csv
2025-12-18 18:06:23 - exhaustive_index - INFO - Processing table 1565 - datasets_USA/USA_CSV0000000000021440.csv
2025-12-18 18:06:23 - exhaustive_index - INFO - Table datasets_USA/USA_CSV0000000000021440.csv has 8784 rows and 21 columns
2025-12-18 18:06:23 - exhaustive_index - INFO - Processed table 1565 - datasets_USA/USA_CSV0000000000021440.csv
2025-12-18 18:06:26 - exhaustive_index - INFO - Processing table 1566 - datasets_USA/USA_CSV0000000000021464.csv
2025-12-18 18:06:26 - exhaustive_index - INFO - Table datasets_USA/USA_CSV0000000000021464.csv has 475 rows and 21 columns
2025-12-18 18:06:26 - exhaustive_index - INFO - Processed table 1566 - datasets_USA/USA_CSV0000000000021464.csv
2025-12-18 18:06:35 - exhaustive_index - INFO - Processing table 1567 - datasets_USA/USA_CSV0000000000021472__38.csv
2025-12-18 18:06:35 - exhaustive_index - INFO - Table datasets_USA/USA_CSV0000000000021472__38.csv has 213882 rows and 10 columns
2025-12-18 18:06:35 - exhaustive_index - INFO - Processed table 1567 - datasets_USA/USA_CSV0000000000021472__38.csv
2025-12-18 18:06:38 - exhaustive_index - INFO - Processing table 1568 - datasets_USA/USA_CSV0000000000021474.csv
2025-12-18 18:06:38 - exhaustive_index - INFO - Table datasets_USA/USA_CSV0000000000021474.csv has 17088 rows and 22 columns
2025-12-18 18:06:38 - exhaustive_index - INFO - Processed table 1568 - datasets_USA/USA_CSV0000000000021474.csv
2025-12-18 18:06:41 - exhaustive_index - INFO - Processing table 1569 - datasets_USA/USA_CSV0000000000021482.csv
2025-12-18 18:06:41 - exhaustive_index - INFO - Table datasets_USA/USA_CSV0000000000021482.csv has 7084 rows and 11 columns
2025-12-18 18:06:41 - exhaustive_index - INFO - Processed table 1569 - datasets_USA/USA_CSV0000000000021482.csv
2025-12-18 18:06:42 - exhaustive_index - INFO - Processing table 1570 - datasets_USA/USA_CSV0000000000021488.csv
2025-12-18 18:06:42 - exhaustive_index - INFO - Table datasets_USA/USA_CSV0000000000021488.csv has 11750 rows and 7 columns
2025-12-18 18:06:42 - exhaustive_index - INFO - Processed table 1570 - datasets_USA/USA_CSV0000000000021488.csv
2025-12-18 18:06:50 - exhaustive_index - INFO - Processing table 1571 - datasets_USA/USA_CSV0000000000021490.csv
2025-12-18 18:06:50 - exhaustive_index - INFO - Table datasets_USA/USA_CSV0000000000021490.csv has 9802 rows and 14 columns
2025-12-18 18:06:50 - exhaustive_index - INFO - Processed table 1571 - datasets_USA/USA_CSV0000000000021490.csv
2025-12-18 18:06:50 - exhaustive_index - INFO - Processing table 1572 - datasets_USA/USA_CSV0000000000021491.csv
2025-12-18 18:06:50 - exhaustive_index - INFO - Table datasets_USA/USA_CSV0000000000021491.csv has 10487 rows and 3 columns
2025-12-18 18:06:50 - exhaustive_index - INFO - Processed table 1572 - datasets_USA/USA_CSV0000000000021491.csv
2025-12-18 18:06:53 - exhaustive_index - INFO - Processing table 1573 - datasets_USA/USA_CSV0000000000021514.csv
2025-12-18 18:06:53 - exhaustive_index - INFO - Table datasets_USA/USA_CSV0000000000021514.csv has 2403 rows and 10 columns
2025-12-18 18:06:53 - exhaustive_index - INFO - Processed table 1573 - datasets_USA/USA_CSV0000000000021514.csv
2025-12-18 18:06:55 - exhaustive_index - INFO - Processing table 1574 - datasets_USA/USA_CSV0000000000021524.csv
2025-12-18 18:06:55 - exhaustive_index - INFO - Table datasets_USA/USA_CSV0000000000021524.csv has 15727 rows and 12 columns
2025-12-18 18:06:55 - exhaustive_index - INFO - Processed table 1574 - datasets_USA/USA_CSV0000000000021524.csv
2025-12-18 18:07:07 - exhaustive_index - INFO - Processing table 1575 - datasets_USA/USA_CSV0000000000021535.csv
2025-12-18 18:07:07 - exhaustive_index - INFO - Table datasets_USA/USA_CSV0000000000021535.csv has 6788 rows and 30 columns
2025-12-18 18:07:07 - exhaustive_index - INFO - Processed table 1575 - datasets_USA/USA_CSV0000000000021535.csv
2025-12-18 18:07:07 - exhaustive_index - INFO - Processing table 1576 - datasets_USA/USA_CSV0000000000021537.csv
2025-12-18 18:07:07 - exhaustive_index - INFO - Table datasets_USA/USA_CSV0000000000021537.csv has 838 rows and 6 columns
2025-12-18 18:07:07 - exhaustive_index - INFO - Processed table 1576 - datasets_USA/USA_CSV0000000000021537.csv
2025-12-18 18:07:15 - exhaustive_index - INFO - Processing table 1577 - datasets_USA/USA_CSV0000000000021546.csv
2025-12-18 18:07:15 - exhaustive_index - INFO - Table datasets_USA/USA_CSV0000000000021546.csv has 11117 rows and 14 columns
2025-12-18 18:07:15 - exhaustive_index - INFO - Processed table 1577 - datasets_USA/USA_CSV0000000000021546.csv
2025-12-18 18:07:20 - exhaustive_index - INFO - Processing table 1578 - datasets_USA/USA_CSV0000000000021549.csv
2025-12-18 18:07:20 - exhaustive_index - INFO - Table datasets_USA/USA_CSV0000000000021549.csv has 74417 rows and 5 columns
2025-12-18 18:07:20 - exhaustive_index - INFO - Processed table 1578 - datasets_USA/USA_CSV0000000000021549.csv
2025-12-18 18:07:22 - exhaustive_index - INFO - Processing table 1579 - datasets_USA/USA_CSV0000000000021552.csv
2025-12-18 18:07:22 - exhaustive_index - INFO - Table datasets_USA/USA_CSV0000000000021552.csv has 39676 rows and 5 columns
2025-12-18 18:07:22 - exhaustive_index - INFO - Processed table 1579 - datasets_USA/USA_CSV0000000000021552.csv
2025-12-18 18:07:24 - exhaustive_index - INFO - Processing table 1580 - datasets_USA/USA_CSV0000000000021561.csv
2025-12-18 18:07:24 - exhaustive_index - INFO - Table datasets_USA/USA_CSV0000000000021561.csv has 29874 rows and 8 columns
2025-12-18 18:07:24 - exhaustive_index - INFO - Processed table 1580 - datasets_USA/USA_CSV0000000000021561.csv
2025-12-18 18:07:24 - exhaustive_index - INFO - Processing table 1581 - datasets_USA/USA_CSV0000000000021562.csv
2025-12-18 18:07:24 - exhaustive_index - INFO - Table datasets_USA/USA_CSV0000000000021562.csv has 38 rows and 5 columns
2025-12-18 18:07:24 - exhaustive_index - INFO - Processed table 1581 - datasets_USA/USA_CSV0000000000021562.csv
2025-12-18 18:07:25 - exhaustive_index - INFO - Processing table 1582 - datasets_USA/USA_CSV0000000000021563.csv
2025-12-18 18:07:25 - exhaustive_index - INFO - Table datasets_USA/USA_CSV0000000000021563.csv has 3717 rows and 23 columns
2025-12-18 18:07:25 - exhaustive_index - INFO - Processed table 1582 - datasets_USA/USA_CSV0000000000021563.csv
2025-12-18 18:07:27 - exhaustive_index - INFO - Processing table 1583 - datasets_USA/USA_CSV0000000000021574.csv
2025-12-18 18:07:27 - exhaustive_index - INFO - Table datasets_USA/USA_CSV0000000000021574.csv has 74700 rows and 6 columns
2025-12-18 18:07:27 - exhaustive_index - INFO - Processed table 1583 - datasets_USA/USA_CSV0000000000021574.csv
2025-12-18 18:07:30 - exhaustive_index - INFO - Processing table 1584 - datasets_USA/USA_CSV0000000000021586.csv
2025-12-18 18:07:30 - exhaustive_index - INFO - Table datasets_USA/USA_CSV0000000000021586.csv has 14642 rows and 7 columns
2025-12-18 18:07:30 - exhaustive_index - INFO - Processed table 1584 - datasets_USA/USA_CSV0000000000021586.csv
2025-12-18 18:07:30 - exhaustive_index - INFO - Processing table 1585 - datasets_USA/USA_CSV0000000000021590.csv
2025-12-18 18:07:31 - exhaustive_index - INFO - Processing table 1586 - datasets_USA/USA_CSV0000000000021602.csv
2025-12-18 18:07:31 - exhaustive_index - INFO - Table datasets_USA/USA_CSV0000000000021602.csv has 31512 rows and 9 columns
2025-12-18 18:07:31 - exhaustive_index - INFO - Processed table 1586 - datasets_USA/USA_CSV0000000000021602.csv
2025-12-18 18:07:33 - exhaustive_index - INFO - Processing table 1587 - datasets_USA/USA_CSV0000000000021604.csv
2025-12-18 18:07:33 - exhaustive_index - INFO - Table datasets_USA/USA_CSV0000000000021604.csv has 33620 rows and 9 columns
2025-12-18 18:07:33 - exhaustive_index - INFO - Processed table 1587 - datasets_USA/USA_CSV0000000000021604.csv
2025-12-18 18:07:35 - exhaustive_index - INFO - Processing table 1588 - datasets_USA/USA_CSV0000000000021630.csv
2025-12-18 18:07:35 - exhaustive_index - INFO - Table datasets_USA/USA_CSV0000000000021630.csv has 8760 rows and 21 columns
2025-12-18 18:07:35 - exhaustive_index - INFO - Processed table 1588 - datasets_USA/USA_CSV0000000000021630.csv
2025-12-18 18:07:37 - exhaustive_index - INFO - Processing table 1589 - datasets_USA/USA_CSV0000000000021639.csv
2025-12-18 18:07:37 - exhaustive_index - INFO - Table datasets_USA/USA_CSV0000000000021639.csv has 4159 rows and 7 columns
2025-12-18 18:07:37 - exhaustive_index - INFO - Processed table 1589 - datasets_USA/USA_CSV0000000000021639.csv
2025-12-18 18:07:44 - exhaustive_index - INFO - Processing table 1590 - datasets_USA/USA_CSV0000000000021640.csv
2025-12-18 18:07:44 - exhaustive_index - INFO - Table datasets_USA/USA_CSV0000000000021640.csv has 8760 rows and 21 columns
2025-12-18 18:07:44 - exhaustive_index - INFO - Processed table 1590 - datasets_USA/USA_CSV0000000000021640.csv
2025-12-18 18:07:44 - exhaustive_index - INFO - Processing table 1591 - datasets_USA/USA_CSV0000000000021646.csv
2025-12-18 18:07:44 - exhaustive_index - INFO - Table datasets_USA/USA_CSV0000000000021646.csv has 24010 rows and 3 columns
2025-12-18 18:07:44 - exhaustive_index - INFO - Processed table 1591 - datasets_USA/USA_CSV0000000000021646.csv
2025-12-18 18:07:44 - exhaustive_index - INFO - Processing table 1592 - datasets_USA/USA_CSV0000000000021672.csv
2025-12-18 18:07:44 - exhaustive_index - INFO - Table datasets_USA/USA_CSV0000000000021672.csv has 106 rows and 5 columns
2025-12-18 18:07:44 - exhaustive_index - INFO - Processed table 1592 - datasets_USA/USA_CSV0000000000021672.csv
2025-12-18 18:07:45 - exhaustive_index - INFO - Processing table 1593 - datasets_USA/USA_CSV0000000000021675.csv
2025-12-18 18:07:45 - exhaustive_index - INFO - Table datasets_USA/USA_CSV0000000000021675.csv has 8760 rows and 21 columns
2025-12-18 18:07:45 - exhaustive_index - INFO - Processed table 1593 - datasets_USA/USA_CSV0000000000021675.csv
2025-12-18 18:07:48 - exhaustive_index - INFO - Processing table 1594 - datasets_USA/USA_CSV0000000000021683.csv
2025-12-18 18:07:48 - exhaustive_index - INFO - Table datasets_USA/USA_CSV0000000000021683.csv has 10458 rows and 16 columns
2025-12-18 18:07:48 - exhaustive_index - INFO - Processed table 1594 - datasets_USA/USA_CSV0000000000021683.csv
2025-12-18 18:09:11 - exhaustive_index - INFO - Processing table 1595 - datasets_USA/USA_CSV0000000000021718.csv
2025-12-18 18:09:11 - exhaustive_index - INFO - Table datasets_USA/USA_CSV0000000000021718.csv has 3429 rows and 42 columns
2025-12-18 18:09:11 - exhaustive_index - INFO - Processed table 1595 - datasets_USA/USA_CSV0000000000021718.csv
2025-12-18 18:09:15 - exhaustive_index - INFO - Processing table 1596 - datasets_USA/USA_CSV0000000000021721.csv
2025-12-18 18:09:15 - exhaustive_index - INFO - Table datasets_USA/USA_CSV0000000000021721.csv has 28609 rows and 7 columns
2025-12-18 18:09:15 - exhaustive_index - INFO - Processed table 1596 - datasets_USA/USA_CSV0000000000021721.csv
2025-12-18 18:09:25 - exhaustive_index - INFO - Processing table 1597 - datasets_USA/USA_CSV0000000000021743.csv
2025-12-18 18:09:25 - exhaustive_index - INFO - Table datasets_USA/USA_CSV0000000000021743.csv has 12193 rows and 13 columns
2025-12-18 18:09:25 - exhaustive_index - INFO - Processed table 1597 - datasets_USA/USA_CSV0000000000021743.csv
2025-12-18 18:09:27 - exhaustive_index - INFO - Processing table 1598 - datasets_USA/USA_CSV0000000000021754.csv
2025-12-18 18:09:27 - exhaustive_index - INFO - Table datasets_USA/USA_CSV0000000000021754.csv has 17943 rows and 11 columns
2025-12-18 18:09:27 - exhaustive_index - INFO - Processed table 1598 - datasets_USA/USA_CSV0000000000021754.csv
2025-12-18 18:09:34 - exhaustive_index - INFO - Processing table 1599 - datasets_USA/USA_CSV0000000000021756.csv
2025-12-18 18:09:34 - exhaustive_index - INFO - Table datasets_USA/USA_CSV0000000000021756.csv has 8760 rows and 21 columns
2025-12-18 18:09:34 - exhaustive_index - INFO - Processed table 1599 - datasets_USA/USA_CSV0000000000021756.csv
2025-12-18 18:09:37 - exhaustive_index - INFO - Processing table 1600 - datasets_USA/USA_CSV0000000000021768.csv
2025-12-18 18:09:37 - exhaustive_index - INFO - Table datasets_USA/USA_CSV0000000000021768.csv has 8784 rows and 21 columns
2025-12-18 18:09:37 - exhaustive_index - INFO - Processed table 1600 - datasets_USA/USA_CSV0000000000021768.csv
2025-12-18 18:09:37 - exhaustive_index - INFO - Processing table 1601 - datasets_USA/USA_CSV0000000000021783.csv
2025-12-18 18:09:37 - exhaustive_index - INFO - Table datasets_USA/USA_CSV0000000000021783.csv has 24010 rows and 3 columns
2025-12-18 18:09:37 - exhaustive_index - INFO - Processed table 1601 - datasets_USA/USA_CSV0000000000021783.csv
2025-12-18 18:09:39 - exhaustive_index - INFO - Processing table 1602 - datasets_USA/USA_CSV0000000000021793.csv
2025-12-18 18:09:39 - exhaustive_index - INFO - Table datasets_USA/USA_CSV0000000000021793.csv has 8784 rows and 21 columns
2025-12-18 18:09:39 - exhaustive_index - INFO - Processed table 1602 - datasets_USA/USA_CSV0000000000021793.csv
2025-12-18 18:09:40 - exhaustive_index - INFO - Processing table 1603 - datasets_USA/USA_CSV0000000000021801.csv
2025-12-18 18:09:40 - exhaustive_index - INFO - Table datasets_USA/USA_CSV0000000000021801.csv has 18938 rows and 11 columns
2025-12-18 18:09:40 - exhaustive_index - INFO - Processed table 1603 - datasets_USA/USA_CSV0000000000021801.csv
2025-12-18 18:10:49 - exhaustive_index - INFO - Processing table 1604 - datasets_USA/USA_CSV0000000000021816.csv
2025-12-18 18:10:49 - exhaustive_index - INFO - Table datasets_USA/USA_CSV0000000000021816.csv has 3125 rows and 63 columns
2025-12-18 18:10:49 - exhaustive_index - INFO - Processed table 1604 - datasets_USA/USA_CSV0000000000021816.csv
2025-12-18 18:10:56 - exhaustive_index - INFO - Processing table 1605 - datasets_USA/USA_CSV0000000000021818.csv
2025-12-18 18:10:56 - exhaustive_index - INFO - Table datasets_USA/USA_CSV0000000000021818.csv has 28724 rows and 15 columns
2025-12-18 18:10:56 - exhaustive_index - INFO - Processed table 1605 - datasets_USA/USA_CSV0000000000021818.csv
2025-12-18 18:10:59 - exhaustive_index - INFO - Processing table 1606 - datasets_USA/USA_CSV0000000000021819.csv
2025-12-18 18:10:59 - exhaustive_index - INFO - Table datasets_USA/USA_CSV0000000000021819.csv has 8760 rows and 21 columns
2025-12-18 18:10:59 - exhaustive_index - INFO - Processed table 1606 - datasets_USA/USA_CSV0000000000021819.csv
2025-12-18 18:11:00 - exhaustive_index - INFO - Processing table 1607 - datasets_USA/USA_CSV0000000000021823.csv
2025-12-18 18:11:00 - exhaustive_index - INFO - Table datasets_USA/USA_CSV0000000000021823.csv has 8784 rows and 21 columns
2025-12-18 18:11:00 - exhaustive_index - INFO - Processed table 1607 - datasets_USA/USA_CSV0000000000021823.csv
2025-12-18 18:11:04 - exhaustive_index - INFO - Processing table 1608 - datasets_USA/USA_CSV0000000000021825.csv
2025-12-18 18:11:04 - exhaustive_index - INFO - Table datasets_USA/USA_CSV0000000000021825.csv has 7540 rows and 15 columns
2025-12-18 18:11:04 - exhaustive_index - INFO - Processed table 1608 - datasets_USA/USA_CSV0000000000021825.csv
2025-12-18 18:11:05 - exhaustive_index - INFO - Processing table 1609 - datasets_USA/USA_CSV0000000000021839.csv
2025-12-18 18:11:05 - exhaustive_index - INFO - Table datasets_USA/USA_CSV0000000000021839.csv has 14619 rows and 6 columns
2025-12-18 18:11:05 - exhaustive_index - INFO - Processed table 1609 - datasets_USA/USA_CSV0000000000021839.csv
2025-12-18 18:11:09 - exhaustive_index - INFO - Processing table 1610 - datasets_USA/USA_CSV0000000000021845.csv
2025-12-18 18:11:09 - exhaustive_index - INFO - Table datasets_USA/USA_CSV0000000000021845.csv has 16704 rows and 17 columns
2025-12-18 18:11:09 - exhaustive_index - INFO - Processed table 1610 - datasets_USA/USA_CSV0000000000021845.csv
2025-12-18 18:11:10 - exhaustive_index - INFO - Processing table 1611 - datasets_USA/USA_CSV0000000000021867.csv
2025-12-18 18:11:10 - exhaustive_index - INFO - Table datasets_USA/USA_CSV0000000000021867.csv has 34593 rows and 4 columns
2025-12-18 18:11:10 - exhaustive_index - INFO - Processed table 1611 - datasets_USA/USA_CSV0000000000021867.csv
2025-12-18 18:11:12 - exhaustive_index - INFO - Processing table 1612 - datasets_USA/USA_CSV0000000000021878.csv
2025-12-18 18:11:12 - exhaustive_index - INFO - Table datasets_USA/USA_CSV0000000000021878.csv has 15189 rows and 22 columns
2025-12-18 18:11:12 - exhaustive_index - INFO - Processed table 1612 - datasets_USA/USA_CSV0000000000021878.csv
2025-12-18 18:11:13 - exhaustive_index - INFO - Processing table 1613 - datasets_USA/USA_CSV0000000000021888.csv
2025-12-18 18:11:13 - exhaustive_index - INFO - Table datasets_USA/USA_CSV0000000000021888.csv has 13172 rows and 20 columns
2025-12-18 18:11:13 - exhaustive_index - INFO - Processed table 1613 - datasets_USA/USA_CSV0000000000021888.csv
2025-12-18 18:11:14 - exhaustive_index - INFO - Processing table 1614 - datasets_USA/USA_CSV0000000000021914.csv
2025-12-18 18:11:14 - exhaustive_index - INFO - Table datasets_USA/USA_CSV0000000000021914.csv has 11926 rows and 8 columns
2025-12-18 18:11:14 - exhaustive_index - INFO - Processed table 1614 - datasets_USA/USA_CSV0000000000021914.csv
2025-12-18 18:14:41 - exhaustive_index - INFO - Processing table 1615 - datasets_USA/USA_CSV0000000000021919.csv
2025-12-18 18:14:41 - exhaustive_index - INFO - Table datasets_USA/USA_CSV0000000000021919.csv has 6284 rows and 52 columns
2025-12-18 18:14:41 - exhaustive_index - INFO - Processed table 1615 - datasets_USA/USA_CSV0000000000021919.csv
2025-12-18 18:14:42 - exhaustive_index - INFO - Processing table 1616 - datasets_USA/USA_CSV0000000000021927.csv
2025-12-18 18:14:42 - exhaustive_index - INFO - Table datasets_USA/USA_CSV0000000000021927.csv has 8760 rows and 21 columns
2025-12-18 18:14:42 - exhaustive_index - INFO - Processed table 1616 - datasets_USA/USA_CSV0000000000021927.csv
2025-12-18 18:14:45 - exhaustive_index - INFO - Processing table 1617 - datasets_USA/USA_CSV0000000000021934.csv
2025-12-18 18:14:45 - exhaustive_index - INFO - Table datasets_USA/USA_CSV0000000000021934.csv has 8784 rows and 21 columns
2025-12-18 18:14:45 - exhaustive_index - INFO - Processed table 1617 - datasets_USA/USA_CSV0000000000021934.csv
2025-12-18 18:14:48 - exhaustive_index - INFO - Processing table 1618 - datasets_USA/USA_CSV0000000000021978.csv
2025-12-18 18:14:48 - exhaustive_index - INFO - Table datasets_USA/USA_CSV0000000000021978.csv has 8784 rows and 21 columns
2025-12-18 18:14:48 - exhaustive_index - INFO - Processed table 1618 - datasets_USA/USA_CSV0000000000021978.csv
2025-12-18 18:14:51 - exhaustive_index - INFO - Processing table 1619 - datasets_USA/USA_CSV0000000000021992.csv
2025-12-18 18:14:51 - exhaustive_index - INFO - Table datasets_USA/USA_CSV0000000000021992.csv has 9448 rows and 11 columns
2025-12-18 18:14:51 - exhaustive_index - INFO - Processed table 1619 - datasets_USA/USA_CSV0000000000021992.csv
2025-12-18 18:14:58 - exhaustive_index - INFO - Processing table 1620 - datasets_USA/USA_CSV0000000000021996.csv
2025-12-18 18:14:58 - exhaustive_index - INFO - Table datasets_USA/USA_CSV0000000000021996.csv has 8760 rows and 21 columns
2025-12-18 18:14:58 - exhaustive_index - INFO - Processed table 1620 - datasets_USA/USA_CSV0000000000021996.csv
2025-12-18 18:15:00 - exhaustive_index - INFO - Processing table 1621 - datasets_USA/USA_CSV0000000000022002.csv
2025-12-18 18:15:00 - exhaustive_index - INFO - Table datasets_USA/USA_CSV0000000000022002.csv has 16826 rows and 7 columns
2025-12-18 18:15:00 - exhaustive_index - INFO - Processed table 1621 - datasets_USA/USA_CSV0000000000022002.csv
2025-12-18 18:15:03 - exhaustive_index - INFO - Processing table 1622 - datasets_USA/USA_CSV0000000000022020.csv
2025-12-18 18:15:03 - exhaustive_index - INFO - Table datasets_USA/USA_CSV0000000000022020.csv has 8760 rows and 21 columns
2025-12-18 18:15:03 - exhaustive_index - INFO - Processed table 1622 - datasets_USA/USA_CSV0000000000022020.csv
2025-12-18 18:15:05 - exhaustive_index - INFO - Processing table 1623 - datasets_USA/USA_CSV0000000000022026.csv
2025-12-18 18:15:05 - exhaustive_index - INFO - Table datasets_USA/USA_CSV0000000000022026.csv has 25539 rows and 9 columns
2025-12-18 18:15:05 - exhaustive_index - INFO - Processed table 1623 - datasets_USA/USA_CSV0000000000022026.csv
2025-12-18 18:15:07 - exhaustive_index - INFO - Processing table 1624 - datasets_USA/USA_CSV0000000000022030.csv
2025-12-18 18:15:07 - exhaustive_index - INFO - Table datasets_USA/USA_CSV0000000000022030.csv has 45229 rows and 7 columns
2025-12-18 18:15:07 - exhaustive_index - INFO - Processed table 1624 - datasets_USA/USA_CSV0000000000022030.csv
2025-12-18 18:15:11 - exhaustive_index - INFO - Processing table 1625 - datasets_USA/USA_CSV0000000000022039.csv
2025-12-18 18:15:11 - exhaustive_index - INFO - Table datasets_USA/USA_CSV0000000000022039.csv has 3302 rows and 24 columns
2025-12-18 18:15:11 - exhaustive_index - INFO - Processed table 1625 - datasets_USA/USA_CSV0000000000022039.csv
2025-12-18 18:15:13 - exhaustive_index - INFO - Processing table 1626 - datasets_USA/USA_CSV0000000000022069.csv
2025-12-18 18:15:13 - exhaustive_index - INFO - Table datasets_USA/USA_CSV0000000000022069.csv has 9072 rows and 22 columns
2025-12-18 18:15:13 - exhaustive_index - INFO - Processed table 1626 - datasets_USA/USA_CSV0000000000022069.csv
2025-12-18 18:15:15 - exhaustive_index - INFO - Processing table 1627 - datasets_USA/USA_CSV0000000000022098.csv
2025-12-18 18:15:15 - exhaustive_index - INFO - Table datasets_USA/USA_CSV0000000000022098.csv has 4192 rows and 15 columns
2025-12-18 18:15:15 - exhaustive_index - INFO - Processed table 1627 - datasets_USA/USA_CSV0000000000022098.csv
2025-12-18 18:15:15 - exhaustive_index - INFO - Processing table 1628 - datasets_USA/USA_CSV0000000000022099.csv
2025-12-18 18:15:15 - exhaustive_index - INFO - Table datasets_USA/USA_CSV0000000000022099.csv has 7609 rows and 16 columns
2025-12-18 18:15:15 - exhaustive_index - INFO - Processed table 1628 - datasets_USA/USA_CSV0000000000022099.csv
2025-12-18 18:15:16 - exhaustive_index - INFO - Processing table 1629 - datasets_USA/USA_CSV0000000000022134.csv
2025-12-18 18:15:16 - exhaustive_index - INFO - Table datasets_USA/USA_CSV0000000000022134.csv has 9594 rows and 16 columns
2025-12-18 18:15:16 - exhaustive_index - INFO - Processed table 1629 - datasets_USA/USA_CSV0000000000022134.csv
2025-12-18 18:15:41 - exhaustive_index - INFO - Processing table 1630 - datasets_USA/USA_CSV0000000000022160.csv
2025-12-18 18:15:41 - exhaustive_index - INFO - Table datasets_USA/USA_CSV0000000000022160.csv has 18112 rows and 16 columns
2025-12-18 18:15:41 - exhaustive_index - INFO - Processed table 1630 - datasets_USA/USA_CSV0000000000022160.csv
2025-12-18 18:15:41 - exhaustive_index - INFO - Processing table 1631 - datasets_USA/USA_CSV0000000000022168.csv
2025-12-18 18:15:41 - exhaustive_index - INFO - Table datasets_USA/USA_CSV0000000000022168.csv has 11 rows and 5 columns
2025-12-18 18:15:41 - exhaustive_index - INFO - Processed table 1631 - datasets_USA/USA_CSV0000000000022168.csv
2025-12-18 18:15:42 - exhaustive_index - INFO - Processing table 1632 - datasets_USA/USA_CSV0000000000022172.csv
2025-12-18 18:15:42 - exhaustive_index - INFO - Table datasets_USA/USA_CSV0000000000022172.csv has 8784 rows and 21 columns
2025-12-18 18:15:42 - exhaustive_index - INFO - Processed table 1632 - datasets_USA/USA_CSV0000000000022172.csv
2025-12-18 18:15:44 - exhaustive_index - INFO - Processing table 1633 - datasets_USA/USA_CSV0000000000022184.csv
2025-12-18 18:15:44 - exhaustive_index - INFO - Table datasets_USA/USA_CSV0000000000022184.csv has 56922 rows and 6 columns
2025-12-18 18:15:44 - exhaustive_index - INFO - Processed table 1633 - datasets_USA/USA_CSV0000000000022184.csv
2025-12-18 18:15:49 - exhaustive_index - INFO - Processing table 1634 - datasets_USA/USA_CSV0000000000022186.csv
2025-12-18 18:15:49 - exhaustive_index - INFO - Table datasets_USA/USA_CSV0000000000022186.csv has 19883 rows and 20 columns
2025-12-18 18:15:49 - exhaustive_index - INFO - Processed table 1634 - datasets_USA/USA_CSV0000000000022186.csv
2025-12-18 18:15:54 - exhaustive_index - INFO - Processing table 1635 - datasets_USA/USA_CSV0000000000022198.csv
2025-12-18 18:15:54 - exhaustive_index - INFO - Table datasets_USA/USA_CSV0000000000022198.csv has 6823 rows and 14 columns
2025-12-18 18:15:54 - exhaustive_index - INFO - Processed table 1635 - datasets_USA/USA_CSV0000000000022198.csv
2025-12-18 18:15:56 - exhaustive_index - INFO - Processing table 1636 - datasets_USA/USA_CSV0000000000022212.csv
2025-12-18 18:15:56 - exhaustive_index - INFO - Table datasets_USA/USA_CSV0000000000022212.csv has 14889 rows and 10 columns
2025-12-18 18:15:56 - exhaustive_index - INFO - Processed table 1636 - datasets_USA/USA_CSV0000000000022212.csv
2025-12-18 18:15:59 - exhaustive_index - INFO - Processing table 1637 - datasets_USA/USA_CSV0000000000022215.csv
2025-12-18 18:15:59 - exhaustive_index - INFO - Table datasets_USA/USA_CSV0000000000022215.csv has 14000 rows and 11 columns
2025-12-18 18:15:59 - exhaustive_index - INFO - Processed table 1637 - datasets_USA/USA_CSV0000000000022215.csv
2025-12-18 18:16:00 - exhaustive_index - INFO - Processing table 1638 - datasets_USA/USA_CSV0000000000022218.csv
2025-12-18 18:16:00 - exhaustive_index - INFO - Table datasets_USA/USA_CSV0000000000022218.csv has 66 rows and 10 columns
2025-12-18 18:16:00 - exhaustive_index - INFO - Processed table 1638 - datasets_USA/USA_CSV0000000000022218.csv
2025-12-18 18:16:21 - exhaustive_index - INFO - Processing table 1639 - datasets_USA/USA_CSV0000000000022221.csv
2025-12-18 18:16:21 - exhaustive_index - INFO - Table datasets_USA/USA_CSV0000000000022221.csv has 58385 rows and 16 columns
2025-12-18 18:16:21 - exhaustive_index - INFO - Processed table 1639 - datasets_USA/USA_CSV0000000000022221.csv
2025-12-18 18:16:22 - exhaustive_index - INFO - Processing table 1640 - datasets_USA/USA_CSV0000000000022222.csv
2025-12-18 18:16:22 - exhaustive_index - INFO - Table datasets_USA/USA_CSV0000000000022222.csv has 14790 rows and 14 columns
2025-12-18 18:16:22 - exhaustive_index - INFO - Processed table 1640 - datasets_USA/USA_CSV0000000000022222.csv
2025-12-18 18:16:25 - exhaustive_index - INFO - Processing table 1641 - datasets_USA/USA_CSV0000000000022229.csv
2025-12-18 18:16:25 - exhaustive_index - INFO - Table datasets_USA/USA_CSV0000000000022229.csv has 8760 rows and 21 columns
2025-12-18 18:16:25 - exhaustive_index - INFO - Processed table 1641 - datasets_USA/USA_CSV0000000000022229.csv
2025-12-18 18:16:35 - exhaustive_index - INFO - Processing table 1642 - datasets_USA/USA_CSV0000000000022235.csv
2025-12-18 18:16:35 - exhaustive_index - INFO - Table datasets_USA/USA_CSV0000000000022235.csv has 651 rows and 63 columns
2025-12-18 18:16:35 - exhaustive_index - INFO - Processed table 1642 - datasets_USA/USA_CSV0000000000022235.csv
2025-12-18 18:16:37 - exhaustive_index - INFO - Processing table 1643 - datasets_USA/USA_CSV0000000000022242.csv
2025-12-18 18:16:37 - exhaustive_index - INFO - Table datasets_USA/USA_CSV0000000000022242.csv has 8760 rows and 21 columns
2025-12-18 18:16:37 - exhaustive_index - INFO - Processed table 1643 - datasets_USA/USA_CSV0000000000022242.csv
2025-12-18 18:16:40 - exhaustive_index - INFO - Processing table 1644 - datasets_USA/USA_CSV0000000000022245.csv
2025-12-18 18:16:40 - exhaustive_index - INFO - Table datasets_USA/USA_CSV0000000000022245.csv has 12593 rows and 18 columns
2025-12-18 18:16:40 - exhaustive_index - INFO - Processed table 1644 - datasets_USA/USA_CSV0000000000022245.csv
2025-12-18 18:16:46 - exhaustive_index - INFO - Processing table 1645 - datasets_USA/USA_CSV0000000000022247.csv
2025-12-18 18:16:46 - exhaustive_index - INFO - Table datasets_USA/USA_CSV0000000000022247.csv has 8760 rows and 21 columns
2025-12-18 18:16:46 - exhaustive_index - INFO - Processed table 1645 - datasets_USA/USA_CSV0000000000022247.csv
2025-12-18 18:16:55 - exhaustive_index - INFO - Processing table 1646 - datasets_USA/USA_CSV0000000000022251.csv
2025-12-18 18:16:55 - exhaustive_index - INFO - Table datasets_USA/USA_CSV0000000000022251.csv has 5641 rows and 22 columns
2025-12-18 18:16:55 - exhaustive_index - INFO - Processed table 1646 - datasets_USA/USA_CSV0000000000022251.csv
2025-12-18 18:16:58 - exhaustive_index - INFO - Processing table 1647 - datasets_USA/USA_CSV0000000000022254.csv
2025-12-18 18:16:58 - exhaustive_index - INFO - Table datasets_USA/USA_CSV0000000000022254.csv has 8784 rows and 21 columns
2025-12-18 18:16:58 - exhaustive_index - INFO - Processed table 1647 - datasets_USA/USA_CSV0000000000022254.csv
2025-12-18 18:17:00 - exhaustive_index - INFO - Processing table 1648 - datasets_USA/USA_CSV0000000000022260.csv
2025-12-18 18:17:00 - exhaustive_index - INFO - Table datasets_USA/USA_CSV0000000000022260.csv has 8784 rows and 21 columns
2025-12-18 18:17:00 - exhaustive_index - INFO - Processed table 1648 - datasets_USA/USA_CSV0000000000022260.csv
2025-12-18 18:17:03 - exhaustive_index - INFO - Processing table 1649 - datasets_USA/USA_CSV0000000000022280.csv
2025-12-18 18:17:03 - exhaustive_index - INFO - Table datasets_USA/USA_CSV0000000000022280.csv has 3868 rows and 28 columns
2025-12-18 18:17:03 - exhaustive_index - INFO - Processed table 1649 - datasets_USA/USA_CSV0000000000022280.csv
2025-12-18 18:17:04 - exhaustive_index - INFO - Processing table 1650 - datasets_USA/USA_CSV0000000000022290.csv
2025-12-18 18:17:04 - exhaustive_index - INFO - Table datasets_USA/USA_CSV0000000000022290.csv has 1018 rows and 15 columns
2025-12-18 18:17:04 - exhaustive_index - INFO - Processed table 1650 - datasets_USA/USA_CSV0000000000022290.csv
2025-12-18 18:17:05 - exhaustive_index - INFO - Processing table 1651 - datasets_USA/USA_CSV0000000000022294.csv
2025-12-18 18:17:05 - exhaustive_index - INFO - Table datasets_USA/USA_CSV0000000000022294.csv has 5446 rows and 12 columns
2025-12-18 18:17:05 - exhaustive_index - INFO - Processed table 1651 - datasets_USA/USA_CSV0000000000022294.csv
2025-12-18 18:17:12 - exhaustive_index - INFO - Processing table 1652 - datasets_USA/USA_CSV0000000000022295.csv
2025-12-18 18:17:12 - exhaustive_index - INFO - Table datasets_USA/USA_CSV0000000000022295.csv has 25880 rows and 13 columns
2025-12-18 18:17:12 - exhaustive_index - INFO - Processed table 1652 - datasets_USA/USA_CSV0000000000022295.csv
2025-12-18 18:17:22 - exhaustive_index - INFO - Processing table 1653 - datasets_USA/USA_CSV0000000000022309.csv
2025-12-18 18:17:22 - exhaustive_index - INFO - Table datasets_USA/USA_CSV0000000000022309.csv has 4222 rows and 23 columns
2025-12-18 18:17:22 - exhaustive_index - INFO - Processed table 1653 - datasets_USA/USA_CSV0000000000022309.csv
2025-12-18 18:17:31 - exhaustive_index - INFO - Processing table 1654 - datasets_USA/USA_CSV0000000000022317.csv
2025-12-18 18:17:31 - exhaustive_index - INFO - Table datasets_USA/USA_CSV0000000000022317.csv has 5904 rows and 17 columns
2025-12-18 18:17:31 - exhaustive_index - INFO - Processed table 1654 - datasets_USA/USA_CSV0000000000022317.csv
2025-12-18 18:17:31 - exhaustive_index - INFO - Processing table 1655 - datasets_USA/USA_CSV0000000000022319.csv
2025-12-18 18:17:31 - exhaustive_index - INFO - Table datasets_USA/USA_CSV0000000000022319.csv has 51 rows and 25 columns
2025-12-18 18:17:31 - exhaustive_index - INFO - Processed table 1655 - datasets_USA/USA_CSV0000000000022319.csv
2025-12-18 18:17:34 - exhaustive_index - INFO - Processing table 1656 - datasets_USA/USA_CSV0000000000022341.csv
2025-12-18 18:17:34 - exhaustive_index - INFO - Table datasets_USA/USA_CSV0000000000022341.csv has 14403 rows and 8 columns
2025-12-18 18:17:34 - exhaustive_index - INFO - Processed table 1656 - datasets_USA/USA_CSV0000000000022341.csv
2025-12-18 18:17:34 - exhaustive_index - INFO - Processing table 1657 - datasets_USA/USA_CSV0000000000022342.csv
2025-12-18 18:17:34 - exhaustive_index - INFO - Table datasets_USA/USA_CSV0000000000022342.csv has 59 rows and 7 columns
2025-12-18 18:17:34 - exhaustive_index - INFO - Processed table 1657 - datasets_USA/USA_CSV0000000000022342.csv
2025-12-18 18:17:36 - exhaustive_index - INFO - Processing table 1658 - datasets_USA/USA_CSV0000000000022352.csv
2025-12-18 18:17:36 - exhaustive_index - INFO - Table datasets_USA/USA_CSV0000000000022352.csv has 12150 rows and 9 columns
2025-12-18 18:17:36 - exhaustive_index - INFO - Processed table 1658 - datasets_USA/USA_CSV0000000000022352.csv
2025-12-18 18:17:41 - exhaustive_index - INFO - Processing table 1659 - datasets_USA/USA_CSV0000000000022368.csv
2025-12-18 18:17:41 - exhaustive_index - INFO - Table datasets_USA/USA_CSV0000000000022368.csv has 14120 rows and 20 columns
2025-12-18 18:17:41 - exhaustive_index - INFO - Processed table 1659 - datasets_USA/USA_CSV0000000000022368.csv
2025-12-18 18:17:44 - exhaustive_index - INFO - Processing table 1660 - datasets_USA/USA_CSV0000000000022393.csv
2025-12-18 18:17:44 - exhaustive_index - INFO - Table datasets_USA/USA_CSV0000000000022393.csv has 3562 rows and 23 columns
2025-12-18 18:17:44 - exhaustive_index - INFO - Processed table 1660 - datasets_USA/USA_CSV0000000000022393.csv
2025-12-18 18:17:44 - exhaustive_index - INFO - Processing table 1661 - datasets_USA/USA_CSV0000000000022396.csv
2025-12-18 18:17:44 - exhaustive_index - INFO - Table datasets_USA/USA_CSV0000000000022396.csv has 26 rows and 12 columns
2025-12-18 18:17:44 - exhaustive_index - INFO - Processed table 1661 - datasets_USA/USA_CSV0000000000022396.csv
2025-12-18 18:17:44 - exhaustive_index - INFO - Processing table 1662 - datasets_USA/USA_CSV0000000000022404.csv
2025-12-18 18:17:44 - exhaustive_index - INFO - Table datasets_USA/USA_CSV0000000000022404.csv has 971 rows and 19 columns
2025-12-18 18:17:44 - exhaustive_index - INFO - Processed table 1662 - datasets_USA/USA_CSV0000000000022404.csv
2025-12-18 18:17:44 - exhaustive_index - INFO - Processing table 1663 - datasets_USA/USA_CSV0000000000022416.csv
2025-12-18 18:17:44 - exhaustive_index - INFO - Table datasets_USA/USA_CSV0000000000022416.csv has 55 rows and 4 columns
2025-12-18 18:17:44 - exhaustive_index - INFO - Processed table 1663 - datasets_USA/USA_CSV0000000000022416.csv
2025-12-18 18:17:46 - exhaustive_index - INFO - Processing table 1664 - datasets_USA/USA_CSV0000000000022420.csv
2025-12-18 18:17:46 - exhaustive_index - INFO - Table datasets_USA/USA_CSV0000000000022420.csv has 435 rows and 18 columns
2025-12-18 18:17:46 - exhaustive_index - INFO - Processed table 1664 - datasets_USA/USA_CSV0000000000022420.csv
2025-12-18 18:18:03 - exhaustive_index - INFO - Processing table 1665 - datasets_USA/USA_CSV0000000000022428.csv
2025-12-18 18:18:03 - exhaustive_index - INFO - Table datasets_USA/USA_CSV0000000000022428.csv has 18770 rows and 19 columns
2025-12-18 18:18:03 - exhaustive_index - INFO - Processed table 1665 - datasets_USA/USA_CSV0000000000022428.csv
2025-12-18 18:18:07 - exhaustive_index - INFO - Processing table 1666 - datasets_USA/USA_CSV0000000000022432.csv
2025-12-18 18:18:07 - exhaustive_index - INFO - Table datasets_USA/USA_CSV0000000000022432.csv has 13448 rows and 14 columns
2025-12-18 18:18:07 - exhaustive_index - INFO - Processed table 1666 - datasets_USA/USA_CSV0000000000022432.csv
2025-12-18 18:18:12 - exhaustive_index - INFO - Processing table 1667 - datasets_USA/USA_CSV0000000000022444.csv
2025-12-18 18:18:12 - exhaustive_index - INFO - Table datasets_USA/USA_CSV0000000000022444.csv has 12660 rows and 24 columns
2025-12-18 18:18:12 - exhaustive_index - INFO - Processed table 1667 - datasets_USA/USA_CSV0000000000022444.csv
2025-12-18 18:18:13 - exhaustive_index - INFO - Processing table 1668 - datasets_USA/USA_CSV0000000000022445.csv
2025-12-18 18:18:13 - exhaustive_index - INFO - Table datasets_USA/USA_CSV0000000000022445.csv has 244 rows and 12 columns
2025-12-18 18:18:13 - exhaustive_index - INFO - Processed table 1668 - datasets_USA/USA_CSV0000000000022445.csv
2025-12-18 18:18:19 - exhaustive_index - INFO - Processing table 1669 - datasets_USA/USA_CSV0000000000022453.csv
2025-12-18 18:18:19 - exhaustive_index - INFO - Table datasets_USA/USA_CSV0000000000022453.csv has 10746 rows and 14 columns
2025-12-18 18:18:19 - exhaustive_index - INFO - Processed table 1669 - datasets_USA/USA_CSV0000000000022453.csv
2025-12-18 18:18:22 - exhaustive_index - INFO - Processing table 1670 - datasets_USA/USA_CSV0000000000022467.csv
2025-12-18 18:18:22 - exhaustive_index - INFO - Table datasets_USA/USA_CSV0000000000022467.csv has 9197 rows and 24 columns
2025-12-18 18:18:22 - exhaustive_index - INFO - Processed table 1670 - datasets_USA/USA_CSV0000000000022467.csv
2025-12-18 18:18:25 - exhaustive_index - INFO - Processing table 1671 - datasets_USA/USA_CSV0000000000022472.csv
2025-12-18 18:18:25 - exhaustive_index - INFO - Table datasets_USA/USA_CSV0000000000022472.csv has 8784 rows and 21 columns
2025-12-18 18:18:25 - exhaustive_index - INFO - Processed table 1671 - datasets_USA/USA_CSV0000000000022472.csv
2025-12-18 18:18:25 - exhaustive_index - INFO - Processing table 1672 - datasets_USA/USA_CSV0000000000022478.csv
2025-12-18 18:18:25 - exhaustive_index - INFO - Table datasets_USA/USA_CSV0000000000022478.csv has 24668 rows and 3 columns
2025-12-18 18:18:25 - exhaustive_index - INFO - Processed table 1672 - datasets_USA/USA_CSV0000000000022478.csv
2025-12-18 18:18:26 - exhaustive_index - INFO - Processing table 1673 - datasets_USA/USA_CSV0000000000022482.csv
2025-12-18 18:18:26 - exhaustive_index - INFO - Table datasets_USA/USA_CSV0000000000022482.csv has 13987 rows and 18 columns
2025-12-18 18:18:26 - exhaustive_index - INFO - Processed table 1673 - datasets_USA/USA_CSV0000000000022482.csv
2025-12-18 18:20:08 - exhaustive_index - INFO - Processing table 1674 - datasets_USA/USA_CSV0000000000022487.csv
2025-12-18 18:20:08 - exhaustive_index - INFO - Table datasets_USA/USA_CSV0000000000022487.csv has 17239 rows and 32 columns
2025-12-18 18:20:08 - exhaustive_index - INFO - Processed table 1674 - datasets_USA/USA_CSV0000000000022487.csv
2025-12-18 18:20:10 - exhaustive_index - INFO - Processing table 1675 - datasets_USA/USA_CSV0000000000022500.csv
2025-12-18 18:20:10 - exhaustive_index - INFO - Table datasets_USA/USA_CSV0000000000022500.csv has 32606 rows and 9 columns
2025-12-18 18:20:10 - exhaustive_index - INFO - Processed table 1675 - datasets_USA/USA_CSV0000000000022500.csv
2025-12-18 18:20:14 - exhaustive_index - INFO - Processing table 1676 - datasets_USA/USA_CSV0000000000022514.csv
2025-12-18 18:20:14 - exhaustive_index - INFO - Table datasets_USA/USA_CSV0000000000022514.csv has 8784 rows and 21 columns
2025-12-18 18:20:14 - exhaustive_index - INFO - Processed table 1676 - datasets_USA/USA_CSV0000000000022514.csv
2025-12-18 18:20:14 - exhaustive_index - INFO - Processing table 1677 - datasets_USA/USA_CSV0000000000022516.csv
2025-12-18 18:20:14 - exhaustive_index - INFO - Table datasets_USA/USA_CSV0000000000022516.csv has 277 rows and 5 columns
2025-12-18 18:20:14 - exhaustive_index - INFO - Processed table 1677 - datasets_USA/USA_CSV0000000000022516.csv
2025-12-18 18:20:16 - exhaustive_index - INFO - Processing table 1678 - datasets_USA/USA_CSV0000000000022517.csv
2025-12-18 18:20:16 - exhaustive_index - INFO - Table datasets_USA/USA_CSV0000000000022517.csv has 63924 rows and 6 columns
2025-12-18 18:20:16 - exhaustive_index - INFO - Processed table 1678 - datasets_USA/USA_CSV0000000000022517.csv
2025-12-18 18:20:18 - exhaustive_index - INFO - Processing table 1679 - datasets_USA/USA_CSV0000000000022519.csv
2025-12-18 18:20:18 - exhaustive_index - INFO - Table datasets_USA/USA_CSV0000000000022519.csv has 53387 rows and 8 columns
2025-12-18 18:20:18 - exhaustive_index - INFO - Processed table 1679 - datasets_USA/USA_CSV0000000000022519.csv
2025-12-18 18:20:21 - exhaustive_index - INFO - Processing table 1680 - datasets_USA/USA_CSV0000000000022524.csv
2025-12-18 18:20:21 - exhaustive_index - INFO - Table datasets_USA/USA_CSV0000000000022524.csv has 8784 rows and 21 columns
2025-12-18 18:20:21 - exhaustive_index - INFO - Processed table 1680 - datasets_USA/USA_CSV0000000000022524.csv
2025-12-18 18:20:28 - exhaustive_index - INFO - Processing table 1681 - datasets_USA/USA_CSV0000000000022530.csv
2025-12-18 18:20:28 - exhaustive_index - INFO - Table datasets_USA/USA_CSV0000000000022530.csv has 8784 rows and 21 columns
2025-12-18 18:20:28 - exhaustive_index - INFO - Processed table 1681 - datasets_USA/USA_CSV0000000000022530.csv
2025-12-18 18:20:29 - exhaustive_index - INFO - Processing table 1682 - datasets_USA/USA_CSV0000000000022540.csv
2025-12-18 18:20:29 - exhaustive_index - INFO - Table datasets_USA/USA_CSV0000000000022540.csv has 957 rows and 6 columns
2025-12-18 18:20:29 - exhaustive_index - INFO - Processed table 1682 - datasets_USA/USA_CSV0000000000022540.csv
2025-12-18 18:20:32 - exhaustive_index - INFO - Processing table 1683 - datasets_USA/USA_CSV0000000000022542.csv
2025-12-18 18:20:32 - exhaustive_index - INFO - Table datasets_USA/USA_CSV0000000000022542.csv has 8784 rows and 21 columns
2025-12-18 18:20:32 - exhaustive_index - INFO - Processed table 1683 - datasets_USA/USA_CSV0000000000022542.csv
2025-12-18 18:20:34 - exhaustive_index - INFO - Processing table 1684 - datasets_USA/USA_CSV0000000000022543.csv
2025-12-18 18:20:34 - exhaustive_index - INFO - Table datasets_USA/USA_CSV0000000000022543.csv has 11364 rows and 9 columns
2025-12-18 18:20:34 - exhaustive_index - INFO - Processed table 1684 - datasets_USA/USA_CSV0000000000022543.csv
2025-12-18 18:20:35 - exhaustive_index - INFO - Processing table 1685 - datasets_USA/USA_CSV0000000000022553.csv
2025-12-18 18:20:35 - exhaustive_index - INFO - Table datasets_USA/USA_CSV0000000000022553.csv has 12766 rows and 4 columns
2025-12-18 18:20:35 - exhaustive_index - INFO - Processed table 1685 - datasets_USA/USA_CSV0000000000022553.csv
2025-12-18 18:20:35 - exhaustive_index - INFO - Processing table 1686 - datasets_USA/USA_CSV0000000000022566.csv
2025-12-18 18:20:35 - exhaustive_index - INFO - Table datasets_USA/USA_CSV0000000000022566.csv has 495 rows and 11 columns
2025-12-18 18:20:35 - exhaustive_index - INFO - Processed table 1686 - datasets_USA/USA_CSV0000000000022566.csv
2025-12-18 18:20:40 - exhaustive_index - INFO - Processing table 1687 - datasets_USA/USA_CSV0000000000022568.csv
2025-12-18 18:20:40 - exhaustive_index - INFO - Table datasets_USA/USA_CSV0000000000022568.csv has 4198 rows and 20 columns
2025-12-18 18:20:40 - exhaustive_index - INFO - Processed table 1687 - datasets_USA/USA_CSV0000000000022568.csv
2025-12-18 18:20:43 - exhaustive_index - INFO - Processing table 1688 - datasets_USA/USA_CSV0000000000022570.csv
2025-12-18 18:20:43 - exhaustive_index - INFO - Table datasets_USA/USA_CSV0000000000022570.csv has 6550 rows and 43 columns
2025-12-18 18:20:43 - exhaustive_index - INFO - Processed table 1688 - datasets_USA/USA_CSV0000000000022570.csv
2025-12-18 18:20:43 - exhaustive_index - INFO - Processing table 1689 - datasets_USA/USA_CSV0000000000022577.csv
2025-12-18 18:20:43 - exhaustive_index - INFO - Table datasets_USA/USA_CSV0000000000022577.csv has 37 rows and 5 columns
2025-12-18 18:20:43 - exhaustive_index - INFO - Processed table 1689 - datasets_USA/USA_CSV0000000000022577.csv
2025-12-18 18:21:05 - exhaustive_index - INFO - Processing table 1690 - datasets_USA/USA_CSV0000000000022580.csv
2025-12-18 18:21:05 - exhaustive_index - INFO - Table datasets_USA/USA_CSV0000000000022580.csv has 58483 rows and 16 columns
2025-12-18 18:21:05 - exhaustive_index - INFO - Processed table 1690 - datasets_USA/USA_CSV0000000000022580.csv
2025-12-18 18:21:05 - exhaustive_index - INFO - Processing table 1691 - datasets_USA/USA_CSV0000000000022583__0.csv
2025-12-18 18:21:05 - exhaustive_index - INFO - Table datasets_USA/USA_CSV0000000000022583__0.csv has 140 rows and 7 columns
2025-12-18 18:21:05 - exhaustive_index - INFO - Processed table 1691 - datasets_USA/USA_CSV0000000000022583__0.csv
2025-12-18 18:21:06 - exhaustive_index - INFO - Processing table 1692 - datasets_USA/USA_CSV0000000000022591.csv
2025-12-18 18:21:06 - exhaustive_index - INFO - Table datasets_USA/USA_CSV0000000000022591.csv has 8342 rows and 16 columns
2025-12-18 18:21:06 - exhaustive_index - INFO - Processed table 1692 - datasets_USA/USA_CSV0000000000022591.csv
2025-12-18 18:21:06 - exhaustive_index - INFO - Processing table 1693 - datasets_USA/USA_CSV0000000000022592.csv
2025-12-18 18:21:06 - exhaustive_index - INFO - Table datasets_USA/USA_CSV0000000000022592.csv has 9 rows and 4 columns
2025-12-18 18:21:06 - exhaustive_index - INFO - Processed table 1693 - datasets_USA/USA_CSV0000000000022592.csv
2025-12-18 18:21:07 - exhaustive_index - INFO - Processing table 1694 - datasets_USA/USA_CSV0000000000022600.csv
2025-12-18 18:21:07 - exhaustive_index - INFO - Table datasets_USA/USA_CSV0000000000022600.csv has 11647 rows and 10 columns
2025-12-18 18:21:07 - exhaustive_index - INFO - Processed table 1694 - datasets_USA/USA_CSV0000000000022600.csv
2025-12-18 18:21:07 - exhaustive_index - INFO - Processing table 1695 - datasets_USA/USA_CSV0000000000022603.csv
2025-12-18 18:21:07 - exhaustive_index - INFO - Table datasets_USA/USA_CSV0000000000022603.csv has 24010 rows and 3 columns
2025-12-18 18:21:07 - exhaustive_index - INFO - Processed table 1695 - datasets_USA/USA_CSV0000000000022603.csv
2025-12-18 18:21:08 - exhaustive_index - INFO - Processing table 1696 - datasets_USA/USA_CSV0000000000022631.csv
2025-12-18 18:21:08 - exhaustive_index - INFO - Table datasets_USA/USA_CSV0000000000022631.csv has 4284 rows and 11 columns
2025-12-18 18:21:08 - exhaustive_index - INFO - Processed table 1696 - datasets_USA/USA_CSV0000000000022631.csv
2025-12-18 18:21:09 - exhaustive_index - INFO - Processing table 1697 - datasets_USA/USA_CSV0000000000022650.csv
2025-12-18 18:21:09 - exhaustive_index - INFO - Table datasets_USA/USA_CSV0000000000022650.csv has 49775 rows and 4 columns
2025-12-18 18:21:09 - exhaustive_index - INFO - Processed table 1697 - datasets_USA/USA_CSV0000000000022650.csv
2025-12-18 18:21:11 - exhaustive_index - INFO - Processing table 1698 - datasets_USA/USA_CSV0000000000022670.csv
2025-12-18 18:21:11 - exhaustive_index - INFO - Table datasets_USA/USA_CSV0000000000022670.csv has 25864 rows and 5 columns
2025-12-18 18:21:11 - exhaustive_index - INFO - Processed table 1698 - datasets_USA/USA_CSV0000000000022670.csv
2025-12-18 18:21:13 - exhaustive_index - INFO - Processing table 1699 - datasets_USA/USA_CSV0000000000022674.csv
2025-12-18 18:21:13 - exhaustive_index - INFO - Table datasets_USA/USA_CSV0000000000022674.csv has 7739 rows and 15 columns
2025-12-18 18:21:13 - exhaustive_index - INFO - Processed table 1699 - datasets_USA/USA_CSV0000000000022674.csv
2025-12-18 18:21:27 - exhaustive_index - INFO - Processing table 1700 - datasets_USA/USA_CSV0000000000022679.csv
2025-12-18 18:21:27 - exhaustive_index - INFO - Table datasets_USA/USA_CSV0000000000022679.csv has 4590 rows and 38 columns
2025-12-18 18:21:27 - exhaustive_index - INFO - Processed table 1700 - datasets_USA/USA_CSV0000000000022679.csv
2025-12-18 18:21:30 - exhaustive_index - INFO - Processing table 1701 - datasets_USA/USA_CSV0000000000022684.csv
2025-12-18 18:21:30 - exhaustive_index - INFO - Table datasets_USA/USA_CSV0000000000022684.csv has 8784 rows and 21 columns
2025-12-18 18:21:30 - exhaustive_index - INFO - Processed table 1701 - datasets_USA/USA_CSV0000000000022684.csv
2025-12-18 18:21:32 - exhaustive_index - INFO - Processing table 1702 - datasets_USA/USA_CSV0000000000022712.csv
2025-12-18 18:21:32 - exhaustive_index - INFO - Table datasets_USA/USA_CSV0000000000022712.csv has 8760 rows and 21 columns
2025-12-18 18:21:32 - exhaustive_index - INFO - Processed table 1702 - datasets_USA/USA_CSV0000000000022712.csv
2025-12-18 18:21:34 - exhaustive_index - INFO - Processing table 1703 - datasets_USA/USA_CSV0000000000022714.csv
2025-12-18 18:21:34 - exhaustive_index - INFO - Table datasets_USA/USA_CSV0000000000022714.csv has 7705 rows and 16 columns
2025-12-18 18:21:34 - exhaustive_index - INFO - Processed table 1703 - datasets_USA/USA_CSV0000000000022714.csv
2025-12-18 18:21:37 - exhaustive_index - INFO - Processing table 1704 - datasets_USA/USA_CSV0000000000022715.csv
2025-12-18 18:21:37 - exhaustive_index - INFO - Table datasets_USA/USA_CSV0000000000022715.csv has 8760 rows and 21 columns
2025-12-18 18:21:37 - exhaustive_index - INFO - Processed table 1704 - datasets_USA/USA_CSV0000000000022715.csv
2025-12-18 18:21:40 - exhaustive_index - INFO - Processing table 1705 - datasets_USA/USA_CSV0000000000022719.csv
2025-12-18 18:21:40 - exhaustive_index - INFO - Table datasets_USA/USA_CSV0000000000022719.csv has 8760 rows and 21 columns
2025-12-18 18:21:40 - exhaustive_index - INFO - Processed table 1705 - datasets_USA/USA_CSV0000000000022719.csv
2025-12-18 18:21:41 - exhaustive_index - INFO - Processing table 1706 - datasets_USA/USA_CSV0000000000022722.csv
2025-12-18 18:21:41 - exhaustive_index - INFO - Table datasets_USA/USA_CSV0000000000022722.csv has 8784 rows and 21 columns
2025-12-18 18:21:41 - exhaustive_index - INFO - Processed table 1706 - datasets_USA/USA_CSV0000000000022722.csv
2025-12-18 18:21:45 - exhaustive_index - INFO - Processing table 1707 - datasets_USA/USA_CSV0000000000022724.csv
2025-12-18 18:21:45 - exhaustive_index - INFO - Table datasets_USA/USA_CSV0000000000022724.csv has 3450 rows and 16 columns
2025-12-18 18:21:45 - exhaustive_index - INFO - Processed table 1707 - datasets_USA/USA_CSV0000000000022724.csv
2025-12-18 18:21:45 - exhaustive_index - INFO - Processing table 1708 - datasets_USA/USA_CSV0000000000022729.csv
2025-12-18 18:21:45 - exhaustive_index - INFO - Table datasets_USA/USA_CSV0000000000022729.csv has 105 rows and 10 columns
2025-12-18 18:21:45 - exhaustive_index - INFO - Processed table 1708 - datasets_USA/USA_CSV0000000000022729.csv
2025-12-18 18:21:48 - exhaustive_index - INFO - Processing table 1709 - datasets_USA/USA_CSV0000000000022730.csv
2025-12-18 18:21:48 - exhaustive_index - INFO - Table datasets_USA/USA_CSV0000000000022730.csv has 8760 rows and 21 columns
2025-12-18 18:21:48 - exhaustive_index - INFO - Processed table 1709 - datasets_USA/USA_CSV0000000000022730.csv
2025-12-18 18:21:48 - exhaustive_index - INFO - Processing table 1710 - datasets_USA/USA_CSV0000000000022731.csv
2025-12-18 18:21:49 - exhaustive_index - INFO - Processing table 1711 - datasets_USA/USA_CSV0000000000022757.csv
2025-12-18 18:21:49 - exhaustive_index - INFO - Table datasets_USA/USA_CSV0000000000022757.csv has 6823 rows and 8 columns
2025-12-18 18:21:49 - exhaustive_index - INFO - Processed table 1711 - datasets_USA/USA_CSV0000000000022757.csv
2025-12-18 18:21:53 - exhaustive_index - INFO - Processing table 1712 - datasets_USA/USA_CSV0000000000022791.csv
2025-12-18 18:21:53 - exhaustive_index - INFO - Table datasets_USA/USA_CSV0000000000022791.csv has 6572 rows and 13 columns
2025-12-18 18:21:53 - exhaustive_index - INFO - Processed table 1712 - datasets_USA/USA_CSV0000000000022791.csv
2025-12-18 18:21:57 - exhaustive_index - INFO - Processing table 1713 - datasets_USA/USA_CSV0000000000022795.csv
2025-12-18 18:21:57 - exhaustive_index - INFO - Table datasets_USA/USA_CSV0000000000022795.csv has 4006 rows and 16 columns
2025-12-18 18:21:57 - exhaustive_index - INFO - Processed table 1713 - datasets_USA/USA_CSV0000000000022795.csv
2025-12-18 18:21:58 - exhaustive_index - INFO - Processing table 1714 - datasets_USA/USA_CSV0000000000022803.csv
2025-12-18 18:21:58 - exhaustive_index - INFO - Table datasets_USA/USA_CSV0000000000022803.csv has 8760 rows and 21 columns
2025-12-18 18:21:58 - exhaustive_index - INFO - Processed table 1714 - datasets_USA/USA_CSV0000000000022803.csv
2025-12-18 18:22:00 - exhaustive_index - INFO - Processing table 1715 - datasets_USA/USA_CSV0000000000022805.csv
2025-12-18 18:22:00 - exhaustive_index - INFO - Table datasets_USA/USA_CSV0000000000022805.csv has 33350 rows and 3 columns
2025-12-18 18:22:00 - exhaustive_index - INFO - Processed table 1715 - datasets_USA/USA_CSV0000000000022805.csv
2025-12-18 18:22:07 - exhaustive_index - INFO - Processing table 1716 - datasets_USA/USA_CSV0000000000022811.csv
2025-12-18 18:22:07 - exhaustive_index - INFO - Table datasets_USA/USA_CSV0000000000022811.csv has 7266 rows and 32 columns
2025-12-18 18:22:07 - exhaustive_index - INFO - Processed table 1716 - datasets_USA/USA_CSV0000000000022811.csv
2025-12-18 18:22:14 - exhaustive_index - INFO - Processing table 1717 - datasets_USA/USA_CSV0000000000022819.csv
2025-12-18 18:22:14 - exhaustive_index - INFO - Table datasets_USA/USA_CSV0000000000022819.csv has 9802 rows and 14 columns
2025-12-18 18:22:14 - exhaustive_index - INFO - Processed table 1717 - datasets_USA/USA_CSV0000000000022819.csv
2025-12-18 18:22:15 - exhaustive_index - INFO - Processing table 1718 - datasets_USA/USA_CSV0000000000022828.csv
2025-12-18 18:22:15 - exhaustive_index - INFO - Table datasets_USA/USA_CSV0000000000022828.csv has 8760 rows and 21 columns
2025-12-18 18:22:15 - exhaustive_index - INFO - Processed table 1718 - datasets_USA/USA_CSV0000000000022828.csv
2025-12-18 18:23:55 - exhaustive_index - INFO - Processing table 1719 - datasets_USA/USA_CSV0000000000022830.csv
2025-12-18 18:23:55 - exhaustive_index - INFO - Table datasets_USA/USA_CSV0000000000022830.csv has 10075 rows and 29 columns
2025-12-18 18:23:55 - exhaustive_index - INFO - Processed table 1719 - datasets_USA/USA_CSV0000000000022830.csv
2025-12-18 18:23:55 - exhaustive_index - INFO - Processing table 1720 - datasets_USA/USA_CSV0000000000022832.csv
2025-12-18 18:23:58 - exhaustive_index - INFO - Processing table 1721 - datasets_USA/USA_CSV0000000000022833.csv
2025-12-18 18:23:58 - exhaustive_index - INFO - Table datasets_USA/USA_CSV0000000000022833.csv has 51890 rows and 11 columns
2025-12-18 18:23:58 - exhaustive_index - INFO - Processed table 1721 - datasets_USA/USA_CSV0000000000022833.csv
2025-12-18 18:23:59 - exhaustive_index - INFO - Processing table 1722 - datasets_USA/USA_CSV0000000000022835.csv
2025-12-18 18:23:59 - exhaustive_index - INFO - Table datasets_USA/USA_CSV0000000000022835.csv has 334 rows and 13 columns
2025-12-18 18:23:59 - exhaustive_index - INFO - Processed table 1722 - datasets_USA/USA_CSV0000000000022835.csv
2025-12-18 18:24:01 - exhaustive_index - INFO - Processing table 1723 - datasets_USA/USA_CSV0000000000022850.csv
2025-12-18 18:24:01 - exhaustive_index - INFO - Table datasets_USA/USA_CSV0000000000022850.csv has 8760 rows and 21 columns
2025-12-18 18:24:01 - exhaustive_index - INFO - Processed table 1723 - datasets_USA/USA_CSV0000000000022850.csv
2025-12-18 18:24:03 - exhaustive_index - INFO - Processing table 1724 - datasets_USA/USA_CSV0000000000022853.csv
2025-12-18 18:24:03 - exhaustive_index - INFO - Table datasets_USA/USA_CSV0000000000022853.csv has 10473 rows and 10 columns
2025-12-18 18:24:03 - exhaustive_index - INFO - Processed table 1724 - datasets_USA/USA_CSV0000000000022853.csv
2025-12-18 18:24:03 - exhaustive_index - INFO - Processing table 1725 - datasets_USA/USA_CSV0000000000022868.csv
2025-12-18 18:24:03 - exhaustive_index - INFO - Table datasets_USA/USA_CSV0000000000022868.csv has 59306 rows and 4 columns
2025-12-18 18:24:03 - exhaustive_index - INFO - Processed table 1725 - datasets_USA/USA_CSV0000000000022868.csv
2025-12-18 18:24:05 - exhaustive_index - INFO - Processing table 1726 - datasets_USA/USA_CSV0000000000022869.csv
2025-12-18 18:24:05 - exhaustive_index - INFO - Table datasets_USA/USA_CSV0000000000022869.csv has 58252 rows and 5 columns
2025-12-18 18:24:05 - exhaustive_index - INFO - Processed table 1726 - datasets_USA/USA_CSV0000000000022869.csv
2025-12-18 18:24:09 - exhaustive_index - INFO - Processing table 1727 - datasets_USA/USA_CSV0000000000022873.csv
2025-12-18 18:24:09 - exhaustive_index - INFO - Table datasets_USA/USA_CSV0000000000022873.csv has 6050 rows and 40 columns
2025-12-18 18:24:09 - exhaustive_index - INFO - Processed table 1727 - datasets_USA/USA_CSV0000000000022873.csv
2025-12-18 18:24:12 - exhaustive_index - INFO - Processing table 1728 - datasets_USA/USA_CSV0000000000022886.csv
2025-12-18 18:24:12 - exhaustive_index - INFO - Table datasets_USA/USA_CSV0000000000022886.csv has 8760 rows and 21 columns
2025-12-18 18:24:12 - exhaustive_index - INFO - Processed table 1728 - datasets_USA/USA_CSV0000000000022886.csv
2025-12-18 18:24:22 - exhaustive_index - INFO - Processing table 1729 - datasets_USA/USA_CSV0000000000022888.csv
2025-12-18 18:24:22 - exhaustive_index - INFO - Table datasets_USA/USA_CSV0000000000022888.csv has 4985 rows and 20 columns
2025-12-18 18:24:22 - exhaustive_index - INFO - Processed table 1729 - datasets_USA/USA_CSV0000000000022888.csv
2025-12-18 18:24:24 - exhaustive_index - INFO - Processing table 1730 - datasets_USA/USA_CSV0000000000022891.csv
2025-12-18 18:24:24 - exhaustive_index - INFO - Table datasets_USA/USA_CSV0000000000022891.csv has 346 rows and 13 columns
2025-12-18 18:24:24 - exhaustive_index - INFO - Processed table 1730 - datasets_USA/USA_CSV0000000000022891.csv
2025-12-18 18:24:39 - exhaustive_index - INFO - Processing table 1731 - datasets_USA/USA_CSV0000000000022898.csv
2025-12-18 18:24:39 - exhaustive_index - INFO - Table datasets_USA/USA_CSV0000000000022898.csv has 4688 rows and 25 columns
2025-12-18 18:24:39 - exhaustive_index - INFO - Processed table 1731 - datasets_USA/USA_CSV0000000000022898.csv
2025-12-18 18:24:41 - exhaustive_index - INFO - Processing table 1732 - datasets_USA/USA_CSV0000000000022920.csv
2025-12-18 18:24:41 - exhaustive_index - INFO - Table datasets_USA/USA_CSV0000000000022920.csv has 26229 rows and 9 columns
2025-12-18 18:24:41 - exhaustive_index - INFO - Processed table 1732 - datasets_USA/USA_CSV0000000000022920.csv
2025-12-18 18:24:41 - exhaustive_index - INFO - Processing table 1733 - datasets_USA/USA_CSV0000000000022924.csv
2025-12-18 18:24:41 - exhaustive_index - INFO - Table datasets_USA/USA_CSV0000000000022924.csv has 18410 rows and 5 columns
2025-12-18 18:24:41 - exhaustive_index - INFO - Processed table 1733 - datasets_USA/USA_CSV0000000000022924.csv
2025-12-18 18:24:42 - exhaustive_index - INFO - Processing table 1734 - datasets_USA/USA_CSV0000000000022925.csv
2025-12-18 18:24:42 - exhaustive_index - INFO - Table datasets_USA/USA_CSV0000000000022925.csv has 8760 rows and 21 columns
2025-12-18 18:24:42 - exhaustive_index - INFO - Processed table 1734 - datasets_USA/USA_CSV0000000000022925.csv
2025-12-18 18:24:44 - exhaustive_index - INFO - Processing table 1735 - datasets_USA/USA_CSV0000000000022944.csv
2025-12-18 18:24:44 - exhaustive_index - INFO - Table datasets_USA/USA_CSV0000000000022944.csv has 8760 rows and 21 columns
2025-12-18 18:24:44 - exhaustive_index - INFO - Processed table 1735 - datasets_USA/USA_CSV0000000000022944.csv
2025-12-18 18:24:46 - exhaustive_index - INFO - Processing table 1736 - datasets_USA/USA_CSV0000000000022963.csv
2025-12-18 18:24:46 - exhaustive_index - INFO - Table datasets_USA/USA_CSV0000000000022963.csv has 57950 rows and 6 columns
2025-12-18 18:24:46 - exhaustive_index - INFO - Processed table 1736 - datasets_USA/USA_CSV0000000000022963.csv
2025-12-18 18:24:48 - exhaustive_index - INFO - Processing table 1737 - datasets_USA/USA_CSV0000000000022964.csv
2025-12-18 18:24:48 - exhaustive_index - INFO - Table datasets_USA/USA_CSV0000000000022964.csv has 8760 rows and 21 columns
2025-12-18 18:24:48 - exhaustive_index - INFO - Processed table 1737 - datasets_USA/USA_CSV0000000000022964.csv
2025-12-18 18:24:49 - exhaustive_index - INFO - Processing table 1738 - datasets_USA/USA_CSV0000000000022969.csv
2025-12-18 18:24:49 - exhaustive_index - INFO - Table datasets_USA/USA_CSV0000000000022969.csv has 8760 rows and 21 columns
2025-12-18 18:24:49 - exhaustive_index - INFO - Processed table 1738 - datasets_USA/USA_CSV0000000000022969.csv
2025-12-18 18:24:51 - exhaustive_index - INFO - Processing table 1739 - datasets_USA/USA_CSV0000000000022979.csv
2025-12-18 18:24:51 - exhaustive_index - INFO - Table datasets_USA/USA_CSV0000000000022979.csv has 8760 rows and 21 columns
2025-12-18 18:24:51 - exhaustive_index - INFO - Processed table 1739 - datasets_USA/USA_CSV0000000000022979.csv
2025-12-18 18:24:52 - exhaustive_index - INFO - Processing table 1740 - datasets_USA/USA_CSV0000000000022997.csv
2025-12-18 18:24:52 - exhaustive_index - INFO - Table datasets_USA/USA_CSV0000000000022997.csv has 65535 rows and 9 columns
2025-12-18 18:24:52 - exhaustive_index - INFO - Processed table 1740 - datasets_USA/USA_CSV0000000000022997.csv
2025-12-18 18:24:52 - exhaustive_index - INFO - Processing table 1741 - datasets_USA/USA_CSV0000000000023002.csv
2025-12-18 18:24:52 - exhaustive_index - INFO - Table datasets_USA/USA_CSV0000000000023002.csv has 217 rows and 6 columns
2025-12-18 18:24:52 - exhaustive_index - INFO - Processed table 1741 - datasets_USA/USA_CSV0000000000023002.csv
2025-12-18 18:24:52 - exhaustive_index - INFO - Processing table 1742 - datasets_USA/USA_CSV0000000000023007.csv
2025-12-18 18:24:52 - exhaustive_index - INFO - Table datasets_USA/USA_CSV0000000000023007.csv has 117 rows and 4 columns
2025-12-18 18:24:52 - exhaustive_index - INFO - Processed table 1742 - datasets_USA/USA_CSV0000000000023007.csv
2025-12-18 18:24:53 - exhaustive_index - INFO - Processing table 1743 - datasets_USA/USA_CSV0000000000023013.csv
2025-12-18 18:24:53 - exhaustive_index - INFO - Table datasets_USA/USA_CSV0000000000023013.csv has 8760 rows and 21 columns
2025-12-18 18:24:53 - exhaustive_index - INFO - Processed table 1743 - datasets_USA/USA_CSV0000000000023013.csv
2025-12-18 18:24:56 - exhaustive_index - INFO - Processing table 1744 - datasets_USA/USA_CSV0000000000023017.csv
2025-12-18 18:24:56 - exhaustive_index - INFO - Table datasets_USA/USA_CSV0000000000023017.csv has 8760 rows and 21 columns
2025-12-18 18:24:56 - exhaustive_index - INFO - Processed table 1744 - datasets_USA/USA_CSV0000000000023017.csv
2025-12-18 18:24:59 - exhaustive_index - INFO - Processing table 1745 - datasets_USA/USA_CSV0000000000023021.csv
2025-12-18 18:24:59 - exhaustive_index - INFO - Table datasets_USA/USA_CSV0000000000023021.csv has 8784 rows and 21 columns
2025-12-18 18:24:59 - exhaustive_index - INFO - Processed table 1745 - datasets_USA/USA_CSV0000000000023021.csv
2025-12-18 18:25:50 - exhaustive_index - INFO - Processing table 1746 - datasets_USA/USA_CSV0000000000023024.csv
2025-12-18 18:25:50 - exhaustive_index - INFO - Table datasets_USA/USA_CSV0000000000023024.csv has 2118 rows and 62 columns
2025-12-18 18:25:50 - exhaustive_index - INFO - Processed table 1746 - datasets_USA/USA_CSV0000000000023024.csv
2025-12-18 18:25:53 - exhaustive_index - INFO - Processing table 1747 - datasets_USA/USA_CSV0000000000023025.csv
2025-12-18 18:25:53 - exhaustive_index - INFO - Table datasets_USA/USA_CSV0000000000023025.csv has 25271 rows and 11 columns
2025-12-18 18:25:53 - exhaustive_index - INFO - Processed table 1747 - datasets_USA/USA_CSV0000000000023025.csv
2025-12-18 18:25:59 - exhaustive_index - INFO - Processing table 1748 - datasets_USA/USA_CSV0000000000023039.csv
2025-12-18 18:25:59 - exhaustive_index - INFO - Table datasets_USA/USA_CSV0000000000023039.csv has 8216 rows and 21 columns
2025-12-18 18:25:59 - exhaustive_index - INFO - Processed table 1748 - datasets_USA/USA_CSV0000000000023039.csv
2025-12-18 18:26:01 - exhaustive_index - INFO - Processing table 1749 - datasets_USA/USA_CSV0000000000023052.csv
2025-12-18 18:26:01 - exhaustive_index - INFO - Table datasets_USA/USA_CSV0000000000023052.csv has 8760 rows and 21 columns
2025-12-18 18:26:01 - exhaustive_index - INFO - Processed table 1749 - datasets_USA/USA_CSV0000000000023052.csv
2025-12-18 18:26:01 - exhaustive_index - INFO - Processing table 1750 - datasets_USA/USA_CSV0000000000023072.csv
2025-12-18 18:26:01 - exhaustive_index - INFO - Table datasets_USA/USA_CSV0000000000023072.csv has 53 rows and 13 columns
2025-12-18 18:26:01 - exhaustive_index - INFO - Processed table 1750 - datasets_USA/USA_CSV0000000000023072.csv
2025-12-18 18:26:08 - exhaustive_index - INFO - Processing table 1751 - datasets_USA/USA_CSV0000000000023080.csv
2025-12-18 18:26:08 - exhaustive_index - INFO - Table datasets_USA/USA_CSV0000000000023080.csv has 9964 rows and 15 columns
2025-12-18 18:26:08 - exhaustive_index - INFO - Processed table 1751 - datasets_USA/USA_CSV0000000000023080.csv
2025-12-18 18:26:10 - exhaustive_index - INFO - Processing table 1752 - datasets_USA/USA_CSV0000000000023090.csv
2025-12-18 18:26:10 - exhaustive_index - INFO - Table datasets_USA/USA_CSV0000000000023090.csv has 24313 rows and 10 columns
2025-12-18 18:26:10 - exhaustive_index - INFO - Processed table 1752 - datasets_USA/USA_CSV0000000000023090.csv
2025-12-18 18:26:13 - exhaustive_index - INFO - Processing table 1753 - datasets_USA/USA_CSV0000000000023092.csv
2025-12-18 18:26:13 - exhaustive_index - INFO - Table datasets_USA/USA_CSV0000000000023092.csv has 897 rows and 14 columns
2025-12-18 18:26:13 - exhaustive_index - INFO - Processed table 1753 - datasets_USA/USA_CSV0000000000023092.csv
2025-12-18 18:26:15 - exhaustive_index - INFO - Processing table 1754 - datasets_USA/USA_CSV0000000000023095.csv
2025-12-18 18:26:15 - exhaustive_index - INFO - Table datasets_USA/USA_CSV0000000000023095.csv has 11837 rows and 10 columns
2025-12-18 18:26:15 - exhaustive_index - INFO - Processed table 1754 - datasets_USA/USA_CSV0000000000023095.csv
2025-12-18 18:26:16 - exhaustive_index - INFO - Processing table 1755 - datasets_USA/USA_CSV0000000000023096.csv
2025-12-18 18:26:16 - exhaustive_index - INFO - Table datasets_USA/USA_CSV0000000000023096.csv has 73815 rows and 3 columns
2025-12-18 18:26:16 - exhaustive_index - INFO - Processed table 1755 - datasets_USA/USA_CSV0000000000023096.csv
2025-12-18 18:26:17 - exhaustive_index - INFO - Processing table 1756 - datasets_USA/USA_CSV0000000000023108.csv
2025-12-18 18:26:17 - exhaustive_index - INFO - Table datasets_USA/USA_CSV0000000000023108.csv has 208 rows and 7 columns
2025-12-18 18:26:17 - exhaustive_index - INFO - Processed table 1756 - datasets_USA/USA_CSV0000000000023108.csv
2025-12-18 18:26:21 - exhaustive_index - INFO - Processing table 1757 - datasets_USA/USA_CSV0000000000023125.csv
2025-12-18 18:26:21 - exhaustive_index - INFO - Table datasets_USA/USA_CSV0000000000023125.csv has 18794 rows and 9 columns
2025-12-18 18:26:21 - exhaustive_index - INFO - Processed table 1757 - datasets_USA/USA_CSV0000000000023125.csv
2025-12-18 18:26:22 - exhaustive_index - INFO - Processing table 1758 - datasets_USA/USA_CSV0000000000023129.csv
2025-12-18 18:26:22 - exhaustive_index - INFO - Table datasets_USA/USA_CSV0000000000023129.csv has 1024 rows and 11 columns
2025-12-18 18:26:22 - exhaustive_index - INFO - Processed table 1758 - datasets_USA/USA_CSV0000000000023129.csv
2025-12-18 18:26:25 - exhaustive_index - INFO - Processing table 1759 - datasets_USA/USA_CSV0000000000023134.csv
2025-12-18 18:26:25 - exhaustive_index - INFO - Table datasets_USA/USA_CSV0000000000023134.csv has 8760 rows and 21 columns
2025-12-18 18:26:25 - exhaustive_index - INFO - Processed table 1759 - datasets_USA/USA_CSV0000000000023134.csv
2025-12-18 18:26:25 - exhaustive_index - INFO - Processing table 1760 - datasets_USA/USA_CSV0000000000023135.csv
2025-12-18 18:26:25 - exhaustive_index - INFO - Table datasets_USA/USA_CSV0000000000023135.csv has 150 rows and 6 columns
2025-12-18 18:26:25 - exhaustive_index - INFO - Processed table 1760 - datasets_USA/USA_CSV0000000000023135.csv
2025-12-18 18:26:28 - exhaustive_index - INFO - Processing table 1761 - datasets_USA/USA_CSV0000000000023147.csv
2025-12-18 18:26:28 - exhaustive_index - INFO - Table datasets_USA/USA_CSV0000000000023147.csv has 6394 rows and 14 columns
2025-12-18 18:26:28 - exhaustive_index - INFO - Processed table 1761 - datasets_USA/USA_CSV0000000000023147.csv
2025-12-18 18:26:28 - exhaustive_index - INFO - Processing table 1762 - datasets_USA/USA_CSV0000000000023152.csv
2025-12-18 18:26:28 - exhaustive_index - INFO - Table datasets_USA/USA_CSV0000000000023152.csv has 26818 rows and 5 columns
2025-12-18 18:26:28 - exhaustive_index - INFO - Processed table 1762 - datasets_USA/USA_CSV0000000000023152.csv
2025-12-18 18:26:32 - exhaustive_index - INFO - Processing table 1763 - datasets_USA/USA_CSV0000000000023173.csv
2025-12-18 18:26:32 - exhaustive_index - INFO - Table datasets_USA/USA_CSV0000000000023173.csv has 8760 rows and 21 columns
2025-12-18 18:26:32 - exhaustive_index - INFO - Processed table 1763 - datasets_USA/USA_CSV0000000000023173.csv
2025-12-18 18:26:35 - exhaustive_index - INFO - Processing table 1764 - datasets_USA/USA_CSV0000000000023178.csv
2025-12-18 18:26:35 - exhaustive_index - INFO - Table datasets_USA/USA_CSV0000000000023178.csv has 12337 rows and 11 columns
2025-12-18 18:26:35 - exhaustive_index - INFO - Processed table 1764 - datasets_USA/USA_CSV0000000000023178.csv
2025-12-18 18:26:38 - exhaustive_index - INFO - Processing table 1765 - datasets_USA/USA_CSV0000000000023186.csv
2025-12-18 18:26:38 - exhaustive_index - INFO - Table datasets_USA/USA_CSV0000000000023186.csv has 8784 rows and 21 columns
2025-12-18 18:26:38 - exhaustive_index - INFO - Processed table 1765 - datasets_USA/USA_CSV0000000000023186.csv
2025-12-18 18:26:40 - exhaustive_index - INFO - Processing table 1766 - datasets_USA/USA_CSV0000000000023187.csv
2025-12-18 18:26:40 - exhaustive_index - INFO - Table datasets_USA/USA_CSV0000000000023187.csv has 12741 rows and 10 columns
2025-12-18 18:26:40 - exhaustive_index - INFO - Processed table 1766 - datasets_USA/USA_CSV0000000000023187.csv
2025-12-18 18:26:41 - exhaustive_index - INFO - Processing table 1767 - datasets_USA/USA_CSV0000000000023188.csv
2025-12-18 18:26:41 - exhaustive_index - INFO - Table datasets_USA/USA_CSV0000000000023188.csv has 8760 rows and 21 columns
2025-12-18 18:26:41 - exhaustive_index - INFO - Processed table 1767 - datasets_USA/USA_CSV0000000000023188.csv
2025-12-18 18:26:50 - exhaustive_index - INFO - Processing table 1768 - datasets_USA/USA_CSV0000000000023191.csv
2025-12-18 18:26:50 - exhaustive_index - INFO - Table datasets_USA/USA_CSV0000000000023191.csv has 17298 rows and 20 columns
2025-12-18 18:26:50 - exhaustive_index - INFO - Processed table 1768 - datasets_USA/USA_CSV0000000000023191.csv
2025-12-18 18:26:53 - exhaustive_index - INFO - Processing table 1769 - datasets_USA/USA_CSV0000000000023200.csv
2025-12-18 18:26:53 - exhaustive_index - INFO - Table datasets_USA/USA_CSV0000000000023200.csv has 7344 rows and 22 columns
2025-12-18 18:26:53 - exhaustive_index - INFO - Processed table 1769 - datasets_USA/USA_CSV0000000000023200.csv
2025-12-18 18:26:53 - exhaustive_index - INFO - Processing table 1770 - datasets_USA/USA_CSV0000000000023207.csv
2025-12-18 18:26:53 - exhaustive_index - INFO - Table datasets_USA/USA_CSV0000000000023207.csv has 391 rows and 19 columns
2025-12-18 18:26:53 - exhaustive_index - INFO - Processed table 1770 - datasets_USA/USA_CSV0000000000023207.csv
2025-12-18 18:27:00 - exhaustive_index - INFO - Processing table 1771 - datasets_USA/USA_CSV0000000000023210.csv
2025-12-18 18:27:00 - exhaustive_index - INFO - Table datasets_USA/USA_CSV0000000000023210.csv has 3319 rows and 29 columns
2025-12-18 18:27:00 - exhaustive_index - INFO - Processed table 1771 - datasets_USA/USA_CSV0000000000023210.csv
2025-12-18 18:27:02 - exhaustive_index - INFO - Processing table 1772 - datasets_USA/USA_CSV0000000000023214.csv
2025-12-18 18:27:02 - exhaustive_index - INFO - Table datasets_USA/USA_CSV0000000000023214.csv has 22260 rows and 5 columns
2025-12-18 18:27:02 - exhaustive_index - INFO - Processed table 1772 - datasets_USA/USA_CSV0000000000023214.csv
2025-12-18 18:27:09 - exhaustive_index - INFO - Processing table 1773 - datasets_USA/USA_CSV0000000000023227.csv
2025-12-18 18:27:09 - exhaustive_index - INFO - Table datasets_USA/USA_CSV0000000000023227.csv has 8760 rows and 21 columns
2025-12-18 18:27:09 - exhaustive_index - INFO - Processed table 1773 - datasets_USA/USA_CSV0000000000023227.csv
2025-12-18 18:27:16 - exhaustive_index - INFO - Processing table 1774 - datasets_USA/USA_CSV0000000000023236.csv
2025-12-18 18:27:16 - exhaustive_index - INFO - Table datasets_USA/USA_CSV0000000000023236.csv has 11731 rows and 14 columns
2025-12-18 18:27:16 - exhaustive_index - INFO - Processed table 1774 - datasets_USA/USA_CSV0000000000023236.csv
2025-12-18 18:27:23 - exhaustive_index - INFO - Processing table 1775 - datasets_USA/USA_CSV0000000000023250.csv
2025-12-18 18:27:23 - exhaustive_index - INFO - Table datasets_USA/USA_CSV0000000000023250.csv has 8760 rows and 21 columns
2025-12-18 18:27:23 - exhaustive_index - INFO - Processed table 1775 - datasets_USA/USA_CSV0000000000023250.csv
2025-12-18 18:27:23 - exhaustive_index - INFO - Processing table 1776 - datasets_USA/USA_CSV0000000000023254.csv
2025-12-18 18:27:23 - exhaustive_index - INFO - Table datasets_USA/USA_CSV0000000000023254.csv has 53381 rows and 5 columns
2025-12-18 18:27:23 - exhaustive_index - INFO - Processed table 1776 - datasets_USA/USA_CSV0000000000023254.csv
2025-12-18 18:28:26 - exhaustive_index - INFO - Processing table 1777 - datasets_USA/USA_CSV0000000000023285.csv
2025-12-18 18:28:26 - exhaustive_index - INFO - Table datasets_USA/USA_CSV0000000000023285.csv has 9094 rows and 25 columns
2025-12-18 18:28:26 - exhaustive_index - INFO - Processed table 1777 - datasets_USA/USA_CSV0000000000023285.csv
2025-12-18 18:28:27 - exhaustive_index - INFO - Processing table 1778 - datasets_USA/USA_CSV0000000000023287.csv
2025-12-18 18:28:27 - exhaustive_index - INFO - Table datasets_USA/USA_CSV0000000000023287.csv has 15370 rows and 10 columns
2025-12-18 18:28:27 - exhaustive_index - INFO - Processed table 1778 - datasets_USA/USA_CSV0000000000023287.csv
2025-12-18 18:28:29 - exhaustive_index - INFO - Processing table 1779 - datasets_USA/USA_CSV0000000000023290.csv
2025-12-18 18:28:29 - exhaustive_index - INFO - Table datasets_USA/USA_CSV0000000000023290.csv has 8760 rows and 21 columns
2025-12-18 18:28:29 - exhaustive_index - INFO - Processed table 1779 - datasets_USA/USA_CSV0000000000023290.csv
2025-12-18 18:29:40 - exhaustive_index - INFO - Processing table 1780 - datasets_USA/USA_CSV0000000000023293.csv
2025-12-18 18:29:40 - exhaustive_index - INFO - Table datasets_USA/USA_CSV0000000000023293.csv has 2646 rows and 36 columns
2025-12-18 18:29:40 - exhaustive_index - INFO - Processed table 1780 - datasets_USA/USA_CSV0000000000023293.csv
2025-12-18 18:29:41 - exhaustive_index - INFO - Processing table 1781 - datasets_USA/USA_CSV0000000000023296.csv
2025-12-18 18:29:41 - exhaustive_index - INFO - Table datasets_USA/USA_CSV0000000000023296.csv has 8760 rows and 21 columns
2025-12-18 18:29:41 - exhaustive_index - INFO - Processed table 1781 - datasets_USA/USA_CSV0000000000023296.csv
2025-12-18 18:29:41 - exhaustive_index - INFO - Processing table 1782 - datasets_USA/USA_CSV0000000000023305.csv
2025-12-18 18:29:41 - exhaustive_index - INFO - Table datasets_USA/USA_CSV0000000000023305.csv has 116 rows and 19 columns
2025-12-18 18:29:41 - exhaustive_index - INFO - Processed table 1782 - datasets_USA/USA_CSV0000000000023305.csv
2025-12-18 18:29:46 - exhaustive_index - INFO - Processing table 1783 - datasets_USA/USA_CSV0000000000023327.csv
2025-12-18 18:29:46 - exhaustive_index - INFO - Table datasets_USA/USA_CSV0000000000023327.csv has 5846 rows and 13 columns
2025-12-18 18:29:46 - exhaustive_index - INFO - Processed table 1783 - datasets_USA/USA_CSV0000000000023327.csv
2025-12-18 18:29:48 - exhaustive_index - INFO - Processing table 1784 - datasets_USA/USA_CSV0000000000023331.csv
2025-12-18 18:29:48 - exhaustive_index - INFO - Table datasets_USA/USA_CSV0000000000023331.csv has 21321 rows and 15 columns
2025-12-18 18:29:48 - exhaustive_index - INFO - Processed table 1784 - datasets_USA/USA_CSV0000000000023331.csv
2025-12-18 18:29:49 - exhaustive_index - INFO - Processing table 1785 - datasets_USA/USA_CSV0000000000023341.csv
2025-12-18 18:29:49 - exhaustive_index - INFO - Table datasets_USA/USA_CSV0000000000023341.csv has 5986 rows and 17 columns
2025-12-18 18:29:49 - exhaustive_index - INFO - Processed table 1785 - datasets_USA/USA_CSV0000000000023341.csv
2025-12-18 18:29:51 - exhaustive_index - INFO - Processing table 1786 - datasets_USA/USA_CSV0000000000023354.csv
2025-12-18 18:29:51 - exhaustive_index - INFO - Table datasets_USA/USA_CSV0000000000023354.csv has 8784 rows and 21 columns
2025-12-18 18:29:51 - exhaustive_index - INFO - Processed table 1786 - datasets_USA/USA_CSV0000000000023354.csv
2025-12-18 18:29:53 - exhaustive_index - INFO - Processing table 1787 - datasets_USA/USA_CSV0000000000023359.csv
2025-12-18 18:29:53 - exhaustive_index - INFO - Table datasets_USA/USA_CSV0000000000023359.csv has 9961 rows and 14 columns
2025-12-18 18:29:53 - exhaustive_index - INFO - Processed table 1787 - datasets_USA/USA_CSV0000000000023359.csv
2025-12-18 18:29:59 - exhaustive_index - INFO - Processing table 1788 - datasets_USA/USA_CSV0000000000023414.csv
2025-12-18 18:29:59 - exhaustive_index - INFO - Table datasets_USA/USA_CSV0000000000023414.csv has 13196 rows and 18 columns
2025-12-18 18:29:59 - exhaustive_index - INFO - Processed table 1788 - datasets_USA/USA_CSV0000000000023414.csv
2025-12-18 18:30:04 - exhaustive_index - INFO - Processing table 1789 - datasets_USA/USA_CSV0000000000023424__9.csv
2025-12-18 18:30:04 - exhaustive_index - INFO - Table datasets_USA/USA_CSV0000000000023424__9.csv has 186711 rows and 7 columns
2025-12-18 18:30:04 - exhaustive_index - INFO - Processed table 1789 - datasets_USA/USA_CSV0000000000023424__9.csv
2025-12-18 18:30:04 - exhaustive_index - INFO - Processing table 1790 - datasets_USA/USA_CSV0000000000023432.csv
2025-12-18 18:30:04 - exhaustive_index - INFO - Table datasets_USA/USA_CSV0000000000023432.csv has 20799 rows and 16 columns
2025-12-18 18:30:04 - exhaustive_index - INFO - Processed table 1790 - datasets_USA/USA_CSV0000000000023432.csv
2025-12-18 18:30:05 - exhaustive_index - INFO - Processing table 1791 - datasets_USA/USA_CSV0000000000023438.csv
2025-12-18 18:30:05 - exhaustive_index - INFO - Table datasets_USA/USA_CSV0000000000023438.csv has 8224 rows and 16 columns
2025-12-18 18:30:05 - exhaustive_index - INFO - Processed table 1791 - datasets_USA/USA_CSV0000000000023438.csv
2025-12-18 18:30:06 - exhaustive_index - INFO - Processing table 1792 - datasets_USA/USA_CSV0000000000023453.csv
2025-12-18 18:30:06 - exhaustive_index - INFO - Table datasets_USA/USA_CSV0000000000023453.csv has 13352 rows and 16 columns
2025-12-18 18:30:06 - exhaustive_index - INFO - Processed table 1792 - datasets_USA/USA_CSV0000000000023453.csv
2025-12-18 18:30:08 - exhaustive_index - INFO - Processing table 1793 - datasets_USA/USA_CSV0000000000023457.csv
2025-12-18 18:30:08 - exhaustive_index - INFO - Table datasets_USA/USA_CSV0000000000023457.csv has 31213 rows and 8 columns
2025-12-18 18:30:08 - exhaustive_index - INFO - Processed table 1793 - datasets_USA/USA_CSV0000000000023457.csv
2025-12-18 18:30:14 - exhaustive_index - INFO - Processing table 1794 - datasets_USA/USA_CSV0000000000023464.csv
2025-12-18 18:30:14 - exhaustive_index - INFO - Table datasets_USA/USA_CSV0000000000023464.csv has 9730 rows and 18 columns
2025-12-18 18:30:14 - exhaustive_index - INFO - Processed table 1794 - datasets_USA/USA_CSV0000000000023464.csv
2025-12-18 18:30:17 - exhaustive_index - INFO - Processing table 1795 - datasets_USA/USA_CSV0000000000023466.csv
2025-12-18 18:30:17 - exhaustive_index - INFO - Table datasets_USA/USA_CSV0000000000023466.csv has 8760 rows and 21 columns
2025-12-18 18:30:17 - exhaustive_index - INFO - Processed table 1795 - datasets_USA/USA_CSV0000000000023466.csv
2025-12-18 18:30:19 - exhaustive_index - INFO - Processing table 1796 - datasets_USA/USA_CSV0000000000023470.csv
2025-12-18 18:30:19 - exhaustive_index - INFO - Table datasets_USA/USA_CSV0000000000023470.csv has 8784 rows and 21 columns
2025-12-18 18:30:19 - exhaustive_index - INFO - Processed table 1796 - datasets_USA/USA_CSV0000000000023470.csv
2025-12-18 18:30:35 - exhaustive_index - INFO - Processing table 1797 - datasets_USA/USA_CSV0000000000023471.csv
2025-12-18 18:30:35 - exhaustive_index - INFO - Table datasets_USA/USA_CSV0000000000023471.csv has 2060 rows and 35 columns
2025-12-18 18:30:35 - exhaustive_index - INFO - Processed table 1797 - datasets_USA/USA_CSV0000000000023471.csv
2025-12-18 18:30:38 - exhaustive_index - INFO - Processing table 1798 - datasets_USA/USA_CSV0000000000023475.csv
2025-12-18 18:30:38 - exhaustive_index - INFO - Table datasets_USA/USA_CSV0000000000023475.csv has 8760 rows and 21 columns
2025-12-18 18:30:38 - exhaustive_index - INFO - Processed table 1798 - datasets_USA/USA_CSV0000000000023475.csv
2025-12-18 18:30:40 - exhaustive_index - INFO - Processing table 1799 - datasets_USA/USA_CSV0000000000023484.csv
2025-12-18 18:30:40 - exhaustive_index - INFO - Table datasets_USA/USA_CSV0000000000023484.csv has 8760 rows and 21 columns
2025-12-18 18:30:40 - exhaustive_index - INFO - Processed table 1799 - datasets_USA/USA_CSV0000000000023484.csv
2025-12-18 18:30:41 - exhaustive_index - INFO - Processing table 1800 - datasets_USA/USA_CSV0000000000023493.csv
2025-12-18 18:30:41 - exhaustive_index - INFO - Table datasets_USA/USA_CSV0000000000023493.csv has 8784 rows and 21 columns
2025-12-18 18:30:41 - exhaustive_index - INFO - Processed table 1800 - datasets_USA/USA_CSV0000000000023493.csv
2025-12-18 18:30:45 - exhaustive_index - INFO - Processing table 1801 - datasets_USA/USA_CSV0000000000023498.csv
2025-12-18 18:30:45 - exhaustive_index - INFO - Table datasets_USA/USA_CSV0000000000023498.csv has 8784 rows and 21 columns
2025-12-18 18:30:45 - exhaustive_index - INFO - Processed table 1801 - datasets_USA/USA_CSV0000000000023498.csv
2025-12-18 18:30:45 - exhaustive_index - INFO - Processing table 1802 - datasets_USA/USA_CSV0000000000023501.csv
2025-12-18 18:30:45 - exhaustive_index - INFO - Table datasets_USA/USA_CSV0000000000023501.csv has 87563 rows and 3 columns
2025-12-18 18:30:45 - exhaustive_index - INFO - Processed table 1802 - datasets_USA/USA_CSV0000000000023501.csv
2025-12-18 18:30:47 - exhaustive_index - INFO - Processing table 1803 - datasets_USA/USA_CSV0000000000023526.csv
2025-12-18 18:30:47 - exhaustive_index - INFO - Table datasets_USA/USA_CSV0000000000023526.csv has 49686 rows and 6 columns
2025-12-18 18:30:47 - exhaustive_index - INFO - Processed table 1803 - datasets_USA/USA_CSV0000000000023526.csv
2025-12-18 18:30:48 - exhaustive_index - INFO - Processing table 1804 - datasets_USA/USA_CSV0000000000023548.csv
2025-12-18 18:30:48 - exhaustive_index - INFO - Table datasets_USA/USA_CSV0000000000023548.csv has 11322 rows and 10 columns
2025-12-18 18:30:48 - exhaustive_index - INFO - Processed table 1804 - datasets_USA/USA_CSV0000000000023548.csv
2025-12-18 18:30:50 - exhaustive_index - INFO - Processing table 1805 - datasets_USA/USA_CSV0000000000023552.csv
2025-12-18 18:30:50 - exhaustive_index - INFO - Table datasets_USA/USA_CSV0000000000023552.csv has 17225 rows and 22 columns
2025-12-18 18:30:50 - exhaustive_index - INFO - Processed table 1805 - datasets_USA/USA_CSV0000000000023552.csv
2025-12-18 18:30:57 - exhaustive_index - INFO - Processing table 1806 - datasets_USA/USA_CSV0000000000023569.csv
2025-12-18 18:30:57 - exhaustive_index - INFO - Table datasets_USA/USA_CSV0000000000023569.csv has 8784 rows and 21 columns
2025-12-18 18:30:57 - exhaustive_index - INFO - Processed table 1806 - datasets_USA/USA_CSV0000000000023569.csv
2025-12-18 18:30:59 - exhaustive_index - INFO - Processing table 1807 - datasets_USA/USA_CSV0000000000023572.csv
2025-12-18 18:30:59 - exhaustive_index - INFO - Table datasets_USA/USA_CSV0000000000023572.csv has 8760 rows and 21 columns
2025-12-18 18:30:59 - exhaustive_index - INFO - Processed table 1807 - datasets_USA/USA_CSV0000000000023572.csv
2025-12-18 18:31:02 - exhaustive_index - INFO - Processing table 1808 - datasets_USA/USA_CSV0000000000023588.csv
2025-12-18 18:31:02 - exhaustive_index - INFO - Table datasets_USA/USA_CSV0000000000023588.csv has 20850 rows and 9 columns
2025-12-18 18:31:02 - exhaustive_index - INFO - Processed table 1808 - datasets_USA/USA_CSV0000000000023588.csv
2025-12-18 18:31:05 - exhaustive_index - INFO - Processing table 1809 - datasets_USA/USA_CSV0000000000023595.csv
2025-12-18 18:31:05 - exhaustive_index - INFO - Table datasets_USA/USA_CSV0000000000023595.csv has 12372 rows and 23 columns
2025-12-18 18:31:05 - exhaustive_index - INFO - Processed table 1809 - datasets_USA/USA_CSV0000000000023595.csv
2025-12-18 18:31:07 - exhaustive_index - INFO - Processing table 1810 - datasets_USA/USA_CSV0000000000023598.csv
2025-12-18 18:31:07 - exhaustive_index - INFO - Table datasets_USA/USA_CSV0000000000023598.csv has 26973 rows and 10 columns
2025-12-18 18:31:07 - exhaustive_index - INFO - Processed table 1810 - datasets_USA/USA_CSV0000000000023598.csv
2025-12-18 18:31:13 - exhaustive_index - INFO - Processing table 1811 - datasets_USA/USA_CSV0000000000023615.csv
2025-12-18 18:31:13 - exhaustive_index - INFO - Table datasets_USA/USA_CSV0000000000023615.csv has 8784 rows and 21 columns
2025-12-18 18:31:13 - exhaustive_index - INFO - Processed table 1811 - datasets_USA/USA_CSV0000000000023615.csv
2025-12-18 18:31:35 - exhaustive_index - INFO - Processing table 1812 - datasets_USA/USA_CSV0000000000023632.csv
2025-12-18 18:31:35 - exhaustive_index - INFO - Table datasets_USA/USA_CSV0000000000023632.csv has 55095 rows and 16 columns
2025-12-18 18:31:35 - exhaustive_index - INFO - Processed table 1812 - datasets_USA/USA_CSV0000000000023632.csv
2025-12-18 18:31:36 - exhaustive_index - INFO - Processing table 1813 - datasets_USA/USA_CSV0000000000023644.csv
2025-12-18 18:31:36 - exhaustive_index - INFO - Table datasets_USA/USA_CSV0000000000023644.csv has 244 rows and 13 columns
2025-12-18 18:31:36 - exhaustive_index - INFO - Processed table 1813 - datasets_USA/USA_CSV0000000000023644.csv
2025-12-18 18:31:36 - exhaustive_index - INFO - Processing table 1814 - datasets_USA/USA_CSV0000000000023659.csv
2025-12-18 18:31:36 - exhaustive_index - INFO - Table datasets_USA/USA_CSV0000000000023659.csv has 18 rows and 8 columns
2025-12-18 18:31:36 - exhaustive_index - INFO - Processed table 1814 - datasets_USA/USA_CSV0000000000023659.csv
2025-12-18 18:32:03 - exhaustive_index - INFO - Processing table 1815 - datasets_USA/USA_CSV0000000000023669.csv
2025-12-18 18:32:03 - exhaustive_index - INFO - Table datasets_USA/USA_CSV0000000000023669.csv has 15518 rows and 24 columns
2025-12-18 18:32:03 - exhaustive_index - INFO - Processed table 1815 - datasets_USA/USA_CSV0000000000023669.csv
2025-12-18 18:32:09 - exhaustive_index - INFO - Processing table 1816 - datasets_USA/USA_CSV0000000000023683.csv
2025-12-18 18:32:09 - exhaustive_index - INFO - Table datasets_USA/USA_CSV0000000000023683.csv has 57617 rows and 15 columns
2025-12-18 18:32:09 - exhaustive_index - INFO - Processed table 1816 - datasets_USA/USA_CSV0000000000023683.csv
2025-12-18 18:32:12 - exhaustive_index - INFO - Processing table 1817 - datasets_USA/USA_CSV0000000000023686.csv
2025-12-18 18:32:12 - exhaustive_index - INFO - Table datasets_USA/USA_CSV0000000000023686.csv has 21926 rows and 15 columns
2025-12-18 18:32:12 - exhaustive_index - INFO - Processed table 1817 - datasets_USA/USA_CSV0000000000023686.csv
2025-12-18 18:32:13 - exhaustive_index - INFO - Processing table 1818 - datasets_USA/USA_CSV0000000000023689.csv
2025-12-18 18:32:13 - exhaustive_index - INFO - Table datasets_USA/USA_CSV0000000000023689.csv has 8760 rows and 21 columns
2025-12-18 18:32:13 - exhaustive_index - INFO - Processed table 1818 - datasets_USA/USA_CSV0000000000023689.csv
2025-12-18 18:32:21 - exhaustive_index - INFO - Processing table 1819 - datasets_USA/USA_CSV0000000000023694.csv
2025-12-18 18:32:21 - exhaustive_index - INFO - Table datasets_USA/USA_CSV0000000000023694.csv has 10568 rows and 14 columns
2025-12-18 18:32:21 - exhaustive_index - INFO - Processed table 1819 - datasets_USA/USA_CSV0000000000023694.csv
2025-12-18 18:32:22 - exhaustive_index - INFO - Processing table 1820 - datasets_USA/USA_CSV0000000000023705.csv
2025-12-18 18:32:22 - exhaustive_index - INFO - Table datasets_USA/USA_CSV0000000000023705.csv has 34134 rows and 9 columns
2025-12-18 18:32:22 - exhaustive_index - INFO - Processed table 1820 - datasets_USA/USA_CSV0000000000023705.csv
2025-12-18 18:32:23 - exhaustive_index - INFO - Processing table 1821 - datasets_USA/USA_CSV0000000000023725.csv
2025-12-18 18:32:23 - exhaustive_index - INFO - Table datasets_USA/USA_CSV0000000000023725.csv has 58 rows and 10 columns
2025-12-18 18:32:23 - exhaustive_index - INFO - Processed table 1821 - datasets_USA/USA_CSV0000000000023725.csv
2025-12-18 18:32:28 - exhaustive_index - INFO - Processing table 1822 - datasets_USA/USA_CSV0000000000023741.csv
2025-12-18 18:32:28 - exhaustive_index - INFO - Table datasets_USA/USA_CSV0000000000023741.csv has 6019 rows and 24 columns
2025-12-18 18:32:28 - exhaustive_index - INFO - Processed table 1822 - datasets_USA/USA_CSV0000000000023741.csv
2025-12-18 18:32:30 - exhaustive_index - INFO - Processing table 1823 - datasets_USA/USA_CSV0000000000023754.csv
2025-12-18 18:32:30 - exhaustive_index - INFO - Table datasets_USA/USA_CSV0000000000023754.csv has 9943 rows and 17 columns
2025-12-18 18:32:30 - exhaustive_index - INFO - Processed table 1823 - datasets_USA/USA_CSV0000000000023754.csv
2025-12-18 18:33:19 - exhaustive_index - INFO - Processing table 1824 - datasets_USA/USA_CSV0000000000023796.csv
2025-12-18 18:33:19 - exhaustive_index - INFO - Table datasets_USA/USA_CSV0000000000023796.csv has 24273 rows and 16 columns
2025-12-18 18:33:19 - exhaustive_index - INFO - Processed table 1824 - datasets_USA/USA_CSV0000000000023796.csv
2025-12-18 18:33:19 - exhaustive_index - INFO - Processing table 1825 - datasets_USA/USA_CSV0000000000023797.csv
2025-12-18 18:33:22 - exhaustive_index - INFO - Processing table 1826 - datasets_USA/USA_CSV0000000000023799.csv
2025-12-18 18:33:22 - exhaustive_index - INFO - Table datasets_USA/USA_CSV0000000000023799.csv has 20850 rows and 9 columns
2025-12-18 18:33:22 - exhaustive_index - INFO - Processed table 1826 - datasets_USA/USA_CSV0000000000023799.csv
2025-12-18 18:33:22 - exhaustive_index - INFO - Processing table 1827 - datasets_USA/USA_CSV0000000000023803.csv
2025-12-18 18:33:24 - exhaustive_index - INFO - Processing table 1828 - datasets_USA/USA_CSV0000000000023806.csv
2025-12-18 18:33:24 - exhaustive_index - INFO - Table datasets_USA/USA_CSV0000000000023806.csv has 8760 rows and 21 columns
2025-12-18 18:33:24 - exhaustive_index - INFO - Processed table 1828 - datasets_USA/USA_CSV0000000000023806.csv
2025-12-18 18:33:26 - exhaustive_index - INFO - Processing table 1829 - datasets_USA/USA_CSV0000000000023823.csv
2025-12-18 18:33:26 - exhaustive_index - INFO - Table datasets_USA/USA_CSV0000000000023823.csv has 10306 rows and 11 columns
2025-12-18 18:33:26 - exhaustive_index - INFO - Processed table 1829 - datasets_USA/USA_CSV0000000000023823.csv
2025-12-18 18:33:27 - exhaustive_index - INFO - Processing table 1830 - datasets_USA/USA_CSV0000000000023826.csv
2025-12-18 18:33:27 - exhaustive_index - INFO - Table datasets_USA/USA_CSV0000000000023826.csv has 13728 rows and 12 columns
2025-12-18 18:33:27 - exhaustive_index - INFO - Processed table 1830 - datasets_USA/USA_CSV0000000000023826.csv
2025-12-18 18:33:30 - exhaustive_index - INFO - Processing table 1831 - datasets_USA/USA_CSV0000000000023831.csv
2025-12-18 18:33:30 - exhaustive_index - INFO - Table datasets_USA/USA_CSV0000000000023831.csv has 8417 rows and 17 columns
2025-12-18 18:33:30 - exhaustive_index - INFO - Processed table 1831 - datasets_USA/USA_CSV0000000000023831.csv
2025-12-18 18:33:32 - exhaustive_index - INFO - Processing table 1832 - datasets_USA/USA_CSV0000000000023846.csv
2025-12-18 18:33:32 - exhaustive_index - INFO - Table datasets_USA/USA_CSV0000000000023846.csv has 8784 rows and 21 columns
2025-12-18 18:33:32 - exhaustive_index - INFO - Processed table 1832 - datasets_USA/USA_CSV0000000000023846.csv
2025-12-18 18:33:32 - exhaustive_index - INFO - Processing table 1833 - datasets_USA/USA_CSV0000000000023851.csv
2025-12-18 18:33:36 - exhaustive_index - INFO - Processing table 1834 - datasets_USA/USA_CSV0000000000023852.csv
2025-12-18 18:33:36 - exhaustive_index - INFO - Table datasets_USA/USA_CSV0000000000023852.csv has 14491 rows and 10 columns
2025-12-18 18:33:36 - exhaustive_index - INFO - Processed table 1834 - datasets_USA/USA_CSV0000000000023852.csv
2025-12-18 18:33:43 - exhaustive_index - INFO - Processing table 1835 - datasets_USA/USA_CSV0000000000023856.csv
2025-12-18 18:33:43 - exhaustive_index - INFO - Table datasets_USA/USA_CSV0000000000023856.csv has 32097 rows and 13 columns
2025-12-18 18:33:43 - exhaustive_index - INFO - Processed table 1835 - datasets_USA/USA_CSV0000000000023856.csv
2025-12-18 18:33:44 - exhaustive_index - INFO - Processing table 1836 - datasets_USA/USA_CSV0000000000023870.csv
2025-12-18 18:33:44 - exhaustive_index - INFO - Table datasets_USA/USA_CSV0000000000023870.csv has 5651 rows and 13 columns
2025-12-18 18:33:44 - exhaustive_index - INFO - Processed table 1836 - datasets_USA/USA_CSV0000000000023870.csv
2025-12-18 18:33:47 - exhaustive_index - INFO - Processing table 1837 - datasets_USA/USA_CSV0000000000023879.csv
2025-12-18 18:33:47 - exhaustive_index - INFO - Table datasets_USA/USA_CSV0000000000023879.csv has 9715 rows and 18 columns
2025-12-18 18:33:47 - exhaustive_index - INFO - Processed table 1837 - datasets_USA/USA_CSV0000000000023879.csv
2025-12-18 18:33:47 - exhaustive_index - INFO - Processing table 1838 - datasets_USA/USA_CSV0000000000023881.csv
2025-12-18 18:33:47 - exhaustive_index - INFO - Table datasets_USA/USA_CSV0000000000023881.csv has 11 rows and 22 columns
2025-12-18 18:33:47 - exhaustive_index - INFO - Processed table 1838 - datasets_USA/USA_CSV0000000000023881.csv
2025-12-18 18:33:48 - exhaustive_index - INFO - Processing table 1839 - datasets_USA/USA_CSV0000000000023886.csv
2025-12-18 18:33:48 - exhaustive_index - INFO - Table datasets_USA/USA_CSV0000000000023886.csv has 17111 rows and 5 columns
2025-12-18 18:33:48 - exhaustive_index - INFO - Processed table 1839 - datasets_USA/USA_CSV0000000000023886.csv
2025-12-18 18:33:51 - exhaustive_index - INFO - Processing table 1840 - datasets_USA/USA_CSV0000000000023889.csv
2025-12-18 18:33:51 - exhaustive_index - INFO - Table datasets_USA/USA_CSV0000000000023889.csv has 8760 rows and 21 columns
2025-12-18 18:33:51 - exhaustive_index - INFO - Processed table 1840 - datasets_USA/USA_CSV0000000000023889.csv
2025-12-18 18:33:53 - exhaustive_index - INFO - Processing table 1841 - datasets_USA/USA_CSV0000000000023901.csv
2025-12-18 18:33:53 - exhaustive_index - INFO - Table datasets_USA/USA_CSV0000000000023901.csv has 15130 rows and 22 columns
2025-12-18 18:33:53 - exhaustive_index - INFO - Processed table 1841 - datasets_USA/USA_CSV0000000000023901.csv
2025-12-18 18:33:56 - exhaustive_index - INFO - Processing table 1842 - datasets_USA/USA_CSV0000000000023904.csv
2025-12-18 18:33:56 - exhaustive_index - INFO - Table datasets_USA/USA_CSV0000000000023904.csv has 7101 rows and 22 columns
2025-12-18 18:33:56 - exhaustive_index - INFO - Processed table 1842 - datasets_USA/USA_CSV0000000000023904.csv
2025-12-18 18:33:56 - exhaustive_index - INFO - Processing table 1843 - datasets_USA/USA_CSV0000000000023906.csv
2025-12-18 18:33:56 - exhaustive_index - INFO - Table datasets_USA/USA_CSV0000000000023906.csv has 41725 rows and 6 columns
2025-12-18 18:33:56 - exhaustive_index - INFO - Processed table 1843 - datasets_USA/USA_CSV0000000000023906.csv
2025-12-18 18:34:01 - exhaustive_index - INFO - Processing table 1844 - datasets_USA/USA_CSV0000000000023906__8.csv
2025-12-18 18:34:01 - exhaustive_index - INFO - Table datasets_USA/USA_CSV0000000000023906__8.csv has 50233 rows and 9 columns
2025-12-18 18:34:01 - exhaustive_index - INFO - Processed table 1844 - datasets_USA/USA_CSV0000000000023906__8.csv
2025-12-18 18:34:04 - exhaustive_index - INFO - Processing table 1845 - datasets_USA/USA_CSV0000000000023911.csv
2025-12-18 18:34:04 - exhaustive_index - INFO - Table datasets_USA/USA_CSV0000000000023911.csv has 8784 rows and 21 columns
2025-12-18 18:34:04 - exhaustive_index - INFO - Processed table 1845 - datasets_USA/USA_CSV0000000000023911.csv
2025-12-18 18:34:05 - exhaustive_index - INFO - Processing table 1846 - datasets_USA/USA_CSV0000000000023914.csv
2025-12-18 18:34:05 - exhaustive_index - INFO - Table datasets_USA/USA_CSV0000000000023914.csv has 8784 rows and 21 columns
2025-12-18 18:34:05 - exhaustive_index - INFO - Processed table 1846 - datasets_USA/USA_CSV0000000000023914.csv
2025-12-18 18:34:07 - exhaustive_index - INFO - Processing table 1847 - datasets_USA/USA_CSV0000000000023925.csv
2025-12-18 18:34:07 - exhaustive_index - INFO - Table datasets_USA/USA_CSV0000000000023925.csv has 6240 rows and 14 columns
2025-12-18 18:34:07 - exhaustive_index - INFO - Processed table 1847 - datasets_USA/USA_CSV0000000000023925.csv
2025-12-18 18:34:14 - exhaustive_index - INFO - Processing table 1848 - datasets_USA/USA_CSV0000000000023927.csv
2025-12-18 18:34:14 - exhaustive_index - INFO - Table datasets_USA/USA_CSV0000000000023927.csv has 14045 rows and 26 columns
2025-12-18 18:34:14 - exhaustive_index - INFO - Processed table 1848 - datasets_USA/USA_CSV0000000000023927.csv
2025-12-18 18:34:18 - exhaustive_index - INFO - Processing table 1849 - datasets_USA/USA_CSV0000000000023939.csv
2025-12-18 18:34:18 - exhaustive_index - INFO - Table datasets_USA/USA_CSV0000000000023939.csv has 8760 rows and 21 columns
2025-12-18 18:34:18 - exhaustive_index - INFO - Processed table 1849 - datasets_USA/USA_CSV0000000000023939.csv
2025-12-18 18:34:20 - exhaustive_index - INFO - Processing table 1850 - datasets_USA/USA_CSV0000000000023941.csv
2025-12-18 18:34:20 - exhaustive_index - INFO - Table datasets_USA/USA_CSV0000000000023941.csv has 15517 rows and 22 columns
2025-12-18 18:34:20 - exhaustive_index - INFO - Processed table 1850 - datasets_USA/USA_CSV0000000000023941.csv
2025-12-18 18:34:21 - exhaustive_index - INFO - Processing table 1851 - datasets_USA/USA_CSV0000000000023952.csv
2025-12-18 18:34:21 - exhaustive_index - INFO - Table datasets_USA/USA_CSV0000000000023952.csv has 20945 rows and 7 columns
2025-12-18 18:34:21 - exhaustive_index - INFO - Processed table 1851 - datasets_USA/USA_CSV0000000000023952.csv
2025-12-18 18:34:23 - exhaustive_index - INFO - Processing table 1852 - datasets_USA/USA_CSV0000000000023953.csv
2025-12-18 18:34:23 - exhaustive_index - INFO - Table datasets_USA/USA_CSV0000000000023953.csv has 13902 rows and 7 columns
2025-12-18 18:34:23 - exhaustive_index - INFO - Processed table 1852 - datasets_USA/USA_CSV0000000000023953.csv
2025-12-18 18:34:23 - exhaustive_index - INFO - Processing table 1853 - datasets_USA/USA_CSV0000000000023957.csv
2025-12-18 18:34:23 - exhaustive_index - INFO - Table datasets_USA/USA_CSV0000000000023957.csv has 24010 rows and 3 columns
2025-12-18 18:34:23 - exhaustive_index - INFO - Processed table 1853 - datasets_USA/USA_CSV0000000000023957.csv
2025-12-18 18:34:26 - exhaustive_index - INFO - Processing table 1854 - datasets_USA/USA_CSV0000000000023990.csv
2025-12-18 18:34:26 - exhaustive_index - INFO - Table datasets_USA/USA_CSV0000000000023990.csv has 8784 rows and 21 columns
2025-12-18 18:34:26 - exhaustive_index - INFO - Processed table 1854 - datasets_USA/USA_CSV0000000000023990.csv
2025-12-18 18:34:28 - exhaustive_index - INFO - Processing table 1855 - datasets_USA/USA_CSV0000000000024002.csv
2025-12-18 18:34:28 - exhaustive_index - INFO - Table datasets_USA/USA_CSV0000000000024002.csv has 4553 rows and 19 columns
2025-12-18 18:34:28 - exhaustive_index - INFO - Processed table 1855 - datasets_USA/USA_CSV0000000000024002.csv
2025-12-18 18:34:31 - exhaustive_index - INFO - Processing table 1856 - datasets_USA/USA_CSV0000000000024009.csv
2025-12-18 18:34:31 - exhaustive_index - INFO - Table datasets_USA/USA_CSV0000000000024009.csv has 8760 rows and 21 columns
2025-12-18 18:34:31 - exhaustive_index - INFO - Processed table 1856 - datasets_USA/USA_CSV0000000000024009.csv
2025-12-18 18:34:32 - exhaustive_index - INFO - Processing table 1857 - datasets_USA/USA_CSV0000000000024010.csv
2025-12-18 18:34:32 - exhaustive_index - INFO - Table datasets_USA/USA_CSV0000000000024010.csv has 8784 rows and 21 columns
2025-12-18 18:34:32 - exhaustive_index - INFO - Processed table 1857 - datasets_USA/USA_CSV0000000000024010.csv
2025-12-18 18:34:36 - exhaustive_index - INFO - Processing table 1858 - datasets_USA/USA_CSV0000000000024012.csv
2025-12-18 18:34:36 - exhaustive_index - INFO - Table datasets_USA/USA_CSV0000000000024012.csv has 8784 rows and 21 columns
2025-12-18 18:34:36 - exhaustive_index - INFO - Processed table 1858 - datasets_USA/USA_CSV0000000000024012.csv
2025-12-18 18:34:37 - exhaustive_index - INFO - Processing table 1859 - datasets_USA/USA_CSV0000000000024014.csv
2025-12-18 18:34:37 - exhaustive_index - INFO - Table datasets_USA/USA_CSV0000000000024014.csv has 8784 rows and 21 columns
2025-12-18 18:34:37 - exhaustive_index - INFO - Processed table 1859 - datasets_USA/USA_CSV0000000000024014.csv
2025-12-18 18:34:39 - exhaustive_index - INFO - Processing table 1860 - datasets_USA/USA_CSV0000000000024015.csv
2025-12-18 18:34:39 - exhaustive_index - INFO - Table datasets_USA/USA_CSV0000000000024015.csv has 6576 rows and 18 columns
2025-12-18 18:34:39 - exhaustive_index - INFO - Processed table 1860 - datasets_USA/USA_CSV0000000000024015.csv
2025-12-18 18:34:40 - exhaustive_index - INFO - Processing table 1861 - datasets_USA/USA_CSV0000000000024025.csv
2025-12-18 18:34:40 - exhaustive_index - INFO - Table datasets_USA/USA_CSV0000000000024025.csv has 23114 rows and 9 columns
2025-12-18 18:34:40 - exhaustive_index - INFO - Processed table 1861 - datasets_USA/USA_CSV0000000000024025.csv
2025-12-18 18:34:46 - exhaustive_index - INFO - Processing table 1862 - datasets_USA/USA_CSV0000000000024027.csv
2025-12-18 18:34:46 - exhaustive_index - INFO - Table datasets_USA/USA_CSV0000000000024027.csv has 12077 rows and 14 columns
2025-12-18 18:34:46 - exhaustive_index - INFO - Processed table 1862 - datasets_USA/USA_CSV0000000000024027.csv
2025-12-18 18:34:46 - exhaustive_index - INFO - Processing table 1863 - datasets_USA/USA_CSV0000000000024029.csv
2025-12-18 18:34:46 - exhaustive_index - INFO - Table datasets_USA/USA_CSV0000000000024029.csv has 45 rows and 6 columns
2025-12-18 18:34:46 - exhaustive_index - INFO - Processed table 1863 - datasets_USA/USA_CSV0000000000024029.csv
2025-12-18 18:34:47 - exhaustive_index - INFO - Processing table 1864 - datasets_USA/USA_CSV0000000000024035.csv
2025-12-18 18:34:47 - exhaustive_index - INFO - Table datasets_USA/USA_CSV0000000000024035.csv has 14094 rows and 9 columns
2025-12-18 18:34:47 - exhaustive_index - INFO - Processed table 1864 - datasets_USA/USA_CSV0000000000024035.csv
2025-12-18 18:34:49 - exhaustive_index - INFO - Processing table 1865 - datasets_USA/USA_CSV0000000000024042.csv
2025-12-18 18:34:49 - exhaustive_index - INFO - Table datasets_USA/USA_CSV0000000000024042.csv has 15468 rows and 10 columns
2025-12-18 18:34:49 - exhaustive_index - INFO - Processed table 1865 - datasets_USA/USA_CSV0000000000024042.csv
2025-12-18 18:34:49 - exhaustive_index - INFO - Processing table 1866 - datasets_USA/USA_CSV0000000000024043.csv
2025-12-18 18:34:49 - exhaustive_index - INFO - Table datasets_USA/USA_CSV0000000000024043.csv has 24023 rows and 6 columns
2025-12-18 18:34:49 - exhaustive_index - INFO - Processed table 1866 - datasets_USA/USA_CSV0000000000024043.csv
2025-12-18 18:34:53 - exhaustive_index - INFO - Processing table 1867 - datasets_USA/USA_CSV0000000000024048.csv
2025-12-18 18:34:53 - exhaustive_index - INFO - Table datasets_USA/USA_CSV0000000000024048.csv has 2826 rows and 17 columns
2025-12-18 18:34:53 - exhaustive_index - INFO - Processed table 1867 - datasets_USA/USA_CSV0000000000024048.csv
2025-12-18 18:34:54 - exhaustive_index - INFO - Processing table 1868 - datasets_USA/USA_CSV0000000000024056.csv
2025-12-18 18:34:54 - exhaustive_index - INFO - Table datasets_USA/USA_CSV0000000000024056.csv has 31512 rows and 9 columns
2025-12-18 18:34:54 - exhaustive_index - INFO - Processed table 1868 - datasets_USA/USA_CSV0000000000024056.csv
2025-12-18 18:34:58 - exhaustive_index - INFO - Processing table 1869 - datasets_USA/USA_CSV0000000000024073.csv
2025-12-18 18:34:58 - exhaustive_index - INFO - Table datasets_USA/USA_CSV0000000000024073.csv has 8784 rows and 21 columns
2025-12-18 18:34:58 - exhaustive_index - INFO - Processed table 1869 - datasets_USA/USA_CSV0000000000024073.csv
2025-12-18 18:34:59 - exhaustive_index - INFO - Processing table 1870 - datasets_USA/USA_CSV0000000000024085.csv
2025-12-18 18:34:59 - exhaustive_index - INFO - Table datasets_USA/USA_CSV0000000000024085.csv has 9979 rows and 16 columns
2025-12-18 18:34:59 - exhaustive_index - INFO - Processed table 1870 - datasets_USA/USA_CSV0000000000024085.csv
2025-12-18 18:34:59 - exhaustive_index - INFO - Processing table 1871 - datasets_USA/USA_CSV0000000000024090.csv
2025-12-18 18:34:59 - exhaustive_index - INFO - Table datasets_USA/USA_CSV0000000000024090.csv has 242 rows and 12 columns
2025-12-18 18:34:59 - exhaustive_index - INFO - Processed table 1871 - datasets_USA/USA_CSV0000000000024090.csv
2025-12-18 18:35:04 - exhaustive_index - INFO - Processing table 1872 - datasets_USA/USA_CSV0000000000024109.csv
2025-12-18 18:35:04 - exhaustive_index - INFO - Table datasets_USA/USA_CSV0000000000024109.csv has 30621 rows and 11 columns
2025-12-18 18:35:04 - exhaustive_index - INFO - Processed table 1872 - datasets_USA/USA_CSV0000000000024109.csv
2025-12-18 18:35:06 - exhaustive_index - INFO - Processing table 1873 - datasets_USA/USA_CSV0000000000024115.csv
2025-12-18 18:35:06 - exhaustive_index - INFO - Table datasets_USA/USA_CSV0000000000024115.csv has 8760 rows and 21 columns
2025-12-18 18:35:06 - exhaustive_index - INFO - Processed table 1873 - datasets_USA/USA_CSV0000000000024115.csv
2025-12-18 18:35:07 - exhaustive_index - INFO - Processing table 1874 - datasets_USA/USA_CSV0000000000024126.csv
2025-12-18 18:35:07 - exhaustive_index - INFO - Table datasets_USA/USA_CSV0000000000024126.csv has 12225 rows and 10 columns
2025-12-18 18:35:07 - exhaustive_index - INFO - Processed table 1874 - datasets_USA/USA_CSV0000000000024126.csv
2025-12-18 18:35:07 - exhaustive_index - INFO - Processing table 1875 - datasets_USA/USA_CSV0000000000024127.csv
2025-12-18 18:35:07 - exhaustive_index - INFO - Table datasets_USA/USA_CSV0000000000024127.csv has 310 rows and 10 columns
2025-12-18 18:35:07 - exhaustive_index - INFO - Processed table 1875 - datasets_USA/USA_CSV0000000000024127.csv
2025-12-18 18:35:25 - exhaustive_index - INFO - Processing table 1876 - datasets_USA/USA_CSV0000000000024142.csv
2025-12-18 18:35:25 - exhaustive_index - INFO - Table datasets_USA/USA_CSV0000000000024142.csv has 21091 rows and 13 columns
2025-12-18 18:35:25 - exhaustive_index - INFO - Processed table 1876 - datasets_USA/USA_CSV0000000000024142.csv
2025-12-18 18:35:27 - exhaustive_index - INFO - Processing table 1877 - datasets_USA/USA_CSV0000000000024155.csv
2025-12-18 18:35:27 - exhaustive_index - INFO - Table datasets_USA/USA_CSV0000000000024155.csv has 17671 rows and 10 columns
2025-12-18 18:35:27 - exhaustive_index - INFO - Processed table 1877 - datasets_USA/USA_CSV0000000000024155.csv
2025-12-18 18:35:28 - exhaustive_index - INFO - Processing table 1878 - datasets_USA/USA_CSV0000000000024160.csv
2025-12-18 18:35:28 - exhaustive_index - INFO - Table datasets_USA/USA_CSV0000000000024160.csv has 65102 rows and 6 columns
2025-12-18 18:35:28 - exhaustive_index - INFO - Processed table 1878 - datasets_USA/USA_CSV0000000000024160.csv
2025-12-18 18:35:29 - exhaustive_index - INFO - Processing table 1879 - datasets_USA/USA_CSV0000000000024162.csv
2025-12-18 18:35:29 - exhaustive_index - INFO - Table datasets_USA/USA_CSV0000000000024162.csv has 6249 rows and 25 columns
2025-12-18 18:35:29 - exhaustive_index - INFO - Processed table 1879 - datasets_USA/USA_CSV0000000000024162.csv
2025-12-18 18:35:32 - exhaustive_index - INFO - Processing table 1880 - datasets_USA/USA_CSV0000000000024164.csv
2025-12-18 18:35:32 - exhaustive_index - INFO - Table datasets_USA/USA_CSV0000000000024164.csv has 10006 rows and 15 columns
2025-12-18 18:35:32 - exhaustive_index - INFO - Processed table 1880 - datasets_USA/USA_CSV0000000000024164.csv
2025-12-18 18:35:50 - exhaustive_index - INFO - Processing table 1881 - datasets_USA/USA_CSV0000000000024169.csv
2025-12-18 18:35:50 - exhaustive_index - INFO - Table datasets_USA/USA_CSV0000000000024169.csv has 17021 rows and 15 columns
2025-12-18 18:35:50 - exhaustive_index - INFO - Processed table 1881 - datasets_USA/USA_CSV0000000000024169.csv
2025-12-18 18:35:52 - exhaustive_index - INFO - Processing table 1882 - datasets_USA/USA_CSV0000000000024170.csv
2025-12-18 18:35:52 - exhaustive_index - INFO - Table datasets_USA/USA_CSV0000000000024170.csv has 26229 rows and 10 columns
2025-12-18 18:35:52 - exhaustive_index - INFO - Processed table 1882 - datasets_USA/USA_CSV0000000000024170.csv
2025-12-18 18:35:54 - exhaustive_index - INFO - Processing table 1883 - datasets_USA/USA_CSV0000000000024188.csv
2025-12-18 18:35:54 - exhaustive_index - INFO - Table datasets_USA/USA_CSV0000000000024188.csv has 16572 rows and 7 columns
2025-12-18 18:35:54 - exhaustive_index - INFO - Processed table 1883 - datasets_USA/USA_CSV0000000000024188.csv
2025-12-18 18:35:55 - exhaustive_index - INFO - Processing table 1884 - datasets_USA/USA_CSV0000000000024190.csv
2025-12-18 18:35:55 - exhaustive_index - INFO - Table datasets_USA/USA_CSV0000000000024190.csv has 14619 rows and 10 columns
2025-12-18 18:35:55 - exhaustive_index - INFO - Processed table 1884 - datasets_USA/USA_CSV0000000000024190.csv
2025-12-18 18:36:19 - exhaustive_index - INFO - Processing table 1885 - datasets_USA/USA_CSV0000000000024194.csv
2025-12-18 18:36:19 - exhaustive_index - INFO - Table datasets_USA/USA_CSV0000000000024194.csv has 8064 rows and 45 columns
2025-12-18 18:36:19 - exhaustive_index - INFO - Processed table 1885 - datasets_USA/USA_CSV0000000000024194.csv
2025-12-18 18:36:22 - exhaustive_index - INFO - Processing table 1886 - datasets_USA/USA_CSV0000000000024195.csv
2025-12-18 18:36:22 - exhaustive_index - INFO - Table datasets_USA/USA_CSV0000000000024195.csv has 11395 rows and 18 columns
2025-12-18 18:36:22 - exhaustive_index - INFO - Processed table 1886 - datasets_USA/USA_CSV0000000000024195.csv
2025-12-18 18:36:26 - exhaustive_index - INFO - Processing table 1887 - datasets_USA/USA_CSV0000000000024202.csv
2025-12-18 18:36:26 - exhaustive_index - INFO - Table datasets_USA/USA_CSV0000000000024202.csv has 8760 rows and 21 columns
2025-12-18 18:36:26 - exhaustive_index - INFO - Processed table 1887 - datasets_USA/USA_CSV0000000000024202.csv
2025-12-18 18:36:29 - exhaustive_index - INFO - Processing table 1888 - datasets_USA/USA_CSV0000000000024204.csv
2025-12-18 18:36:29 - exhaustive_index - INFO - Table datasets_USA/USA_CSV0000000000024204.csv has 8760 rows and 21 columns
2025-12-18 18:36:29 - exhaustive_index - INFO - Processed table 1888 - datasets_USA/USA_CSV0000000000024204.csv
2025-12-18 18:36:31 - exhaustive_index - INFO - Processing table 1889 - datasets_USA/USA_CSV0000000000024207.csv
2025-12-18 18:36:31 - exhaustive_index - INFO - Table datasets_USA/USA_CSV0000000000024207.csv has 25440 rows and 7 columns
2025-12-18 18:36:31 - exhaustive_index - INFO - Processed table 1889 - datasets_USA/USA_CSV0000000000024207.csv
2025-12-18 18:36:32 - exhaustive_index - INFO - Processing table 1890 - datasets_USA/USA_CSV0000000000024210.csv
2025-12-18 18:36:32 - exhaustive_index - INFO - Table datasets_USA/USA_CSV0000000000024210.csv has 11867 rows and 8 columns
2025-12-18 18:36:32 - exhaustive_index - INFO - Processed table 1890 - datasets_USA/USA_CSV0000000000024210.csv
2025-12-18 18:36:36 - exhaustive_index - INFO - Processing table 1891 - datasets_USA/USA_CSV0000000000024219.csv
2025-12-18 18:36:36 - exhaustive_index - INFO - Table datasets_USA/USA_CSV0000000000024219.csv has 92376 rows and 9 columns
2025-12-18 18:36:36 - exhaustive_index - INFO - Processed table 1891 - datasets_USA/USA_CSV0000000000024219.csv
2025-12-18 18:36:38 - exhaustive_index - INFO - Processing table 1892 - datasets_USA/USA_CSV0000000000024229.csv
2025-12-18 18:36:38 - exhaustive_index - INFO - Table datasets_USA/USA_CSV0000000000024229.csv has 14252 rows and 7 columns
2025-12-18 18:36:38 - exhaustive_index - INFO - Processed table 1892 - datasets_USA/USA_CSV0000000000024229.csv
2025-12-18 18:36:39 - exhaustive_index - INFO - Processing table 1893 - datasets_USA/USA_CSV0000000000024241.csv
2025-12-18 18:36:39 - exhaustive_index - INFO - Table datasets_USA/USA_CSV0000000000024241.csv has 33632 rows and 9 columns
2025-12-18 18:36:39 - exhaustive_index - INFO - Processed table 1893 - datasets_USA/USA_CSV0000000000024241.csv
2025-12-18 18:36:49 - exhaustive_index - INFO - Processing table 1894 - datasets_USA/USA_CSV0000000000024259.csv
2025-12-18 18:36:49 - exhaustive_index - INFO - Table datasets_USA/USA_CSV0000000000024259.csv has 7521 rows and 26 columns
2025-12-18 18:36:49 - exhaustive_index - INFO - Processed table 1894 - datasets_USA/USA_CSV0000000000024259.csv
2025-12-18 18:36:51 - exhaustive_index - INFO - Processing table 1895 - datasets_USA/USA_CSV0000000000024262.csv
2025-12-18 18:36:51 - exhaustive_index - INFO - Table datasets_USA/USA_CSV0000000000024262.csv has 24455 rows and 7 columns
2025-12-18 18:36:51 - exhaustive_index - INFO - Processed table 1895 - datasets_USA/USA_CSV0000000000024262.csv
2025-12-18 18:36:53 - exhaustive_index - INFO - Processing table 1896 - datasets_USA/USA_CSV0000000000024269.csv
2025-12-18 18:36:53 - exhaustive_index - INFO - Table datasets_USA/USA_CSV0000000000024269.csv has 8760 rows and 21 columns
2025-12-18 18:36:53 - exhaustive_index - INFO - Processed table 1896 - datasets_USA/USA_CSV0000000000024269.csv
2025-12-18 18:36:54 - exhaustive_index - INFO - Processing table 1897 - datasets_USA/USA_CSV0000000000024283.csv
2025-12-18 18:36:54 - exhaustive_index - INFO - Table datasets_USA/USA_CSV0000000000024283.csv has 34382 rows and 8 columns
2025-12-18 18:36:54 - exhaustive_index - INFO - Processed table 1897 - datasets_USA/USA_CSV0000000000024283.csv
2025-12-18 18:36:55 - exhaustive_index - INFO - Processing table 1898 - datasets_USA/USA_CSV0000000000024286.csv
2025-12-18 18:36:55 - exhaustive_index - INFO - Table datasets_USA/USA_CSV0000000000024286.csv has 8760 rows and 21 columns
2025-12-18 18:36:55 - exhaustive_index - INFO - Processed table 1898 - datasets_USA/USA_CSV0000000000024286.csv
2025-12-18 18:36:56 - exhaustive_index - INFO - Processing table 1899 - datasets_USA/USA_CSV0000000000024288.csv
2025-12-18 18:36:56 - exhaustive_index - INFO - Table datasets_USA/USA_CSV0000000000024288.csv has 8760 rows and 21 columns
2025-12-18 18:36:56 - exhaustive_index - INFO - Processed table 1899 - datasets_USA/USA_CSV0000000000024288.csv
2025-12-18 18:36:58 - exhaustive_index - INFO - Processing table 1900 - datasets_USA/USA_CSV0000000000024297.csv
2025-12-18 18:36:58 - exhaustive_index - INFO - Table datasets_USA/USA_CSV0000000000024297.csv has 18011 rows and 11 columns
2025-12-18 18:36:58 - exhaustive_index - INFO - Processed table 1900 - datasets_USA/USA_CSV0000000000024297.csv
2025-12-18 18:37:03 - exhaustive_index - INFO - Processing table 1901 - datasets_USA/USA_CSV0000000000024300.csv
2025-12-18 18:37:03 - exhaustive_index - INFO - Table datasets_USA/USA_CSV0000000000024300.csv has 6587 rows and 22 columns
2025-12-18 18:37:03 - exhaustive_index - INFO - Processed table 1901 - datasets_USA/USA_CSV0000000000024300.csv
2025-12-18 18:37:09 - exhaustive_index - INFO - Processing table 1902 - datasets_USA/USA_CSV0000000000024311.csv
2025-12-18 18:37:09 - exhaustive_index - INFO - Table datasets_USA/USA_CSV0000000000024311.csv has 8784 rows and 21 columns
2025-12-18 18:37:09 - exhaustive_index - INFO - Processed table 1902 - datasets_USA/USA_CSV0000000000024311.csv
2025-12-18 18:37:12 - exhaustive_index - INFO - Processing table 1903 - datasets_USA/USA_CSV0000000000024313.csv
2025-12-18 18:37:12 - exhaustive_index - INFO - Table datasets_USA/USA_CSV0000000000024313.csv has 8760 rows and 21 columns
2025-12-18 18:37:12 - exhaustive_index - INFO - Processed table 1903 - datasets_USA/USA_CSV0000000000024313.csv
2025-12-18 18:37:13 - exhaustive_index - INFO - Processing table 1904 - datasets_USA/USA_CSV0000000000024318.csv
2025-12-18 18:37:13 - exhaustive_index - INFO - Table datasets_USA/USA_CSV0000000000024318.csv has 7063 rows and 16 columns
2025-12-18 18:37:13 - exhaustive_index - INFO - Processed table 1904 - datasets_USA/USA_CSV0000000000024318.csv
2025-12-18 18:37:14 - exhaustive_index - INFO - Processing table 1905 - datasets_USA/USA_CSV0000000000024321.csv
2025-12-18 18:37:14 - exhaustive_index - INFO - Table datasets_USA/USA_CSV0000000000024321.csv has 27452 rows and 8 columns
2025-12-18 18:37:14 - exhaustive_index - INFO - Processed table 1905 - datasets_USA/USA_CSV0000000000024321.csv
2025-12-18 18:37:17 - exhaustive_index - INFO - Processing table 1906 - datasets_USA/USA_CSV0000000000024327.csv
2025-12-18 18:37:17 - exhaustive_index - INFO - Table datasets_USA/USA_CSV0000000000024327.csv has 8760 rows and 21 columns
2025-12-18 18:37:17 - exhaustive_index - INFO - Processed table 1906 - datasets_USA/USA_CSV0000000000024327.csv
2025-12-18 18:37:24 - exhaustive_index - INFO - Processing table 1907 - datasets_USA/USA_CSV0000000000024346.csv
2025-12-18 18:37:24 - exhaustive_index - INFO - Table datasets_USA/USA_CSV0000000000024346.csv has 25476 rows and 15 columns
2025-12-18 18:37:24 - exhaustive_index - INFO - Processed table 1907 - datasets_USA/USA_CSV0000000000024346.csv
2025-12-18 18:37:24 - exhaustive_index - INFO - Processing table 1908 - datasets_USA/USA_CSV0000000000024365.csv
2025-12-18 18:37:24 - exhaustive_index - INFO - Table datasets_USA/USA_CSV0000000000024365.csv has 34642 rows and 4 columns
2025-12-18 18:37:24 - exhaustive_index - INFO - Processed table 1908 - datasets_USA/USA_CSV0000000000024365.csv
2025-12-18 18:37:27 - exhaustive_index - INFO - Processing table 1909 - datasets_USA/USA_CSV0000000000024384.csv
2025-12-18 18:37:27 - exhaustive_index - INFO - Table datasets_USA/USA_CSV0000000000024384.csv has 8760 rows and 21 columns
2025-12-18 18:37:27 - exhaustive_index - INFO - Processed table 1909 - datasets_USA/USA_CSV0000000000024384.csv
2025-12-18 18:37:28 - exhaustive_index - INFO - Processing table 1910 - datasets_USA/USA_CSV0000000000024408.csv
2025-12-18 18:37:28 - exhaustive_index - INFO - Table datasets_USA/USA_CSV0000000000024408.csv has 174 rows and 5 columns
2025-12-18 18:37:28 - exhaustive_index - INFO - Processed table 1910 - datasets_USA/USA_CSV0000000000024408.csv
2025-12-18 18:37:29 - exhaustive_index - INFO - Processing table 1911 - datasets_USA/USA_CSV0000000000024409.csv
2025-12-18 18:37:29 - exhaustive_index - INFO - Table datasets_USA/USA_CSV0000000000024409.csv has 386 rows and 11 columns
2025-12-18 18:37:29 - exhaustive_index - INFO - Processed table 1911 - datasets_USA/USA_CSV0000000000024409.csv
2025-12-18 18:37:31 - exhaustive_index - INFO - Processing table 1912 - datasets_USA/USA_CSV0000000000024411.csv
2025-12-18 18:37:31 - exhaustive_index - INFO - Table datasets_USA/USA_CSV0000000000024411.csv has 10631 rows and 5 columns
2025-12-18 18:37:31 - exhaustive_index - INFO - Processed table 1912 - datasets_USA/USA_CSV0000000000024411.csv
2025-12-18 18:37:31 - exhaustive_index - INFO - Processing table 1913 - datasets_USA/USA_CSV0000000000024436.csv
2025-12-18 18:37:31 - exhaustive_index - INFO - Table datasets_USA/USA_CSV0000000000024436.csv has 63 rows and 4 columns
2025-12-18 18:37:31 - exhaustive_index - INFO - Processed table 1913 - datasets_USA/USA_CSV0000000000024436.csv
2025-12-18 18:37:39 - exhaustive_index - INFO - Processing table 1914 - datasets_USA/USA_CSV0000000000024438.csv
2025-12-18 18:37:39 - exhaustive_index - INFO - Table datasets_USA/USA_CSV0000000000024438.csv has 9753 rows and 30 columns
2025-12-18 18:37:39 - exhaustive_index - INFO - Processed table 1914 - datasets_USA/USA_CSV0000000000024438.csv
2025-12-18 18:37:41 - exhaustive_index - INFO - Processing table 1915 - datasets_USA/USA_CSV0000000000024439.csv
2025-12-18 18:37:41 - exhaustive_index - INFO - Table datasets_USA/USA_CSV0000000000024439.csv has 8760 rows and 21 columns
2025-12-18 18:37:41 - exhaustive_index - INFO - Processed table 1915 - datasets_USA/USA_CSV0000000000024439.csv
2025-12-18 18:37:43 - exhaustive_index - INFO - Processing table 1916 - datasets_USA/USA_CSV0000000000024450.csv
2025-12-18 18:37:43 - exhaustive_index - INFO - Table datasets_USA/USA_CSV0000000000024450.csv has 8784 rows and 21 columns
2025-12-18 18:37:43 - exhaustive_index - INFO - Processed table 1916 - datasets_USA/USA_CSV0000000000024450.csv
2025-12-18 18:37:46 - exhaustive_index - INFO - Processing table 1917 - datasets_USA/USA_CSV0000000000024451.csv
2025-12-18 18:37:46 - exhaustive_index - INFO - Table datasets_USA/USA_CSV0000000000024451.csv has 36463 rows and 12 columns
2025-12-18 18:37:46 - exhaustive_index - INFO - Processed table 1917 - datasets_USA/USA_CSV0000000000024451.csv
2025-12-18 18:37:49 - exhaustive_index - INFO - Processing table 1918 - datasets_USA/USA_CSV0000000000024463.csv
2025-12-18 18:37:49 - exhaustive_index - INFO - Table datasets_USA/USA_CSV0000000000024463.csv has 17311 rows and 11 columns
2025-12-18 18:37:49 - exhaustive_index - INFO - Processed table 1918 - datasets_USA/USA_CSV0000000000024463.csv
2025-12-18 18:37:50 - exhaustive_index - INFO - Processing table 1919 - datasets_USA/USA_CSV0000000000024468.csv
2025-12-18 18:37:50 - exhaustive_index - INFO - Table datasets_USA/USA_CSV0000000000024468.csv has 15469 rows and 15 columns
2025-12-18 18:37:50 - exhaustive_index - INFO - Processed table 1919 - datasets_USA/USA_CSV0000000000024468.csv
2025-12-18 18:37:51 - exhaustive_index - INFO - Processing table 1920 - datasets_USA/USA_CSV0000000000024475.csv
2025-12-18 18:37:51 - exhaustive_index - INFO - Table datasets_USA/USA_CSV0000000000024475.csv has 6978 rows and 10 columns
2025-12-18 18:37:51 - exhaustive_index - INFO - Processed table 1920 - datasets_USA/USA_CSV0000000000024475.csv
2025-12-18 18:37:53 - exhaustive_index - INFO - Processing table 1921 - datasets_USA/USA_CSV0000000000024478.csv
2025-12-18 18:37:53 - exhaustive_index - INFO - Table datasets_USA/USA_CSV0000000000024478.csv has 17293 rows and 8 columns
2025-12-18 18:37:53 - exhaustive_index - INFO - Processed table 1921 - datasets_USA/USA_CSV0000000000024478.csv
2025-12-18 18:37:55 - exhaustive_index - INFO - Processing table 1922 - datasets_USA/USA_CSV0000000000024486.csv
2025-12-18 18:37:55 - exhaustive_index - INFO - Table datasets_USA/USA_CSV0000000000024486.csv has 19928 rows and 11 columns
2025-12-18 18:37:55 - exhaustive_index - INFO - Processed table 1922 - datasets_USA/USA_CSV0000000000024486.csv
2025-12-18 18:38:02 - exhaustive_index - INFO - Processing table 1923 - datasets_USA/USA_CSV0000000000024492.csv
2025-12-18 18:38:02 - exhaustive_index - INFO - Table datasets_USA/USA_CSV0000000000024492.csv has 8760 rows and 21 columns
2025-12-18 18:38:02 - exhaustive_index - INFO - Processed table 1923 - datasets_USA/USA_CSV0000000000024492.csv
2025-12-18 18:38:04 - exhaustive_index - INFO - Processing table 1924 - datasets_USA/USA_CSV0000000000024498.csv
2025-12-18 18:38:04 - exhaustive_index - INFO - Table datasets_USA/USA_CSV0000000000024498.csv has 22127 rows and 13 columns
2025-12-18 18:38:04 - exhaustive_index - INFO - Processed table 1924 - datasets_USA/USA_CSV0000000000024498.csv
2025-12-18 18:38:11 - exhaustive_index - INFO - Processing table 1925 - datasets_USA/USA_CSV0000000000024503.csv
2025-12-18 18:38:11 - exhaustive_index - INFO - Table datasets_USA/USA_CSV0000000000024503.csv has 5869 rows and 40 columns
2025-12-18 18:38:11 - exhaustive_index - INFO - Processed table 1925 - datasets_USA/USA_CSV0000000000024503.csv
2025-12-18 18:38:15 - exhaustive_index - INFO - Processing table 1926 - datasets_USA/USA_CSV0000000000024517.csv
2025-12-18 18:38:15 - exhaustive_index - INFO - Table datasets_USA/USA_CSV0000000000024517.csv has 8670 rows and 22 columns
2025-12-18 18:38:15 - exhaustive_index - INFO - Processed table 1926 - datasets_USA/USA_CSV0000000000024517.csv
2025-12-18 18:38:16 - exhaustive_index - INFO - Processing table 1927 - datasets_USA/USA_CSV0000000000024519.csv
2025-12-18 18:38:16 - exhaustive_index - INFO - Table datasets_USA/USA_CSV0000000000024519.csv has 8784 rows and 21 columns
2025-12-18 18:38:16 - exhaustive_index - INFO - Processed table 1927 - datasets_USA/USA_CSV0000000000024519.csv
2025-12-18 18:38:17 - exhaustive_index - INFO - Processing table 1928 - datasets_USA/USA_CSV0000000000024522.csv
2025-12-18 18:38:17 - exhaustive_index - INFO - Table datasets_USA/USA_CSV0000000000024522.csv has 24010 rows and 3 columns
2025-12-18 18:38:17 - exhaustive_index - INFO - Processed table 1928 - datasets_USA/USA_CSV0000000000024522.csv
2025-12-18 18:38:19 - exhaustive_index - INFO - Processing table 1929 - datasets_USA/USA_CSV0000000000024530.csv
2025-12-18 18:38:19 - exhaustive_index - INFO - Table datasets_USA/USA_CSV0000000000024530.csv has 9099 rows and 10 columns
2025-12-18 18:38:19 - exhaustive_index - INFO - Processed table 1929 - datasets_USA/USA_CSV0000000000024530.csv
2025-12-18 18:38:19 - exhaustive_index - INFO - Processing table 1930 - datasets_USA/USA_CSV0000000000024538.csv
2025-12-18 18:38:19 - exhaustive_index - INFO - Table datasets_USA/USA_CSV0000000000024538.csv has 34239 rows and 4 columns
2025-12-18 18:38:19 - exhaustive_index - INFO - Processed table 1930 - datasets_USA/USA_CSV0000000000024538.csv
2025-12-18 18:38:34 - exhaustive_index - INFO - Processing table 1931 - datasets_USA/USA_CSV0000000000024540.csv
2025-12-18 18:38:34 - exhaustive_index - INFO - Table datasets_USA/USA_CSV0000000000024540.csv has 437 rows and 48 columns
2025-12-18 18:38:34 - exhaustive_index - INFO - Processed table 1931 - datasets_USA/USA_CSV0000000000024540.csv
2025-12-18 18:38:36 - exhaustive_index - INFO - Processing table 1932 - datasets_USA/USA_CSV0000000000024555.csv
2025-12-18 18:38:36 - exhaustive_index - INFO - Table datasets_USA/USA_CSV0000000000024555.csv has 67662 rows and 6 columns
2025-12-18 18:38:36 - exhaustive_index - INFO - Processed table 1932 - datasets_USA/USA_CSV0000000000024555.csv
2025-12-18 18:38:39 - exhaustive_index - INFO - Processing table 1933 - datasets_USA/USA_CSV0000000000024563.csv
2025-12-18 18:38:39 - exhaustive_index - INFO - Table datasets_USA/USA_CSV0000000000024563.csv has 8760 rows and 21 columns
2025-12-18 18:38:39 - exhaustive_index - INFO - Processed table 1933 - datasets_USA/USA_CSV0000000000024563.csv
2025-12-18 18:38:41 - exhaustive_index - INFO - Processing table 1934 - datasets_USA/USA_CSV0000000000024582.csv
2025-12-18 18:38:41 - exhaustive_index - INFO - Table datasets_USA/USA_CSV0000000000024582.csv has 8760 rows and 21 columns
2025-12-18 18:38:41 - exhaustive_index - INFO - Processed table 1934 - datasets_USA/USA_CSV0000000000024582.csv
2025-12-18 18:38:43 - exhaustive_index - INFO - Processing table 1935 - datasets_USA/USA_CSV0000000000024589.csv
2025-12-18 18:38:43 - exhaustive_index - INFO - Table datasets_USA/USA_CSV0000000000024589.csv has 8760 rows and 21 columns
2025-12-18 18:38:43 - exhaustive_index - INFO - Processed table 1935 - datasets_USA/USA_CSV0000000000024589.csv
2025-12-18 18:38:46 - exhaustive_index - INFO - Processing table 1936 - datasets_USA/USA_CSV0000000000024605.csv
2025-12-18 18:38:46 - exhaustive_index - INFO - Table datasets_USA/USA_CSV0000000000024605.csv has 15407 rows and 16 columns
2025-12-18 18:38:46 - exhaustive_index - INFO - Processed table 1936 - datasets_USA/USA_CSV0000000000024605.csv
2025-12-18 18:38:48 - exhaustive_index - INFO - Processing table 1937 - datasets_USA/USA_CSV0000000000024616.csv
2025-12-18 18:38:48 - exhaustive_index - INFO - Table datasets_USA/USA_CSV0000000000024616.csv has 8784 rows and 21 columns
2025-12-18 18:38:48 - exhaustive_index - INFO - Processed table 1937 - datasets_USA/USA_CSV0000000000024616.csv
2025-12-18 18:38:49 - exhaustive_index - INFO - Processing table 1938 - datasets_USA/USA_CSV0000000000024618.csv
2025-12-18 18:38:49 - exhaustive_index - INFO - Table datasets_USA/USA_CSV0000000000024618.csv has 210 rows and 6 columns
2025-12-18 18:38:49 - exhaustive_index - INFO - Processed table 1938 - datasets_USA/USA_CSV0000000000024618.csv
2025-12-18 18:38:57 - exhaustive_index - INFO - Processing table 1939 - datasets_USA/USA_CSV0000000000024622.csv
2025-12-18 18:38:57 - exhaustive_index - INFO - Table datasets_USA/USA_CSV0000000000024622.csv has 19380 rows and 12 columns
2025-12-18 18:38:57 - exhaustive_index - INFO - Processed table 1939 - datasets_USA/USA_CSV0000000000024622.csv
2025-12-18 18:39:00 - exhaustive_index - INFO - Processing table 1940 - datasets_USA/USA_CSV0000000000024623.csv
2025-12-18 18:39:00 - exhaustive_index - INFO - Table datasets_USA/USA_CSV0000000000024623.csv has 8760 rows and 21 columns
2025-12-18 18:39:00 - exhaustive_index - INFO - Processed table 1940 - datasets_USA/USA_CSV0000000000024623.csv
2025-12-18 18:39:02 - exhaustive_index - INFO - Processing table 1941 - datasets_USA/USA_CSV0000000000024633.csv
2025-12-18 18:39:02 - exhaustive_index - INFO - Table datasets_USA/USA_CSV0000000000024633.csv has 71423 rows and 6 columns
2025-12-18 18:39:02 - exhaustive_index - INFO - Processed table 1941 - datasets_USA/USA_CSV0000000000024633.csv
2025-12-18 18:39:02 - exhaustive_index - INFO - Processing table 1942 - datasets_USA/USA_CSV0000000000024656.csv
2025-12-18 18:39:02 - exhaustive_index - INFO - Table datasets_USA/USA_CSV0000000000024656.csv has 102 rows and 6 columns
2025-12-18 18:39:02 - exhaustive_index - INFO - Processed table 1942 - datasets_USA/USA_CSV0000000000024656.csv
2025-12-18 18:39:06 - exhaustive_index - INFO - Processing table 1943 - datasets_USA/USA_CSV0000000000024658.csv
2025-12-18 18:39:06 - exhaustive_index - INFO - Table datasets_USA/USA_CSV0000000000024658.csv has 8784 rows and 21 columns
2025-12-18 18:39:06 - exhaustive_index - INFO - Processed table 1943 - datasets_USA/USA_CSV0000000000024658.csv
2025-12-18 18:39:06 - exhaustive_index - INFO - Processing table 1944 - datasets_USA/USA_CSV0000000000024661.csv
2025-12-18 18:39:06 - exhaustive_index - INFO - Table datasets_USA/USA_CSV0000000000024661.csv has 23754 rows and 7 columns
2025-12-18 18:39:06 - exhaustive_index - INFO - Processed table 1944 - datasets_USA/USA_CSV0000000000024661.csv
2025-12-18 18:39:06 - exhaustive_index - INFO - Processing table 1945 - datasets_USA/USA_CSV0000000000024663.csv
2025-12-18 18:39:06 - exhaustive_index - INFO - Table datasets_USA/USA_CSV0000000000024663.csv has 40200 rows and 7 columns
2025-12-18 18:39:06 - exhaustive_index - INFO - Processed table 1945 - datasets_USA/USA_CSV0000000000024663.csv
2025-12-18 18:39:07 - exhaustive_index - INFO - Processing table 1946 - datasets_USA/USA_CSV0000000000024665.csv
2025-12-18 18:39:07 - exhaustive_index - INFO - Table datasets_USA/USA_CSV0000000000024665.csv has 1495 rows and 11 columns
2025-12-18 18:39:07 - exhaustive_index - INFO - Processed table 1946 - datasets_USA/USA_CSV0000000000024665.csv
2025-12-18 18:39:08 - exhaustive_index - INFO - Processing table 1947 - datasets_USA/USA_CSV0000000000024666.csv
2025-12-18 18:39:08 - exhaustive_index - INFO - Table datasets_USA/USA_CSV0000000000024666.csv has 10506 rows and 13 columns
2025-12-18 18:39:08 - exhaustive_index - INFO - Processed table 1947 - datasets_USA/USA_CSV0000000000024666.csv
2025-12-18 18:39:13 - exhaustive_index - INFO - Processing table 1948 - datasets_USA/USA_CSV0000000000024674.csv
2025-12-18 18:39:13 - exhaustive_index - INFO - Table datasets_USA/USA_CSV0000000000024674.csv has 16428 rows and 14 columns
2025-12-18 18:39:13 - exhaustive_index - INFO - Processed table 1948 - datasets_USA/USA_CSV0000000000024674.csv
2025-12-18 18:39:16 - exhaustive_index - INFO - Processing table 1949 - datasets_USA/USA_CSV0000000000024698.csv
2025-12-18 18:39:16 - exhaustive_index - INFO - Table datasets_USA/USA_CSV0000000000024698.csv has 8760 rows and 21 columns
2025-12-18 18:39:16 - exhaustive_index - INFO - Processed table 1949 - datasets_USA/USA_CSV0000000000024698.csv
2025-12-18 18:39:25 - exhaustive_index - INFO - Processing table 1950 - datasets_USA/USA_CSV0000000000024705.csv
2025-12-18 18:39:25 - exhaustive_index - INFO - Table datasets_USA/USA_CSV0000000000024705.csv has 17915 rows and 24 columns
2025-12-18 18:39:25 - exhaustive_index - INFO - Processed table 1950 - datasets_USA/USA_CSV0000000000024705.csv
2025-12-18 18:39:26 - exhaustive_index - INFO - Processing table 1951 - datasets_USA/USA_CSV0000000000024716.csv
2025-12-18 18:39:26 - exhaustive_index - INFO - Table datasets_USA/USA_CSV0000000000024716.csv has 5844 rows and 5 columns
2025-12-18 18:39:26 - exhaustive_index - INFO - Processed table 1951 - datasets_USA/USA_CSV0000000000024716.csv
2025-12-18 18:39:26 - exhaustive_index - INFO - Processing table 1952 - datasets_USA/USA_CSV0000000000024723.csv
2025-12-18 18:39:27 - exhaustive_index - INFO - Processing table 1953 - datasets_USA/USA_CSV0000000000024728.csv
2025-12-18 18:39:27 - exhaustive_index - INFO - Table datasets_USA/USA_CSV0000000000024728.csv has 17027 rows and 9 columns
2025-12-18 18:39:27 - exhaustive_index - INFO - Processed table 1953 - datasets_USA/USA_CSV0000000000024728.csv
2025-12-18 18:39:34 - exhaustive_index - INFO - Processing table 1954 - datasets_USA/USA_CSV0000000000024732.csv
2025-12-18 18:39:34 - exhaustive_index - INFO - Table datasets_USA/USA_CSV0000000000024732.csv has 8760 rows and 21 columns
2025-12-18 18:39:34 - exhaustive_index - INFO - Processed table 1954 - datasets_USA/USA_CSV0000000000024732.csv
2025-12-18 18:39:39 - exhaustive_index - INFO - Processing table 1955 - datasets_USA/USA_CSV0000000000024740.csv
2025-12-18 18:39:39 - exhaustive_index - INFO - Table datasets_USA/USA_CSV0000000000024740.csv has 1902 rows and 19 columns
2025-12-18 18:39:39 - exhaustive_index - INFO - Processed table 1955 - datasets_USA/USA_CSV0000000000024740.csv
2025-12-18 18:39:43 - exhaustive_index - INFO - Processing table 1956 - datasets_USA/USA_CSV0000000000024751.csv
2025-12-18 18:39:43 - exhaustive_index - INFO - Table datasets_USA/USA_CSV0000000000024751.csv has 8784 rows and 21 columns
2025-12-18 18:39:43 - exhaustive_index - INFO - Processed table 1956 - datasets_USA/USA_CSV0000000000024751.csv
2025-12-18 18:39:44 - exhaustive_index - INFO - Processing table 1957 - datasets_USA/USA_CSV0000000000024773.csv
2025-12-18 18:39:44 - exhaustive_index - INFO - Table datasets_USA/USA_CSV0000000000024773.csv has 8052 rows and 11 columns
2025-12-18 18:39:44 - exhaustive_index - INFO - Processed table 1957 - datasets_USA/USA_CSV0000000000024773.csv
2025-12-18 18:39:45 - exhaustive_index - INFO - Processing table 1958 - datasets_USA/USA_CSV0000000000024774.csv
2025-12-18 18:39:45 - exhaustive_index - INFO - Table datasets_USA/USA_CSV0000000000024774.csv has 10352 rows and 18 columns
2025-12-18 18:39:45 - exhaustive_index - INFO - Processed table 1958 - datasets_USA/USA_CSV0000000000024774.csv
2025-12-18 18:40:00 - exhaustive_index - INFO - Processing table 1959 - datasets_USA/USA_CSV0000000000024785.csv
2025-12-18 18:40:00 - exhaustive_index - INFO - Table datasets_USA/USA_CSV0000000000024785.csv has 6294 rows and 31 columns
2025-12-18 18:40:00 - exhaustive_index - INFO - Processed table 1959 - datasets_USA/USA_CSV0000000000024785.csv
2025-12-18 18:40:02 - exhaustive_index - INFO - Processing table 1960 - datasets_USA/USA_CSV0000000000024787.csv
2025-12-18 18:40:02 - exhaustive_index - INFO - Table datasets_USA/USA_CSV0000000000024787.csv has 75270 rows and 6 columns
2025-12-18 18:40:02 - exhaustive_index - INFO - Processed table 1960 - datasets_USA/USA_CSV0000000000024787.csv
2025-12-18 18:40:06 - exhaustive_index - INFO - Processing table 1961 - datasets_USA/USA_CSV0000000000024790.csv
2025-12-18 18:40:06 - exhaustive_index - INFO - Table datasets_USA/USA_CSV0000000000024790.csv has 16137 rows and 23 columns
2025-12-18 18:40:06 - exhaustive_index - INFO - Processed table 1961 - datasets_USA/USA_CSV0000000000024790.csv
2025-12-18 18:40:10 - exhaustive_index - INFO - Processing table 1962 - datasets_USA/USA_CSV0000000000024793.csv
2025-12-18 18:40:10 - exhaustive_index - INFO - Table datasets_USA/USA_CSV0000000000024793.csv has 8784 rows and 21 columns
2025-12-18 18:40:10 - exhaustive_index - INFO - Processed table 1962 - datasets_USA/USA_CSV0000000000024793.csv
2025-12-18 18:40:14 - exhaustive_index - INFO - Processing table 1963 - datasets_USA/USA_CSV0000000000024816.csv
2025-12-18 18:40:14 - exhaustive_index - INFO - Table datasets_USA/USA_CSV0000000000024816.csv has 15050 rows and 11 columns
2025-12-18 18:40:14 - exhaustive_index - INFO - Processed table 1963 - datasets_USA/USA_CSV0000000000024816.csv
2025-12-18 18:40:15 - exhaustive_index - INFO - Processing table 1964 - datasets_USA/USA_CSV0000000000024819.csv
2025-12-18 18:40:15 - exhaustive_index - INFO - Table datasets_USA/USA_CSV0000000000024819.csv has 11286 rows and 14 columns
2025-12-18 18:40:15 - exhaustive_index - INFO - Processed table 1964 - datasets_USA/USA_CSV0000000000024819.csv
2025-12-18 18:40:16 - exhaustive_index - INFO - Processing table 1965 - datasets_USA/USA_CSV0000000000024822.csv
2025-12-18 18:40:16 - exhaustive_index - INFO - Table datasets_USA/USA_CSV0000000000024822.csv has 8760 rows and 21 columns
2025-12-18 18:40:16 - exhaustive_index - INFO - Processed table 1965 - datasets_USA/USA_CSV0000000000024822.csv
2025-12-18 18:40:19 - exhaustive_index - INFO - Processing table 1966 - datasets_USA/USA_CSV0000000000024840.csv
2025-12-18 18:40:19 - exhaustive_index - INFO - Table datasets_USA/USA_CSV0000000000024840.csv has 8784 rows and 21 columns
2025-12-18 18:40:19 - exhaustive_index - INFO - Processed table 1966 - datasets_USA/USA_CSV0000000000024840.csv
2025-12-18 18:43:27 - exhaustive_index - INFO - Processing table 1967 - datasets_USA/USA_CSV0000000000024841.csv
2025-12-18 18:43:27 - exhaustive_index - INFO - Table datasets_USA/USA_CSV0000000000024841.csv has 2813 rows and 55 columns
2025-12-18 18:43:27 - exhaustive_index - INFO - Processed table 1967 - datasets_USA/USA_CSV0000000000024841.csv
2025-12-18 18:43:29 - exhaustive_index - INFO - Processing table 1968 - datasets_USA/USA_CSV0000000000024854.csv
2025-12-18 18:43:29 - exhaustive_index - INFO - Table datasets_USA/USA_CSV0000000000024854.csv has 19855 rows and 10 columns
2025-12-18 18:43:29 - exhaustive_index - INFO - Processed table 1968 - datasets_USA/USA_CSV0000000000024854.csv
2025-12-18 18:43:29 - exhaustive_index - INFO - Processing table 1969 - datasets_USA/USA_CSV0000000000024861.csv
2025-12-18 18:43:29 - exhaustive_index - INFO - Table datasets_USA/USA_CSV0000000000024861.csv has 38821 rows and 8 columns
2025-12-18 18:43:29 - exhaustive_index - INFO - Processed table 1969 - datasets_USA/USA_CSV0000000000024861.csv
2025-12-18 18:43:31 - exhaustive_index - INFO - Processing table 1970 - datasets_USA/USA_CSV0000000000024884.csv
2025-12-18 18:43:31 - exhaustive_index - INFO - Table datasets_USA/USA_CSV0000000000024884.csv has 295 rows and 14 columns
2025-12-18 18:43:31 - exhaustive_index - INFO - Processed table 1970 - datasets_USA/USA_CSV0000000000024884.csv
2025-12-18 18:43:31 - exhaustive_index - INFO - Processing table 1971 - datasets_USA/USA_CSV0000000000024887.csv
2025-12-18 18:43:31 - exhaustive_index - INFO - Table datasets_USA/USA_CSV0000000000024887.csv has 8589 rows and 13 columns
2025-12-18 18:43:31 - exhaustive_index - INFO - Processed table 1971 - datasets_USA/USA_CSV0000000000024887.csv
2025-12-18 18:43:35 - exhaustive_index - INFO - Processing table 1972 - datasets_USA/USA_CSV0000000000024892.csv
2025-12-18 18:43:35 - exhaustive_index - INFO - Table datasets_USA/USA_CSV0000000000024892.csv has 7510 rows and 23 columns
2025-12-18 18:43:35 - exhaustive_index - INFO - Processed table 1972 - datasets_USA/USA_CSV0000000000024892.csv
2025-12-18 18:43:36 - exhaustive_index - INFO - Processing table 1973 - datasets_USA/USA_CSV0000000000024895.csv
2025-12-18 18:43:36 - exhaustive_index - INFO - Table datasets_USA/USA_CSV0000000000024895.csv has 8760 rows and 21 columns
2025-12-18 18:43:36 - exhaustive_index - INFO - Processed table 1973 - datasets_USA/USA_CSV0000000000024895.csv
2025-12-18 18:43:37 - exhaustive_index - INFO - Processing table 1974 - datasets_USA/USA_CSV0000000000024909.csv
2025-12-18 18:43:37 - exhaustive_index - INFO - Table datasets_USA/USA_CSV0000000000024909.csv has 15934 rows and 15 columns
2025-12-18 18:43:37 - exhaustive_index - INFO - Processed table 1974 - datasets_USA/USA_CSV0000000000024909.csv
2025-12-18 18:43:52 - exhaustive_index - INFO - Processing table 1975 - datasets_USA/USA_CSV0000000000024910.csv
2025-12-18 18:43:52 - exhaustive_index - INFO - Table datasets_USA/USA_CSV0000000000024910.csv has 6422 rows and 36 columns
2025-12-18 18:43:52 - exhaustive_index - INFO - Processed table 1975 - datasets_USA/USA_CSV0000000000024910.csv
2025-12-18 18:43:53 - exhaustive_index - INFO - Processing table 1976 - datasets_USA/USA_CSV0000000000024914.csv
2025-12-18 18:43:53 - exhaustive_index - INFO - Table datasets_USA/USA_CSV0000000000024914.csv has 5364 rows and 25 columns
2025-12-18 18:43:53 - exhaustive_index - INFO - Processed table 1976 - datasets_USA/USA_CSV0000000000024914.csv
2025-12-18 18:43:56 - exhaustive_index - INFO - Processing table 1977 - datasets_USA/USA_CSV0000000000024915.csv
2025-12-18 18:43:56 - exhaustive_index - INFO - Table datasets_USA/USA_CSV0000000000024915.csv has 8784 rows and 21 columns
2025-12-18 18:43:56 - exhaustive_index - INFO - Processed table 1977 - datasets_USA/USA_CSV0000000000024915.csv
2025-12-18 18:43:59 - exhaustive_index - INFO - Processing table 1978 - datasets_USA/USA_CSV0000000000024916.csv
2025-12-18 18:43:59 - exhaustive_index - INFO - Table datasets_USA/USA_CSV0000000000024916.csv has 13451 rows and 7 columns
2025-12-18 18:43:59 - exhaustive_index - INFO - Processed table 1978 - datasets_USA/USA_CSV0000000000024916.csv
2025-12-18 18:44:02 - exhaustive_index - INFO - Processing table 1979 - datasets_USA/USA_CSV0000000000024917.csv
2025-12-18 18:44:02 - exhaustive_index - INFO - Table datasets_USA/USA_CSV0000000000024917.csv has 8760 rows and 21 columns
2025-12-18 18:44:02 - exhaustive_index - INFO - Processed table 1979 - datasets_USA/USA_CSV0000000000024917.csv
2025-12-18 18:44:05 - exhaustive_index - INFO - Processing table 1980 - datasets_USA/USA_CSV0000000000024918.csv
2025-12-18 18:44:05 - exhaustive_index - INFO - Table datasets_USA/USA_CSV0000000000024918.csv has 23347 rows and 20 columns
2025-12-18 18:44:05 - exhaustive_index - INFO - Processed table 1980 - datasets_USA/USA_CSV0000000000024918.csv
2025-12-18 18:44:06 - exhaustive_index - INFO - Processing table 1981 - datasets_USA/USA_CSV0000000000024930.csv
2025-12-18 18:44:06 - exhaustive_index - INFO - Table datasets_USA/USA_CSV0000000000024930.csv has 185 rows and 12 columns
2025-12-18 18:44:06 - exhaustive_index - INFO - Processed table 1981 - datasets_USA/USA_CSV0000000000024930.csv
2025-12-18 18:44:08 - exhaustive_index - INFO - Processing table 1982 - datasets_USA/USA_CSV0000000000024946.csv
2025-12-18 18:44:08 - exhaustive_index - INFO - Table datasets_USA/USA_CSV0000000000024946.csv has 9615 rows and 10 columns
2025-12-18 18:44:08 - exhaustive_index - INFO - Processed table 1982 - datasets_USA/USA_CSV0000000000024946.csv
2025-12-18 18:45:19 - exhaustive_index - INFO - Processing table 1983 - datasets_USA/USA_CSV0000000000024967.csv
2025-12-18 18:45:19 - exhaustive_index - INFO - Table datasets_USA/USA_CSV0000000000024967.csv has 2011 rows and 44 columns
2025-12-18 18:45:19 - exhaustive_index - INFO - Processed table 1983 - datasets_USA/USA_CSV0000000000024967.csv
2025-12-18 18:45:22 - exhaustive_index - INFO - Processing table 1984 - datasets_USA/USA_CSV0000000000024970.csv
2025-12-18 18:45:22 - exhaustive_index - INFO - Table datasets_USA/USA_CSV0000000000024970.csv has 8760 rows and 21 columns
2025-12-18 18:45:22 - exhaustive_index - INFO - Processed table 1984 - datasets_USA/USA_CSV0000000000024970.csv
2025-12-18 18:45:29 - exhaustive_index - INFO - Processing table 1985 - datasets_USA/USA_CSV0000000000024984.csv
2025-12-18 18:45:29 - exhaustive_index - INFO - Table datasets_USA/USA_CSV0000000000024984.csv has 28724 rows and 15 columns
2025-12-18 18:45:29 - exhaustive_index - INFO - Processed table 1985 - datasets_USA/USA_CSV0000000000024984.csv
2025-12-18 18:45:30 - exhaustive_index - INFO - Processing table 1986 - datasets_USA/USA_CSV0000000000025002.csv
2025-12-18 18:45:30 - exhaustive_index - INFO - Table datasets_USA/USA_CSV0000000000025002.csv has 8784 rows and 21 columns
2025-12-18 18:45:30 - exhaustive_index - INFO - Processed table 1986 - datasets_USA/USA_CSV0000000000025002.csv
2025-12-18 18:45:33 - exhaustive_index - INFO - Processing table 1987 - datasets_USA/USA_CSV0000000000025015.csv
2025-12-18 18:45:33 - exhaustive_index - INFO - Table datasets_USA/USA_CSV0000000000025015.csv has 7446 rows and 22 columns
2025-12-18 18:45:33 - exhaustive_index - INFO - Processed table 1987 - datasets_USA/USA_CSV0000000000025015.csv
2025-12-18 18:45:34 - exhaustive_index - INFO - Processing table 1988 - datasets_USA/USA_CSV0000000000025022.csv
2025-12-18 18:45:34 - exhaustive_index - INFO - Table datasets_USA/USA_CSV0000000000025022.csv has 8760 rows and 21 columns
2025-12-18 18:45:34 - exhaustive_index - INFO - Processed table 1988 - datasets_USA/USA_CSV0000000000025022.csv
2025-12-18 18:45:34 - exhaustive_index - INFO - Processing table 1989 - datasets_USA/USA_CSV0000000000025025.csv
2025-12-18 18:45:34 - exhaustive_index - INFO - Table datasets_USA/USA_CSV0000000000025025.csv has 144 rows and 7 columns
2025-12-18 18:45:34 - exhaustive_index - INFO - Processed table 1989 - datasets_USA/USA_CSV0000000000025025.csv
2025-12-18 18:45:37 - exhaustive_index - INFO - Processing table 1990 - datasets_USA/USA_CSV0000000000025028.csv
2025-12-18 18:45:37 - exhaustive_index - INFO - Table datasets_USA/USA_CSV0000000000025028.csv has 8760 rows and 21 columns
2025-12-18 18:45:37 - exhaustive_index - INFO - Processed table 1990 - datasets_USA/USA_CSV0000000000025028.csv
2025-12-18 18:45:40 - exhaustive_index - INFO - Processing table 1991 - datasets_USA/USA_CSV0000000000025032.csv
2025-12-18 18:45:40 - exhaustive_index - INFO - Table datasets_USA/USA_CSV0000000000025032.csv has 8760 rows and 21 columns
2025-12-18 18:45:40 - exhaustive_index - INFO - Processed table 1991 - datasets_USA/USA_CSV0000000000025032.csv
2025-12-18 18:45:42 - exhaustive_index - INFO - Processing table 1992 - datasets_USA/USA_CSV0000000000025033.csv
2025-12-18 18:45:42 - exhaustive_index - INFO - Table datasets_USA/USA_CSV0000000000025033.csv has 11512 rows and 19 columns
2025-12-18 18:45:42 - exhaustive_index - INFO - Processed table 1992 - datasets_USA/USA_CSV0000000000025033.csv
2025-12-18 18:45:42 - exhaustive_index - INFO - Processing table 1993 - datasets_USA/USA_CSV0000000000025055.csv
2025-12-18 18:45:49 - exhaustive_index - INFO - Processing table 1994 - datasets_USA/USA_CSV0000000000025058.csv
2025-12-18 18:45:49 - exhaustive_index - INFO - Table datasets_USA/USA_CSV0000000000025058.csv has 8630 rows and 14 columns
2025-12-18 18:45:49 - exhaustive_index - INFO - Processed table 1994 - datasets_USA/USA_CSV0000000000025058.csv
2025-12-18 18:45:56 - exhaustive_index - INFO - Processing table 1995 - datasets_USA/USA_CSV0000000000025067.csv
2025-12-18 18:45:56 - exhaustive_index - INFO - Table datasets_USA/USA_CSV0000000000025067.csv has 30135 rows and 15 columns
2025-12-18 18:45:56 - exhaustive_index - INFO - Processed table 1995 - datasets_USA/USA_CSV0000000000025067.csv
2025-12-18 18:45:57 - exhaustive_index - INFO - Processing table 1996 - datasets_USA/USA_CSV0000000000025069.csv
2025-12-18 18:45:57 - exhaustive_index - INFO - Table datasets_USA/USA_CSV0000000000025069.csv has 11230 rows and 14 columns
2025-12-18 18:45:57 - exhaustive_index - INFO - Processed table 1996 - datasets_USA/USA_CSV0000000000025069.csv
2025-12-18 18:45:58 - exhaustive_index - INFO - Processing table 1997 - datasets_USA/USA_CSV0000000000025081.csv
2025-12-18 18:45:58 - exhaustive_index - INFO - Table datasets_USA/USA_CSV0000000000025081.csv has 12823 rows and 12 columns
2025-12-18 18:45:58 - exhaustive_index - INFO - Processed table 1997 - datasets_USA/USA_CSV0000000000025081.csv
2025-12-18 18:46:01 - exhaustive_index - INFO - Processing table 1998 - datasets_USA/USA_CSV0000000000025095.csv
2025-12-18 18:46:01 - exhaustive_index - INFO - Table datasets_USA/USA_CSV0000000000025095.csv has 8760 rows and 21 columns
2025-12-18 18:46:01 - exhaustive_index - INFO - Processed table 1998 - datasets_USA/USA_CSV0000000000025095.csv
2025-12-18 18:46:33 - exhaustive_index - INFO - Processing table 1999 - datasets_USA/USA_CSV0000000000025099.csv
2025-12-18 18:46:33 - exhaustive_index - INFO - Table datasets_USA/USA_CSV0000000000025099.csv has 24270 rows and 16 columns
2025-12-18 18:46:33 - exhaustive_index - INFO - Processed table 1999 - datasets_USA/USA_CSV0000000000025099.csv
2025-12-18 18:46:34 - exhaustive_index - INFO - Processing table 2000 - datasets_USA/USA_CSV0000000000025113.csv
2025-12-18 18:46:34 - exhaustive_index - INFO - Table datasets_USA/USA_CSV0000000000025113.csv has 43523 rows and 5 columns
2025-12-18 18:46:34 - exhaustive_index - INFO - Processed table 2000 - datasets_USA/USA_CSV0000000000025113.csv
2025-12-18 18:46:38 - exhaustive_index - INFO - Processing table 2001 - datasets_USA/USA_CSV0000000000025128.csv
2025-12-18 18:46:38 - exhaustive_index - INFO - Table datasets_USA/USA_CSV0000000000025128.csv has 2115 rows and 17 columns
2025-12-18 18:46:38 - exhaustive_index - INFO - Processed table 2001 - datasets_USA/USA_CSV0000000000025128.csv
2025-12-18 18:46:40 - exhaustive_index - INFO - Processing table 2002 - datasets_USA/USA_CSV0000000000025137.csv
2025-12-18 18:46:40 - exhaustive_index - INFO - Table datasets_USA/USA_CSV0000000000025137.csv has 410 rows and 17 columns
2025-12-18 18:46:40 - exhaustive_index - INFO - Processed table 2002 - datasets_USA/USA_CSV0000000000025137.csv
2025-12-18 18:46:43 - exhaustive_index - INFO - Processing table 2003 - datasets_USA/USA_CSV0000000000025139.csv
2025-12-18 18:46:43 - exhaustive_index - INFO - Table datasets_USA/USA_CSV0000000000025139.csv has 7404 rows and 22 columns
2025-12-18 18:46:43 - exhaustive_index - INFO - Processed table 2003 - datasets_USA/USA_CSV0000000000025139.csv
2025-12-18 18:46:44 - exhaustive_index - INFO - Processing table 2004 - datasets_USA/USA_CSV0000000000025155.csv
2025-12-18 18:46:44 - exhaustive_index - INFO - Table datasets_USA/USA_CSV0000000000025155.csv has 26616 rows and 6 columns
2025-12-18 18:46:44 - exhaustive_index - INFO - Processed table 2004 - datasets_USA/USA_CSV0000000000025155.csv
2025-12-18 18:46:45 - exhaustive_index - INFO - Processing table 2005 - datasets_USA/USA_CSV0000000000025159.csv
2025-12-18 18:46:45 - exhaustive_index - INFO - Table datasets_USA/USA_CSV0000000000025159.csv has 8760 rows and 21 columns
2025-12-18 18:46:45 - exhaustive_index - INFO - Processed table 2005 - datasets_USA/USA_CSV0000000000025159.csv
2025-12-18 18:46:45 - exhaustive_index - INFO - Processing table 2006 - datasets_USA/USA_CSV0000000000025180.csv
2025-12-18 18:48:16 - exhaustive_index - INFO - Processing table 2007 - datasets_USA/USA_CSV0000000000025192.csv
2025-12-18 18:48:16 - exhaustive_index - INFO - Table datasets_USA/USA_CSV0000000000025192.csv has 3994 rows and 46 columns
2025-12-18 18:48:16 - exhaustive_index - INFO - Processed table 2007 - datasets_USA/USA_CSV0000000000025192.csv
2025-12-18 18:48:17 - exhaustive_index - INFO - Processing table 2008 - datasets_USA/USA_CSV0000000000025196.csv
2025-12-18 18:48:17 - exhaustive_index - INFO - Table datasets_USA/USA_CSV0000000000025196.csv has 8784 rows and 21 columns
2025-12-18 18:48:17 - exhaustive_index - INFO - Processed table 2008 - datasets_USA/USA_CSV0000000000025196.csv
2025-12-18 18:48:33 - exhaustive_index - INFO - Processing table 2009 - datasets_USA/USA_CSV0000000000025198.csv
2025-12-18 18:48:33 - exhaustive_index - INFO - Table datasets_USA/USA_CSV0000000000025198.csv has 17622 rows and 15 columns
2025-12-18 18:48:33 - exhaustive_index - INFO - Processed table 2009 - datasets_USA/USA_CSV0000000000025198.csv
2025-12-18 18:48:33 - exhaustive_index - INFO - Processing table 2010 - datasets_USA/USA_CSV0000000000025200.csv
2025-12-18 18:48:33 - exhaustive_index - INFO - Table datasets_USA/USA_CSV0000000000025200.csv has 251 rows and 7 columns
2025-12-18 18:48:33 - exhaustive_index - INFO - Processed table 2010 - datasets_USA/USA_CSV0000000000025200.csv
2025-12-18 18:48:36 - exhaustive_index - INFO - Processing table 2011 - datasets_USA/USA_CSV0000000000025203.csv
2025-12-18 18:48:36 - exhaustive_index - INFO - Table datasets_USA/USA_CSV0000000000025203.csv has 17765 rows and 9 columns
2025-12-18 18:48:36 - exhaustive_index - INFO - Processed table 2011 - datasets_USA/USA_CSV0000000000025203.csv
2025-12-18 18:48:38 - exhaustive_index - INFO - Processing table 2012 - datasets_USA/USA_CSV0000000000025217.csv
2025-12-18 18:48:38 - exhaustive_index - INFO - Table datasets_USA/USA_CSV0000000000025217.csv has 6208 rows and 30 columns
2025-12-18 18:48:38 - exhaustive_index - INFO - Processed table 2012 - datasets_USA/USA_CSV0000000000025217.csv
2025-12-18 18:48:42 - exhaustive_index - INFO - Processing table 2013 - datasets_USA/USA_CSV0000000000025233.csv
2025-12-18 18:48:42 - exhaustive_index - INFO - Table datasets_USA/USA_CSV0000000000025233.csv has 14800 rows and 16 columns
2025-12-18 18:48:42 - exhaustive_index - INFO - Processed table 2013 - datasets_USA/USA_CSV0000000000025233.csv
2025-12-18 18:48:49 - exhaustive_index - INFO - Processing table 2014 - datasets_USA/USA_CSV0000000000025236.csv
2025-12-18 18:48:49 - exhaustive_index - INFO - Table datasets_USA/USA_CSV0000000000025236.csv has 8760 rows and 21 columns
2025-12-18 18:48:49 - exhaustive_index - INFO - Processed table 2014 - datasets_USA/USA_CSV0000000000025236.csv
2025-12-18 18:48:51 - exhaustive_index - INFO - Processing table 2015 - datasets_USA/USA_CSV0000000000025243.csv
2025-12-18 18:48:51 - exhaustive_index - INFO - Table datasets_USA/USA_CSV0000000000025243.csv has 584 rows and 23 columns
2025-12-18 18:48:51 - exhaustive_index - INFO - Processed table 2015 - datasets_USA/USA_CSV0000000000025243.csv
2025-12-18 18:48:52 - exhaustive_index - INFO - Processing table 2016 - datasets_USA/USA_CSV0000000000025249.csv
2025-12-18 18:48:52 - exhaustive_index - INFO - Table datasets_USA/USA_CSV0000000000025249.csv has 102 rows and 10 columns
2025-12-18 18:48:52 - exhaustive_index - INFO - Processed table 2016 - datasets_USA/USA_CSV0000000000025249.csv
2025-12-18 18:48:52 - exhaustive_index - INFO - Processing table 2017 - datasets_USA/USA_CSV0000000000025253.csv
2025-12-18 18:48:52 - exhaustive_index - INFO - Table datasets_USA/USA_CSV0000000000025253.csv has 247 rows and 7 columns
2025-12-18 18:48:52 - exhaustive_index - INFO - Processed table 2017 - datasets_USA/USA_CSV0000000000025253.csv
2025-12-18 18:48:54 - exhaustive_index - INFO - Processing table 2018 - datasets_USA/USA_CSV0000000000025271.csv
2025-12-18 18:48:54 - exhaustive_index - INFO - Table datasets_USA/USA_CSV0000000000025271.csv has 10448 rows and 10 columns
2025-12-18 18:48:54 - exhaustive_index - INFO - Processed table 2018 - datasets_USA/USA_CSV0000000000025271.csv
2025-12-18 18:48:56 - exhaustive_index - INFO - Processing table 2019 - datasets_USA/USA_CSV0000000000025272.csv
2025-12-18 18:48:56 - exhaustive_index - INFO - Table datasets_USA/USA_CSV0000000000025272.csv has 8760 rows and 21 columns
2025-12-18 18:48:56 - exhaustive_index - INFO - Processed table 2019 - datasets_USA/USA_CSV0000000000025272.csv
2025-12-18 18:48:59 - exhaustive_index - INFO - Processing table 2020 - datasets_USA/USA_CSV0000000000025278.csv
2025-12-18 18:48:59 - exhaustive_index - INFO - Table datasets_USA/USA_CSV0000000000025278.csv has 8784 rows and 21 columns
2025-12-18 18:48:59 - exhaustive_index - INFO - Processed table 2020 - datasets_USA/USA_CSV0000000000025278.csv
2025-12-18 18:49:02 - exhaustive_index - INFO - Processing table 2021 - datasets_USA/USA_CSV0000000000025285.csv
2025-12-18 18:49:02 - exhaustive_index - INFO - Table datasets_USA/USA_CSV0000000000025285.csv has 8760 rows and 21 columns
2025-12-18 18:49:02 - exhaustive_index - INFO - Processed table 2021 - datasets_USA/USA_CSV0000000000025285.csv
2025-12-18 18:49:08 - exhaustive_index - INFO - Processing table 2022 - datasets_USA/USA_CSV0000000000025289.csv
2025-12-18 18:49:08 - exhaustive_index - INFO - Table datasets_USA/USA_CSV0000000000025289.csv has 8784 rows and 21 columns
2025-12-18 18:49:08 - exhaustive_index - INFO - Processed table 2022 - datasets_USA/USA_CSV0000000000025289.csv
2025-12-18 18:49:11 - exhaustive_index - INFO - Processing table 2023 - datasets_USA/USA_CSV0000000000025291.csv
2025-12-18 18:49:11 - exhaustive_index - INFO - Table datasets_USA/USA_CSV0000000000025291.csv has 8760 rows and 21 columns
2025-12-18 18:49:11 - exhaustive_index - INFO - Processed table 2023 - datasets_USA/USA_CSV0000000000025291.csv
2025-12-18 18:49:35 - exhaustive_index - INFO - Processing table 2024 - datasets_USA/USA_CSV0000000000025307.csv
2025-12-18 18:49:35 - exhaustive_index - INFO - Table datasets_USA/USA_CSV0000000000025307.csv has 6928 rows and 19 columns
2025-12-18 18:49:35 - exhaustive_index - INFO - Processed table 2024 - datasets_USA/USA_CSV0000000000025307.csv
2025-12-18 18:49:35 - exhaustive_index - INFO - Processing table 2025 - datasets_USA/USA_CSV0000000000025312.csv
2025-12-18 18:49:35 - exhaustive_index - INFO - Table datasets_USA/USA_CSV0000000000025312.csv has 13094 rows and 5 columns
2025-12-18 18:49:35 - exhaustive_index - INFO - Processed table 2025 - datasets_USA/USA_CSV0000000000025312.csv
2025-12-18 18:49:35 - exhaustive_index - INFO - Processing table 2026 - datasets_USA/USA_CSV0000000000025317.csv
2025-12-18 18:49:35 - exhaustive_index - INFO - Table datasets_USA/USA_CSV0000000000025317.csv has 8 rows and 4 columns
2025-12-18 18:49:35 - exhaustive_index - INFO - Processed table 2026 - datasets_USA/USA_CSV0000000000025317.csv
2025-12-18 18:49:36 - exhaustive_index - INFO - Processing table 2027 - datasets_USA/USA_CSV0000000000025320.csv
2025-12-18 18:49:36 - exhaustive_index - INFO - Table datasets_USA/USA_CSV0000000000025320.csv has 8760 rows and 21 columns
2025-12-18 18:49:36 - exhaustive_index - INFO - Processed table 2027 - datasets_USA/USA_CSV0000000000025320.csv
2025-12-18 18:49:39 - exhaustive_index - INFO - Processing table 2028 - datasets_USA/USA_CSV0000000000025326.csv
2025-12-18 18:49:39 - exhaustive_index - INFO - Table datasets_USA/USA_CSV0000000000025326.csv has 8760 rows and 21 columns
2025-12-18 18:49:39 - exhaustive_index - INFO - Processed table 2028 - datasets_USA/USA_CSV0000000000025326.csv
2025-12-18 18:49:40 - exhaustive_index - INFO - Processing table 2029 - datasets_USA/USA_CSV0000000000025340.csv
2025-12-18 18:49:40 - exhaustive_index - INFO - Table datasets_USA/USA_CSV0000000000025340.csv has 8784 rows and 21 columns
2025-12-18 18:49:40 - exhaustive_index - INFO - Processed table 2029 - datasets_USA/USA_CSV0000000000025340.csv
2025-12-18 18:49:43 - exhaustive_index - INFO - Processing table 2030 - datasets_USA/USA_CSV0000000000025351.csv
2025-12-18 18:49:43 - exhaustive_index - INFO - Table datasets_USA/USA_CSV0000000000025351.csv has 7872 rows and 22 columns
2025-12-18 18:49:43 - exhaustive_index - INFO - Processed table 2030 - datasets_USA/USA_CSV0000000000025351.csv
2025-12-18 18:49:44 - exhaustive_index - INFO - Processing table 2031 - datasets_USA/USA_CSV0000000000025369.csv
2025-12-18 18:49:44 - exhaustive_index - INFO - Table datasets_USA/USA_CSV0000000000025369.csv has 103868 rows and 3 columns
2025-12-18 18:49:44 - exhaustive_index - INFO - Processed table 2031 - datasets_USA/USA_CSV0000000000025369.csv
2025-12-18 18:49:44 - exhaustive_index - INFO - Processing table 2032 - datasets_USA/USA_CSV0000000000025379.csv
2025-12-18 18:49:44 - exhaustive_index - INFO - Table datasets_USA/USA_CSV0000000000025379.csv has 83503 rows and 4 columns
2025-12-18 18:49:44 - exhaustive_index - INFO - Processed table 2032 - datasets_USA/USA_CSV0000000000025379.csv
2025-12-18 18:49:44 - exhaustive_index - INFO - Processing table 2033 - datasets_USA/USA_CSV0000000000025382.csv
2025-12-18 18:49:44 - exhaustive_index - INFO - Table datasets_USA/USA_CSV0000000000025382.csv has 20736 rows and 6 columns
2025-12-18 18:49:44 - exhaustive_index - INFO - Processed table 2033 - datasets_USA/USA_CSV0000000000025382.csv
2025-12-18 18:49:44 - exhaustive_index - INFO - Processing table 2034 - datasets_USA/USA_CSV0000000000025390.csv
2025-12-18 18:49:44 - exhaustive_index - INFO - Table datasets_USA/USA_CSV0000000000025390.csv has 1422 rows and 3 columns
2025-12-18 18:49:44 - exhaustive_index - INFO - Processed table 2034 - datasets_USA/USA_CSV0000000000025390.csv
2025-12-18 18:50:15 - exhaustive_index - INFO - Processing table 2035 - datasets_USA/USA_CSV0000000000025398.csv
2025-12-18 18:50:15 - exhaustive_index - INFO - Table datasets_USA/USA_CSV0000000000025398.csv has 24270 rows and 16 columns
2025-12-18 18:50:15 - exhaustive_index - INFO - Processed table 2035 - datasets_USA/USA_CSV0000000000025398.csv
2025-12-18 18:50:16 - exhaustive_index - INFO - Processing table 2036 - datasets_USA/USA_CSV0000000000025401.csv
2025-12-18 18:50:16 - exhaustive_index - INFO - Table datasets_USA/USA_CSV0000000000025401.csv has 8760 rows and 21 columns
2025-12-18 18:50:16 - exhaustive_index - INFO - Processed table 2036 - datasets_USA/USA_CSV0000000000025401.csv
2025-12-18 18:50:30 - exhaustive_index - INFO - Processing table 2037 - datasets_USA/USA_CSV0000000000025406.csv
2025-12-18 18:50:30 - exhaustive_index - INFO - Table datasets_USA/USA_CSV0000000000025406.csv has 20438 rows and 18 columns
2025-12-18 18:50:30 - exhaustive_index - INFO - Processed table 2037 - datasets_USA/USA_CSV0000000000025406.csv
2025-12-18 18:50:31 - exhaustive_index - INFO - Processing table 2038 - datasets_USA/USA_CSV0000000000025409.csv
2025-12-18 18:50:31 - exhaustive_index - INFO - Table datasets_USA/USA_CSV0000000000025409.csv has 13590 rows and 16 columns
2025-12-18 18:50:31 - exhaustive_index - INFO - Processed table 2038 - datasets_USA/USA_CSV0000000000025409.csv
2025-12-18 18:50:34 - exhaustive_index - INFO - Processing table 2039 - datasets_USA/USA_CSV0000000000025410.csv
2025-12-18 18:50:34 - exhaustive_index - INFO - Table datasets_USA/USA_CSV0000000000025410.csv has 8760 rows and 21 columns
2025-12-18 18:50:34 - exhaustive_index - INFO - Processed table 2039 - datasets_USA/USA_CSV0000000000025410.csv
2025-12-18 18:50:36 - exhaustive_index - INFO - Processing table 2040 - datasets_USA/USA_CSV0000000000025416.csv
2025-12-18 18:50:36 - exhaustive_index - INFO - Table datasets_USA/USA_CSV0000000000025416.csv has 26956 rows and 7 columns
2025-12-18 18:50:36 - exhaustive_index - INFO - Processed table 2040 - datasets_USA/USA_CSV0000000000025416.csv
2025-12-18 18:50:39 - exhaustive_index - INFO - Processing table 2041 - datasets_USA/USA_CSV0000000000025442.csv
2025-12-18 18:50:39 - exhaustive_index - INFO - Table datasets_USA/USA_CSV0000000000025442.csv has 7100 rows and 22 columns
2025-12-18 18:50:39 - exhaustive_index - INFO - Processed table 2041 - datasets_USA/USA_CSV0000000000025442.csv
2025-12-18 18:50:42 - exhaustive_index - INFO - Processing table 2042 - datasets_USA/USA_CSV0000000000025443.csv
2025-12-18 18:50:42 - exhaustive_index - INFO - Table datasets_USA/USA_CSV0000000000025443.csv has 10694 rows and 12 columns
2025-12-18 18:50:42 - exhaustive_index - INFO - Processed table 2042 - datasets_USA/USA_CSV0000000000025443.csv
2025-12-18 18:50:56 - exhaustive_index - INFO - Processing table 2043 - datasets_USA/USA_CSV0000000000025445.csv
2025-12-18 18:50:56 - exhaustive_index - INFO - Table datasets_USA/USA_CSV0000000000025445.csv has 8426 rows and 25 columns
2025-12-18 18:50:56 - exhaustive_index - INFO - Processed table 2043 - datasets_USA/USA_CSV0000000000025445.csv
2025-12-18 18:51:00 - exhaustive_index - INFO - Processing table 2044 - datasets_USA/USA_CSV0000000000025463.csv
2025-12-18 18:51:00 - exhaustive_index - INFO - Table datasets_USA/USA_CSV0000000000025463.csv has 6551 rows and 19 columns
2025-12-18 18:51:00 - exhaustive_index - INFO - Processed table 2044 - datasets_USA/USA_CSV0000000000025463.csv
2025-12-18 18:51:01 - exhaustive_index - INFO - Processing table 2045 - datasets_USA/USA_CSV0000000000025475.csv
2025-12-18 18:51:01 - exhaustive_index - INFO - Table datasets_USA/USA_CSV0000000000025475.csv has 4844 rows and 7 columns
2025-12-18 18:51:01 - exhaustive_index - INFO - Processed table 2045 - datasets_USA/USA_CSV0000000000025475.csv
2025-12-18 18:51:01 - exhaustive_index - INFO - Processing table 2046 - datasets_USA/USA_CSV0000000000025478.csv
2025-12-18 18:51:02 - exhaustive_index - INFO - Processing table 2047 - datasets_USA/USA_CSV0000000000025479.csv
2025-12-18 18:51:02 - exhaustive_index - INFO - Table datasets_USA/USA_CSV0000000000025479.csv has 1129 rows and 8 columns
2025-12-18 18:51:02 - exhaustive_index - INFO - Processed table 2047 - datasets_USA/USA_CSV0000000000025479.csv
2025-12-18 18:51:02 - exhaustive_index - INFO - Processing table 2048 - datasets_USA/USA_CSV0000000000025492.csv
2025-12-18 18:51:02 - exhaustive_index - INFO - Table datasets_USA/USA_CSV0000000000025492.csv has 44505 rows and 4 columns
2025-12-18 18:51:02 - exhaustive_index - INFO - Processed table 2048 - datasets_USA/USA_CSV0000000000025492.csv
2025-12-18 18:51:02 - exhaustive_index - INFO - Processing table 2049 - datasets_USA/USA_CSV0000000000025510.csv
2025-12-18 18:51:02 - exhaustive_index - INFO - Table datasets_USA/USA_CSV0000000000025510.csv has 3734 rows and 7 columns
2025-12-18 18:51:02 - exhaustive_index - INFO - Processed table 2049 - datasets_USA/USA_CSV0000000000025510.csv
2025-12-18 18:51:06 - exhaustive_index - INFO - Processing table 2050 - datasets_USA/USA_CSV0000000000025521.csv
2025-12-18 18:51:06 - exhaustive_index - INFO - Table datasets_USA/USA_CSV0000000000025521.csv has 8773 rows and 12 columns
2025-12-18 18:51:06 - exhaustive_index - INFO - Processed table 2050 - datasets_USA/USA_CSV0000000000025521.csv
2025-12-18 18:51:10 - exhaustive_index - INFO - Processing table 2051 - datasets_USA/USA_CSV0000000000025534.csv
2025-12-18 18:51:10 - exhaustive_index - INFO - Table datasets_USA/USA_CSV0000000000025534.csv has 16747 rows and 23 columns
2025-12-18 18:51:10 - exhaustive_index - INFO - Processed table 2051 - datasets_USA/USA_CSV0000000000025534.csv
2025-12-18 18:51:12 - exhaustive_index - INFO - Processing table 2052 - datasets_USA/USA_CSV0000000000025537.csv
2025-12-18 18:51:12 - exhaustive_index - INFO - Table datasets_USA/USA_CSV0000000000025537.csv has 114785 rows and 12 columns
2025-12-18 18:51:12 - exhaustive_index - INFO - Processed table 2052 - datasets_USA/USA_CSV0000000000025537.csv
2025-12-18 18:51:14 - exhaustive_index - INFO - Processing table 2053 - datasets_USA/USA_CSV0000000000025548.csv
2025-12-18 18:51:14 - exhaustive_index - INFO - Table datasets_USA/USA_CSV0000000000025548.csv has 8806 rows and 15 columns
2025-12-18 18:51:14 - exhaustive_index - INFO - Processed table 2053 - datasets_USA/USA_CSV0000000000025548.csv
2025-12-18 18:51:14 - exhaustive_index - INFO - Processing table 2054 - datasets_USA/USA_CSV0000000000025549.csv
2025-12-18 18:51:14 - exhaustive_index - INFO - Table datasets_USA/USA_CSV0000000000025549.csv has 34032 rows and 8 columns
2025-12-18 18:51:14 - exhaustive_index - INFO - Processed table 2054 - datasets_USA/USA_CSV0000000000025549.csv
2025-12-18 18:56:48 - exhaustive_index - INFO - Processing table 2055 - datasets_USA/USA_CSV0000000000025566.csv
2025-12-18 18:56:48 - exhaustive_index - INFO - Table datasets_USA/USA_CSV0000000000025566.csv has 9169 rows and 43 columns
2025-12-18 18:56:48 - exhaustive_index - INFO - Processed table 2055 - datasets_USA/USA_CSV0000000000025566.csv
2025-12-18 18:56:48 - exhaustive_index - INFO - Processing table 2056 - datasets_USA/USA_CSV0000000000025570.csv
2025-12-18 18:56:48 - exhaustive_index - INFO - Table datasets_USA/USA_CSV0000000000025570.csv has 65385 rows and 3 columns
2025-12-18 18:56:48 - exhaustive_index - INFO - Processed table 2056 - datasets_USA/USA_CSV0000000000025570.csv
2025-12-18 18:56:55 - exhaustive_index - INFO - Processing table 2057 - datasets_USA/USA_CSV0000000000025576.csv
2025-12-18 18:56:55 - exhaustive_index - INFO - Table datasets_USA/USA_CSV0000000000025576.csv has 7104 rows and 32 columns
2025-12-18 18:56:55 - exhaustive_index - INFO - Processed table 2057 - datasets_USA/USA_CSV0000000000025576.csv
2025-12-18 18:56:57 - exhaustive_index - INFO - Processing table 2058 - datasets_USA/USA_CSV0000000000025584.csv
2025-12-18 18:56:57 - exhaustive_index - INFO - Table datasets_USA/USA_CSV0000000000025584.csv has 7219 rows and 22 columns
2025-12-18 18:56:57 - exhaustive_index - INFO - Processed table 2058 - datasets_USA/USA_CSV0000000000025584.csv
2025-12-18 18:57:04 - exhaustive_index - INFO - Processing table 2059 - datasets_USA/USA_CSV0000000000025588.csv
2025-12-18 18:57:04 - exhaustive_index - INFO - Table datasets_USA/USA_CSV0000000000025588.csv has 7121 rows and 32 columns
2025-12-18 18:57:04 - exhaustive_index - INFO - Processed table 2059 - datasets_USA/USA_CSV0000000000025588.csv
2025-12-18 18:57:04 - exhaustive_index - INFO - Processing table 2060 - datasets_USA/USA_CSV0000000000025589.csv
2025-12-18 18:57:04 - exhaustive_index - INFO - Table datasets_USA/USA_CSV0000000000025589.csv has 27883 rows and 4 columns
2025-12-18 18:57:04 - exhaustive_index - INFO - Processed table 2060 - datasets_USA/USA_CSV0000000000025589.csv
2025-12-18 18:57:07 - exhaustive_index - INFO - Processing table 2061 - datasets_USA/USA_CSV0000000000025590.csv
2025-12-18 18:57:07 - exhaustive_index - INFO - Table datasets_USA/USA_CSV0000000000025590.csv has 28296 rows and 7 columns
2025-12-18 18:57:07 - exhaustive_index - INFO - Processed table 2061 - datasets_USA/USA_CSV0000000000025590.csv
2025-12-18 18:57:07 - exhaustive_index - INFO - Processing table 2062 - datasets_USA/USA_CSV0000000000025592.csv
2025-12-18 18:57:07 - exhaustive_index - INFO - Table datasets_USA/USA_CSV0000000000025592.csv has 32 rows and 5 columns
2025-12-18 18:57:07 - exhaustive_index - INFO - Processed table 2062 - datasets_USA/USA_CSV0000000000025592.csv
2025-12-18 18:57:22 - exhaustive_index - INFO - Processing table 2063 - datasets_USA/USA_CSV0000000000025597.csv
2025-12-18 18:57:22 - exhaustive_index - INFO - Table datasets_USA/USA_CSV0000000000025597.csv has 7983 rows and 16 columns
2025-12-18 18:57:22 - exhaustive_index - INFO - Processed table 2063 - datasets_USA/USA_CSV0000000000025597.csv
2025-12-18 18:57:24 - exhaustive_index - INFO - Processing table 2064 - datasets_USA/USA_CSV0000000000025603.csv
2025-12-18 18:57:24 - exhaustive_index - INFO - Table datasets_USA/USA_CSV0000000000025603.csv has 738 rows and 31 columns
2025-12-18 18:57:24 - exhaustive_index - INFO - Processed table 2064 - datasets_USA/USA_CSV0000000000025603.csv
2025-12-18 18:57:34 - exhaustive_index - INFO - Processing table 2065 - datasets_USA/USA_CSV0000000000025604.csv
2025-12-18 18:57:34 - exhaustive_index - INFO - Table datasets_USA/USA_CSV0000000000025604.csv has 8066 rows and 20 columns
2025-12-18 18:57:34 - exhaustive_index - INFO - Processed table 2065 - datasets_USA/USA_CSV0000000000025604.csv
2025-12-18 18:57:47 - exhaustive_index - INFO - Processing table 2066 - datasets_USA/USA_CSV0000000000025606.csv
2025-12-18 18:57:47 - exhaustive_index - INFO - Table datasets_USA/USA_CSV0000000000025606.csv has 18462 rows and 22 columns
2025-12-18 18:57:47 - exhaustive_index - INFO - Processed table 2066 - datasets_USA/USA_CSV0000000000025606.csv
2025-12-18 18:57:49 - exhaustive_index - INFO - Processing table 2067 - datasets_USA/USA_CSV0000000000025613.csv
2025-12-18 18:57:49 - exhaustive_index - INFO - Table datasets_USA/USA_CSV0000000000025613.csv has 8876 rows and 17 columns
2025-12-18 18:57:49 - exhaustive_index - INFO - Processed table 2067 - datasets_USA/USA_CSV0000000000025613.csv
2025-12-18 18:57:53 - exhaustive_index - INFO - Processing table 2068 - datasets_USA/USA_CSV0000000000025624.csv
2025-12-18 18:57:53 - exhaustive_index - INFO - Table datasets_USA/USA_CSV0000000000025624.csv has 24910 rows and 11 columns
2025-12-18 18:57:53 - exhaustive_index - INFO - Processed table 2068 - datasets_USA/USA_CSV0000000000025624.csv
2025-12-18 18:57:55 - exhaustive_index - INFO - Processing table 2069 - datasets_USA/USA_CSV0000000000025627.csv
2025-12-18 18:57:55 - exhaustive_index - INFO - Table datasets_USA/USA_CSV0000000000025627.csv has 5201 rows and 6 columns
2025-12-18 18:57:55 - exhaustive_index - INFO - Processed table 2069 - datasets_USA/USA_CSV0000000000025627.csv
2025-12-18 18:57:57 - exhaustive_index - INFO - Processing table 2070 - datasets_USA/USA_CSV0000000000025628.csv
2025-12-18 18:57:57 - exhaustive_index - INFO - Table datasets_USA/USA_CSV0000000000025628.csv has 9292 rows and 18 columns
2025-12-18 18:57:57 - exhaustive_index - INFO - Processed table 2070 - datasets_USA/USA_CSV0000000000025628.csv
2025-12-18 18:58:10 - exhaustive_index - INFO - Processing table 2071 - datasets_USA/USA_CSV0000000000025644.csv
2025-12-18 18:58:10 - exhaustive_index - INFO - Table datasets_USA/USA_CSV0000000000025644.csv has 7574 rows and 19 columns
2025-12-18 18:58:10 - exhaustive_index - INFO - Processed table 2071 - datasets_USA/USA_CSV0000000000025644.csv
2025-12-18 18:58:12 - exhaustive_index - INFO - Processing table 2072 - datasets_USA/USA_CSV0000000000025646.csv
2025-12-18 18:58:12 - exhaustive_index - INFO - Table datasets_USA/USA_CSV0000000000025646.csv has 38160 rows and 6 columns
2025-12-18 18:58:12 - exhaustive_index - INFO - Processed table 2072 - datasets_USA/USA_CSV0000000000025646.csv
2025-12-18 18:58:14 - exhaustive_index - INFO - Processing table 2073 - datasets_USA/USA_CSV0000000000025652.csv
2025-12-18 18:58:14 - exhaustive_index - INFO - Table datasets_USA/USA_CSV0000000000025652.csv has 26351 rows and 10 columns
2025-12-18 18:58:14 - exhaustive_index - INFO - Processed table 2073 - datasets_USA/USA_CSV0000000000025652.csv
2025-12-18 18:58:14 - exhaustive_index - INFO - Processing table 2074 - datasets_USA/USA_CSV0000000000025675.csv
2025-12-18 18:58:14 - exhaustive_index - INFO - Table datasets_USA/USA_CSV0000000000025675.csv has 97 rows and 5 columns
2025-12-18 18:58:14 - exhaustive_index - INFO - Processed table 2074 - datasets_USA/USA_CSV0000000000025675.csv
2025-12-18 18:58:20 - exhaustive_index - INFO - Processing table 2075 - datasets_USA/USA_CSV0000000000025682.csv
2025-12-18 18:58:20 - exhaustive_index - INFO - Table datasets_USA/USA_CSV0000000000025682.csv has 5753 rows and 20 columns
2025-12-18 18:58:20 - exhaustive_index - INFO - Processed table 2075 - datasets_USA/USA_CSV0000000000025682.csv
2025-12-18 18:58:20 - exhaustive_index - INFO - Processing table 2076 - datasets_USA/USA_CSV0000000000025700.csv
2025-12-18 18:58:25 - exhaustive_index - INFO - Processing table 2077 - datasets_USA/USA_CSV0000000000025713.csv
2025-12-18 18:58:25 - exhaustive_index - INFO - Table datasets_USA/USA_CSV0000000000025713.csv has 15884 rows and 24 columns
2025-12-18 18:58:25 - exhaustive_index - INFO - Processed table 2077 - datasets_USA/USA_CSV0000000000025713.csv
2025-12-18 18:58:27 - exhaustive_index - INFO - Processing table 2078 - datasets_USA/USA_CSV0000000000025721.csv
2025-12-18 18:58:27 - exhaustive_index - INFO - Table datasets_USA/USA_CSV0000000000025721.csv has 14627 rows and 7 columns
2025-12-18 18:58:27 - exhaustive_index - INFO - Processed table 2078 - datasets_USA/USA_CSV0000000000025721.csv
2025-12-18 18:58:41 - exhaustive_index - INFO - Processing table 2079 - datasets_USA/USA_CSV0000000000025728.csv
2025-12-18 18:58:41 - exhaustive_index - INFO - Table datasets_USA/USA_CSV0000000000025728.csv has 3134 rows and 42 columns
2025-12-18 18:58:41 - exhaustive_index - INFO - Processed table 2079 - datasets_USA/USA_CSV0000000000025728.csv
2025-12-18 18:58:41 - exhaustive_index - INFO - Processing table 2080 - datasets_USA/USA_CSV0000000000025733.csv
2025-12-18 18:58:41 - exhaustive_index - INFO - Table datasets_USA/USA_CSV0000000000025733.csv has 105 rows and 5 columns
2025-12-18 18:58:41 - exhaustive_index - INFO - Processed table 2080 - datasets_USA/USA_CSV0000000000025733.csv
2025-12-18 18:58:41 - exhaustive_index - INFO - Processing table 2081 - datasets_USA/USA_CSV0000000000025747.csv
2025-12-18 18:58:41 - exhaustive_index - INFO - Table datasets_USA/USA_CSV0000000000025747.csv has 3499 rows and 23 columns
2025-12-18 18:58:41 - exhaustive_index - INFO - Processed table 2081 - datasets_USA/USA_CSV0000000000025747.csv
2025-12-18 18:58:42 - exhaustive_index - INFO - Processing table 2082 - datasets_USA/USA_CSV0000000000025763.csv
2025-12-18 18:58:42 - exhaustive_index - INFO - Table datasets_USA/USA_CSV0000000000025763.csv has 28 rows and 6 columns
2025-12-18 18:58:42 - exhaustive_index - INFO - Processed table 2082 - datasets_USA/USA_CSV0000000000025763.csv
2025-12-18 18:58:43 - exhaustive_index - INFO - Processing table 2083 - datasets_USA/USA_CSV0000000000025766.csv
2025-12-18 18:58:43 - exhaustive_index - INFO - Table datasets_USA/USA_CSV0000000000025766.csv has 3625 rows and 23 columns
2025-12-18 18:58:43 - exhaustive_index - INFO - Processed table 2083 - datasets_USA/USA_CSV0000000000025766.csv
2025-12-18 18:58:43 - exhaustive_index - INFO - Processing table 2084 - datasets_USA/USA_CSV0000000000025767.csv
2025-12-18 18:58:43 - exhaustive_index - INFO - Table datasets_USA/USA_CSV0000000000025767.csv has 34476 rows and 4 columns
2025-12-18 18:58:43 - exhaustive_index - INFO - Processed table 2084 - datasets_USA/USA_CSV0000000000025767.csv
2025-12-18 18:58:44 - exhaustive_index - INFO - Processing table 2085 - datasets_USA/USA_CSV0000000000025819.csv
2025-12-18 18:58:44 - exhaustive_index - INFO - Table datasets_USA/USA_CSV0000000000025819.csv has 7972 rows and 25 columns
2025-12-18 18:58:44 - exhaustive_index - INFO - Processed table 2085 - datasets_USA/USA_CSV0000000000025819.csv
2025-12-18 18:58:46 - exhaustive_index - INFO - Processing table 2086 - datasets_USA/USA_CSV0000000000025827.csv
2025-12-18 18:58:46 - exhaustive_index - INFO - Table datasets_USA/USA_CSV0000000000025827.csv has 215 rows and 33 columns
2025-12-18 18:58:46 - exhaustive_index - INFO - Processed table 2086 - datasets_USA/USA_CSV0000000000025827.csv
2025-12-18 18:58:49 - exhaustive_index - INFO - Processing table 2087 - datasets_USA/USA_CSV0000000000025828.csv
2025-12-18 18:58:49 - exhaustive_index - INFO - Table datasets_USA/USA_CSV0000000000025828.csv has 7343 rows and 22 columns
2025-12-18 18:58:49 - exhaustive_index - INFO - Processed table 2087 - datasets_USA/USA_CSV0000000000025828.csv
2025-12-18 18:58:54 - exhaustive_index - INFO - Processing table 2088 - datasets_USA/USA_CSV0000000000025894.csv
2025-12-18 18:58:54 - exhaustive_index - INFO - Table datasets_USA/USA_CSV0000000000025894.csv has 7426 rows and 25 columns
2025-12-18 18:58:54 - exhaustive_index - INFO - Processed table 2088 - datasets_USA/USA_CSV0000000000025894.csv
2025-12-18 18:58:55 - exhaustive_index - INFO - Processing table 2089 - datasets_USA/USA_CSV0000000000025930.csv
2025-12-18 18:58:55 - exhaustive_index - INFO - Table datasets_USA/USA_CSV0000000000025930.csv has 14084 rows and 9 columns
2025-12-18 18:58:55 - exhaustive_index - INFO - Processed table 2089 - datasets_USA/USA_CSV0000000000025930.csv
2025-12-18 18:58:57 - exhaustive_index - INFO - Processing table 2090 - datasets_USA/USA_CSV0000000000025938.csv
2025-12-18 18:58:57 - exhaustive_index - INFO - Table datasets_USA/USA_CSV0000000000025938.csv has 16538 rows and 11 columns
2025-12-18 18:58:57 - exhaustive_index - INFO - Processed table 2090 - datasets_USA/USA_CSV0000000000025938.csv
2025-12-18 18:58:57 - exhaustive_index - INFO - Processing table 2091 - datasets_USA/USA_CSV0000000000025940.csv
2025-12-18 18:58:57 - exhaustive_index - INFO - Table datasets_USA/USA_CSV0000000000025940.csv has 55 rows and 28 columns
2025-12-18 18:58:57 - exhaustive_index - INFO - Processed table 2091 - datasets_USA/USA_CSV0000000000025940.csv
2025-12-18 18:59:19 - exhaustive_index - INFO - Processing table 2092 - datasets_USA/USA_CSV0000000000025969.csv
2025-12-18 18:59:19 - exhaustive_index - INFO - Table datasets_USA/USA_CSV0000000000025969.csv has 661 rows and 64 columns
2025-12-18 18:59:19 - exhaustive_index - INFO - Processed table 2092 - datasets_USA/USA_CSV0000000000025969.csv
2025-12-18 18:59:21 - exhaustive_index - INFO - Processing table 2093 - datasets_USA/USA_CSV0000000000025981.csv
2025-12-18 18:59:21 - exhaustive_index - INFO - Table datasets_USA/USA_CSV0000000000025981.csv has 22127 rows and 13 columns
2025-12-18 18:59:21 - exhaustive_index - INFO - Processed table 2093 - datasets_USA/USA_CSV0000000000025981.csv
2025-12-18 18:59:40 - exhaustive_index - INFO - Processing table 2094 - datasets_USA/USA_CSV0000000000025992.csv
2025-12-18 18:59:40 - exhaustive_index - INFO - Table datasets_USA/USA_CSV0000000000025992.csv has 7532 rows and 18 columns
2025-12-18 18:59:40 - exhaustive_index - INFO - Processed table 2094 - datasets_USA/USA_CSV0000000000025992.csv
2025-12-18 18:59:43 - exhaustive_index - INFO - Processing table 2095 - datasets_USA/USA_CSV0000000000026000.csv
2025-12-18 18:59:43 - exhaustive_index - INFO - Table datasets_USA/USA_CSV0000000000026000.csv has 26746 rows and 8 columns
2025-12-18 18:59:43 - exhaustive_index - INFO - Processed table 2095 - datasets_USA/USA_CSV0000000000026000.csv
2025-12-18 18:59:45 - exhaustive_index - INFO - Processing table 2096 - datasets_USA/USA_CSV0000000000026001.csv
2025-12-18 18:59:45 - exhaustive_index - INFO - Table datasets_USA/USA_CSV0000000000026001.csv has 11737 rows and 10 columns
2025-12-18 18:59:45 - exhaustive_index - INFO - Processed table 2096 - datasets_USA/USA_CSV0000000000026001.csv
2025-12-18 18:59:49 - exhaustive_index - INFO - Processing table 2097 - datasets_USA/USA_CSV0000000000026012.csv
2025-12-18 18:59:49 - exhaustive_index - INFO - Table datasets_USA/USA_CSV0000000000026012.csv has 52103 rows and 14 columns
2025-12-18 18:59:49 - exhaustive_index - INFO - Processed table 2097 - datasets_USA/USA_CSV0000000000026012.csv
2025-12-18 18:59:52 - exhaustive_index - INFO - Processing table 2098 - datasets_USA/USA_CSV0000000000026030.csv
2025-12-18 18:59:52 - exhaustive_index - INFO - Table datasets_USA/USA_CSV0000000000026030.csv has 16628 rows and 22 columns
2025-12-18 18:59:52 - exhaustive_index - INFO - Processed table 2098 - datasets_USA/USA_CSV0000000000026030.csv
2025-12-18 18:59:53 - exhaustive_index - INFO - Processing table 2099 - datasets_USA/USA_CSV0000000000026031.csv
2025-12-18 18:59:53 - exhaustive_index - INFO - Table datasets_USA/USA_CSV0000000000026031.csv has 6184 rows and 16 columns
2025-12-18 18:59:53 - exhaustive_index - INFO - Processed table 2099 - datasets_USA/USA_CSV0000000000026031.csv
2025-12-18 18:59:53 - exhaustive_index - INFO - Processing table 2100 - datasets_USA/USA_CSV0000000000026033.csv
2025-12-18 18:59:53 - exhaustive_index - INFO - Table datasets_USA/USA_CSV0000000000026033.csv has 252 rows and 5 columns
2025-12-18 18:59:53 - exhaustive_index - INFO - Processed table 2100 - datasets_USA/USA_CSV0000000000026033.csv
2025-12-18 18:59:54 - exhaustive_index - INFO - Processing table 2101 - datasets_USA/USA_CSV0000000000026035.csv
2025-12-18 18:59:54 - exhaustive_index - INFO - Table datasets_USA/USA_CSV0000000000026035.csv has 3876 rows and 8 columns
2025-12-18 18:59:54 - exhaustive_index - INFO - Processed table 2101 - datasets_USA/USA_CSV0000000000026035.csv
2025-12-18 18:59:59 - exhaustive_index - INFO - Processing table 2102 - datasets_USA/USA_CSV0000000000026036.csv
2025-12-18 18:59:59 - exhaustive_index - INFO - Table datasets_USA/USA_CSV0000000000026036.csv has 8219 rows and 11 columns
2025-12-18 18:59:59 - exhaustive_index - INFO - Processed table 2102 - datasets_USA/USA_CSV0000000000026036.csv
2025-12-18 18:59:59 - exhaustive_index - INFO - Processing table 2103 - datasets_USA/USA_CSV0000000000026052.csv
2025-12-18 18:59:59 - exhaustive_index - INFO - Table datasets_USA/USA_CSV0000000000026052.csv has 135 rows and 7 columns
2025-12-18 18:59:59 - exhaustive_index - INFO - Processed table 2103 - datasets_USA/USA_CSV0000000000026052.csv
2025-12-18 19:00:00 - exhaustive_index - INFO - Processing table 2104 - datasets_USA/USA_CSV0000000000026062.csv
2025-12-18 19:00:00 - exhaustive_index - INFO - Table datasets_USA/USA_CSV0000000000026062.csv has 3912 rows and 9 columns
2025-12-18 19:00:00 - exhaustive_index - INFO - Processed table 2104 - datasets_USA/USA_CSV0000000000026062.csv
2025-12-18 19:00:02 - exhaustive_index - INFO - Processing table 2105 - datasets_USA/USA_CSV0000000000026070.csv
2025-12-18 19:00:02 - exhaustive_index - INFO - Table datasets_USA/USA_CSV0000000000026070.csv has 452 rows and 13 columns
2025-12-18 19:00:02 - exhaustive_index - INFO - Processed table 2105 - datasets_USA/USA_CSV0000000000026070.csv
2025-12-18 19:00:03 - exhaustive_index - INFO - Processing table 2106 - datasets_USA/USA_CSV0000000000026074.csv
2025-12-18 19:00:03 - exhaustive_index - INFO - Table datasets_USA/USA_CSV0000000000026074.csv has 26490 rows and 7 columns
2025-12-18 19:00:03 - exhaustive_index - INFO - Processed table 2106 - datasets_USA/USA_CSV0000000000026074.csv
2025-12-18 19:01:32 - exhaustive_index - INFO - Processing table 2107 - datasets_USA/USA_CSV0000000000026116.csv
2025-12-18 19:01:32 - exhaustive_index - INFO - Table datasets_USA/USA_CSV0000000000026116.csv has 1969 rows and 49 columns
2025-12-18 19:01:32 - exhaustive_index - INFO - Processed table 2107 - datasets_USA/USA_CSV0000000000026116.csv
2025-12-18 19:01:33 - exhaustive_index - INFO - Processing table 2108 - datasets_USA/USA_CSV0000000000026126.csv
2025-12-18 19:01:33 - exhaustive_index - INFO - Table datasets_USA/USA_CSV0000000000026126.csv has 14259 rows and 9 columns
2025-12-18 19:01:33 - exhaustive_index - INFO - Processed table 2108 - datasets_USA/USA_CSV0000000000026126.csv
2025-12-18 19:01:37 - exhaustive_index - INFO - Processing table 2109 - datasets_USA/USA_CSV0000000000026137.csv
2025-12-18 19:01:37 - exhaustive_index - INFO - Table datasets_USA/USA_CSV0000000000026137.csv has 1641 rows and 15 columns
2025-12-18 19:01:37 - exhaustive_index - INFO - Processed table 2109 - datasets_USA/USA_CSV0000000000026137.csv
2025-12-18 19:01:47 - exhaustive_index - INFO - Processing table 2110 - datasets_USA/USA_CSV0000000000026175.csv
2025-12-18 19:01:47 - exhaustive_index - INFO - Table datasets_USA/USA_CSV0000000000026175.csv has 6847 rows and 26 columns
2025-12-18 19:01:47 - exhaustive_index - INFO - Processed table 2110 - datasets_USA/USA_CSV0000000000026175.csv
2025-12-18 19:01:48 - exhaustive_index - INFO - Processing table 2111 - datasets_USA/USA_CSV0000000000026217.csv
2025-12-18 19:01:48 - exhaustive_index - INFO - Table datasets_USA/USA_CSV0000000000026217.csv has 34134 rows and 9 columns
2025-12-18 19:01:48 - exhaustive_index - INFO - Processed table 2111 - datasets_USA/USA_CSV0000000000026217.csv
2025-12-18 19:01:49 - exhaustive_index - INFO - Processing table 2112 - datasets_USA/USA_CSV0000000000026235.csv
2025-12-18 19:01:49 - exhaustive_index - INFO - Table datasets_USA/USA_CSV0000000000026235.csv has 20258 rows and 8 columns
2025-12-18 19:01:49 - exhaustive_index - INFO - Processed table 2112 - datasets_USA/USA_CSV0000000000026235.csv
2025-12-18 19:01:52 - exhaustive_index - INFO - Processing table 2113 - datasets_USA/USA_CSV0000000000026244.csv
2025-12-18 19:01:52 - exhaustive_index - INFO - Table datasets_USA/USA_CSV0000000000026244.csv has 15504 rows and 9 columns
2025-12-18 19:01:52 - exhaustive_index - INFO - Processed table 2113 - datasets_USA/USA_CSV0000000000026244.csv
2025-12-18 19:02:13 - exhaustive_index - INFO - Processing table 2114 - datasets_USA/USA_CSV0000000000026267.csv
2025-12-18 19:02:13 - exhaustive_index - INFO - Table datasets_USA/USA_CSV0000000000026267.csv has 12489 rows and 21 columns
2025-12-18 19:02:13 - exhaustive_index - INFO - Processed table 2114 - datasets_USA/USA_CSV0000000000026267.csv
2025-12-18 19:02:16 - exhaustive_index - INFO - Processing table 2115 - datasets_USA/USA_CSV0000000000026309.csv
2025-12-18 19:02:16 - exhaustive_index - INFO - Table datasets_USA/USA_CSV0000000000026309.csv has 12942 rows and 12 columns
2025-12-18 19:02:16 - exhaustive_index - INFO - Processed table 2115 - datasets_USA/USA_CSV0000000000026309.csv
2025-12-18 19:02:20 - exhaustive_index - INFO - Processing table 2116 - datasets_USA/USA_CSV0000000000026338.csv
2025-12-18 19:02:20 - exhaustive_index - INFO - Table datasets_USA/USA_CSV0000000000026338.csv has 7118 rows and 14 columns
2025-12-18 19:02:20 - exhaustive_index - INFO - Processed table 2116 - datasets_USA/USA_CSV0000000000026338.csv
2025-12-18 19:02:20 - exhaustive_index - INFO - Processing table 2117 - datasets_USA/USA_CSV0000000000026360.csv
2025-12-18 19:02:20 - exhaustive_index - INFO - Table datasets_USA/USA_CSV0000000000026360.csv has 30931 rows and 9 columns
2025-12-18 19:02:20 - exhaustive_index - INFO - Processed table 2117 - datasets_USA/USA_CSV0000000000026360.csv
2025-12-18 19:02:29 - exhaustive_index - INFO - Processing table 2118 - datasets_USA/USA_CSV0000000000026372.csv
2025-12-18 19:02:29 - exhaustive_index - INFO - Table datasets_USA/USA_CSV0000000000026372.csv has 10573 rows and 14 columns
2025-12-18 19:02:29 - exhaustive_index - INFO - Processed table 2118 - datasets_USA/USA_CSV0000000000026372.csv
2025-12-18 19:02:29 - exhaustive_index - INFO - Processing table 2119 - datasets_USA/USA_CSV0000000000026377.csv
2025-12-18 19:02:29 - exhaustive_index - INFO - Table datasets_USA/USA_CSV0000000000026377.csv has 14 rows and 9 columns
2025-12-18 19:02:29 - exhaustive_index - INFO - Processed table 2119 - datasets_USA/USA_CSV0000000000026377.csv
2025-12-18 19:02:32 - exhaustive_index - INFO - Processing table 2120 - datasets_USA/USA_CSV0000000000026401.csv
2025-12-18 19:02:32 - exhaustive_index - INFO - Table datasets_USA/USA_CSV0000000000026401.csv has 6492 rows and 13 columns
2025-12-18 19:02:32 - exhaustive_index - INFO - Processed table 2120 - datasets_USA/USA_CSV0000000000026401.csv
2025-12-18 19:02:51 - exhaustive_index - INFO - Processing table 2121 - datasets_USA/USA_CSV0000000000026462.csv
2025-12-18 19:02:51 - exhaustive_index - INFO - Table datasets_USA/USA_CSV0000000000026462.csv has 7311 rows and 27 columns
2025-12-18 19:02:51 - exhaustive_index - INFO - Processed table 2121 - datasets_USA/USA_CSV0000000000026462.csv
2025-12-18 19:02:56 - exhaustive_index - INFO - Processing table 2122 - datasets_USA/USA_CSV0000000000026473.csv
2025-12-18 19:02:56 - exhaustive_index - INFO - Table datasets_USA/USA_CSV0000000000026473.csv has 15138 rows and 8 columns
2025-12-18 19:02:56 - exhaustive_index - INFO - Processed table 2122 - datasets_USA/USA_CSV0000000000026473.csv
2025-12-18 19:02:57 - exhaustive_index - INFO - Processing table 2123 - datasets_USA/USA_CSV0000000000026496.csv
2025-12-18 19:02:57 - exhaustive_index - INFO - Table datasets_USA/USA_CSV0000000000026496.csv has 5302 rows and 16 columns
2025-12-18 19:02:57 - exhaustive_index - INFO - Processed table 2123 - datasets_USA/USA_CSV0000000000026496.csv
2025-12-18 19:02:58 - exhaustive_index - INFO - Processing table 2124 - datasets_USA/USA_CSV0000000000026525.csv
2025-12-18 19:02:58 - exhaustive_index - INFO - Table datasets_USA/USA_CSV0000000000026525.csv has 8191 rows and 14 columns
2025-12-18 19:02:58 - exhaustive_index - INFO - Processed table 2124 - datasets_USA/USA_CSV0000000000026525.csv
2025-12-18 19:03:11 - exhaustive_index - INFO - Processing table 2125 - datasets_USA/USA_CSV0000000000026547.csv
2025-12-18 19:03:11 - exhaustive_index - INFO - Table datasets_USA/USA_CSV0000000000026547.csv has 27472 rows and 13 columns
2025-12-18 19:03:11 - exhaustive_index - INFO - Processed table 2125 - datasets_USA/USA_CSV0000000000026547.csv
2025-12-18 19:03:11 - exhaustive_index - INFO - Processing table 2126 - datasets_USA/USA_CSV0000000000026585.csv
2025-12-18 19:03:11 - exhaustive_index - INFO - Table datasets_USA/USA_CSV0000000000026585.csv has 27 rows and 3 columns
2025-12-18 19:03:11 - exhaustive_index - INFO - Processed table 2126 - datasets_USA/USA_CSV0000000000026585.csv
2025-12-18 19:03:16 - exhaustive_index - INFO - Processing table 2127 - datasets_USA/USA_CSV0000000000026588.csv
2025-12-18 19:03:16 - exhaustive_index - INFO - Table datasets_USA/USA_CSV0000000000026588.csv has 19631 rows and 11 columns
2025-12-18 19:03:16 - exhaustive_index - INFO - Processed table 2127 - datasets_USA/USA_CSV0000000000026588.csv
2025-12-18 19:03:17 - exhaustive_index - INFO - Processing table 2128 - datasets_USA/USA_CSV0000000000026635.csv
2025-12-18 19:03:17 - exhaustive_index - INFO - Table datasets_USA/USA_CSV0000000000026635.csv has 809 rows and 5 columns
2025-12-18 19:03:17 - exhaustive_index - INFO - Processed table 2128 - datasets_USA/USA_CSV0000000000026635.csv
2025-12-18 19:03:17 - exhaustive_index - INFO - Processing table 2129 - datasets_USA/USA_CSV0000000000026681.csv
2025-12-18 19:03:17 - exhaustive_index - INFO - Table datasets_USA/USA_CSV0000000000026681.csv has 33918 rows and 4 columns
2025-12-18 19:03:17 - exhaustive_index - INFO - Processed table 2129 - datasets_USA/USA_CSV0000000000026681.csv
2025-12-18 19:03:23 - exhaustive_index - INFO - Processing table 2130 - datasets_USA/USA_CSV0000000000026739.csv
2025-12-18 19:03:23 - exhaustive_index - INFO - Table datasets_USA/USA_CSV0000000000026739.csv has 26615 rows and 14 columns
2025-12-18 19:03:23 - exhaustive_index - INFO - Processed table 2130 - datasets_USA/USA_CSV0000000000026739.csv
2025-12-18 19:03:27 - exhaustive_index - INFO - Processing table 2131 - datasets_USA/USA_CSV0000000000026760.csv
2025-12-18 19:03:27 - exhaustive_index - INFO - Table datasets_USA/USA_CSV0000000000026760.csv has 31589 rows and 8 columns
2025-12-18 19:03:27 - exhaustive_index - INFO - Processed table 2131 - datasets_USA/USA_CSV0000000000026760.csv
2025-12-18 19:03:29 - exhaustive_index - INFO - Processing table 2132 - datasets_USA/USA_CSV0000000000026856.csv
2025-12-18 19:03:29 - exhaustive_index - INFO - Table datasets_USA/USA_CSV0000000000026856.csv has 10359 rows and 11 columns
2025-12-18 19:03:29 - exhaustive_index - INFO - Processed table 2132 - datasets_USA/USA_CSV0000000000026856.csv
2025-12-18 19:03:30 - exhaustive_index - INFO - Processing table 2133 - datasets_USA/USA_CSV0000000000026902.csv
2025-12-18 19:03:30 - exhaustive_index - INFO - Table datasets_USA/USA_CSV0000000000026902.csv has 14586 rows and 19 columns
2025-12-18 19:03:30 - exhaustive_index - INFO - Processed table 2133 - datasets_USA/USA_CSV0000000000026902.csv
2025-12-18 19:03:31 - exhaustive_index - INFO - Processing table 2134 - datasets_USA/USA_CSV0000000000026904.csv
2025-12-18 19:03:31 - exhaustive_index - INFO - Table datasets_USA/USA_CSV0000000000026904.csv has 123 rows and 7 columns
2025-12-18 19:03:31 - exhaustive_index - INFO - Processed table 2134 - datasets_USA/USA_CSV0000000000026904.csv
2025-12-18 19:03:33 - exhaustive_index - INFO - Processing table 2135 - datasets_USA/USA_CSV0000000000026909.csv
2025-12-18 19:03:33 - exhaustive_index - INFO - Table datasets_USA/USA_CSV0000000000026909.csv has 10501 rows and 16 columns
2025-12-18 19:03:33 - exhaustive_index - INFO - Processed table 2135 - datasets_USA/USA_CSV0000000000026909.csv
2025-12-18 19:03:35 - exhaustive_index - INFO - Processing table 2136 - datasets_USA/USA_CSV0000000000026920.csv
2025-12-18 19:03:35 - exhaustive_index - INFO - Table datasets_USA/USA_CSV0000000000026920.csv has 31512 rows and 13 columns
2025-12-18 19:03:35 - exhaustive_index - INFO - Processed table 2136 - datasets_USA/USA_CSV0000000000026920.csv
2025-12-18 19:03:35 - exhaustive_index - INFO - Processing table 2137 - datasets_USA/USA_CSV0000000000026951.csv
2025-12-18 19:03:35 - exhaustive_index - INFO - Table datasets_USA/USA_CSV0000000000026951.csv has 33935 rows and 4 columns
2025-12-18 19:03:35 - exhaustive_index - INFO - Processed table 2137 - datasets_USA/USA_CSV0000000000026951.csv
2025-12-18 19:03:39 - exhaustive_index - INFO - Processing table 2138 - datasets_USA/USA_CSV0000000000026966.csv
2025-12-18 19:03:39 - exhaustive_index - INFO - Table datasets_USA/USA_CSV0000000000026966.csv has 21681 rows and 11 columns
2025-12-18 19:03:39 - exhaustive_index - INFO - Processed table 2138 - datasets_USA/USA_CSV0000000000026966.csv
2025-12-18 19:03:42 - exhaustive_index - INFO - Processing table 2139 - datasets_USA/USA_CSV0000000000026971.csv
2025-12-18 19:03:42 - exhaustive_index - INFO - Table datasets_USA/USA_CSV0000000000026971.csv has 7671 rows and 22 columns
2025-12-18 19:03:42 - exhaustive_index - INFO - Processed table 2139 - datasets_USA/USA_CSV0000000000026971.csv
2025-12-18 19:03:47 - exhaustive_index - INFO - Processing table 2140 - datasets_USA/USA_CSV0000000000026984.csv
2025-12-18 19:03:47 - exhaustive_index - INFO - Table datasets_USA/USA_CSV0000000000026984.csv has 21499 rows and 16 columns
2025-12-18 19:03:47 - exhaustive_index - INFO - Processed table 2140 - datasets_USA/USA_CSV0000000000026984.csv
2025-12-18 19:03:54 - exhaustive_index - INFO - Processing table 2141 - datasets_USA/USA_CSV0000000000027015.csv
2025-12-18 19:03:54 - exhaustive_index - INFO - Table datasets_USA/USA_CSV0000000000027015.csv has 19237 rows and 13 columns
2025-12-18 19:03:54 - exhaustive_index - INFO - Processed table 2141 - datasets_USA/USA_CSV0000000000027015.csv
2025-12-18 19:04:07 - exhaustive_index - INFO - Processing table 2142 - datasets_USA/USA_CSV0000000000027027.csv
2025-12-18 19:04:07 - exhaustive_index - INFO - Table datasets_USA/USA_CSV0000000000027027.csv has 6067 rows and 26 columns
2025-12-18 19:04:07 - exhaustive_index - INFO - Processed table 2142 - datasets_USA/USA_CSV0000000000027027.csv
2025-12-18 19:04:07 - exhaustive_index - INFO - Processing table 2143 - datasets_USA/USA_CSV0000000000027036.csv
2025-12-18 19:04:07 - exhaustive_index - INFO - Processing table 2144 - datasets_USA/USA_CSV0000000000027105.csv
2025-12-18 19:04:07 - exhaustive_index - INFO - Table datasets_USA/USA_CSV0000000000027105.csv has 49 rows and 4 columns
2025-12-18 19:04:07 - exhaustive_index - INFO - Processed table 2144 - datasets_USA/USA_CSV0000000000027105.csv
2025-12-18 19:04:15 - exhaustive_index - INFO - Processing table 2145 - datasets_USA/USA_CSV0000000000027119.csv
2025-12-18 19:04:15 - exhaustive_index - INFO - Table datasets_USA/USA_CSV0000000000027119.csv has 12010 rows and 17 columns
2025-12-18 19:04:15 - exhaustive_index - INFO - Processed table 2145 - datasets_USA/USA_CSV0000000000027119.csv
2025-12-18 19:04:21 - exhaustive_index - INFO - Processing table 2146 - datasets_USA/USA_CSV0000000000027128.csv
2025-12-18 19:04:21 - exhaustive_index - INFO - Table datasets_USA/USA_CSV0000000000027128.csv has 14883 rows and 13 columns
2025-12-18 19:04:21 - exhaustive_index - INFO - Processed table 2146 - datasets_USA/USA_CSV0000000000027128.csv
2025-12-18 19:04:21 - exhaustive_index - INFO - Processing table 2147 - datasets_USA/USA_CSV0000000000027136.csv
2025-12-18 19:04:21 - exhaustive_index - INFO - Table datasets_USA/USA_CSV0000000000027136.csv has 112 rows and 4 columns
2025-12-18 19:04:21 - exhaustive_index - INFO - Processed table 2147 - datasets_USA/USA_CSV0000000000027136.csv
2025-12-18 19:04:24 - exhaustive_index - INFO - Processing table 2148 - datasets_USA/USA_CSV0000000000027144.csv
2025-12-18 19:04:24 - exhaustive_index - INFO - Table datasets_USA/USA_CSV0000000000027144.csv has 3358 rows and 16 columns
2025-12-18 19:04:24 - exhaustive_index - INFO - Processed table 2148 - datasets_USA/USA_CSV0000000000027144.csv
2025-12-18 19:04:26 - exhaustive_index - INFO - Processing table 2149 - datasets_USA/USA_CSV0000000000027155.csv
2025-12-18 19:04:26 - exhaustive_index - INFO - Table datasets_USA/USA_CSV0000000000027155.csv has 784 rows and 12 columns
2025-12-18 19:04:26 - exhaustive_index - INFO - Processed table 2149 - datasets_USA/USA_CSV0000000000027155.csv
2025-12-18 19:04:27 - exhaustive_index - INFO - Processing table 2150 - datasets_USA/USA_CSV0000000000027199.csv
2025-12-18 19:04:27 - exhaustive_index - INFO - Table datasets_USA/USA_CSV0000000000027199.csv has 7708 rows and 17 columns
2025-12-18 19:04:27 - exhaustive_index - INFO - Processed table 2150 - datasets_USA/USA_CSV0000000000027199.csv
2025-12-18 19:04:28 - exhaustive_index - INFO - Processing table 2151 - datasets_USA/USA_CSV0000000000027207.csv
2025-12-18 19:04:28 - exhaustive_index - INFO - Table datasets_USA/USA_CSV0000000000027207.csv has 1215 rows and 13 columns
2025-12-18 19:04:28 - exhaustive_index - INFO - Processed table 2151 - datasets_USA/USA_CSV0000000000027207.csv
2025-12-18 19:04:31 - exhaustive_index - INFO - Processing table 2152 - datasets_USA/USA_CSV0000000000027209.csv
2025-12-18 19:04:31 - exhaustive_index - INFO - Table datasets_USA/USA_CSV0000000000027209.csv has 58564 rows and 6 columns
2025-12-18 19:04:31 - exhaustive_index - INFO - Processed table 2152 - datasets_USA/USA_CSV0000000000027209.csv
2025-12-18 19:04:57 - exhaustive_index - INFO - Processing table 2153 - datasets_USA/USA_CSV0000000000027217.csv
2025-12-18 19:04:57 - exhaustive_index - INFO - Table datasets_USA/USA_CSV0000000000027217.csv has 11570 rows and 24 columns
2025-12-18 19:04:57 - exhaustive_index - INFO - Processed table 2153 - datasets_USA/USA_CSV0000000000027217.csv
2025-12-18 19:04:57 - exhaustive_index - INFO - Processing table 2154 - datasets_USA/USA_CSV0000000000027255.csv
2025-12-18 19:04:57 - exhaustive_index - INFO - Table datasets_USA/USA_CSV0000000000027255.csv has 33968 rows and 4 columns
2025-12-18 19:04:57 - exhaustive_index - INFO - Processed table 2154 - datasets_USA/USA_CSV0000000000027255.csv
2025-12-18 19:04:57 - exhaustive_index - INFO - Processing table 2155 - datasets_USA/USA_CSV0000000000027257.csv
2025-12-18 19:04:57 - exhaustive_index - INFO - Table datasets_USA/USA_CSV0000000000027257.csv has 35284 rows and 8 columns
2025-12-18 19:04:57 - exhaustive_index - INFO - Processed table 2155 - datasets_USA/USA_CSV0000000000027257.csv
2025-12-18 19:05:02 - exhaustive_index - INFO - Processing table 2156 - datasets_USA/USA_CSV0000000000027292.csv
2025-12-18 19:05:02 - exhaustive_index - INFO - Table datasets_USA/USA_CSV0000000000027292.csv has 13028 rows and 19 columns
2025-12-18 19:05:02 - exhaustive_index - INFO - Processed table 2156 - datasets_USA/USA_CSV0000000000027292.csv
2025-12-18 19:05:03 - exhaustive_index - INFO - Processing table 2157 - datasets_USA/USA_CSV0000000000027304.csv
2025-12-18 19:05:03 - exhaustive_index - INFO - Table datasets_USA/USA_CSV0000000000027304.csv has 35034 rows and 9 columns
2025-12-18 19:05:03 - exhaustive_index - INFO - Processed table 2157 - datasets_USA/USA_CSV0000000000027304.csv
2025-12-18 19:05:23 - exhaustive_index - INFO - Processing table 2158 - datasets_USA/USA_CSV0000000000027325.csv
2025-12-18 19:05:23 - exhaustive_index - INFO - Table datasets_USA/USA_CSV0000000000027325.csv has 17458 rows and 26 columns
2025-12-18 19:05:23 - exhaustive_index - INFO - Processed table 2158 - datasets_USA/USA_CSV0000000000027325.csv
2025-12-18 19:05:23 - exhaustive_index - INFO - Processing table 2159 - datasets_USA/USA_CSV0000000000027349.csv
2025-12-18 19:05:23 - exhaustive_index - INFO - Table datasets_USA/USA_CSV0000000000027349.csv has 14 rows and 13 columns
2025-12-18 19:05:23 - exhaustive_index - INFO - Processed table 2159 - datasets_USA/USA_CSV0000000000027349.csv
2025-12-18 19:05:23 - exhaustive_index - INFO - Processing table 2160 - datasets_USA/USA_CSV0000000000027363.csv
2025-12-18 19:05:23 - exhaustive_index - INFO - Table datasets_USA/USA_CSV0000000000027363.csv has 49 rows and 4 columns
2025-12-18 19:05:23 - exhaustive_index - INFO - Processed table 2160 - datasets_USA/USA_CSV0000000000027363.csv
2025-12-18 19:06:52 - exhaustive_index - INFO - Processing table 2161 - datasets_USA/USA_CSV0000000000027368.csv
2025-12-18 19:06:52 - exhaustive_index - INFO - Table datasets_USA/USA_CSV0000000000027368.csv has 24127 rows and 22 columns
2025-12-18 19:06:52 - exhaustive_index - INFO - Processed table 2161 - datasets_USA/USA_CSV0000000000027368.csv
2025-12-18 19:07:13 - exhaustive_index - INFO - Processing table 2162 - datasets_USA/USA_CSV0000000000027378.csv
2025-12-18 19:07:13 - exhaustive_index - INFO - Table datasets_USA/USA_CSV0000000000027378.csv has 20008 rows and 15 columns
2025-12-18 19:07:13 - exhaustive_index - INFO - Processed table 2162 - datasets_USA/USA_CSV0000000000027378.csv
2025-12-18 19:07:15 - exhaustive_index - INFO - Processing table 2163 - datasets_USA/USA_CSV0000000000027389.csv
2025-12-18 19:07:15 - exhaustive_index - INFO - Table datasets_USA/USA_CSV0000000000027389.csv has 5365 rows and 15 columns
2025-12-18 19:07:15 - exhaustive_index - INFO - Processed table 2163 - datasets_USA/USA_CSV0000000000027389.csv
2025-12-18 19:07:17 - exhaustive_index - INFO - Processing table 2164 - datasets_USA/USA_CSV0000000000027402.csv
2025-12-18 19:07:17 - exhaustive_index - INFO - Table datasets_USA/USA_CSV0000000000027402.csv has 16614 rows and 8 columns
2025-12-18 19:07:17 - exhaustive_index - INFO - Processed table 2164 - datasets_USA/USA_CSV0000000000027402.csv
2025-12-18 19:07:17 - exhaustive_index - INFO - Processing table 2165 - datasets_USA/USA_CSV0000000000027486.csv
2025-12-18 19:07:17 - exhaustive_index - INFO - Table datasets_USA/USA_CSV0000000000027486.csv has 586 rows and 3 columns
2025-12-18 19:07:17 - exhaustive_index - INFO - Processed table 2165 - datasets_USA/USA_CSV0000000000027486.csv
2025-12-18 19:07:22 - exhaustive_index - INFO - Processing table 2166 - datasets_USA/USA_CSV0000000000027495.csv
2025-12-18 19:07:22 - exhaustive_index - INFO - Table datasets_USA/USA_CSV0000000000027495.csv has 6831 rows and 25 columns
2025-12-18 19:07:22 - exhaustive_index - INFO - Processed table 2166 - datasets_USA/USA_CSV0000000000027495.csv
2025-12-18 19:07:28 - exhaustive_index - INFO - Processing table 2167 - datasets_USA/USA_CSV0000000000027510.csv
2025-12-18 19:07:28 - exhaustive_index - INFO - Table datasets_USA/USA_CSV0000000000027510.csv has 2363 rows and 26 columns
2025-12-18 19:07:28 - exhaustive_index - INFO - Processed table 2167 - datasets_USA/USA_CSV0000000000027510.csv
2025-12-18 19:07:29 - exhaustive_index - INFO - Processing table 2168 - datasets_USA/USA_CSV0000000000027523.csv
2025-12-18 19:07:29 - exhaustive_index - INFO - Table datasets_USA/USA_CSV0000000000027523.csv has 7386 rows and 13 columns
2025-12-18 19:07:29 - exhaustive_index - INFO - Processed table 2168 - datasets_USA/USA_CSV0000000000027523.csv
2025-12-18 19:07:29 - exhaustive_index - INFO - Processing table 2169 - datasets_USA/USA_CSV0000000000027545.csv
2025-12-18 19:07:29 - exhaustive_index - INFO - Table datasets_USA/USA_CSV0000000000027545.csv has 20 rows and 6 columns
2025-12-18 19:07:29 - exhaustive_index - INFO - Processed table 2169 - datasets_USA/USA_CSV0000000000027545.csv
2025-12-18 19:07:30 - exhaustive_index - INFO - Processing table 2170 - datasets_USA/USA_CSV0000000000027571.csv
2025-12-18 19:07:30 - exhaustive_index - INFO - Table datasets_USA/USA_CSV0000000000027571.csv has 33967 rows and 4 columns
2025-12-18 19:07:30 - exhaustive_index - INFO - Processed table 2170 - datasets_USA/USA_CSV0000000000027571.csv
2025-12-18 19:07:37 - exhaustive_index - INFO - Processing table 2171 - datasets_USA/USA_CSV0000000000027593.csv
2025-12-18 19:07:37 - exhaustive_index - INFO - Table datasets_USA/USA_CSV0000000000027593.csv has 3249 rows and 42 columns
2025-12-18 19:07:37 - exhaustive_index - INFO - Processed table 2171 - datasets_USA/USA_CSV0000000000027593.csv
2025-12-18 19:07:40 - exhaustive_index - INFO - Processing table 2172 - datasets_USA/USA_CSV0000000000027617.csv
2025-12-18 19:07:40 - exhaustive_index - INFO - Table datasets_USA/USA_CSV0000000000027617.csv has 24082 rows and 15 columns
2025-12-18 19:07:40 - exhaustive_index - INFO - Processed table 2172 - datasets_USA/USA_CSV0000000000027617.csv
2025-12-18 19:07:40 - exhaustive_index - INFO - Processing table 2173 - datasets_USA/USA_CSV0000000000027626.csv
2025-12-18 19:07:40 - exhaustive_index - INFO - Processing table 2174 - datasets_USA/USA_CSV0000000000027627.csv
2025-12-18 19:07:40 - exhaustive_index - INFO - Table datasets_USA/USA_CSV0000000000027627.csv has 43285 rows and 3 columns
2025-12-18 19:07:40 - exhaustive_index - INFO - Processed table 2174 - datasets_USA/USA_CSV0000000000027627.csv
2025-12-18 19:07:41 - exhaustive_index - INFO - Processing table 2175 - datasets_USA/USA_CSV0000000000027659.csv
2025-12-18 19:07:41 - exhaustive_index - INFO - Table datasets_USA/USA_CSV0000000000027659.csv has 340 rows and 11 columns
2025-12-18 19:07:41 - exhaustive_index - INFO - Processed table 2175 - datasets_USA/USA_CSV0000000000027659.csv
2025-12-18 19:07:41 - exhaustive_index - INFO - Processing table 2176 - datasets_USA/USA_CSV0000000000027673.csv
2025-12-18 19:07:41 - exhaustive_index - INFO - Table datasets_USA/USA_CSV0000000000027673.csv has 22739 rows and 8 columns
2025-12-18 19:07:41 - exhaustive_index - INFO - Processed table 2176 - datasets_USA/USA_CSV0000000000027673.csv
2025-12-18 19:07:42 - exhaustive_index - INFO - Processing table 2177 - datasets_USA/USA_CSV0000000000027675.csv
2025-12-18 19:07:42 - exhaustive_index - INFO - Table datasets_USA/USA_CSV0000000000027675.csv has 33910 rows and 4 columns
2025-12-18 19:07:42 - exhaustive_index - INFO - Processed table 2177 - datasets_USA/USA_CSV0000000000027675.csv
2025-12-18 19:07:44 - exhaustive_index - INFO - Processing table 2178 - datasets_USA/USA_CSV0000000000027687.csv
2025-12-18 19:07:44 - exhaustive_index - INFO - Table datasets_USA/USA_CSV0000000000027687.csv has 4698 rows and 16 columns
2025-12-18 19:07:44 - exhaustive_index - INFO - Processed table 2178 - datasets_USA/USA_CSV0000000000027687.csv
2025-12-18 19:07:47 - exhaustive_index - INFO - Processing table 2179 - datasets_USA/USA_CSV0000000000027711.csv
2025-12-18 19:07:47 - exhaustive_index - INFO - Table datasets_USA/USA_CSV0000000000027711.csv has 7403 rows and 14 columns
2025-12-18 19:07:47 - exhaustive_index - INFO - Processed table 2179 - datasets_USA/USA_CSV0000000000027711.csv
2025-12-18 19:07:47 - exhaustive_index - INFO - Processing table 2180 - datasets_USA/USA_CSV0000000000027712.csv
2025-12-18 19:07:47 - exhaustive_index - INFO - Table datasets_USA/USA_CSV0000000000027712.csv has 50 rows and 8 columns
2025-12-18 19:07:47 - exhaustive_index - INFO - Processed table 2180 - datasets_USA/USA_CSV0000000000027712.csv
2025-12-18 19:07:49 - exhaustive_index - INFO - Processing table 2181 - datasets_USA/USA_CSV0000000000027733.csv
2025-12-18 19:07:49 - exhaustive_index - INFO - Table datasets_USA/USA_CSV0000000000027733.csv has 15300 rows and 17 columns
2025-12-18 19:07:49 - exhaustive_index - INFO - Processed table 2181 - datasets_USA/USA_CSV0000000000027733.csv
2025-12-18 19:08:06 - exhaustive_index - INFO - Processing table 2182 - datasets_USA/USA_CSV0000000000027738.csv
2025-12-18 19:08:06 - exhaustive_index - INFO - Table datasets_USA/USA_CSV0000000000027738.csv has 3316 rows and 32 columns
2025-12-18 19:08:06 - exhaustive_index - INFO - Processed table 2182 - datasets_USA/USA_CSV0000000000027738.csv
2025-12-18 19:08:18 - exhaustive_index - INFO - Processing table 2183 - datasets_USA/USA_CSV0000000000027778.csv
2025-12-18 19:08:18 - exhaustive_index - INFO - Table datasets_USA/USA_CSV0000000000027778.csv has 435 rows and 46 columns
2025-12-18 19:08:18 - exhaustive_index - INFO - Processed table 2183 - datasets_USA/USA_CSV0000000000027778.csv
2025-12-18 19:08:25 - exhaustive_index - INFO - Processing table 2184 - datasets_USA/USA_CSV0000000000027843.csv
2025-12-18 19:08:25 - exhaustive_index - INFO - Table datasets_USA/USA_CSV0000000000027843.csv has 12838 rows and 20 columns
2025-12-18 19:08:25 - exhaustive_index - INFO - Processed table 2184 - datasets_USA/USA_CSV0000000000027843.csv
2025-12-18 19:08:25 - exhaustive_index - INFO - Processing table 2185 - datasets_USA/USA_CSV0000000000027851.csv
2025-12-18 19:08:25 - exhaustive_index - INFO - Table datasets_USA/USA_CSV0000000000027851.csv has 33921 rows and 4 columns
2025-12-18 19:08:25 - exhaustive_index - INFO - Processed table 2185 - datasets_USA/USA_CSV0000000000027851.csv
2025-12-18 19:08:30 - exhaustive_index - INFO - Processing table 2186 - datasets_USA/USA_CSV0000000000027868.csv
2025-12-18 19:08:30 - exhaustive_index - INFO - Table datasets_USA/USA_CSV0000000000027868.csv has 16526 rows and 9 columns
2025-12-18 19:08:30 - exhaustive_index - INFO - Processed table 2186 - datasets_USA/USA_CSV0000000000027868.csv
2025-12-18 19:08:30 - exhaustive_index - INFO - Processing table 2187 - datasets_USA/USA_CSV0000000000027908.csv
2025-12-18 19:08:30 - exhaustive_index - INFO - Table datasets_USA/USA_CSV0000000000027908.csv has 387 rows and 5 columns
2025-12-18 19:08:30 - exhaustive_index - INFO - Processed table 2187 - datasets_USA/USA_CSV0000000000027908.csv
2025-12-18 19:08:32 - exhaustive_index - INFO - Processing table 2188 - datasets_USA/USA_CSV0000000000027912.csv
2025-12-18 19:08:32 - exhaustive_index - INFO - Table datasets_USA/USA_CSV0000000000027912.csv has 368 rows and 9 columns
2025-12-18 19:08:32 - exhaustive_index - INFO - Processed table 2188 - datasets_USA/USA_CSV0000000000027912.csv
2025-12-18 19:08:33 - exhaustive_index - INFO - Processing table 2189 - datasets_USA/USA_CSV0000000000027926.csv
2025-12-18 19:08:33 - exhaustive_index - INFO - Table datasets_USA/USA_CSV0000000000027926.csv has 238 rows and 22 columns
2025-12-18 19:08:33 - exhaustive_index - INFO - Processed table 2189 - datasets_USA/USA_CSV0000000000027926.csv
2025-12-18 19:08:33 - exhaustive_index - INFO - Processing table 2190 - datasets_USA/USA_CSV0000000000027977.csv
2025-12-18 19:08:33 - exhaustive_index - INFO - Table datasets_USA/USA_CSV0000000000027977.csv has 38 rows and 5 columns
2025-12-18 19:08:33 - exhaustive_index - INFO - Processed table 2190 - datasets_USA/USA_CSV0000000000027977.csv
2025-12-18 19:08:34 - exhaustive_index - INFO - Processing table 2191 - datasets_USA/USA_CSV0000000000027997.csv
2025-12-18 19:08:34 - exhaustive_index - INFO - Table datasets_USA/USA_CSV0000000000027997.csv has 34018 rows and 4 columns
2025-12-18 19:08:34 - exhaustive_index - INFO - Processed table 2191 - datasets_USA/USA_CSV0000000000027997.csv
2025-12-18 19:08:38 - exhaustive_index - INFO - Processing table 2192 - datasets_USA/USA_CSV0000000000028002.csv
2025-12-18 19:08:38 - exhaustive_index - INFO - Table datasets_USA/USA_CSV0000000000028002.csv has 7638 rows and 15 columns
2025-12-18 19:08:38 - exhaustive_index - INFO - Processed table 2192 - datasets_USA/USA_CSV0000000000028002.csv
2025-12-18 19:08:42 - exhaustive_index - INFO - Processing table 2193 - datasets_USA/USA_CSV0000000000028028.csv
2025-12-18 19:08:42 - exhaustive_index - INFO - Table datasets_USA/USA_CSV0000000000028028.csv has 10404 rows and 14 columns
2025-12-18 19:08:42 - exhaustive_index - INFO - Processed table 2193 - datasets_USA/USA_CSV0000000000028028.csv
2025-12-18 19:08:44 - exhaustive_index - INFO - Processing table 2194 - datasets_USA/USA_CSV0000000000028034.csv
2025-12-18 19:08:44 - exhaustive_index - INFO - Table datasets_USA/USA_CSV0000000000028034.csv has 234 rows and 6 columns
2025-12-18 19:08:44 - exhaustive_index - INFO - Processed table 2194 - datasets_USA/USA_CSV0000000000028034.csv
2025-12-18 19:08:44 - exhaustive_index - INFO - Processing table 2195 - datasets_USA/USA_CSV0000000000028047.csv
2025-12-18 19:08:44 - exhaustive_index - INFO - Table datasets_USA/USA_CSV0000000000028047.csv has 11572 rows and 9 columns
2025-12-18 19:08:44 - exhaustive_index - INFO - Processed table 2195 - datasets_USA/USA_CSV0000000000028047.csv
2025-12-18 19:08:44 - exhaustive_index - INFO - Processing table 2196 - datasets_USA/USA_CSV0000000000028055.csv
2025-12-18 19:08:44 - exhaustive_index - INFO - Table datasets_USA/USA_CSV0000000000028055.csv has 119 rows and 10 columns
2025-12-18 19:08:44 - exhaustive_index - INFO - Processed table 2196 - datasets_USA/USA_CSV0000000000028055.csv
2025-12-18 19:08:45 - exhaustive_index - INFO - Processing table 2197 - datasets_USA/USA_CSV0000000000028087.csv
2025-12-18 19:08:45 - exhaustive_index - INFO - Table datasets_USA/USA_CSV0000000000028087.csv has 155 rows and 10 columns
2025-12-18 19:08:45 - exhaustive_index - INFO - Processed table 2197 - datasets_USA/USA_CSV0000000000028087.csv
2025-12-18 19:08:51 - exhaustive_index - INFO - Processing table 2198 - datasets_USA/USA_CSV0000000000028096.csv
2025-12-18 19:08:51 - exhaustive_index - INFO - Table datasets_USA/USA_CSV0000000000028096.csv has 10631 rows and 23 columns
2025-12-18 19:08:51 - exhaustive_index - INFO - Processed table 2198 - datasets_USA/USA_CSV0000000000028096.csv
2025-12-18 19:10:46 - exhaustive_index - INFO - Processing table 2199 - datasets_USA/USA_CSV0000000000028098.csv
2025-12-18 19:10:46 - exhaustive_index - INFO - Table datasets_USA/USA_CSV0000000000028098.csv has 4918 rows and 64 columns
2025-12-18 19:10:46 - exhaustive_index - INFO - Processed table 2199 - datasets_USA/USA_CSV0000000000028098.csv
2025-12-18 19:10:50 - exhaustive_index - INFO - Processing table 2200 - datasets_USA/USA_CSV0000000000028099.csv
2025-12-18 19:10:50 - exhaustive_index - INFO - Table datasets_USA/USA_CSV0000000000028099.csv has 5416 rows and 17 columns
2025-12-18 19:10:50 - exhaustive_index - INFO - Processed table 2200 - datasets_USA/USA_CSV0000000000028099.csv
2025-12-18 19:10:57 - exhaustive_index - INFO - Processing table 2201 - datasets_USA/USA_CSV0000000000028120.csv
2025-12-18 19:10:57 - exhaustive_index - INFO - Table datasets_USA/USA_CSV0000000000028120.csv has 10243 rows and 14 columns
2025-12-18 19:10:57 - exhaustive_index - INFO - Processed table 2201 - datasets_USA/USA_CSV0000000000028120.csv
2025-12-18 19:10:57 - exhaustive_index - INFO - Processing table 2202 - datasets_USA/USA_CSV0000000000028148.csv
2025-12-18 19:10:57 - exhaustive_index - INFO - Table datasets_USA/USA_CSV0000000000028148.csv has 21737 rows and 3 columns
2025-12-18 19:10:57 - exhaustive_index - INFO - Processed table 2202 - datasets_USA/USA_CSV0000000000028148.csv
2025-12-18 19:11:19 - exhaustive_index - INFO - Processing table 2203 - datasets_USA/USA_CSV0000000000028155.csv
2025-12-18 19:11:19 - exhaustive_index - INFO - Table datasets_USA/USA_CSV0000000000028155.csv has 655 rows and 65 columns
2025-12-18 19:11:19 - exhaustive_index - INFO - Processed table 2203 - datasets_USA/USA_CSV0000000000028155.csv
2025-12-18 19:11:25 - exhaustive_index - INFO - Processing table 2204 - datasets_USA/USA_CSV0000000000028162.csv
2025-12-18 19:11:25 - exhaustive_index - INFO - Table datasets_USA/USA_CSV0000000000028162.csv has 3319 rows and 29 columns
2025-12-18 19:11:25 - exhaustive_index - INFO - Processed table 2204 - datasets_USA/USA_CSV0000000000028162.csv
2025-12-18 19:11:28 - exhaustive_index - INFO - Processing table 2205 - datasets_USA/USA_CSV0000000000028201.csv
2025-12-18 19:11:28 - exhaustive_index - INFO - Table datasets_USA/USA_CSV0000000000028201.csv has 16256 rows and 8 columns
2025-12-18 19:11:28 - exhaustive_index - INFO - Processed table 2205 - datasets_USA/USA_CSV0000000000028201.csv
2025-12-18 19:11:54 - exhaustive_index - INFO - Processing table 2206 - datasets_USA/USA_CSV0000000000028242.csv
2025-12-18 19:11:54 - exhaustive_index - INFO - Table datasets_USA/USA_CSV0000000000028242.csv has 7738 rows and 29 columns
2025-12-18 19:11:54 - exhaustive_index - INFO - Processed table 2206 - datasets_USA/USA_CSV0000000000028242.csv
2025-12-18 19:11:56 - exhaustive_index - INFO - Processing table 2207 - datasets_USA/USA_CSV0000000000028244.csv
2025-12-18 19:11:56 - exhaustive_index - INFO - Table datasets_USA/USA_CSV0000000000028244.csv has 11268 rows and 7 columns
2025-12-18 19:11:56 - exhaustive_index - INFO - Processed table 2207 - datasets_USA/USA_CSV0000000000028244.csv
2025-12-18 19:11:57 - exhaustive_index - INFO - Processing table 2208 - datasets_USA/USA_CSV0000000000028250.csv
2025-12-18 19:11:57 - exhaustive_index - INFO - Table datasets_USA/USA_CSV0000000000028250.csv has 6411 rows and 15 columns
2025-12-18 19:11:57 - exhaustive_index - INFO - Processed table 2208 - datasets_USA/USA_CSV0000000000028250.csv
2025-12-18 19:12:04 - exhaustive_index - INFO - Processing table 2209 - datasets_USA/USA_CSV0000000000028274.csv
2025-12-18 19:12:04 - exhaustive_index - INFO - Table datasets_USA/USA_CSV0000000000028274.csv has 19664 rows and 17 columns
2025-12-18 19:12:04 - exhaustive_index - INFO - Processed table 2209 - datasets_USA/USA_CSV0000000000028274.csv
2025-12-18 19:12:06 - exhaustive_index - INFO - Processing table 2210 - datasets_USA/USA_CSV0000000000028282.csv
2025-12-18 19:12:06 - exhaustive_index - INFO - Table datasets_USA/USA_CSV0000000000028282.csv has 9146 rows and 12 columns
2025-12-18 19:12:06 - exhaustive_index - INFO - Processed table 2210 - datasets_USA/USA_CSV0000000000028282.csv
2025-12-18 19:13:15 - exhaustive_index - INFO - Processing table 2211 - datasets_USA/USA_CSV0000000000028283.csv
2025-12-18 19:13:15 - exhaustive_index - INFO - Table datasets_USA/USA_CSV0000000000028283.csv has 19018 rows and 26 columns
2025-12-18 19:13:15 - exhaustive_index - INFO - Processed table 2211 - datasets_USA/USA_CSV0000000000028283.csv
2025-12-18 19:13:15 - exhaustive_index - INFO - Processing table 2212 - datasets_USA/USA_CSV0000000000028294.csv
2025-12-18 19:13:15 - exhaustive_index - INFO - Table datasets_USA/USA_CSV0000000000028294.csv has 49 rows and 9 columns
2025-12-18 19:13:15 - exhaustive_index - INFO - Processed table 2212 - datasets_USA/USA_CSV0000000000028294.csv
2025-12-18 19:13:19 - exhaustive_index - INFO - Processing table 2213 - datasets_USA/USA_CSV0000000000028300.csv
2025-12-18 19:13:19 - exhaustive_index - INFO - Table datasets_USA/USA_CSV0000000000028300.csv has 23000 rows and 8 columns
2025-12-18 19:13:19 - exhaustive_index - INFO - Processed table 2213 - datasets_USA/USA_CSV0000000000028300.csv
2025-12-18 19:13:20 - exhaustive_index - INFO - Processing table 2214 - datasets_USA/USA_CSV0000000000028310.csv
2025-12-18 19:13:20 - exhaustive_index - INFO - Table datasets_USA/USA_CSV0000000000028310.csv has 57834 rows and 5 columns
2025-12-18 19:13:20 - exhaustive_index - INFO - Processed table 2214 - datasets_USA/USA_CSV0000000000028310.csv
2025-12-18 19:13:20 - exhaustive_index - INFO - Processing table 2215 - datasets_USA/USA_CSV0000000000028353.csv
2025-12-18 19:13:20 - exhaustive_index - INFO - Table datasets_USA/USA_CSV0000000000028353.csv has 222 rows and 8 columns
2025-12-18 19:13:20 - exhaustive_index - INFO - Processed table 2215 - datasets_USA/USA_CSV0000000000028353.csv
2025-12-18 19:13:21 - exhaustive_index - INFO - Processing table 2216 - datasets_USA/USA_CSV0000000000028363.csv
2025-12-18 19:13:21 - exhaustive_index - INFO - Table datasets_USA/USA_CSV0000000000028363.csv has 34022 rows and 4 columns
2025-12-18 19:13:21 - exhaustive_index - INFO - Processed table 2216 - datasets_USA/USA_CSV0000000000028363.csv
2025-12-18 19:13:29 - exhaustive_index - INFO - Processing table 2217 - datasets_USA/USA_CSV0000000000028368.csv
2025-12-18 19:13:29 - exhaustive_index - INFO - Table datasets_USA/USA_CSV0000000000028368.csv has 7115 rows and 21 columns
2025-12-18 19:13:29 - exhaustive_index - INFO - Processed table 2217 - datasets_USA/USA_CSV0000000000028368.csv
2025-12-18 19:13:31 - exhaustive_index - INFO - Processing table 2218 - datasets_USA/USA_CSV0000000000028369.csv
2025-12-18 19:13:31 - exhaustive_index - INFO - Table datasets_USA/USA_CSV0000000000028369.csv has 459 rows and 12 columns
2025-12-18 19:13:31 - exhaustive_index - INFO - Processed table 2218 - datasets_USA/USA_CSV0000000000028369.csv
2025-12-18 19:13:35 - exhaustive_index - INFO - Processing table 2219 - datasets_USA/USA_CSV0000000000028405.csv
2025-12-18 19:13:35 - exhaustive_index - INFO - Table datasets_USA/USA_CSV0000000000028405.csv has 6517 rows and 17 columns
2025-12-18 19:13:35 - exhaustive_index - INFO - Processed table 2219 - datasets_USA/USA_CSV0000000000028405.csv
2025-12-18 19:13:41 - exhaustive_index - INFO - Processing table 2220 - datasets_USA/USA_CSV0000000000028417.csv
2025-12-18 19:13:41 - exhaustive_index - INFO - Table datasets_USA/USA_CSV0000000000028417.csv has 7819 rows and 19 columns
2025-12-18 19:13:41 - exhaustive_index - INFO - Processed table 2220 - datasets_USA/USA_CSV0000000000028417.csv
2025-12-18 19:13:42 - exhaustive_index - INFO - Processing table 2221 - datasets_USA/USA_CSV0000000000028419.csv
2025-12-18 19:13:42 - exhaustive_index - INFO - Table datasets_USA/USA_CSV0000000000028419.csv has 34420 rows and 4 columns
2025-12-18 19:13:42 - exhaustive_index - INFO - Processed table 2221 - datasets_USA/USA_CSV0000000000028419.csv
2025-12-18 19:13:50 - exhaustive_index - INFO - Processing table 2222 - datasets_USA/USA_CSV0000000000028461.csv
2025-12-18 19:13:50 - exhaustive_index - INFO - Table datasets_USA/USA_CSV0000000000028461.csv has 9152 rows and 14 columns
2025-12-18 19:13:50 - exhaustive_index - INFO - Processed table 2222 - datasets_USA/USA_CSV0000000000028461.csv
2025-12-18 19:14:52 - exhaustive_index - INFO - Processing table 2223 - datasets_USA/USA_CSV0000000000028462.csv
2025-12-18 19:14:52 - exhaustive_index - INFO - Table datasets_USA/USA_CSV0000000000028462.csv has 21647 rows and 24 columns
2025-12-18 19:14:52 - exhaustive_index - INFO - Processed table 2223 - datasets_USA/USA_CSV0000000000028462.csv
2025-12-18 19:14:55 - exhaustive_index - INFO - Processing table 2224 - datasets_USA/USA_CSV0000000000028478.csv
2025-12-18 19:14:55 - exhaustive_index - INFO - Table datasets_USA/USA_CSV0000000000028478.csv has 9434 rows and 14 columns
2025-12-18 19:14:55 - exhaustive_index - INFO - Processed table 2224 - datasets_USA/USA_CSV0000000000028478.csv
2025-12-18 19:15:04 - exhaustive_index - INFO - Processing table 2225 - datasets_USA/USA_CSV0000000000028480.csv
2025-12-18 19:15:04 - exhaustive_index - INFO - Table datasets_USA/USA_CSV0000000000028480.csv has 4818 rows and 19 columns
2025-12-18 19:15:04 - exhaustive_index - INFO - Processed table 2225 - datasets_USA/USA_CSV0000000000028480.csv
2025-12-18 19:15:04 - exhaustive_index - INFO - Processing table 2226 - datasets_USA/USA_CSV0000000000028487.csv
2025-12-18 19:15:04 - exhaustive_index - INFO - Table datasets_USA/USA_CSV0000000000028487.csv has 30874 rows and 8 columns
2025-12-18 19:15:04 - exhaustive_index - INFO - Processed table 2226 - datasets_USA/USA_CSV0000000000028487.csv
2025-12-18 19:15:04 - exhaustive_index - INFO - Processing table 2227 - datasets_USA/USA_CSV0000000000028490.csv
2025-12-18 19:15:04 - exhaustive_index - INFO - Table datasets_USA/USA_CSV0000000000028490.csv has 11 rows and 7 columns
2025-12-18 19:15:04 - exhaustive_index - INFO - Processed table 2227 - datasets_USA/USA_CSV0000000000028490.csv
2025-12-18 19:15:05 - exhaustive_index - INFO - Processing table 2228 - datasets_USA/USA_CSV0000000000028491.csv
2025-12-18 19:15:05 - exhaustive_index - INFO - Table datasets_USA/USA_CSV0000000000028491.csv has 33912 rows and 4 columns
2025-12-18 19:15:05 - exhaustive_index - INFO - Processed table 2228 - datasets_USA/USA_CSV0000000000028491.csv
2025-12-18 19:15:19 - exhaustive_index - INFO - Processing table 2229 - datasets_USA/USA_CSV0000000000028493.csv
2025-12-18 19:15:19 - exhaustive_index - INFO - Table datasets_USA/USA_CSV0000000000028493.csv has 3156 rows and 42 columns
2025-12-18 19:15:19 - exhaustive_index - INFO - Processed table 2229 - datasets_USA/USA_CSV0000000000028493.csv
2025-12-18 19:15:19 - exhaustive_index - INFO - Processing table 2230 - datasets_USA/USA_CSV0000000000028541.csv
2025-12-18 19:15:19 - exhaustive_index - INFO - Table datasets_USA/USA_CSV0000000000028541.csv has 313 rows and 22 columns
2025-12-18 19:15:19 - exhaustive_index - INFO - Processed table 2230 - datasets_USA/USA_CSV0000000000028541.csv
2025-12-18 19:16:20 - exhaustive_index - INFO - Processing table 2231 - datasets_USA/USA_CSV0000000000028552.csv
2025-12-18 19:16:20 - exhaustive_index - INFO - Table datasets_USA/USA_CSV0000000000028552.csv has 20455 rows and 24 columns
2025-12-18 19:16:20 - exhaustive_index - INFO - Processed table 2231 - datasets_USA/USA_CSV0000000000028552.csv
2025-12-18 19:17:05 - exhaustive_index - INFO - Processing table 2232 - datasets_USA/USA_CSV0000000000028561.csv
2025-12-18 19:17:05 - exhaustive_index - INFO - Table datasets_USA/USA_CSV0000000000028561.csv has 2068 rows and 42 columns
2025-12-18 19:17:05 - exhaustive_index - INFO - Processed table 2232 - datasets_USA/USA_CSV0000000000028561.csv
2025-12-18 19:17:12 - exhaustive_index - INFO - Processing table 2233 - datasets_USA/USA_CSV0000000000028586.csv
2025-12-18 19:17:12 - exhaustive_index - INFO - Table datasets_USA/USA_CSV0000000000028586.csv has 8513 rows and 17 columns
2025-12-18 19:17:12 - exhaustive_index - INFO - Processed table 2233 - datasets_USA/USA_CSV0000000000028586.csv
2025-12-18 19:17:14 - exhaustive_index - INFO - Processing table 2234 - datasets_USA/USA_CSV0000000000028605.csv
2025-12-18 19:17:14 - exhaustive_index - INFO - Table datasets_USA/USA_CSV0000000000028605.csv has 35131 rows and 7 columns
2025-12-18 19:17:14 - exhaustive_index - INFO - Processed table 2234 - datasets_USA/USA_CSV0000000000028605.csv
2025-12-18 19:17:15 - exhaustive_index - INFO - Processing table 2235 - datasets_USA/USA_CSV0000000000028632.csv
2025-12-18 19:17:15 - exhaustive_index - INFO - Table datasets_USA/USA_CSV0000000000028632.csv has 8943 rows and 30 columns
2025-12-18 19:17:15 - exhaustive_index - INFO - Processed table 2235 - datasets_USA/USA_CSV0000000000028632.csv
2025-12-18 19:17:18 - exhaustive_index - INFO - Processing table 2236 - datasets_USA/USA_CSV0000000000028641.csv
2025-12-18 19:17:18 - exhaustive_index - INFO - Table datasets_USA/USA_CSV0000000000028641.csv has 3847 rows and 11 columns
2025-12-18 19:17:18 - exhaustive_index - INFO - Processed table 2236 - datasets_USA/USA_CSV0000000000028641.csv
2025-12-18 19:17:22 - exhaustive_index - INFO - Processing table 2237 - datasets_USA/USA_CSV0000000000028676.csv
2025-12-18 19:17:22 - exhaustive_index - INFO - Table datasets_USA/USA_CSV0000000000028676.csv has 17532 rows and 11 columns
2025-12-18 19:17:22 - exhaustive_index - INFO - Processed table 2237 - datasets_USA/USA_CSV0000000000028676.csv
2025-12-18 19:17:23 - exhaustive_index - INFO - Processing table 2238 - datasets_USA/USA_CSV0000000000028689.csv
2025-12-18 19:17:23 - exhaustive_index - INFO - Table datasets_USA/USA_CSV0000000000028689.csv has 853 rows and 6 columns
2025-12-18 19:17:23 - exhaustive_index - INFO - Processed table 2238 - datasets_USA/USA_CSV0000000000028689.csv
2025-12-18 19:17:23 - exhaustive_index - INFO - Processing table 2239 - datasets_USA/USA_CSV0000000000028709.csv
2025-12-18 19:17:23 - exhaustive_index - INFO - Table datasets_USA/USA_CSV0000000000028709.csv has 121 rows and 5 columns
2025-12-18 19:17:23 - exhaustive_index - INFO - Processed table 2239 - datasets_USA/USA_CSV0000000000028709.csv
2025-12-18 19:17:24 - exhaustive_index - INFO - Processing table 2240 - datasets_USA/USA_CSV0000000000028774.csv
2025-12-18 19:17:24 - exhaustive_index - INFO - Table datasets_USA/USA_CSV0000000000028774.csv has 1541 rows and 6 columns
2025-12-18 19:17:24 - exhaustive_index - INFO - Processed table 2240 - datasets_USA/USA_CSV0000000000028774.csv
2025-12-18 19:17:24 - exhaustive_index - INFO - Processing table 2241 - datasets_USA/USA_CSV0000000000028791.csv
2025-12-18 19:17:24 - exhaustive_index - INFO - Table datasets_USA/USA_CSV0000000000028791.csv has 34482 rows and 4 columns
2025-12-18 19:17:24 - exhaustive_index - INFO - Processed table 2241 - datasets_USA/USA_CSV0000000000028791.csv
2025-12-18 19:17:27 - exhaustive_index - INFO - Processing table 2242 - datasets_USA/USA_CSV0000000000028803.csv
2025-12-18 19:17:27 - exhaustive_index - INFO - Table datasets_USA/USA_CSV0000000000028803.csv has 5082 rows and 15 columns
2025-12-18 19:17:27 - exhaustive_index - INFO - Processed table 2242 - datasets_USA/USA_CSV0000000000028803.csv
2025-12-18 19:17:28 - exhaustive_index - INFO - Processing table 2243 - datasets_USA/USA_CSV0000000000028805.csv
2025-12-18 19:17:28 - exhaustive_index - INFO - Table datasets_USA/USA_CSV0000000000028805.csv has 127 rows and 9 columns
2025-12-18 19:17:28 - exhaustive_index - INFO - Processed table 2243 - datasets_USA/USA_CSV0000000000028805.csv
2025-12-18 19:17:34 - exhaustive_index - INFO - Processing table 2244 - datasets_USA/USA_CSV0000000000028823.csv
2025-12-18 19:17:34 - exhaustive_index - INFO - Table datasets_USA/USA_CSV0000000000028823.csv has 9202 rows and 24 columns
2025-12-18 19:17:34 - exhaustive_index - INFO - Processed table 2244 - datasets_USA/USA_CSV0000000000028823.csv
2025-12-18 19:17:36 - exhaustive_index - INFO - Processing table 2245 - datasets_USA/USA_CSV0000000000028842.csv
2025-12-18 19:17:36 - exhaustive_index - INFO - Table datasets_USA/USA_CSV0000000000028842.csv has 20366 rows and 7 columns
2025-12-18 19:17:36 - exhaustive_index - INFO - Processed table 2245 - datasets_USA/USA_CSV0000000000028842.csv
2025-12-18 19:17:37 - exhaustive_index - INFO - Processing table 2246 - datasets_USA/USA_CSV0000000000028855.csv
2025-12-18 19:17:37 - exhaustive_index - INFO - Table datasets_USA/USA_CSV0000000000028855.csv has 28210 rows and 8 columns
2025-12-18 19:17:37 - exhaustive_index - INFO - Processed table 2246 - datasets_USA/USA_CSV0000000000028855.csv
2025-12-18 19:18:29 - exhaustive_index - INFO - Processing table 2247 - datasets_USA/USA_CSV0000000000028884.csv
2025-12-18 19:18:29 - exhaustive_index - INFO - Table datasets_USA/USA_CSV0000000000028884.csv has 427 rows and 69 columns
2025-12-18 19:18:29 - exhaustive_index - INFO - Processed table 2247 - datasets_USA/USA_CSV0000000000028884.csv
2025-12-18 19:18:30 - exhaustive_index - INFO - Processing table 2248 - datasets_USA/USA_CSV0000000000028892.csv
2025-12-18 19:18:30 - exhaustive_index - INFO - Table datasets_USA/USA_CSV0000000000028892.csv has 13125 rows and 13 columns
2025-12-18 19:18:30 - exhaustive_index - INFO - Processed table 2248 - datasets_USA/USA_CSV0000000000028892.csv
2025-12-18 19:19:10 - exhaustive_index - INFO - Processing table 2249 - datasets_USA/USA_CSV0000000000028908.csv
2025-12-18 19:19:10 - exhaustive_index - INFO - Table datasets_USA/USA_CSV0000000000028908.csv has 3114 rows and 100 columns
2025-12-18 19:19:10 - exhaustive_index - INFO - Processed table 2249 - datasets_USA/USA_CSV0000000000028908.csv
2025-12-18 19:19:18 - exhaustive_index - INFO - Processing table 2250 - datasets_USA/USA_CSV0000000000028913.csv
2025-12-18 19:19:18 - exhaustive_index - INFO - Table datasets_USA/USA_CSV0000000000028913.csv has 20554 rows and 14 columns
2025-12-18 19:19:18 - exhaustive_index - INFO - Processed table 2250 - datasets_USA/USA_CSV0000000000028913.csv
2025-12-18 19:19:19 - exhaustive_index - INFO - Processing table 2251 - datasets_USA/USA_CSV0000000000028923.csv
2025-12-18 19:19:19 - exhaustive_index - INFO - Table datasets_USA/USA_CSV0000000000028923.csv has 9725 rows and 5 columns
2025-12-18 19:19:19 - exhaustive_index - INFO - Processed table 2251 - datasets_USA/USA_CSV0000000000028923.csv
2025-12-18 19:19:20 - exhaustive_index - INFO - Processing table 2252 - datasets_USA/USA_CSV0000000000028939.csv
2025-12-18 19:19:20 - exhaustive_index - INFO - Table datasets_USA/USA_CSV0000000000028939.csv has 33970 rows and 4 columns
2025-12-18 19:19:20 - exhaustive_index - INFO - Processed table 2252 - datasets_USA/USA_CSV0000000000028939.csv
2025-12-18 19:19:30 - exhaustive_index - INFO - Processing table 2253 - datasets_USA/USA_CSV0000000000028948.csv
2025-12-18 19:19:30 - exhaustive_index - INFO - Table datasets_USA/USA_CSV0000000000028948.csv has 23335 rows and 11 columns
2025-12-18 19:19:30 - exhaustive_index - INFO - Processed table 2253 - datasets_USA/USA_CSV0000000000028948.csv
2025-12-18 19:19:36 - exhaustive_index - INFO - Processing table 2254 - datasets_USA/USA_CSV0000000000028952.csv
2025-12-18 19:19:36 - exhaustive_index - INFO - Table datasets_USA/USA_CSV0000000000028952.csv has 8216 rows and 21 columns
2025-12-18 19:19:36 - exhaustive_index - INFO - Processed table 2254 - datasets_USA/USA_CSV0000000000028952.csv
2025-12-18 19:19:38 - exhaustive_index - INFO - Processing table 2255 - datasets_USA/USA_CSV0000000000028953.csv
2025-12-18 19:19:38 - exhaustive_index - INFO - Table datasets_USA/USA_CSV0000000000028953.csv has 9222 rows and 25 columns
2025-12-18 19:19:38 - exhaustive_index - INFO - Processed table 2255 - datasets_USA/USA_CSV0000000000028953.csv
2025-12-18 19:19:39 - exhaustive_index - INFO - Processing table 2256 - datasets_USA/USA_CSV0000000000028959.csv
2025-12-18 19:19:39 - exhaustive_index - INFO - Table datasets_USA/USA_CSV0000000000028959.csv has 20620 rows and 18 columns
2025-12-18 19:19:39 - exhaustive_index - INFO - Processed table 2256 - datasets_USA/USA_CSV0000000000028959.csv
2025-12-18 19:19:44 - exhaustive_index - INFO - Processing table 2257 - datasets_USA/USA_CSV0000000000028984.csv
2025-12-18 19:19:44 - exhaustive_index - INFO - Table datasets_USA/USA_CSV0000000000028984.csv has 6095 rows and 17 columns
2025-12-18 19:19:44 - exhaustive_index - INFO - Processed table 2257 - datasets_USA/USA_CSV0000000000028984.csv
2025-12-18 19:19:45 - exhaustive_index - INFO - Processing table 2258 - datasets_USA/USA_CSV0000000000029027.csv
2025-12-18 19:19:45 - exhaustive_index - INFO - Table datasets_USA/USA_CSV0000000000029027.csv has 17122 rows and 12 columns
2025-12-18 19:19:45 - exhaustive_index - INFO - Processed table 2258 - datasets_USA/USA_CSV0000000000029027.csv
2025-12-18 19:19:47 - exhaustive_index - INFO - Processing table 2259 - datasets_USA/USA_CSV0000000000029063.csv
2025-12-18 19:19:47 - exhaustive_index - INFO - Table datasets_USA/USA_CSV0000000000029063.csv has 24681 rows and 8 columns
2025-12-18 19:19:47 - exhaustive_index - INFO - Processed table 2259 - datasets_USA/USA_CSV0000000000029063.csv
2025-12-18 19:19:48 - exhaustive_index - INFO - Processing table 2260 - datasets_USA/USA_CSV0000000000029091.csv
2025-12-18 19:19:48 - exhaustive_index - INFO - Table datasets_USA/USA_CSV0000000000029091.csv has 3367 rows and 23 columns
2025-12-18 19:19:48 - exhaustive_index - INFO - Processed table 2260 - datasets_USA/USA_CSV0000000000029091.csv
2025-12-18 19:19:48 - exhaustive_index - INFO - Processing table 2261 - datasets_USA/USA_CSV0000000000029105.csv
2025-12-18 19:19:48 - exhaustive_index - INFO - Table datasets_USA/USA_CSV0000000000029105.csv has 688 rows and 5 columns
2025-12-18 19:19:48 - exhaustive_index - INFO - Processed table 2261 - datasets_USA/USA_CSV0000000000029105.csv
2025-12-18 19:20:12 - exhaustive_index - INFO - Processing table 2262 - datasets_USA/USA_CSV0000000000029110.csv
2025-12-18 19:20:12 - exhaustive_index - INFO - Table datasets_USA/USA_CSV0000000000029110.csv has 55086 rows and 16 columns
2025-12-18 19:20:12 - exhaustive_index - INFO - Processed table 2262 - datasets_USA/USA_CSV0000000000029110.csv
2025-12-18 19:20:13 - exhaustive_index - INFO - Processing table 2263 - datasets_USA/USA_CSV0000000000029141.csv
2025-12-18 19:20:13 - exhaustive_index - INFO - Table datasets_USA/USA_CSV0000000000029141.csv has 27522 rows and 18 columns
2025-12-18 19:20:13 - exhaustive_index - INFO - Processed table 2263 - datasets_USA/USA_CSV0000000000029141.csv
2025-12-18 19:20:14 - exhaustive_index - INFO - Processing table 2264 - datasets_USA/USA_CSV0000000000029164.csv
2025-12-18 19:20:14 - exhaustive_index - INFO - Table datasets_USA/USA_CSV0000000000029164.csv has 840 rows and 6 columns
2025-12-18 19:20:14 - exhaustive_index - INFO - Processed table 2264 - datasets_USA/USA_CSV0000000000029164.csv
2025-12-18 19:20:19 - exhaustive_index - INFO - Processing table 2265 - datasets_USA/USA_CSV0000000000029172.csv
2025-12-18 19:20:19 - exhaustive_index - INFO - Table datasets_USA/USA_CSV0000000000029172.csv has 16948 rows and 17 columns
2025-12-18 19:20:19 - exhaustive_index - INFO - Processed table 2265 - datasets_USA/USA_CSV0000000000029172.csv
2025-12-18 19:20:19 - exhaustive_index - INFO - Processing table 2266 - datasets_USA/USA_CSV0000000000029174.csv
2025-12-18 19:20:19 - exhaustive_index - INFO - Table datasets_USA/USA_CSV0000000000029174.csv has 34009 rows and 4 columns
2025-12-18 19:20:19 - exhaustive_index - INFO - Processed table 2266 - datasets_USA/USA_CSV0000000000029174.csv
2025-12-18 19:20:20 - exhaustive_index - INFO - Processing table 2267 - datasets_USA/USA_CSV0000000000029216.csv
2025-12-18 19:20:20 - exhaustive_index - INFO - Table datasets_USA/USA_CSV0000000000029216.csv has 20988 rows and 9 columns
2025-12-18 19:20:20 - exhaustive_index - INFO - Processed table 2267 - datasets_USA/USA_CSV0000000000029216.csv
2025-12-18 19:20:21 - exhaustive_index - INFO - Processing table 2268 - datasets_USA/USA_CSV0000000000029257.csv
2025-12-18 19:20:21 - exhaustive_index - INFO - Table datasets_USA/USA_CSV0000000000029257.csv has 23200 rows and 6 columns
2025-12-18 19:20:21 - exhaustive_index - INFO - Processed table 2268 - datasets_USA/USA_CSV0000000000029257.csv
2025-12-18 19:20:24 - exhaustive_index - INFO - Processing table 2269 - datasets_USA/USA_CSV0000000000029306.csv
2025-12-18 19:20:24 - exhaustive_index - INFO - Table datasets_USA/USA_CSV0000000000029306.csv has 15157 rows and 11 columns
2025-12-18 19:20:24 - exhaustive_index - INFO - Processed table 2269 - datasets_USA/USA_CSV0000000000029306.csv
2025-12-18 19:20:27 - exhaustive_index - INFO - Processing table 2270 - datasets_USA/USA_CSV0000000000029312.csv
2025-12-18 19:20:27 - exhaustive_index - INFO - Table datasets_USA/USA_CSV0000000000029312.csv has 13558 rows and 12 columns
2025-12-18 19:20:27 - exhaustive_index - INFO - Processed table 2270 - datasets_USA/USA_CSV0000000000029312.csv
2025-12-18 19:20:29 - exhaustive_index - INFO - Processing table 2271 - datasets_USA/USA_CSV0000000000029388.csv
2025-12-18 19:20:29 - exhaustive_index - INFO - Table datasets_USA/USA_CSV0000000000029388.csv has 6878 rows and 75 columns
2025-12-18 19:20:29 - exhaustive_index - INFO - Processed table 2271 - datasets_USA/USA_CSV0000000000029388.csv
2025-12-18 19:20:33 - exhaustive_index - INFO - Processing table 2272 - datasets_USA/USA_CSV0000000000029390.csv
2025-12-18 19:20:33 - exhaustive_index - INFO - Table datasets_USA/USA_CSV0000000000029390.csv has 20169 rows and 22 columns
2025-12-18 19:20:33 - exhaustive_index - INFO - Processed table 2272 - datasets_USA/USA_CSV0000000000029390.csv
2025-12-18 19:20:39 - exhaustive_index - INFO - Processing table 2273 - datasets_USA/USA_CSV0000000000029412.csv
2025-12-18 19:20:39 - exhaustive_index - INFO - Table datasets_USA/USA_CSV0000000000029412.csv has 51091 rows and 11 columns
2025-12-18 19:20:39 - exhaustive_index - INFO - Processed table 2273 - datasets_USA/USA_CSV0000000000029412.csv
2025-12-18 19:20:48 - exhaustive_index - INFO - Processing table 2274 - datasets_USA/USA_CSV0000000000029425.csv
2025-12-18 19:20:48 - exhaustive_index - INFO - Table datasets_USA/USA_CSV0000000000029425.csv has 19507 rows and 13 columns
2025-12-18 19:20:48 - exhaustive_index - INFO - Processed table 2274 - datasets_USA/USA_CSV0000000000029425.csv
2025-12-18 19:20:50 - exhaustive_index - INFO - Processing table 2275 - datasets_USA/USA_CSV0000000000029480.csv
2025-12-18 19:20:50 - exhaustive_index - INFO - Table datasets_USA/USA_CSV0000000000029480.csv has 30380 rows and 9 columns
2025-12-18 19:20:50 - exhaustive_index - INFO - Processed table 2275 - datasets_USA/USA_CSV0000000000029480.csv
2025-12-18 19:20:51 - exhaustive_index - INFO - Processing table 2276 - datasets_USA/USA_CSV0000000000029487.csv
2025-12-18 19:20:51 - exhaustive_index - INFO - Table datasets_USA/USA_CSV0000000000029487.csv has 12728 rows and 8 columns
2025-12-18 19:20:51 - exhaustive_index - INFO - Processed table 2276 - datasets_USA/USA_CSV0000000000029487.csv
2025-12-18 19:20:52 - exhaustive_index - INFO - Processing table 2277 - datasets_USA/USA_CSV0000000000029546.csv
2025-12-18 19:20:52 - exhaustive_index - INFO - Table datasets_USA/USA_CSV0000000000029546.csv has 38677 rows and 7 columns
2025-12-18 19:20:52 - exhaustive_index - INFO - Processed table 2277 - datasets_USA/USA_CSV0000000000029546.csv
2025-12-18 19:20:57 - exhaustive_index - INFO - Processing table 2278 - datasets_USA/USA_CSV0000000000029547.csv
2025-12-18 19:20:57 - exhaustive_index - INFO - Table datasets_USA/USA_CSV0000000000029547.csv has 10200 rows and 21 columns
2025-12-18 19:20:57 - exhaustive_index - INFO - Processed table 2278 - datasets_USA/USA_CSV0000000000029547.csv
2025-12-18 19:21:02 - exhaustive_index - INFO - Processing table 2279 - datasets_USA/USA_CSV0000000000029550.csv
2025-12-18 19:21:02 - exhaustive_index - INFO - Table datasets_USA/USA_CSV0000000000029550.csv has 11614 rows and 17 columns
2025-12-18 19:21:02 - exhaustive_index - INFO - Processed table 2279 - datasets_USA/USA_CSV0000000000029550.csv
2025-12-18 19:21:04 - exhaustive_index - INFO - Processing table 2280 - datasets_USA/USA_CSV0000000000029555.csv
2025-12-18 19:21:04 - exhaustive_index - INFO - Table datasets_USA/USA_CSV0000000000029555.csv has 11221 rows and 12 columns
2025-12-18 19:21:04 - exhaustive_index - INFO - Processed table 2280 - datasets_USA/USA_CSV0000000000029555.csv
2025-12-18 19:21:04 - exhaustive_index - INFO - Processing table 2281 - datasets_USA/USA_CSV0000000000029580.csv
2025-12-18 19:21:04 - exhaustive_index - INFO - Table datasets_USA/USA_CSV0000000000029580.csv has 46291 rows and 3 columns
2025-12-18 19:21:04 - exhaustive_index - INFO - Processed table 2281 - datasets_USA/USA_CSV0000000000029580.csv
2025-12-18 19:21:04 - exhaustive_index - INFO - Processing table 2282 - datasets_USA/USA_CSV0000000000029616.csv
2025-12-18 19:21:04 - exhaustive_index - INFO - Table datasets_USA/USA_CSV0000000000029616.csv has 57 rows and 7 columns
2025-12-18 19:21:04 - exhaustive_index - INFO - Processed table 2282 - datasets_USA/USA_CSV0000000000029616.csv
2025-12-18 19:21:04 - exhaustive_index - INFO - Processing table 2283 - datasets_USA/USA_CSV0000000000029619.csv
2025-12-18 19:21:04 - exhaustive_index - INFO - Table datasets_USA/USA_CSV0000000000029619.csv has 49 rows and 7 columns
2025-12-18 19:21:04 - exhaustive_index - INFO - Processed table 2283 - datasets_USA/USA_CSV0000000000029619.csv
2025-12-18 19:21:06 - exhaustive_index - INFO - Processing table 2284 - datasets_USA/USA_CSV0000000000029635.csv
2025-12-18 19:21:06 - exhaustive_index - INFO - Table datasets_USA/USA_CSV0000000000029635.csv has 40272 rows and 9 columns
2025-12-18 19:21:06 - exhaustive_index - INFO - Processed table 2284 - datasets_USA/USA_CSV0000000000029635.csv
2025-12-18 19:21:09 - exhaustive_index - INFO - Processing table 2285 - datasets_USA/USA_CSV0000000000029657.csv
2025-12-18 19:21:09 - exhaustive_index - INFO - Table datasets_USA/USA_CSV0000000000029657.csv has 12481 rows and 13 columns
2025-12-18 19:21:09 - exhaustive_index - INFO - Processed table 2285 - datasets_USA/USA_CSV0000000000029657.csv
2025-12-18 19:21:11 - exhaustive_index - INFO - Processing table 2286 - datasets_USA/USA_CSV0000000000029677.csv
2025-12-18 19:21:11 - exhaustive_index - INFO - Table datasets_USA/USA_CSV0000000000029677.csv has 10760 rows and 9 columns
2025-12-18 19:21:11 - exhaustive_index - INFO - Processed table 2286 - datasets_USA/USA_CSV0000000000029677.csv
2025-12-18 19:21:12 - exhaustive_index - INFO - Processing table 2287 - datasets_USA/USA_CSV0000000000029711.csv
2025-12-18 19:21:12 - exhaustive_index - INFO - Table datasets_USA/USA_CSV0000000000029711.csv has 17 rows and 13 columns
2025-12-18 19:21:12 - exhaustive_index - INFO - Processed table 2287 - datasets_USA/USA_CSV0000000000029711.csv
2025-12-18 19:21:15 - exhaustive_index - INFO - Processing table 2288 - datasets_USA/USA_CSV0000000000029714.csv
2025-12-18 19:21:15 - exhaustive_index - INFO - Table datasets_USA/USA_CSV0000000000029714.csv has 14054 rows and 22 columns
2025-12-18 19:21:15 - exhaustive_index - INFO - Processed table 2288 - datasets_USA/USA_CSV0000000000029714.csv
2025-12-18 19:21:29 - exhaustive_index - INFO - Processing table 2289 - datasets_USA/USA_CSV0000000000029730.csv
2025-12-18 19:21:29 - exhaustive_index - INFO - Table datasets_USA/USA_CSV0000000000029730.csv has 11022 rows and 21 columns
2025-12-18 19:21:29 - exhaustive_index - INFO - Processed table 2289 - datasets_USA/USA_CSV0000000000029730.csv
2025-12-18 19:21:32 - exhaustive_index - INFO - Processing table 2290 - datasets_USA/USA_CSV0000000000029744.csv
2025-12-18 19:21:32 - exhaustive_index - INFO - Table datasets_USA/USA_CSV0000000000029744.csv has 13981 rows and 13 columns
2025-12-18 19:21:32 - exhaustive_index - INFO - Processed table 2290 - datasets_USA/USA_CSV0000000000029744.csv
2025-12-18 19:21:32 - exhaustive_index - INFO - Processing table 2291 - datasets_USA/USA_CSV0000000000029750.csv
2025-12-18 19:21:32 - exhaustive_index - INFO - Table datasets_USA/USA_CSV0000000000029750.csv has 57582 rows and 6 columns
2025-12-18 19:21:32 - exhaustive_index - INFO - Processed table 2291 - datasets_USA/USA_CSV0000000000029750.csv
2025-12-18 19:21:33 - exhaustive_index - INFO - Processing table 2292 - datasets_USA/USA_CSV0000000000029755.csv
2025-12-18 19:21:33 - exhaustive_index - INFO - Table datasets_USA/USA_CSV0000000000029755.csv has 147 rows and 15 columns
2025-12-18 19:21:33 - exhaustive_index - INFO - Processed table 2292 - datasets_USA/USA_CSV0000000000029755.csv
2025-12-18 19:30:24 - exhaustive_index - INFO - Processing table 2293 - datasets_USA/USA_CSV0000000000029756.csv
2025-12-18 19:30:24 - exhaustive_index - INFO - Table datasets_USA/USA_CSV0000000000029756.csv has 14732 rows and 46 columns
2025-12-18 19:30:24 - exhaustive_index - INFO - Processed table 2293 - datasets_USA/USA_CSV0000000000029756.csv
2025-12-18 19:30:25 - exhaustive_index - INFO - Processing table 2294 - datasets_USA/USA_CSV0000000000029770.csv
2025-12-18 19:30:25 - exhaustive_index - INFO - Table datasets_USA/USA_CSV0000000000029770.csv has 3267 rows and 23 columns
2025-12-18 19:30:25 - exhaustive_index - INFO - Processed table 2294 - datasets_USA/USA_CSV0000000000029770.csv
2025-12-18 19:30:26 - exhaustive_index - INFO - Processing table 2295 - datasets_USA/USA_CSV0000000000029785.csv
2025-12-18 19:30:26 - exhaustive_index - INFO - Table datasets_USA/USA_CSV0000000000029785.csv has 33919 rows and 4 columns
2025-12-18 19:30:26 - exhaustive_index - INFO - Processed table 2295 - datasets_USA/USA_CSV0000000000029785.csv
2025-12-18 19:30:28 - exhaustive_index - INFO - Processing table 2296 - datasets_USA/USA_CSV0000000000029817.csv
2025-12-18 19:30:28 - exhaustive_index - INFO - Table datasets_USA/USA_CSV0000000000029817.csv has 11802 rows and 11 columns
2025-12-18 19:30:28 - exhaustive_index - INFO - Processed table 2296 - datasets_USA/USA_CSV0000000000029817.csv
2025-12-18 19:30:28 - exhaustive_index - INFO - Processing table 2297 - datasets_USA/USA_CSV0000000000029823.csv
2025-12-18 19:30:28 - exhaustive_index - INFO - Table datasets_USA/USA_CSV0000000000029823.csv has 34477 rows and 4 columns
2025-12-18 19:30:28 - exhaustive_index - INFO - Processed table 2297 - datasets_USA/USA_CSV0000000000029823.csv
2025-12-18 19:30:31 - exhaustive_index - INFO - Processing table 2298 - datasets_USA/USA_CSV0000000000029846.csv
2025-12-18 19:30:31 - exhaustive_index - INFO - Table datasets_USA/USA_CSV0000000000029846.csv has 2434 rows and 16 columns
2025-12-18 19:30:31 - exhaustive_index - INFO - Processed table 2298 - datasets_USA/USA_CSV0000000000029846.csv
2025-12-18 19:30:32 - exhaustive_index - INFO - Processing table 2299 - datasets_USA/USA_CSV0000000000029869.csv
2025-12-18 19:30:32 - exhaustive_index - INFO - Table datasets_USA/USA_CSV0000000000029869.csv has 33917 rows and 4 columns
2025-12-18 19:30:32 - exhaustive_index - INFO - Processed table 2299 - datasets_USA/USA_CSV0000000000029869.csv
2025-12-18 19:30:32 - exhaustive_index - INFO - Processing table 2300 - datasets_USA/USA_CSV0000000000029873.csv
2025-12-18 19:30:32 - exhaustive_index - INFO - Table datasets_USA/USA_CSV0000000000029873.csv has 34021 rows and 4 columns
2025-12-18 19:30:32 - exhaustive_index - INFO - Processed table 2300 - datasets_USA/USA_CSV0000000000029873.csv
2025-12-18 19:30:37 - exhaustive_index - INFO - Processing table 2301 - datasets_USA/USA_CSV0000000000029874.csv
2025-12-18 19:30:37 - exhaustive_index - INFO - Table datasets_USA/USA_CSV0000000000029874.csv has 5002 rows and 15 columns
2025-12-18 19:30:37 - exhaustive_index - INFO - Processed table 2301 - datasets_USA/USA_CSV0000000000029874.csv
2025-12-18 19:30:52 - exhaustive_index - INFO - Processing table 2302 - datasets_USA/USA_CSV0000000000029895.csv
2025-12-18 19:30:52 - exhaustive_index - INFO - Table datasets_USA/USA_CSV0000000000029895.csv has 23042 rows and 16 columns
2025-12-18 19:30:52 - exhaustive_index - INFO - Processed table 2302 - datasets_USA/USA_CSV0000000000029895.csv
2025-12-18 19:30:54 - exhaustive_index - INFO - Processing table 2303 - datasets_USA/USA_CSV0000000000029901.csv
2025-12-18 19:30:54 - exhaustive_index - INFO - Table datasets_USA/USA_CSV0000000000029901.csv has 24383 rows and 22 columns
2025-12-18 19:30:54 - exhaustive_index - INFO - Processed table 2303 - datasets_USA/USA_CSV0000000000029901.csv
2025-12-18 19:30:55 - exhaustive_index - INFO - Processing table 2304 - datasets_USA/USA_CSV0000000000029935.csv
2025-12-18 19:30:55 - exhaustive_index - INFO - Table datasets_USA/USA_CSV0000000000029935.csv has 363 rows and 6 columns
2025-12-18 19:30:55 - exhaustive_index - INFO - Processed table 2304 - datasets_USA/USA_CSV0000000000029935.csv
2025-12-18 19:30:56 - exhaustive_index - INFO - Processing table 2305 - datasets_USA/USA_CSV0000000000029953.csv
2025-12-18 19:30:56 - exhaustive_index - INFO - Table datasets_USA/USA_CSV0000000000029953.csv has 126 rows and 22 columns
2025-12-18 19:30:56 - exhaustive_index - INFO - Processed table 2305 - datasets_USA/USA_CSV0000000000029953.csv
2025-12-18 19:30:56 - exhaustive_index - INFO - Processing table 2306 - datasets_USA/USA_CSV0000000000029957.csv
2025-12-18 19:30:56 - exhaustive_index - INFO - Table datasets_USA/USA_CSV0000000000029957.csv has 78050 rows and 4 columns
2025-12-18 19:30:56 - exhaustive_index - INFO - Processed table 2306 - datasets_USA/USA_CSV0000000000029957.csv
2025-12-18 19:31:03 - exhaustive_index - INFO - Processing table 2307 - datasets_USA/USA_CSV0000000000029998.csv
2025-12-18 19:31:03 - exhaustive_index - INFO - Table datasets_USA/USA_CSV0000000000029998.csv has 8129 rows and 14 columns
2025-12-18 19:31:03 - exhaustive_index - INFO - Processed table 2307 - datasets_USA/USA_CSV0000000000029998.csv
2025-12-18 19:31:11 - exhaustive_index - INFO - Processing table 2308 - datasets_USA/USA_CSV0000000000030014.csv
2025-12-18 19:31:11 - exhaustive_index - INFO - Table datasets_USA/USA_CSV0000000000030014.csv has 11012 rows and 14 columns
2025-12-18 19:31:11 - exhaustive_index - INFO - Processed table 2308 - datasets_USA/USA_CSV0000000000030014.csv
2025-12-18 19:31:14 - exhaustive_index - INFO - Processing table 2309 - datasets_USA/USA_CSV0000000000030021.csv
2025-12-18 19:31:14 - exhaustive_index - INFO - Table datasets_USA/USA_CSV0000000000030021.csv has 17955 rows and 22 columns
2025-12-18 19:31:14 - exhaustive_index - INFO - Processed table 2309 - datasets_USA/USA_CSV0000000000030021.csv
2025-12-18 19:31:17 - exhaustive_index - INFO - Processing table 2310 - datasets_USA/USA_CSV0000000000030026.csv
2025-12-18 19:31:17 - exhaustive_index - INFO - Table datasets_USA/USA_CSV0000000000030026.csv has 752 rows and 14 columns
2025-12-18 19:31:17 - exhaustive_index - INFO - Processed table 2310 - datasets_USA/USA_CSV0000000000030026.csv
2025-12-18 19:31:17 - exhaustive_index - INFO - Processing table 2311 - datasets_USA/USA_CSV0000000000030044.csv
2025-12-18 19:31:17 - exhaustive_index - INFO - Table datasets_USA/USA_CSV0000000000030044.csv has 115 rows and 11 columns
2025-12-18 19:31:17 - exhaustive_index - INFO - Processed table 2311 - datasets_USA/USA_CSV0000000000030044.csv
2025-12-18 19:31:38 - exhaustive_index - INFO - Processing table 2312 - datasets_USA/USA_CSV0000000000030046.csv
2025-12-18 19:31:38 - exhaustive_index - INFO - Table datasets_USA/USA_CSV0000000000030046.csv has 23896 rows and 17 columns
2025-12-18 19:31:38 - exhaustive_index - INFO - Processed table 2312 - datasets_USA/USA_CSV0000000000030046.csv
2025-12-18 19:31:47 - exhaustive_index - INFO - Processing table 2313 - datasets_USA/USA_CSV0000000000030117.csv
2025-12-18 19:31:47 - exhaustive_index - INFO - Table datasets_USA/USA_CSV0000000000030117.csv has 22868 rows and 14 columns
2025-12-18 19:31:47 - exhaustive_index - INFO - Processed table 2313 - datasets_USA/USA_CSV0000000000030117.csv
2025-12-18 19:31:53 - exhaustive_index - INFO - Processing table 2314 - datasets_USA/USA_CSV0000000000030127.csv
2025-12-18 19:31:53 - exhaustive_index - INFO - Table datasets_USA/USA_CSV0000000000030127.csv has 6018 rows and 23 columns
2025-12-18 19:31:53 - exhaustive_index - INFO - Processed table 2314 - datasets_USA/USA_CSV0000000000030127.csv
2025-12-18 19:31:57 - exhaustive_index - INFO - Processing table 2315 - datasets_USA/USA_CSV0000000000030159.csv
2025-12-18 19:31:57 - exhaustive_index - INFO - Table datasets_USA/USA_CSV0000000000030159.csv has 15288 rows and 12 columns
2025-12-18 19:31:57 - exhaustive_index - INFO - Processed table 2315 - datasets_USA/USA_CSV0000000000030159.csv
2025-12-18 19:32:10 - exhaustive_index - INFO - Processing table 2316 - datasets_USA/USA_CSV0000000000030208.csv
2025-12-18 19:32:10 - exhaustive_index - INFO - Table datasets_USA/USA_CSV0000000000030208.csv has 33461 rows and 16 columns
2025-12-18 19:32:10 - exhaustive_index - INFO - Processed table 2316 - datasets_USA/USA_CSV0000000000030208.csv
2025-12-18 19:32:10 - exhaustive_index - INFO - Processing table 2317 - datasets_USA/USA_CSV0000000000030225.csv
2025-12-18 19:32:10 - exhaustive_index - INFO - Table datasets_USA/USA_CSV0000000000030225.csv has 22521 rows and 8 columns
2025-12-18 19:32:10 - exhaustive_index - INFO - Processed table 2317 - datasets_USA/USA_CSV0000000000030225.csv
2025-12-18 19:34:05 - exhaustive_index - INFO - Processing table 2318 - datasets_USA/USA_CSV0000000000030226.csv
2025-12-18 19:34:05 - exhaustive_index - INFO - Table datasets_USA/USA_CSV0000000000030226.csv has 8479 rows and 28 columns
2025-12-18 19:34:05 - exhaustive_index - INFO - Processed table 2318 - datasets_USA/USA_CSV0000000000030226.csv
2025-12-18 19:34:13 - exhaustive_index - INFO - Processing table 2319 - datasets_USA/USA_CSV0000000000030246.csv
2025-12-18 19:34:13 - exhaustive_index - INFO - Table datasets_USA/USA_CSV0000000000030246.csv has 57617 rows and 15 columns
2025-12-18 19:34:13 - exhaustive_index - INFO - Processed table 2319 - datasets_USA/USA_CSV0000000000030246.csv
2025-12-18 19:34:15 - exhaustive_index - INFO - Processing table 2320 - datasets_USA/USA_CSV0000000000030251.csv
2025-12-18 19:34:15 - exhaustive_index - INFO - Table datasets_USA/USA_CSV0000000000030251.csv has 14578 rows and 7 columns
2025-12-18 19:34:15 - exhaustive_index - INFO - Processed table 2320 - datasets_USA/USA_CSV0000000000030251.csv
2025-12-18 19:34:16 - exhaustive_index - INFO - Processing table 2321 - datasets_USA/USA_CSV0000000000030285.csv
2025-12-18 19:34:16 - exhaustive_index - INFO - Table datasets_USA/USA_CSV0000000000030285.csv has 12896 rows and 6 columns
2025-12-18 19:34:16 - exhaustive_index - INFO - Processed table 2321 - datasets_USA/USA_CSV0000000000030285.csv
2025-12-18 19:34:25 - exhaustive_index - INFO - Processing table 2322 - datasets_USA/USA_CSV0000000000030298.csv
2025-12-18 19:34:25 - exhaustive_index - INFO - Table datasets_USA/USA_CSV0000000000030298.csv has 3287 rows and 42 columns
2025-12-18 19:34:25 - exhaustive_index - INFO - Processed table 2322 - datasets_USA/USA_CSV0000000000030298.csv
2025-12-18 19:34:27 - exhaustive_index - INFO - Processing table 2323 - datasets_USA/USA_CSV0000000000030299.csv
2025-12-18 19:34:27 - exhaustive_index - INFO - Table datasets_USA/USA_CSV0000000000030299.csv has 9902 rows and 13 columns
2025-12-18 19:34:27 - exhaustive_index - INFO - Processed table 2323 - datasets_USA/USA_CSV0000000000030299.csv
2025-12-18 19:34:33 - exhaustive_index - INFO - Processing table 2324 - datasets_USA/USA_CSV0000000000030305.csv
2025-12-18 19:34:33 - exhaustive_index - INFO - Table datasets_USA/USA_CSV0000000000030305.csv has 13860 rows and 19 columns
2025-12-18 19:34:33 - exhaustive_index - INFO - Processed table 2324 - datasets_USA/USA_CSV0000000000030305.csv
2025-12-18 19:34:35 - exhaustive_index - INFO - Processing table 2325 - datasets_USA/USA_CSV0000000000030321.csv
2025-12-18 19:34:35 - exhaustive_index - INFO - Table datasets_USA/USA_CSV0000000000030321.csv has 9956 rows and 15 columns
2025-12-18 19:34:35 - exhaustive_index - INFO - Processed table 2325 - datasets_USA/USA_CSV0000000000030321.csv
2025-12-18 19:34:38 - exhaustive_index - INFO - Processing table 2326 - datasets_USA/USA_CSV0000000000030372.csv
2025-12-18 19:34:38 - exhaustive_index - INFO - Table datasets_USA/USA_CSV0000000000030372.csv has 7255 rows and 11 columns
2025-12-18 19:34:38 - exhaustive_index - INFO - Processed table 2326 - datasets_USA/USA_CSV0000000000030372.csv
2025-12-18 19:34:45 - exhaustive_index - INFO - Processing table 2327 - datasets_USA/USA_CSV0000000000030384.csv
2025-12-18 19:34:45 - exhaustive_index - INFO - Table datasets_USA/USA_CSV0000000000030384.csv has 10600 rows and 29 columns
2025-12-18 19:34:45 - exhaustive_index - INFO - Processed table 2327 - datasets_USA/USA_CSV0000000000030384.csv
2025-12-18 19:34:47 - exhaustive_index - INFO - Processing table 2328 - datasets_USA/USA_CSV0000000000030392.csv
2025-12-18 19:34:47 - exhaustive_index - INFO - Table datasets_USA/USA_CSV0000000000030392.csv has 21289 rows and 7 columns
2025-12-18 19:34:47 - exhaustive_index - INFO - Processed table 2328 - datasets_USA/USA_CSV0000000000030392.csv
2025-12-18 19:34:49 - exhaustive_index - INFO - Processing table 2329 - datasets_USA/USA_CSV0000000000030395.csv
2025-12-18 19:34:49 - exhaustive_index - INFO - Table datasets_USA/USA_CSV0000000000030395.csv has 2320 rows and 21 columns
2025-12-18 19:34:49 - exhaustive_index - INFO - Processed table 2329 - datasets_USA/USA_CSV0000000000030395.csv
2025-12-18 19:34:52 - exhaustive_index - INFO - Processing table 2330 - datasets_USA/USA_CSV0000000000030406.csv
2025-12-18 19:34:52 - exhaustive_index - INFO - Table datasets_USA/USA_CSV0000000000030406.csv has 5507 rows and 21 columns
2025-12-18 19:34:52 - exhaustive_index - INFO - Processed table 2330 - datasets_USA/USA_CSV0000000000030406.csv
2025-12-18 19:35:00 - exhaustive_index - INFO - Processing table 2331 - datasets_USA/USA_CSV0000000000030415.csv
2025-12-18 19:35:00 - exhaustive_index - INFO - Table datasets_USA/USA_CSV0000000000030415.csv has 101033 rows and 9 columns
2025-12-18 19:35:00 - exhaustive_index - INFO - Processed table 2331 - datasets_USA/USA_CSV0000000000030415.csv
2025-12-18 19:35:03 - exhaustive_index - INFO - Processing table 2332 - datasets_USA/USA_CSV0000000000030419.csv
2025-12-18 19:35:03 - exhaustive_index - INFO - Table datasets_USA/USA_CSV0000000000030419.csv has 85333 rows and 10 columns
2025-12-18 19:35:03 - exhaustive_index - INFO - Processed table 2332 - datasets_USA/USA_CSV0000000000030419.csv
2025-12-18 19:35:07 - exhaustive_index - INFO - Processing table 2333 - datasets_USA/USA_CSV0000000000030422.csv
2025-12-18 19:35:07 - exhaustive_index - INFO - Table datasets_USA/USA_CSV0000000000030422.csv has 26545 rows and 8 columns
2025-12-18 19:35:07 - exhaustive_index - INFO - Processed table 2333 - datasets_USA/USA_CSV0000000000030422.csv
2025-12-18 19:35:08 - exhaustive_index - INFO - Processing table 2334 - datasets_USA/USA_CSV0000000000030425.csv
2025-12-18 19:35:08 - exhaustive_index - INFO - Table datasets_USA/USA_CSV0000000000030425.csv has 15484 rows and 5 columns
2025-12-18 19:35:08 - exhaustive_index - INFO - Processed table 2334 - datasets_USA/USA_CSV0000000000030425.csv
2025-12-18 19:35:17 - exhaustive_index - INFO - Processing table 2335 - datasets_USA/USA_CSV0000000000030463.csv
2025-12-18 19:35:17 - exhaustive_index - INFO - Table datasets_USA/USA_CSV0000000000030463.csv has 8066 rows and 20 columns
2025-12-18 19:35:17 - exhaustive_index - INFO - Processed table 2335 - datasets_USA/USA_CSV0000000000030463.csv
2025-12-18 19:35:17 - exhaustive_index - INFO - Processing table 2336 - datasets_USA/USA_CSV0000000000030465.csv
2025-12-18 19:35:17 - exhaustive_index - INFO - Table datasets_USA/USA_CSV0000000000030465.csv has 10299 rows and 16 columns
2025-12-18 19:35:17 - exhaustive_index - INFO - Processed table 2336 - datasets_USA/USA_CSV0000000000030465.csv
2025-12-18 19:35:19 - exhaustive_index - INFO - Processing table 2337 - datasets_USA/USA_CSV0000000000030495.csv
2025-12-18 19:35:19 - exhaustive_index - INFO - Table datasets_USA/USA_CSV0000000000030495.csv has 8760 rows and 21 columns
2025-12-18 19:35:19 - exhaustive_index - INFO - Processed table 2337 - datasets_USA/USA_CSV0000000000030495.csv
2025-12-18 19:35:19 - exhaustive_index - INFO - Processing table 2338 - datasets_USA/USA_CSV0000000000030505.csv
2025-12-18 19:35:21 - exhaustive_index - INFO - Processing table 2339 - datasets_USA/USA_CSV0000000000030527.csv
2025-12-18 19:35:21 - exhaustive_index - INFO - Table datasets_USA/USA_CSV0000000000030527.csv has 8784 rows and 21 columns
2025-12-18 19:35:21 - exhaustive_index - INFO - Processed table 2339 - datasets_USA/USA_CSV0000000000030527.csv
2025-12-18 19:35:22 - exhaustive_index - INFO - Processing table 2340 - datasets_USA/USA_CSV0000000000030539.csv
2025-12-18 19:35:22 - exhaustive_index - INFO - Table datasets_USA/USA_CSV0000000000030539.csv has 41725 rows and 6 columns
2025-12-18 19:35:22 - exhaustive_index - INFO - Processed table 2340 - datasets_USA/USA_CSV0000000000030539.csv
2025-12-18 19:35:24 - exhaustive_index - INFO - Processing table 2341 - datasets_USA/USA_CSV0000000000030559.csv
2025-12-18 19:35:24 - exhaustive_index - INFO - Table datasets_USA/USA_CSV0000000000030559.csv has 6495 rows and 16 columns
2025-12-18 19:35:24 - exhaustive_index - INFO - Processed table 2341 - datasets_USA/USA_CSV0000000000030559.csv
2025-12-18 19:35:27 - exhaustive_index - INFO - Processing table 2342 - datasets_USA/USA_CSV0000000000030593.csv
2025-12-18 19:35:27 - exhaustive_index - INFO - Table datasets_USA/USA_CSV0000000000030593.csv has 8760 rows and 21 columns
2025-12-18 19:35:27 - exhaustive_index - INFO - Processed table 2342 - datasets_USA/USA_CSV0000000000030593.csv
2025-12-18 19:35:30 - exhaustive_index - INFO - Processing table 2343 - datasets_USA/USA_CSV0000000000030597.csv
2025-12-18 19:35:30 - exhaustive_index - INFO - Table datasets_USA/USA_CSV0000000000030597.csv has 8784 rows and 21 columns
2025-12-18 19:35:30 - exhaustive_index - INFO - Processed table 2343 - datasets_USA/USA_CSV0000000000030597.csv
2025-12-18 19:35:31 - exhaustive_index - INFO - Processing table 2344 - datasets_USA/USA_CSV0000000000030598.csv
2025-12-18 19:35:31 - exhaustive_index - INFO - Table datasets_USA/USA_CSV0000000000030598.csv has 19975 rows and 6 columns
2025-12-18 19:35:31 - exhaustive_index - INFO - Processed table 2344 - datasets_USA/USA_CSV0000000000030598.csv
2025-12-18 19:35:31 - exhaustive_index - INFO - Processing table 2345 - datasets_USA/USA_CSV0000000000030606.csv
2025-12-18 19:35:31 - exhaustive_index - INFO - Table datasets_USA/USA_CSV0000000000030606.csv has 128 rows and 10 columns
2025-12-18 19:35:31 - exhaustive_index - INFO - Processed table 2345 - datasets_USA/USA_CSV0000000000030606.csv
2025-12-18 19:35:32 - exhaustive_index - INFO - Processing table 2346 - datasets_USA/USA_CSV0000000000030607.csv
2025-12-18 19:35:32 - exhaustive_index - INFO - Table datasets_USA/USA_CSV0000000000030607.csv has 8784 rows and 21 columns
2025-12-18 19:35:32 - exhaustive_index - INFO - Processed table 2346 - datasets_USA/USA_CSV0000000000030607.csv
2025-12-18 19:35:35 - exhaustive_index - INFO - Processing table 2347 - datasets_USA/USA_CSV0000000000030607__99.csv
2025-12-18 19:35:35 - exhaustive_index - INFO - Table datasets_USA/USA_CSV0000000000030607__99.csv has 83943 rows and 8 columns
2025-12-18 19:35:35 - exhaustive_index - INFO - Processed table 2347 - datasets_USA/USA_CSV0000000000030607__99.csv
2025-12-18 19:35:38 - exhaustive_index - INFO - Processing table 2348 - datasets_USA/USA_CSV0000000000030652.csv
2025-12-18 19:35:38 - exhaustive_index - INFO - Table datasets_USA/USA_CSV0000000000030652.csv has 8760 rows and 21 columns
2025-12-18 19:35:38 - exhaustive_index - INFO - Processed table 2348 - datasets_USA/USA_CSV0000000000030652.csv
2025-12-18 19:36:09 - exhaustive_index - INFO - Processing table 2349 - datasets_USA/USA_CSV0000000000030657.csv
2025-12-18 19:36:09 - exhaustive_index - INFO - Table datasets_USA/USA_CSV0000000000030657.csv has 8118 rows and 23 columns
2025-12-18 19:36:09 - exhaustive_index - INFO - Processed table 2349 - datasets_USA/USA_CSV0000000000030657.csv
2025-12-18 19:36:10 - exhaustive_index - INFO - Processing table 2350 - datasets_USA/USA_CSV0000000000030667.csv
2025-12-18 19:36:10 - exhaustive_index - INFO - Table datasets_USA/USA_CSV0000000000030667.csv has 8784 rows and 21 columns
2025-12-18 19:36:10 - exhaustive_index - INFO - Processed table 2350 - datasets_USA/USA_CSV0000000000030667.csv
2025-12-18 19:36:29 - exhaustive_index - INFO - Processing table 2351 - datasets_USA/USA_CSV0000000000030669.csv
2025-12-18 19:36:29 - exhaustive_index - INFO - Table datasets_USA/USA_CSV0000000000030669.csv has 1897 rows and 37 columns
2025-12-18 19:36:29 - exhaustive_index - INFO - Processed table 2351 - datasets_USA/USA_CSV0000000000030669.csv
2025-12-18 19:36:31 - exhaustive_index - INFO - Processing table 2352 - datasets_USA/USA_CSV0000000000030718.csv
2025-12-18 19:36:31 - exhaustive_index - INFO - Table datasets_USA/USA_CSV0000000000030718.csv has 68247 rows and 6 columns
2025-12-18 19:36:31 - exhaustive_index - INFO - Processed table 2352 - datasets_USA/USA_CSV0000000000030718.csv
2025-12-18 19:36:32 - exhaustive_index - INFO - Processing table 2353 - datasets_USA/USA_CSV0000000000030725.csv
2025-12-18 19:36:32 - exhaustive_index - INFO - Table datasets_USA/USA_CSV0000000000030725.csv has 22692 rows and 8 columns
2025-12-18 19:36:32 - exhaustive_index - INFO - Processed table 2353 - datasets_USA/USA_CSV0000000000030725.csv
2025-12-18 19:36:35 - exhaustive_index - INFO - Processing table 2354 - datasets_USA/USA_CSV0000000000030732.csv
2025-12-18 19:36:35 - exhaustive_index - INFO - Table datasets_USA/USA_CSV0000000000030732.csv has 8784 rows and 21 columns
2025-12-18 19:36:35 - exhaustive_index - INFO - Processed table 2354 - datasets_USA/USA_CSV0000000000030732.csv
2025-12-18 19:36:36 - exhaustive_index - INFO - Processing table 2355 - datasets_USA/USA_CSV0000000000030755.csv
2025-12-18 19:36:36 - exhaustive_index - INFO - Table datasets_USA/USA_CSV0000000000030755.csv has 8784 rows and 21 columns
2025-12-18 19:36:36 - exhaustive_index - INFO - Processed table 2355 - datasets_USA/USA_CSV0000000000030755.csv
2025-12-18 19:36:36 - exhaustive_index - INFO - Processing table 2356 - datasets_USA/USA_CSV0000000000030760.csv
2025-12-18 19:36:36 - exhaustive_index - INFO - Table datasets_USA/USA_CSV0000000000030760.csv has 13 rows and 3 columns
2025-12-18 19:36:36 - exhaustive_index - INFO - Processed table 2356 - datasets_USA/USA_CSV0000000000030760.csv
2025-12-18 19:36:39 - exhaustive_index - INFO - Processing table 2357 - datasets_USA/USA_CSV0000000000030763.csv
2025-12-18 19:36:39 - exhaustive_index - INFO - Table datasets_USA/USA_CSV0000000000030763.csv has 8784 rows and 21 columns
2025-12-18 19:36:39 - exhaustive_index - INFO - Processed table 2357 - datasets_USA/USA_CSV0000000000030763.csv
2025-12-18 19:36:42 - exhaustive_index - INFO - Processing table 2358 - datasets_USA/USA_CSV0000000000030769.csv
2025-12-18 19:36:42 - exhaustive_index - INFO - Table datasets_USA/USA_CSV0000000000030769.csv has 8760 rows and 21 columns
2025-12-18 19:36:42 - exhaustive_index - INFO - Processed table 2358 - datasets_USA/USA_CSV0000000000030769.csv
2025-12-18 19:36:45 - exhaustive_index - INFO - Processing table 2359 - datasets_USA/USA_CSV0000000000030772.csv
2025-12-18 19:36:45 - exhaustive_index - INFO - Table datasets_USA/USA_CSV0000000000030772.csv has 7260 rows and 22 columns
2025-12-18 19:36:45 - exhaustive_index - INFO - Processed table 2359 - datasets_USA/USA_CSV0000000000030772.csv
2025-12-18 19:36:46 - exhaustive_index - INFO - Processing table 2360 - datasets_USA/USA_CSV0000000000030788.csv
2025-12-18 19:36:46 - exhaustive_index - INFO - Table datasets_USA/USA_CSV0000000000030788.csv has 8784 rows and 21 columns
2025-12-18 19:36:46 - exhaustive_index - INFO - Processed table 2360 - datasets_USA/USA_CSV0000000000030788.csv
2025-12-18 19:36:46 - exhaustive_index - INFO - Processing table 2361 - datasets_USA/USA_CSV0000000000030789.csv
2025-12-18 19:36:46 - exhaustive_index - INFO - Table datasets_USA/USA_CSV0000000000030789.csv has 254 rows and 8 columns
2025-12-18 19:36:46 - exhaustive_index - INFO - Processed table 2361 - datasets_USA/USA_CSV0000000000030789.csv
2025-12-18 19:36:50 - exhaustive_index - INFO - Processing table 2362 - datasets_USA/USA_CSV0000000000030793.csv
2025-12-18 19:36:50 - exhaustive_index - INFO - Table datasets_USA/USA_CSV0000000000030793.csv has 8760 rows and 21 columns
2025-12-18 19:36:50 - exhaustive_index - INFO - Processed table 2362 - datasets_USA/USA_CSV0000000000030793.csv
2025-12-18 19:36:51 - exhaustive_index - INFO - Processing table 2363 - datasets_USA/USA_CSV0000000000030795.csv
2025-12-18 19:36:51 - exhaustive_index - INFO - Table datasets_USA/USA_CSV0000000000030795.csv has 8760 rows and 21 columns
2025-12-18 19:36:51 - exhaustive_index - INFO - Processed table 2363 - datasets_USA/USA_CSV0000000000030795.csv
2025-12-18 19:37:36 - exhaustive_index - INFO - Processing table 2364 - datasets_USA/USA_CSV0000000000030818.csv
2025-12-18 19:37:36 - exhaustive_index - INFO - Table datasets_USA/USA_CSV0000000000030818.csv has 4884 rows and 34 columns
2025-12-18 19:37:36 - exhaustive_index - INFO - Processed table 2364 - datasets_USA/USA_CSV0000000000030818.csv
2025-12-18 19:37:37 - exhaustive_index - INFO - Processing table 2365 - datasets_USA/USA_CSV0000000000030844.csv
2025-12-18 19:37:37 - exhaustive_index - INFO - Table datasets_USA/USA_CSV0000000000030844.csv has 8784 rows and 21 columns
2025-12-18 19:37:37 - exhaustive_index - INFO - Processed table 2365 - datasets_USA/USA_CSV0000000000030844.csv
2025-12-18 19:37:39 - exhaustive_index - INFO - Processing table 2366 - datasets_USA/USA_CSV0000000000030871.csv
2025-12-18 19:37:39 - exhaustive_index - INFO - Table datasets_USA/USA_CSV0000000000030871.csv has 6337 rows and 18 columns
2025-12-18 19:37:39 - exhaustive_index - INFO - Processed table 2366 - datasets_USA/USA_CSV0000000000030871.csv
2025-12-18 19:37:42 - exhaustive_index - INFO - Processing table 2367 - datasets_USA/USA_CSV0000000000030873.csv
2025-12-18 19:37:42 - exhaustive_index - INFO - Table datasets_USA/USA_CSV0000000000030873.csv has 8760 rows and 21 columns
2025-12-18 19:37:42 - exhaustive_index - INFO - Processed table 2367 - datasets_USA/USA_CSV0000000000030873.csv
2025-12-18 19:37:44 - exhaustive_index - INFO - Processing table 2368 - datasets_USA/USA_CSV0000000000030902.csv
2025-12-18 19:37:44 - exhaustive_index - INFO - Table datasets_USA/USA_CSV0000000000030902.csv has 8784 rows and 21 columns
2025-12-18 19:37:44 - exhaustive_index - INFO - Processed table 2368 - datasets_USA/USA_CSV0000000000030902.csv
2025-12-18 19:37:47 - exhaustive_index - INFO - Processing table 2369 - datasets_USA/USA_CSV0000000000030920.csv
2025-12-18 19:37:47 - exhaustive_index - INFO - Table datasets_USA/USA_CSV0000000000030920.csv has 18084 rows and 13 columns
2025-12-18 19:37:47 - exhaustive_index - INFO - Processed table 2369 - datasets_USA/USA_CSV0000000000030920.csv
2025-12-18 19:37:54 - exhaustive_index - INFO - Processing table 2370 - datasets_USA/USA_CSV0000000000030932.csv
2025-12-18 19:37:54 - exhaustive_index - INFO - Table datasets_USA/USA_CSV0000000000030932.csv has 8760 rows and 21 columns
2025-12-18 19:37:54 - exhaustive_index - INFO - Processed table 2370 - datasets_USA/USA_CSV0000000000030932.csv
2025-12-18 19:37:55 - exhaustive_index - INFO - Processing table 2371 - datasets_USA/USA_CSV0000000000030935.csv
2025-12-18 19:37:55 - exhaustive_index - INFO - Table datasets_USA/USA_CSV0000000000030935.csv has 8943 rows and 30 columns
2025-12-18 19:37:55 - exhaustive_index - INFO - Processed table 2371 - datasets_USA/USA_CSV0000000000030935.csv
2025-12-18 19:38:17 - exhaustive_index - INFO - Processing table 2372 - datasets_USA/USA_CSV0000000000030946.csv
2025-12-18 19:38:17 - exhaustive_index - INFO - Table datasets_USA/USA_CSV0000000000030946.csv has 20008 rows and 15 columns
2025-12-18 19:38:17 - exhaustive_index - INFO - Processed table 2372 - datasets_USA/USA_CSV0000000000030946.csv
2025-12-18 19:38:19 - exhaustive_index - INFO - Processing table 2373 - datasets_USA/USA_CSV0000000000030948.csv
2025-12-18 19:38:19 - exhaustive_index - INFO - Table datasets_USA/USA_CSV0000000000030948.csv has 8760 rows and 21 columns
2025-12-18 19:38:19 - exhaustive_index - INFO - Processed table 2373 - datasets_USA/USA_CSV0000000000030948.csv
2025-12-18 19:38:20 - exhaustive_index - INFO - Processing table 2374 - datasets_USA/USA_CSV0000000000030949.csv
2025-12-18 19:38:20 - exhaustive_index - INFO - Table datasets_USA/USA_CSV0000000000030949.csv has 8760 rows and 21 columns
2025-12-18 19:38:20 - exhaustive_index - INFO - Processed table 2374 - datasets_USA/USA_CSV0000000000030949.csv
2025-12-18 19:38:23 - exhaustive_index - INFO - Processing table 2375 - datasets_USA/USA_CSV0000000000030972.csv
2025-12-18 19:38:23 - exhaustive_index - INFO - Table datasets_USA/USA_CSV0000000000030972.csv has 8784 rows and 21 columns
2025-12-18 19:38:23 - exhaustive_index - INFO - Processed table 2375 - datasets_USA/USA_CSV0000000000030972.csv
2025-12-18 19:38:24 - exhaustive_index - INFO - Processing table 2376 - datasets_USA/USA_CSV0000000000030988.csv
2025-12-18 19:38:24 - exhaustive_index - INFO - Table datasets_USA/USA_CSV0000000000030988.csv has 8760 rows and 21 columns
2025-12-18 19:38:24 - exhaustive_index - INFO - Processed table 2376 - datasets_USA/USA_CSV0000000000030988.csv
2025-12-18 19:38:28 - exhaustive_index - INFO - Processing table 2377 - datasets_USA/USA_CSV0000000000030998.csv
2025-12-18 19:38:28 - exhaustive_index - INFO - Table datasets_USA/USA_CSV0000000000030998.csv has 8760 rows and 21 columns
2025-12-18 19:38:28 - exhaustive_index - INFO - Processed table 2377 - datasets_USA/USA_CSV0000000000030998.csv
2025-12-18 19:38:28 - exhaustive_index - INFO - Processing table 2378 - datasets_USA/USA_CSV0000000000031006.csv
2025-12-18 19:38:28 - exhaustive_index - INFO - Table datasets_USA/USA_CSV0000000000031006.csv has 243 rows and 7 columns
2025-12-18 19:38:28 - exhaustive_index - INFO - Processed table 2378 - datasets_USA/USA_CSV0000000000031006.csv
2025-12-18 19:38:31 - exhaustive_index - INFO - Processing table 2379 - datasets_USA/USA_CSV0000000000031007.csv
2025-12-18 19:38:31 - exhaustive_index - INFO - Table datasets_USA/USA_CSV0000000000031007.csv has 8760 rows and 21 columns
2025-12-18 19:38:31 - exhaustive_index - INFO - Processed table 2379 - datasets_USA/USA_CSV0000000000031007.csv
2025-12-18 19:38:32 - exhaustive_index - INFO - Processing table 2380 - datasets_USA/USA_CSV0000000000031033.csv
2025-12-18 19:38:32 - exhaustive_index - INFO - Table datasets_USA/USA_CSV0000000000031033.csv has 8760 rows and 21 columns
2025-12-18 19:38:32 - exhaustive_index - INFO - Processed table 2380 - datasets_USA/USA_CSV0000000000031033.csv
2025-12-18 19:38:34 - exhaustive_index - INFO - Processing table 2381 - datasets_USA/USA_CSV0000000000031055.csv
2025-12-18 19:38:34 - exhaustive_index - INFO - Table datasets_USA/USA_CSV0000000000031055.csv has 230 rows and 9 columns
2025-12-18 19:38:34 - exhaustive_index - INFO - Processed table 2381 - datasets_USA/USA_CSV0000000000031055.csv
2025-12-18 19:38:40 - exhaustive_index - INFO - Processing table 2382 - datasets_USA/USA_CSV0000000000031064.csv
2025-12-18 19:38:40 - exhaustive_index - INFO - Table datasets_USA/USA_CSV0000000000031064.csv has 8784 rows and 21 columns
2025-12-18 19:38:40 - exhaustive_index - INFO - Processed table 2382 - datasets_USA/USA_CSV0000000000031064.csv
2025-12-18 19:38:41 - exhaustive_index - INFO - Processing table 2383 - datasets_USA/USA_CSV0000000000031084.csv
2025-12-18 19:38:41 - exhaustive_index - INFO - Table datasets_USA/USA_CSV0000000000031084.csv has 14860 rows and 21 columns
2025-12-18 19:38:41 - exhaustive_index - INFO - Processed table 2383 - datasets_USA/USA_CSV0000000000031084.csv
2025-12-18 19:38:42 - exhaustive_index - INFO - Processing table 2384 - datasets_USA/USA_CSV0000000000031096.csv
2025-12-18 19:38:42 - exhaustive_index - INFO - Table datasets_USA/USA_CSV0000000000031096.csv has 8784 rows and 21 columns
2025-12-18 19:38:42 - exhaustive_index - INFO - Processed table 2384 - datasets_USA/USA_CSV0000000000031096.csv
2025-12-18 19:38:43 - exhaustive_index - INFO - Processing table 2385 - datasets_USA/USA_CSV0000000000031110.csv
2025-12-18 19:38:43 - exhaustive_index - INFO - Table datasets_USA/USA_CSV0000000000031110.csv has 8760 rows and 21 columns
2025-12-18 19:38:43 - exhaustive_index - INFO - Processed table 2385 - datasets_USA/USA_CSV0000000000031110.csv
2025-12-18 19:38:43 - exhaustive_index - INFO - Processing table 2386 - datasets_USA/USA_CSV0000000000031179.csv
2025-12-18 19:38:43 - exhaustive_index - INFO - Table datasets_USA/USA_CSV0000000000031179.csv has 20473 rows and 8 columns
2025-12-18 19:38:43 - exhaustive_index - INFO - Processed table 2386 - datasets_USA/USA_CSV0000000000031179.csv
2025-12-18 19:38:46 - exhaustive_index - INFO - Processing table 2387 - datasets_USA/USA_CSV0000000000031238.csv
2025-12-18 19:38:46 - exhaustive_index - INFO - Table datasets_USA/USA_CSV0000000000031238.csv has 23181 rows and 9 columns
2025-12-18 19:38:46 - exhaustive_index - INFO - Processed table 2387 - datasets_USA/USA_CSV0000000000031238.csv
2025-12-18 19:38:47 - exhaustive_index - INFO - Processing table 2388 - datasets_USA/USA_CSV0000000000031243.csv
2025-12-18 19:38:47 - exhaustive_index - INFO - Table datasets_USA/USA_CSV0000000000031243.csv has 9818 rows and 16 columns
2025-12-18 19:38:47 - exhaustive_index - INFO - Processed table 2388 - datasets_USA/USA_CSV0000000000031243.csv
2025-12-18 19:38:50 - exhaustive_index - INFO - Processing table 2389 - datasets_USA/USA_CSV0000000000031249.csv
2025-12-18 19:38:50 - exhaustive_index - INFO - Table datasets_USA/USA_CSV0000000000031249.csv has 8760 rows and 21 columns
2025-12-18 19:38:50 - exhaustive_index - INFO - Processed table 2389 - datasets_USA/USA_CSV0000000000031249.csv
2025-12-18 19:38:53 - exhaustive_index - INFO - Processing table 2390 - datasets_USA/USA_CSV0000000000031254.csv
2025-12-18 19:38:53 - exhaustive_index - INFO - Table datasets_USA/USA_CSV0000000000031254.csv has 8784 rows and 21 columns
2025-12-18 19:38:53 - exhaustive_index - INFO - Processed table 2390 - datasets_USA/USA_CSV0000000000031254.csv
2025-12-18 19:38:58 - exhaustive_index - INFO - Processing table 2391 - datasets_USA/USA_CSV0000000000031255.csv
2025-12-18 19:38:58 - exhaustive_index - INFO - Table datasets_USA/USA_CSV0000000000031255.csv has 39536 rows and 7 columns
2025-12-18 19:38:58 - exhaustive_index - INFO - Processed table 2391 - datasets_USA/USA_CSV0000000000031255.csv
2025-12-18 19:39:00 - exhaustive_index - INFO - Processing table 2392 - datasets_USA/USA_CSV0000000000031271.csv
2025-12-18 19:39:00 - exhaustive_index - INFO - Table datasets_USA/USA_CSV0000000000031271.csv has 9125 rows and 14 columns
2025-12-18 19:39:00 - exhaustive_index - INFO - Processed table 2392 - datasets_USA/USA_CSV0000000000031271.csv
2025-12-18 19:39:03 - exhaustive_index - INFO - Processing table 2393 - datasets_USA/USA_CSV0000000000031276.csv
2025-12-18 19:39:03 - exhaustive_index - INFO - Table datasets_USA/USA_CSV0000000000031276.csv has 15317 rows and 19 columns
2025-12-18 19:39:03 - exhaustive_index - INFO - Processed table 2393 - datasets_USA/USA_CSV0000000000031276.csv
2025-12-18 19:39:06 - exhaustive_index - INFO - Processing table 2394 - datasets_USA/USA_CSV0000000000031295.csv
2025-12-18 19:39:06 - exhaustive_index - INFO - Table datasets_USA/USA_CSV0000000000031295.csv has 8760 rows and 21 columns
2025-12-18 19:39:06 - exhaustive_index - INFO - Processed table 2394 - datasets_USA/USA_CSV0000000000031295.csv
2025-12-18 19:39:07 - exhaustive_index - INFO - Processing table 2395 - datasets_USA/USA_CSV0000000000031301.csv
2025-12-18 19:39:07 - exhaustive_index - INFO - Table datasets_USA/USA_CSV0000000000031301.csv has 26904 rows and 5 columns
2025-12-18 19:39:07 - exhaustive_index - INFO - Processed table 2395 - datasets_USA/USA_CSV0000000000031301.csv
2025-12-18 19:39:11 - exhaustive_index - INFO - Processing table 2396 - datasets_USA/USA_CSV0000000000031309.csv
2025-12-18 19:39:11 - exhaustive_index - INFO - Table datasets_USA/USA_CSV0000000000031309.csv has 91983 rows and 9 columns
2025-12-18 19:39:11 - exhaustive_index - INFO - Processed table 2396 - datasets_USA/USA_CSV0000000000031309.csv
2025-12-18 19:39:13 - exhaustive_index - INFO - Processing table 2397 - datasets_USA/USA_CSV0000000000031313.csv
2025-12-18 19:39:13 - exhaustive_index - INFO - Table datasets_USA/USA_CSV0000000000031313.csv has 5216 rows and 9 columns
2025-12-18 19:39:13 - exhaustive_index - INFO - Processed table 2397 - datasets_USA/USA_CSV0000000000031313.csv
2025-12-18 19:39:13 - exhaustive_index - INFO - Processing table 2398 - datasets_USA/USA_CSV0000000000031321.csv
2025-12-18 19:39:13 - exhaustive_index - INFO - Table datasets_USA/USA_CSV0000000000031321.csv has 8125 rows and 16 columns
2025-12-18 19:39:13 - exhaustive_index - INFO - Processed table 2398 - datasets_USA/USA_CSV0000000000031321.csv
2025-12-18 19:39:15 - exhaustive_index - INFO - Processing table 2399 - datasets_USA/USA_CSV0000000000031349.csv
2025-12-18 19:39:15 - exhaustive_index - INFO - Table datasets_USA/USA_CSV0000000000031349.csv has 60046 rows and 6 columns
2025-12-18 19:39:15 - exhaustive_index - INFO - Processed table 2399 - datasets_USA/USA_CSV0000000000031349.csv
2025-12-18 19:41:20 - exhaustive_index - INFO - Processing table 2400 - datasets_USA/USA_CSV0000000000031352.csv
2025-12-18 19:41:20 - exhaustive_index - INFO - Table datasets_USA/USA_CSV0000000000031352.csv has 1188801 rows, sampling 1_000_000 rows
2025-12-18 19:41:20 - exhaustive_index - INFO - Table datasets_USA/USA_CSV0000000000031352.csv has 1188801 rows and 18 columns
2025-12-18 19:41:20 - exhaustive_index - INFO - Processed table 2400 - datasets_USA/USA_CSV0000000000031352.csv
2025-12-18 19:41:20 - exhaustive_index - INFO - Processing table 2401 - datasets_USA/USA_CSV0000000000031353.csv
2025-12-18 19:41:20 - exhaustive_index - INFO - Table datasets_USA/USA_CSV0000000000031353.csv has 50 rows and 17 columns
2025-12-18 19:41:20 - exhaustive_index - INFO - Processed table 2401 - datasets_USA/USA_CSV0000000000031353.csv
2025-12-18 19:41:22 - exhaustive_index - INFO - Processing table 2402 - datasets_USA/USA_CSV0000000000031355.csv
2025-12-18 19:41:22 - exhaustive_index - INFO - Table datasets_USA/USA_CSV0000000000031355.csv has 8760 rows and 21 columns
2025-12-18 19:41:22 - exhaustive_index - INFO - Processed table 2402 - datasets_USA/USA_CSV0000000000031355.csv
2025-12-18 19:41:24 - exhaustive_index - INFO - Processing table 2403 - datasets_USA/USA_CSV0000000000031379.csv
2025-12-18 19:41:24 - exhaustive_index - INFO - Table datasets_USA/USA_CSV0000000000031379.csv has 81002 rows and 3 columns
2025-12-18 19:41:24 - exhaustive_index - INFO - Processed table 2403 - datasets_USA/USA_CSV0000000000031379.csv
2025-12-18 19:41:32 - exhaustive_index - INFO - Processing table 2404 - datasets_USA/USA_CSV0000000000031390.csv
2025-12-18 19:41:32 - exhaustive_index - INFO - Table datasets_USA/USA_CSV0000000000031390.csv has 14172 rows and 22 columns
2025-12-18 19:41:32 - exhaustive_index - INFO - Processed table 2404 - datasets_USA/USA_CSV0000000000031390.csv
2025-12-18 19:41:33 - exhaustive_index - INFO - Processing table 2405 - datasets_USA/USA_CSV0000000000031391.csv
2025-12-18 19:41:33 - exhaustive_index - INFO - Table datasets_USA/USA_CSV0000000000031391.csv has 695 rows and 11 columns
2025-12-18 19:41:33 - exhaustive_index - INFO - Processed table 2405 - datasets_USA/USA_CSV0000000000031391.csv
2025-12-18 19:41:35 - exhaustive_index - INFO - Processing table 2406 - datasets_USA/USA_CSV0000000000031392.csv
2025-12-18 19:41:35 - exhaustive_index - INFO - Table datasets_USA/USA_CSV0000000000031392.csv has 103935 rows and 8 columns
2025-12-18 19:41:35 - exhaustive_index - INFO - Processed table 2406 - datasets_USA/USA_CSV0000000000031392.csv
2025-12-18 19:41:37 - exhaustive_index - INFO - Processing table 2407 - datasets_USA/USA_CSV0000000000031398.csv
2025-12-18 19:41:37 - exhaustive_index - INFO - Table datasets_USA/USA_CSV0000000000031398.csv has 61587 rows and 5 columns
2025-12-18 19:41:37 - exhaustive_index - INFO - Processed table 2407 - datasets_USA/USA_CSV0000000000031398.csv
2025-12-18 19:41:38 - exhaustive_index - INFO - Processing table 2408 - datasets_USA/USA_CSV0000000000031405.csv
2025-12-18 19:41:38 - exhaustive_index - INFO - Table datasets_USA/USA_CSV0000000000031405.csv has 616 rows and 14 columns
2025-12-18 19:41:38 - exhaustive_index - INFO - Processed table 2408 - datasets_USA/USA_CSV0000000000031405.csv
2025-12-18 19:41:39 - exhaustive_index - INFO - Processing table 2409 - datasets_USA/USA_CSV0000000000031408.csv
2025-12-18 19:41:39 - exhaustive_index - INFO - Table datasets_USA/USA_CSV0000000000031408.csv has 8760 rows and 21 columns
2025-12-18 19:41:39 - exhaustive_index - INFO - Processed table 2409 - datasets_USA/USA_CSV0000000000031408.csv
2025-12-18 19:41:39 - exhaustive_index - INFO - Processing table 2410 - datasets_USA/USA_CSV0000000000031417.csv
2025-12-18 19:41:39 - exhaustive_index - INFO - Table datasets_USA/USA_CSV0000000000031417.csv has 4395 rows and 4 columns
2025-12-18 19:41:39 - exhaustive_index - INFO - Processed table 2410 - datasets_USA/USA_CSV0000000000031417.csv
2025-12-18 19:41:42 - exhaustive_index - INFO - Processing table 2411 - datasets_USA/USA_CSV0000000000031420.csv
2025-12-18 19:41:42 - exhaustive_index - INFO - Table datasets_USA/USA_CSV0000000000031420.csv has 8760 rows and 21 columns
2025-12-18 19:41:42 - exhaustive_index - INFO - Processed table 2411 - datasets_USA/USA_CSV0000000000031420.csv
2025-12-18 19:41:49 - exhaustive_index - INFO - Processing table 2412 - datasets_USA/USA_CSV0000000000031430.csv
2025-12-18 19:41:49 - exhaustive_index - INFO - Table datasets_USA/USA_CSV0000000000031430.csv has 33440 rows and 14 columns
2025-12-18 19:41:49 - exhaustive_index - INFO - Processed table 2412 - datasets_USA/USA_CSV0000000000031430.csv
2025-12-18 19:42:33 - exhaustive_index - INFO - Processing table 2413 - datasets_USA/USA_CSV0000000000031435.csv
2025-12-18 19:42:33 - exhaustive_index - INFO - Table datasets_USA/USA_CSV0000000000031435.csv has 349217 rows and 23 columns
2025-12-18 19:42:33 - exhaustive_index - INFO - Processed table 2413 - datasets_USA/USA_CSV0000000000031435.csv
2025-12-18 19:42:51 - exhaustive_index - INFO - Processing table 2414 - datasets_USA/USA_CSV0000000000031447.csv
2025-12-18 19:42:51 - exhaustive_index - INFO - Table datasets_USA/USA_CSV0000000000031447.csv has 98982 rows and 16 columns
2025-12-18 19:42:51 - exhaustive_index - INFO - Processed table 2414 - datasets_USA/USA_CSV0000000000031447.csv
2025-12-18 19:42:55 - exhaustive_index - INFO - Processing table 2415 - datasets_USA/USA_CSV0000000000031451.csv
2025-12-18 19:42:55 - exhaustive_index - INFO - Table datasets_USA/USA_CSV0000000000031451.csv has 2666 rows and 18 columns
2025-12-18 19:42:55 - exhaustive_index - INFO - Processed table 2415 - datasets_USA/USA_CSV0000000000031451.csv
2025-12-18 19:42:56 - exhaustive_index - INFO - Processing table 2416 - datasets_USA/USA_CSV0000000000031452.csv
2025-12-18 19:42:56 - exhaustive_index - INFO - Table datasets_USA/USA_CSV0000000000031452.csv has 263 rows and 7 columns
2025-12-18 19:42:56 - exhaustive_index - INFO - Processed table 2416 - datasets_USA/USA_CSV0000000000031452.csv
2025-12-18 19:42:57 - exhaustive_index - INFO - Processing table 2417 - datasets_USA/USA_CSV0000000000031472.csv
2025-12-18 19:42:57 - exhaustive_index - INFO - Table datasets_USA/USA_CSV0000000000031472.csv has 26952 rows and 9 columns
2025-12-18 19:42:57 - exhaustive_index - INFO - Processed table 2417 - datasets_USA/USA_CSV0000000000031472.csv
2025-12-18 19:42:59 - exhaustive_index - INFO - Processing table 2418 - datasets_USA/USA_CSV0000000000031483.csv
2025-12-18 19:42:59 - exhaustive_index - INFO - Table datasets_USA/USA_CSV0000000000031483.csv has 10359 rows and 11 columns
2025-12-18 19:42:59 - exhaustive_index - INFO - Processed table 2418 - datasets_USA/USA_CSV0000000000031483.csv
2025-12-18 19:43:00 - exhaustive_index - INFO - Processing table 2419 - datasets_USA/USA_CSV0000000000031486.csv
2025-12-18 19:43:00 - exhaustive_index - INFO - Table datasets_USA/USA_CSV0000000000031486.csv has 327 rows and 22 columns
2025-12-18 19:43:00 - exhaustive_index - INFO - Processed table 2419 - datasets_USA/USA_CSV0000000000031486.csv
2025-12-18 19:43:00 - exhaustive_index - INFO - Processing table 2420 - datasets_USA/USA_CSV0000000000031490.csv
2025-12-18 19:43:00 - exhaustive_index - INFO - Processing table 2421 - datasets_USA/USA_CSV0000000000031494.csv
2025-12-18 19:43:00 - exhaustive_index - INFO - Table datasets_USA/USA_CSV0000000000031494.csv has 40 rows and 14 columns
2025-12-18 19:43:00 - exhaustive_index - INFO - Processed table 2421 - datasets_USA/USA_CSV0000000000031494.csv
2025-12-18 19:43:08 - exhaustive_index - INFO - Processing table 2422 - datasets_USA/USA_CSV0000000000031501.csv
2025-12-18 19:43:08 - exhaustive_index - INFO - Table datasets_USA/USA_CSV0000000000031501.csv has 2015 rows and 36 columns
2025-12-18 19:43:08 - exhaustive_index - INFO - Processed table 2422 - datasets_USA/USA_CSV0000000000031501.csv
2025-12-18 19:43:10 - exhaustive_index - INFO - Processing table 2423 - datasets_USA/USA_CSV0000000000031506.csv
2025-12-18 19:43:10 - exhaustive_index - INFO - Table datasets_USA/USA_CSV0000000000031506.csv has 73606 rows and 5 columns
2025-12-18 19:43:10 - exhaustive_index - INFO - Processed table 2423 - datasets_USA/USA_CSV0000000000031506.csv
2025-12-18 19:43:14 - exhaustive_index - INFO - Processing table 2424 - datasets_USA/USA_CSV0000000000031508.csv
2025-12-18 19:43:14 - exhaustive_index - INFO - Table datasets_USA/USA_CSV0000000000031508.csv has 1771 rows and 14 columns
2025-12-18 19:43:14 - exhaustive_index - INFO - Processed table 2424 - datasets_USA/USA_CSV0000000000031508.csv
2025-12-18 19:43:18 - exhaustive_index - INFO - Processing table 2425 - datasets_USA/USA_CSV0000000000031513.csv
2025-12-18 19:43:18 - exhaustive_index - INFO - Table datasets_USA/USA_CSV0000000000031513.csv has 48954 rows and 15 columns
2025-12-18 19:43:18 - exhaustive_index - INFO - Processed table 2425 - datasets_USA/USA_CSV0000000000031513.csv
2025-12-18 19:43:24 - exhaustive_index - INFO - Processing table 2426 - datasets_USA/USA_CSV0000000000031516.csv
2025-12-18 19:43:24 - exhaustive_index - INFO - Table datasets_USA/USA_CSV0000000000031516.csv has 61508 rows and 29 columns
2025-12-18 19:43:24 - exhaustive_index - INFO - Processed table 2426 - datasets_USA/USA_CSV0000000000031516.csv
2025-12-18 19:43:54 - exhaustive_index - INFO - Processing table 2427 - datasets_USA/USA_CSV0000000000031525.csv
2025-12-18 19:43:54 - exhaustive_index - INFO - Table datasets_USA/USA_CSV0000000000031525.csv has 26428 rows and 24 columns
2025-12-18 19:43:54 - exhaustive_index - INFO - Processed table 2427 - datasets_USA/USA_CSV0000000000031525.csv
2025-12-18 19:43:55 - exhaustive_index - INFO - Processing table 2428 - datasets_USA/USA_CSV0000000000031538.csv
2025-12-18 19:43:55 - exhaustive_index - INFO - Table datasets_USA/USA_CSV0000000000031538.csv has 8784 rows and 21 columns
2025-12-18 19:43:55 - exhaustive_index - INFO - Processed table 2428 - datasets_USA/USA_CSV0000000000031538.csv
2025-12-18 19:44:16 - exhaustive_index - INFO - Processing table 2429 - datasets_USA/USA_CSV0000000000031541.csv
2025-12-18 19:44:16 - exhaustive_index - INFO - Table datasets_USA/USA_CSV0000000000031541.csv has 309260 rows and 16 columns
2025-12-18 19:44:16 - exhaustive_index - INFO - Processed table 2429 - datasets_USA/USA_CSV0000000000031541.csv
2025-12-18 19:44:16 - exhaustive_index - INFO - Processing table 2430 - datasets_USA/USA_CSV0000000000031562.csv
2025-12-18 19:44:16 - exhaustive_index - INFO - Table datasets_USA/USA_CSV0000000000031562.csv has 302 rows and 11 columns
2025-12-18 19:44:16 - exhaustive_index - INFO - Processed table 2430 - datasets_USA/USA_CSV0000000000031562.csv
2025-12-18 19:44:19 - exhaustive_index - INFO - Processing table 2431 - datasets_USA/USA_CSV0000000000031564.csv
2025-12-18 19:44:19 - exhaustive_index - INFO - Table datasets_USA/USA_CSV0000000000031564.csv has 78988 rows and 5 columns
2025-12-18 19:44:19 - exhaustive_index - INFO - Processed table 2431 - datasets_USA/USA_CSV0000000000031564.csv
2025-12-18 19:51:12 - exhaustive_index - INFO - Processing table 2432 - datasets_USA/USA_CSV0000000000031566.csv
2025-12-18 19:51:12 - exhaustive_index - INFO - Table datasets_USA/USA_CSV0000000000031566.csv has 72337 rows and 63 columns
2025-12-18 19:51:12 - exhaustive_index - INFO - Processed table 2432 - datasets_USA/USA_CSV0000000000031566.csv
2025-12-18 19:51:19 - exhaustive_index - INFO - Processing table 2433 - datasets_USA/USA_CSV0000000000031568.csv
2025-12-18 19:51:19 - exhaustive_index - INFO - Table datasets_USA/USA_CSV0000000000031568.csv has 27203 rows and 27 columns
2025-12-18 19:51:19 - exhaustive_index - INFO - Processed table 2433 - datasets_USA/USA_CSV0000000000031568.csv
2025-12-18 19:51:25 - exhaustive_index - INFO - Processing table 2434 - datasets_USA/USA_CSV0000000000031571.csv
2025-12-18 19:51:25 - exhaustive_index - INFO - Table datasets_USA/USA_CSV0000000000031571.csv has 21261 rows and 24 columns
2025-12-18 19:51:25 - exhaustive_index - INFO - Processed table 2434 - datasets_USA/USA_CSV0000000000031571.csv
2025-12-18 19:51:30 - exhaustive_index - INFO - Processing table 2435 - datasets_USA/USA_CSV0000000000031572.csv
2025-12-18 19:51:30 - exhaustive_index - INFO - Table datasets_USA/USA_CSV0000000000031572.csv has 29809 rows and 15 columns
2025-12-18 19:51:30 - exhaustive_index - INFO - Processed table 2435 - datasets_USA/USA_CSV0000000000031572.csv
2025-12-18 19:51:41 - exhaustive_index - INFO - Processing table 2436 - datasets_USA/USA_CSV0000000000031580.csv
2025-12-18 19:51:41 - exhaustive_index - INFO - Table datasets_USA/USA_CSV0000000000031580.csv has 28569 rows and 18 columns
2025-12-18 19:51:41 - exhaustive_index - INFO - Processed table 2436 - datasets_USA/USA_CSV0000000000031580.csv
2025-12-18 19:51:45 - exhaustive_index - INFO - Processing table 2437 - datasets_USA/USA_CSV0000000000031582.csv
2025-12-18 19:51:45 - exhaustive_index - INFO - Table datasets_USA/USA_CSV0000000000031582.csv has 82577 rows and 13 columns
2025-12-18 19:51:45 - exhaustive_index - INFO - Processed table 2437 - datasets_USA/USA_CSV0000000000031582.csv
2025-12-18 19:51:59 - exhaustive_index - INFO - Processing table 2438 - datasets_USA/USA_CSV0000000000031587.csv
2025-12-18 19:51:59 - exhaustive_index - INFO - Table datasets_USA/USA_CSV0000000000031587.csv has 41098 rows and 18 columns
2025-12-18 19:51:59 - exhaustive_index - INFO - Processed table 2438 - datasets_USA/USA_CSV0000000000031587.csv
2025-12-18 19:52:02 - exhaustive_index - INFO - Processing table 2439 - datasets_USA/USA_CSV0000000000031588.csv
2025-12-18 19:52:02 - exhaustive_index - INFO - Table datasets_USA/USA_CSV0000000000031588.csv has 112878 rows and 6 columns
2025-12-18 19:52:02 - exhaustive_index - INFO - Processed table 2439 - datasets_USA/USA_CSV0000000000031588.csv
2025-12-18 19:52:12 - exhaustive_index - INFO - Processing table 2440 - datasets_USA/USA_CSV0000000000031598.csv
2025-12-18 19:52:12 - exhaustive_index - INFO - Table datasets_USA/USA_CSV0000000000031598.csv has 22196 rows and 27 columns
2025-12-18 19:52:12 - exhaustive_index - INFO - Processed table 2440 - datasets_USA/USA_CSV0000000000031598.csv
2025-12-18 19:52:12 - exhaustive_index - INFO - Processing table 2441 - datasets_USA/USA_CSV0000000000031600.csv
2025-12-18 19:52:12 - exhaustive_index - INFO - Table datasets_USA/USA_CSV0000000000031600.csv has 1443 rows and 7 columns
2025-12-18 19:52:12 - exhaustive_index - INFO - Processed table 2441 - datasets_USA/USA_CSV0000000000031600.csv
2025-12-18 19:52:19 - exhaustive_index - INFO - Processing table 2442 - datasets_USA/USA_CSV0000000000031601.csv
2025-12-18 19:52:19 - exhaustive_index - INFO - Table datasets_USA/USA_CSV0000000000031601.csv has 48038 rows and 24 columns
2025-12-18 19:52:19 - exhaustive_index - INFO - Processed table 2442 - datasets_USA/USA_CSV0000000000031601.csv
2025-12-18 19:52:25 - exhaustive_index - INFO - Processing table 2443 - datasets_USA/USA_CSV0000000000031605__31.csv
2025-12-18 19:52:25 - exhaustive_index - INFO - Table datasets_USA/USA_CSV0000000000031605__31.csv has 28812 rows and 13 columns
2025-12-18 19:52:25 - exhaustive_index - INFO - Processed table 2443 - datasets_USA/USA_CSV0000000000031605__31.csv
2025-12-18 19:52:28 - exhaustive_index - INFO - Processing table 2444 - datasets_USA/USA_CSV0000000000031606.csv
2025-12-18 19:52:28 - exhaustive_index - INFO - Table datasets_USA/USA_CSV0000000000031606.csv has 8760 rows and 21 columns
2025-12-18 19:52:28 - exhaustive_index - INFO - Processed table 2444 - datasets_USA/USA_CSV0000000000031606.csv
2025-12-18 19:52:28 - exhaustive_index - INFO - Processing table 2445 - datasets_USA/USA_CSV0000000000031613.csv
2025-12-18 19:52:28 - exhaustive_index - INFO - Table datasets_USA/USA_CSV0000000000031613.csv has 33445 rows and 4 columns
2025-12-18 19:52:28 - exhaustive_index - INFO - Processed table 2445 - datasets_USA/USA_CSV0000000000031613.csv
2025-12-18 19:52:41 - exhaustive_index - INFO - Processing table 2446 - datasets_USA/USA_CSV0000000000031628.csv
2025-12-18 19:52:41 - exhaustive_index - INFO - Table datasets_USA/USA_CSV0000000000031628.csv has 194961 rows and 11 columns
2025-12-18 19:52:41 - exhaustive_index - INFO - Processed table 2446 - datasets_USA/USA_CSV0000000000031628.csv
2025-12-18 19:52:47 - exhaustive_index - INFO - Processing table 2447 - datasets_USA/USA_CSV0000000000031635.csv
2025-12-18 19:52:47 - exhaustive_index - INFO - Table datasets_USA/USA_CSV0000000000031635.csv has 113528 rows and 8 columns
2025-12-18 19:52:47 - exhaustive_index - INFO - Processed table 2447 - datasets_USA/USA_CSV0000000000031635.csv
2025-12-18 19:53:28 - exhaustive_index - INFO - Processing table 2448 - datasets_USA/USA_CSV0000000000031637.csv
2025-12-18 19:53:28 - exhaustive_index - INFO - Table datasets_USA/USA_CSV0000000000031637.csv has 22842 rows and 26 columns
2025-12-18 19:53:28 - exhaustive_index - INFO - Processed table 2448 - datasets_USA/USA_CSV0000000000031637.csv
2025-12-18 19:53:37 - exhaustive_index - INFO - Processing table 2449 - datasets_USA/USA_CSV0000000000031642.csv
2025-12-18 19:53:37 - exhaustive_index - INFO - Table datasets_USA/USA_CSV0000000000031642.csv has 19108 rows and 38 columns
2025-12-18 19:53:37 - exhaustive_index - INFO - Processed table 2449 - datasets_USA/USA_CSV0000000000031642.csv
2025-12-18 19:53:46 - exhaustive_index - INFO - Processing table 2450 - datasets_USA/USA_CSV0000000000031647.csv
2025-12-18 19:53:46 - exhaustive_index - INFO - Table datasets_USA/USA_CSV0000000000031647.csv has 22718 rows and 20 columns
2025-12-18 19:53:46 - exhaustive_index - INFO - Processed table 2450 - datasets_USA/USA_CSV0000000000031647.csv
2025-12-18 19:53:46 - exhaustive_index - INFO - Processing table 2451 - datasets_USA/USA_CSV0000000000031650.csv
2025-12-18 19:53:46 - exhaustive_index - INFO - Table datasets_USA/USA_CSV0000000000031650.csv has 35165 rows and 4 columns
2025-12-18 19:53:46 - exhaustive_index - INFO - Processed table 2451 - datasets_USA/USA_CSV0000000000031650.csv
2025-12-18 19:53:46 - exhaustive_index - INFO - Processing table 2452 - datasets_USA/USA_CSV0000000000031655.csv
2025-12-18 19:53:46 - exhaustive_index - INFO - Table datasets_USA/USA_CSV0000000000031655.csv has 116404 rows and 6 columns
2025-12-18 19:53:46 - exhaustive_index - INFO - Processed table 2452 - datasets_USA/USA_CSV0000000000031655.csv
2025-12-18 19:54:00 - exhaustive_index - INFO - Processing table 2453 - datasets_USA/USA_CSV0000000000031668.csv
2025-12-18 19:54:00 - exhaustive_index - INFO - Table datasets_USA/USA_CSV0000000000031668.csv has 262080 rows and 9 columns
2025-12-18 19:54:00 - exhaustive_index - INFO - Processed table 2453 - datasets_USA/USA_CSV0000000000031668.csv
2025-12-18 19:54:03 - exhaustive_index - INFO - Processing table 2454 - datasets_USA/USA_CSV0000000000031670.csv
2025-12-18 19:54:03 - exhaustive_index - INFO - Table datasets_USA/USA_CSV0000000000031670.csv has 7905 rows and 18 columns
2025-12-18 19:54:03 - exhaustive_index - INFO - Processed table 2454 - datasets_USA/USA_CSV0000000000031670.csv
2025-12-18 19:54:04 - exhaustive_index - INFO - Processing table 2455 - datasets_USA/USA_CSV0000000000031677.csv
2025-12-18 19:54:04 - exhaustive_index - INFO - Table datasets_USA/USA_CSV0000000000031677.csv has 8784 rows and 21 columns
2025-12-18 19:54:04 - exhaustive_index - INFO - Processed table 2455 - datasets_USA/USA_CSV0000000000031677.csv
2025-12-18 19:54:05 - exhaustive_index - INFO - Processing table 2456 - datasets_USA/USA_CSV0000000000031681.csv
2025-12-18 19:54:05 - exhaustive_index - INFO - Table datasets_USA/USA_CSV0000000000031681.csv has 1520 rows and 16 columns
2025-12-18 19:54:05 - exhaustive_index - INFO - Processed table 2456 - datasets_USA/USA_CSV0000000000031681.csv
2025-12-18 19:54:06 - exhaustive_index - INFO - Processing table 2457 - datasets_USA/USA_CSV0000000000031684.csv
2025-12-18 19:54:06 - exhaustive_index - INFO - Table datasets_USA/USA_CSV0000000000031684.csv has 43925 rows and 11 columns
2025-12-18 19:54:06 - exhaustive_index - INFO - Processed table 2457 - datasets_USA/USA_CSV0000000000031684.csv
2025-12-18 19:54:06 - exhaustive_index - INFO - Processing table 2458 - datasets_USA/USA_CSV0000000000031691.csv
2025-12-18 19:54:06 - exhaustive_index - INFO - Table datasets_USA/USA_CSV0000000000031691.csv has 100973 rows and 10 columns
2025-12-18 19:54:06 - exhaustive_index - INFO - Processed table 2458 - datasets_USA/USA_CSV0000000000031691.csv
2025-12-18 19:54:09 - exhaustive_index - INFO - Processing table 2459 - datasets_USA/USA_CSV0000000000031694.csv
2025-12-18 19:54:09 - exhaustive_index - INFO - Table datasets_USA/USA_CSV0000000000031694.csv has 127502 rows and 9 columns
2025-12-18 19:54:09 - exhaustive_index - INFO - Processed table 2459 - datasets_USA/USA_CSV0000000000031694.csv
2025-12-18 19:54:10 - exhaustive_index - INFO - Processing table 2460 - datasets_USA/USA_CSV0000000000031698.csv
2025-12-18 19:54:10 - exhaustive_index - INFO - Table datasets_USA/USA_CSV0000000000031698.csv has 2216 rows and 12 columns
2025-12-18 19:54:10 - exhaustive_index - INFO - Processed table 2460 - datasets_USA/USA_CSV0000000000031698.csv
2025-12-18 19:54:12 - exhaustive_index - INFO - Processing table 2461 - datasets_USA/USA_CSV0000000000031703.csv
2025-12-18 19:54:12 - exhaustive_index - INFO - Table datasets_USA/USA_CSV0000000000031703.csv has 54856 rows and 11 columns
2025-12-18 19:54:12 - exhaustive_index - INFO - Processed table 2461 - datasets_USA/USA_CSV0000000000031703.csv
2025-12-18 19:54:19 - exhaustive_index - INFO - Processing table 2462 - datasets_USA/USA_CSV0000000000031707.csv
2025-12-18 19:54:19 - exhaustive_index - INFO - Table datasets_USA/USA_CSV0000000000031707.csv has 68956 rows and 10 columns
2025-12-18 19:54:19 - exhaustive_index - INFO - Processed table 2462 - datasets_USA/USA_CSV0000000000031707.csv
2025-12-18 19:54:27 - exhaustive_index - INFO - Processing table 2463 - datasets_USA/USA_CSV0000000000031709.csv
2025-12-18 19:54:27 - exhaustive_index - INFO - Table datasets_USA/USA_CSV0000000000031709.csv has 101567 rows and 8 columns
2025-12-18 19:54:27 - exhaustive_index - INFO - Processed table 2463 - datasets_USA/USA_CSV0000000000031709.csv
2025-12-18 19:54:27 - exhaustive_index - INFO - Processing table 2464 - datasets_USA/USA_CSV0000000000031713.csv
2025-12-18 19:54:27 - exhaustive_index - INFO - Table datasets_USA/USA_CSV0000000000031713.csv has 399 rows and 10 columns
2025-12-18 19:54:27 - exhaustive_index - INFO - Processed table 2464 - datasets_USA/USA_CSV0000000000031713.csv
2025-12-18 19:54:28 - exhaustive_index - INFO - Processing table 2465 - datasets_USA/USA_CSV0000000000031721.csv
2025-12-18 19:54:28 - exhaustive_index - INFO - Table datasets_USA/USA_CSV0000000000031721.csv has 98441 rows and 3 columns
2025-12-18 19:54:28 - exhaustive_index - INFO - Processed table 2465 - datasets_USA/USA_CSV0000000000031721.csv
2025-12-18 19:54:31 - exhaustive_index - INFO - Processing table 2466 - datasets_USA/USA_CSV0000000000031726.csv
2025-12-18 19:54:31 - exhaustive_index - INFO - Table datasets_USA/USA_CSV0000000000031726.csv has 34014 rows and 9 columns
2025-12-18 19:54:31 - exhaustive_index - INFO - Processed table 2466 - datasets_USA/USA_CSV0000000000031726.csv
2025-12-18 19:54:35 - exhaustive_index - INFO - Processing table 2467 - datasets_USA/USA_CSV0000000000031732.csv
2025-12-18 19:54:35 - exhaustive_index - INFO - Table datasets_USA/USA_CSV0000000000031732.csv has 37145 rows and 10 columns
2025-12-18 19:54:35 - exhaustive_index - INFO - Processed table 2467 - datasets_USA/USA_CSV0000000000031732.csv
2025-12-18 19:54:39 - exhaustive_index - INFO - Processing table 2468 - datasets_USA/USA_CSV0000000000031735.csv
2025-12-18 19:54:39 - exhaustive_index - INFO - Table datasets_USA/USA_CSV0000000000031735.csv has 339 rows and 22 columns
2025-12-18 19:54:39 - exhaustive_index - INFO - Processed table 2468 - datasets_USA/USA_CSV0000000000031735.csv
2025-12-18 19:54:39 - exhaustive_index - INFO - Processing table 2469 - datasets_USA/USA_CSV0000000000031736.csv
2025-12-18 19:54:39 - exhaustive_index - INFO - Table datasets_USA/USA_CSV0000000000031736.csv has 75210 rows and 8 columns
2025-12-18 19:54:39 - exhaustive_index - INFO - Processed table 2469 - datasets_USA/USA_CSV0000000000031736.csv
2025-12-18 19:54:41 - exhaustive_index - INFO - Processing table 2470 - datasets_USA/USA_CSV0000000000031745.csv
2025-12-18 19:54:41 - exhaustive_index - INFO - Table datasets_USA/USA_CSV0000000000031745.csv has 28351 rows and 6 columns
2025-12-18 19:54:41 - exhaustive_index - INFO - Processed table 2470 - datasets_USA/USA_CSV0000000000031745.csv
2025-12-18 19:54:41 - exhaustive_index - INFO - Processing table 2471 - datasets_USA/USA_CSV0000000000031750.csv
2025-12-18 19:54:41 - exhaustive_index - INFO - Table datasets_USA/USA_CSV0000000000031750.csv has 34373 rows and 4 columns
2025-12-18 19:54:41 - exhaustive_index - INFO - Processed table 2471 - datasets_USA/USA_CSV0000000000031750.csv
2025-12-18 19:54:42 - exhaustive_index - INFO - Processing table 2472 - datasets_USA/USA_CSV0000000000031767.csv
2025-12-18 19:54:42 - exhaustive_index - INFO - Table datasets_USA/USA_CSV0000000000031767.csv has 8760 rows and 21 columns
2025-12-18 19:54:42 - exhaustive_index - INFO - Processed table 2472 - datasets_USA/USA_CSV0000000000031767.csv
2025-12-18 19:54:50 - exhaustive_index - INFO - Processing table 2473 - datasets_USA/USA_CSV0000000000031786.csv
2025-12-18 19:54:50 - exhaustive_index - INFO - Table datasets_USA/USA_CSV0000000000031786.csv has 15476 rows and 36 columns
2025-12-18 19:54:50 - exhaustive_index - INFO - Processed table 2473 - datasets_USA/USA_CSV0000000000031786.csv
2025-12-18 19:54:53 - exhaustive_index - INFO - Processing table 2474 - datasets_USA/USA_CSV0000000000031799.csv
2025-12-18 19:54:53 - exhaustive_index - INFO - Table datasets_USA/USA_CSV0000000000031799.csv has 28418 rows and 18 columns
2025-12-18 19:54:53 - exhaustive_index - INFO - Processed table 2474 - datasets_USA/USA_CSV0000000000031799.csv
2025-12-18 19:54:56 - exhaustive_index - INFO - Processing table 2475 - datasets_USA/USA_CSV0000000000031801.csv
2025-12-18 19:54:56 - exhaustive_index - INFO - Table datasets_USA/USA_CSV0000000000031801.csv has 19824 rows and 8 columns
2025-12-18 19:54:56 - exhaustive_index - INFO - Processed table 2475 - datasets_USA/USA_CSV0000000000031801.csv
2025-12-18 19:55:06 - exhaustive_index - INFO - Processing table 2476 - datasets_USA/USA_CSV0000000000031809.csv
2025-12-18 19:55:06 - exhaustive_index - INFO - Table datasets_USA/USA_CSV0000000000031809.csv has 60542 rows and 13 columns
2025-12-18 19:55:06 - exhaustive_index - INFO - Processed table 2476 - datasets_USA/USA_CSV0000000000031809.csv
2025-12-18 19:55:07 - exhaustive_index - INFO - Processing table 2477 - datasets_USA/USA_CSV0000000000031813.csv
2025-12-18 19:55:07 - exhaustive_index - INFO - Table datasets_USA/USA_CSV0000000000031813.csv has 10652 rows and 7 columns
2025-12-18 19:55:07 - exhaustive_index - INFO - Processed table 2477 - datasets_USA/USA_CSV0000000000031813.csv
2025-12-18 19:56:00 - exhaustive_index - INFO - Processing table 2478 - datasets_USA/USA_CSV0000000000031814.csv
2025-12-18 19:56:00 - exhaustive_index - INFO - Table datasets_USA/USA_CSV0000000000031814.csv has 9401 rows and 32 columns
2025-12-18 19:56:00 - exhaustive_index - INFO - Processed table 2478 - datasets_USA/USA_CSV0000000000031814.csv
2025-12-18 19:56:00 - exhaustive_index - INFO - Processing table 2479 - datasets_USA/USA_CSV0000000000031817.csv
2025-12-18 19:56:00 - exhaustive_index - INFO - Table datasets_USA/USA_CSV0000000000031817.csv has 67221 rows and 3 columns
2025-12-18 19:56:00 - exhaustive_index - INFO - Processed table 2479 - datasets_USA/USA_CSV0000000000031817.csv
2025-12-18 19:56:11 - exhaustive_index - INFO - Processing table 2480 - datasets_USA/USA_CSV0000000000031825.csv
2025-12-18 19:56:11 - exhaustive_index - INFO - Table datasets_USA/USA_CSV0000000000031825.csv has 11337 rows and 25 columns
2025-12-18 19:56:11 - exhaustive_index - INFO - Processed table 2480 - datasets_USA/USA_CSV0000000000031825.csv
2025-12-18 19:56:34 - exhaustive_index - INFO - Processing table 2481 - datasets_USA/USA_CSV0000000000031827.csv
2025-12-18 19:56:34 - exhaustive_index - INFO - Table datasets_USA/USA_CSV0000000000031827.csv has 655 rows and 65 columns
2025-12-18 19:56:34 - exhaustive_index - INFO - Processed table 2481 - datasets_USA/USA_CSV0000000000031827.csv
2025-12-18 19:57:15 - exhaustive_index - INFO - Processing table 2482 - datasets_USA/USA_CSV0000000000031830.csv
2025-12-18 19:57:15 - exhaustive_index - INFO - Table datasets_USA/USA_CSV0000000000031830.csv has 1593566 rows, sampling 1_000_000 rows
2025-12-18 19:57:15 - exhaustive_index - INFO - Table datasets_USA/USA_CSV0000000000031830.csv has 1593566 rows and 9 columns
2025-12-18 19:57:15 - exhaustive_index - INFO - Processed table 2482 - datasets_USA/USA_CSV0000000000031830.csv
2025-12-18 19:57:19 - exhaustive_index - INFO - Processing table 2483 - datasets_USA/USA_CSV0000000000031831.csv
2025-12-18 19:57:19 - exhaustive_index - INFO - Table datasets_USA/USA_CSV0000000000031831.csv has 7940 rows and 18 columns
2025-12-18 19:57:19 - exhaustive_index - INFO - Processed table 2483 - datasets_USA/USA_CSV0000000000031831.csv
2025-12-18 19:57:35 - exhaustive_index - INFO - Processing table 2484 - datasets_USA/USA_CSV0000000000031840.csv
2025-12-18 19:57:35 - exhaustive_index - INFO - Table datasets_USA/USA_CSV0000000000031840.csv has 67639 rows and 16 columns
2025-12-18 19:57:35 - exhaustive_index - INFO - Processed table 2484 - datasets_USA/USA_CSV0000000000031840.csv
2025-12-18 19:57:40 - exhaustive_index - INFO - Processing table 2485 - datasets_USA/USA_CSV0000000000031842.csv
2025-12-18 19:57:40 - exhaustive_index - INFO - Table datasets_USA/USA_CSV0000000000031842.csv has 13113 rows and 30 columns
2025-12-18 19:57:40 - exhaustive_index - INFO - Processed table 2485 - datasets_USA/USA_CSV0000000000031842.csv
2025-12-18 19:57:51 - exhaustive_index - INFO - Processing table 2486 - datasets_USA/USA_CSV0000000000031848.csv
2025-12-18 19:57:51 - exhaustive_index - INFO - Table datasets_USA/USA_CSV0000000000031848.csv has 48072 rows and 18 columns
2025-12-18 19:57:51 - exhaustive_index - INFO - Processed table 2486 - datasets_USA/USA_CSV0000000000031848.csv
2025-12-18 19:57:54 - exhaustive_index - INFO - Processing table 2487 - datasets_USA/USA_CSV0000000000031851.csv
2025-12-18 19:57:54 - exhaustive_index - INFO - Table datasets_USA/USA_CSV0000000000031851.csv has 34113 rows and 9 columns
2025-12-18 19:57:54 - exhaustive_index - INFO - Processed table 2487 - datasets_USA/USA_CSV0000000000031851.csv
2025-12-18 19:57:55 - exhaustive_index - INFO - Processing table 2488 - datasets_USA/USA_CSV0000000000031857.csv
2025-12-18 19:57:55 - exhaustive_index - INFO - Table datasets_USA/USA_CSV0000000000031857.csv has 403 rows and 11 columns
2025-12-18 19:57:55 - exhaustive_index - INFO - Processed table 2488 - datasets_USA/USA_CSV0000000000031857.csv
2025-12-18 19:57:59 - exhaustive_index - INFO - Processing table 2489 - datasets_USA/USA_CSV0000000000031858.csv
2025-12-18 19:57:59 - exhaustive_index - INFO - Table datasets_USA/USA_CSV0000000000031858.csv has 8760 rows and 21 columns
2025-12-18 19:57:59 - exhaustive_index - INFO - Processed table 2489 - datasets_USA/USA_CSV0000000000031858.csv
2025-12-18 19:58:02 - exhaustive_index - INFO - Processing table 2490 - datasets_USA/USA_CSV0000000000031863.csv
2025-12-18 19:58:02 - exhaustive_index - INFO - Table datasets_USA/USA_CSV0000000000031863.csv has 8760 rows and 21 columns
2025-12-18 19:58:02 - exhaustive_index - INFO - Processed table 2490 - datasets_USA/USA_CSV0000000000031863.csv
2025-12-18 19:58:05 - exhaustive_index - INFO - Processing table 2491 - datasets_USA/USA_CSV0000000000031864.csv
2025-12-18 19:58:05 - exhaustive_index - INFO - Table datasets_USA/USA_CSV0000000000031864.csv has 12702 rows and 25 columns
2025-12-18 19:58:05 - exhaustive_index - INFO - Processed table 2491 - datasets_USA/USA_CSV0000000000031864.csv
2025-12-18 19:58:11 - exhaustive_index - INFO - Processing table 2492 - datasets_USA/USA_CSV0000000000031866.csv
2025-12-18 19:58:11 - exhaustive_index - INFO - Table datasets_USA/USA_CSV0000000000031866.csv has 59494 rows and 13 columns
2025-12-18 19:58:11 - exhaustive_index - INFO - Processed table 2492 - datasets_USA/USA_CSV0000000000031866.csv
2025-12-18 19:58:11 - exhaustive_index - INFO - Processing table 2493 - datasets_USA/USA_CSV0000000000031868.csv
2025-12-18 19:58:11 - exhaustive_index - INFO - Processing table 2494 - datasets_USA/USA_CSV0000000000031874.csv
2025-12-18 19:58:11 - exhaustive_index - INFO - Table datasets_USA/USA_CSV0000000000031874.csv has 169417 rows and 5 columns
2025-12-18 19:58:11 - exhaustive_index - INFO - Processed table 2494 - datasets_USA/USA_CSV0000000000031874.csv
2025-12-18 19:58:18 - exhaustive_index - INFO - Processing table 2495 - datasets_USA/USA_CSV0000000000031878.csv
2025-12-18 19:58:18 - exhaustive_index - INFO - Table datasets_USA/USA_CSV0000000000031878.csv has 8760 rows and 21 columns
2025-12-18 19:58:18 - exhaustive_index - INFO - Processed table 2495 - datasets_USA/USA_CSV0000000000031878.csv
2025-12-18 19:58:19 - exhaustive_index - INFO - Processing table 2496 - datasets_USA/USA_CSV0000000000031888.csv
2025-12-18 19:58:19 - exhaustive_index - INFO - Table datasets_USA/USA_CSV0000000000031888.csv has 34382 rows and 8 columns
2025-12-18 19:58:19 - exhaustive_index - INFO - Processed table 2496 - datasets_USA/USA_CSV0000000000031888.csv
2025-12-18 19:58:22 - exhaustive_index - INFO - Processing table 2497 - datasets_USA/USA_CSV0000000000031894.csv
2025-12-18 19:58:22 - exhaustive_index - INFO - Table datasets_USA/USA_CSV0000000000031894.csv has 19518 rows and 15 columns
2025-12-18 19:58:22 - exhaustive_index - INFO - Processed table 2497 - datasets_USA/USA_CSV0000000000031894.csv
2025-12-18 19:58:33 - exhaustive_index - INFO - Processing table 2498 - datasets_USA/USA_CSV0000000000031899.csv
2025-12-18 19:58:33 - exhaustive_index - INFO - Table datasets_USA/USA_CSV0000000000031899.csv has 17638 rows and 25 columns
2025-12-18 19:58:33 - exhaustive_index - INFO - Processed table 2498 - datasets_USA/USA_CSV0000000000031899.csv
2025-12-18 19:58:34 - exhaustive_index - INFO - Processing table 2499 - datasets_USA/USA_CSV0000000000031901.csv
2025-12-18 19:58:34 - exhaustive_index - INFO - Table datasets_USA/USA_CSV0000000000031901.csv has 8760 rows and 21 columns
2025-12-18 19:58:34 - exhaustive_index - INFO - Processed table 2499 - datasets_USA/USA_CSV0000000000031901.csv
2025-12-18 19:58:40 - exhaustive_index - INFO - Processing table 2500 - datasets_USA/USA_CSV0000000000031908.csv
2025-12-18 19:58:40 - exhaustive_index - INFO - Table datasets_USA/USA_CSV0000000000031908.csv has 53366 rows and 12 columns
2025-12-18 19:58:40 - exhaustive_index - INFO - Processed table 2500 - datasets_USA/USA_CSV0000000000031908.csv
2025-12-18 19:58:43 - exhaustive_index - INFO - Processing table 2501 - datasets_USA/USA_CSV0000000000031915.csv
2025-12-18 19:58:43 - exhaustive_index - INFO - Table datasets_USA/USA_CSV0000000000031915.csv has 12289 rows and 22 columns
2025-12-18 19:58:43 - exhaustive_index - INFO - Processed table 2501 - datasets_USA/USA_CSV0000000000031915.csv
2025-12-18 19:58:47 - exhaustive_index - INFO - Processing table 2502 - datasets_USA/USA_CSV0000000000031917.csv
2025-12-18 19:58:47 - exhaustive_index - INFO - Table datasets_USA/USA_CSV0000000000031917.csv has 40194 rows and 11 columns
2025-12-18 19:58:47 - exhaustive_index - INFO - Processed table 2502 - datasets_USA/USA_CSV0000000000031917.csv
2025-12-18 19:58:58 - exhaustive_index - INFO - Processing table 2503 - datasets_USA/USA_CSV0000000000031918.csv
2025-12-18 19:58:58 - exhaustive_index - INFO - Table datasets_USA/USA_CSV0000000000031918.csv has 24945 rows and 26 columns
2025-12-18 19:58:58 - exhaustive_index - INFO - Processed table 2503 - datasets_USA/USA_CSV0000000000031918.csv
2025-12-18 19:58:59 - exhaustive_index - INFO - Processing table 2504 - datasets_USA/USA_CSV0000000000031920.csv
2025-12-18 19:58:59 - exhaustive_index - INFO - Table datasets_USA/USA_CSV0000000000031920.csv has 34385 rows and 4 columns
2025-12-18 19:58:59 - exhaustive_index - INFO - Processed table 2504 - datasets_USA/USA_CSV0000000000031920.csv
2025-12-18 19:59:05 - exhaustive_index - INFO - Processing table 2505 - datasets_USA/USA_CSV0000000000031924.csv
2025-12-18 19:59:05 - exhaustive_index - INFO - Table datasets_USA/USA_CSV0000000000031924.csv has 29100 rows and 23 columns
2025-12-18 19:59:05 - exhaustive_index - INFO - Processed table 2505 - datasets_USA/USA_CSV0000000000031924.csv
2025-12-18 19:59:06 - exhaustive_index - INFO - Processing table 2506 - datasets_USA/USA_CSV0000000000031925.csv
2025-12-18 19:59:06 - exhaustive_index - INFO - Table datasets_USA/USA_CSV0000000000031925.csv has 34382 rows and 4 columns
2025-12-18 19:59:06 - exhaustive_index - INFO - Processed table 2506 - datasets_USA/USA_CSV0000000000031925.csv
2025-12-18 19:59:06 - exhaustive_index - INFO - Processing table 2507 - datasets_USA/USA_CSV0000000000031927.csv
2025-12-18 19:59:06 - exhaustive_index - INFO - Table datasets_USA/USA_CSV0000000000031927.csv has 35222 rows and 4 columns
2025-12-18 19:59:06 - exhaustive_index - INFO - Processed table 2507 - datasets_USA/USA_CSV0000000000031927.csv
2025-12-18 19:59:13 - exhaustive_index - INFO - Processing table 2508 - datasets_USA/USA_CSV0000000000031928.csv
2025-12-18 19:59:13 - exhaustive_index - INFO - Table datasets_USA/USA_CSV0000000000031928.csv has 30148 rows and 22 columns
2025-12-18 19:59:13 - exhaustive_index - INFO - Processed table 2508 - datasets_USA/USA_CSV0000000000031928.csv
2025-12-18 19:59:15 - exhaustive_index - INFO - Processing table 2509 - datasets_USA/USA_CSV0000000000031930.csv
2025-12-18 19:59:15 - exhaustive_index - INFO - Table datasets_USA/USA_CSV0000000000031930.csv has 61630 rows and 8 columns
2025-12-18 19:59:15 - exhaustive_index - INFO - Processed table 2509 - datasets_USA/USA_CSV0000000000031930.csv
2025-12-18 19:59:17 - exhaustive_index - INFO - Processing table 2510 - datasets_USA/USA_CSV0000000000031933.csv
2025-12-18 19:59:17 - exhaustive_index - INFO - Table datasets_USA/USA_CSV0000000000031933.csv has 8760 rows and 21 columns
2025-12-18 19:59:17 - exhaustive_index - INFO - Processed table 2510 - datasets_USA/USA_CSV0000000000031933.csv
2025-12-18 19:59:25 - exhaustive_index - INFO - Processing table 2511 - datasets_USA/USA_CSV0000000000031938.csv
2025-12-18 19:59:25 - exhaustive_index - INFO - Table datasets_USA/USA_CSV0000000000031938.csv has 91225 rows and 8 columns
2025-12-18 19:59:25 - exhaustive_index - INFO - Processed table 2511 - datasets_USA/USA_CSV0000000000031938.csv
2025-12-18 19:59:28 - exhaustive_index - INFO - Processing table 2512 - datasets_USA/USA_CSV0000000000031940.csv
2025-12-18 19:59:28 - exhaustive_index - INFO - Table datasets_USA/USA_CSV0000000000031940.csv has 8784 rows and 21 columns
2025-12-18 19:59:28 - exhaustive_index - INFO - Processed table 2512 - datasets_USA/USA_CSV0000000000031940.csv
2025-12-18 19:59:47 - exhaustive_index - INFO - Processing table 2513 - datasets_USA/USA_CSV0000000000031946.csv
2025-12-18 19:59:47 - exhaustive_index - INFO - Table datasets_USA/USA_CSV0000000000031946.csv has 34210 rows and 24 columns
2025-12-18 19:59:47 - exhaustive_index - INFO - Processed table 2513 - datasets_USA/USA_CSV0000000000031946.csv
2025-12-18 19:59:50 - exhaustive_index - INFO - Processing table 2514 - datasets_USA/USA_CSV0000000000031951.csv
2025-12-18 19:59:50 - exhaustive_index - INFO - Table datasets_USA/USA_CSV0000000000031951.csv has 8784 rows and 21 columns
2025-12-18 19:59:50 - exhaustive_index - INFO - Processed table 2514 - datasets_USA/USA_CSV0000000000031951.csv
2025-12-18 19:59:51 - exhaustive_index - INFO - Processing table 2515 - datasets_USA/USA_CSV0000000000031960.csv
2025-12-18 19:59:51 - exhaustive_index - INFO - Table datasets_USA/USA_CSV0000000000031960.csv has 30520 rows and 19 columns
2025-12-18 19:59:51 - exhaustive_index - INFO - Processed table 2515 - datasets_USA/USA_CSV0000000000031960.csv
2025-12-18 20:00:00 - exhaustive_index - INFO - Processing table 2516 - datasets_USA/USA_CSV0000000000031962.csv
2025-12-18 20:00:00 - exhaustive_index - INFO - Table datasets_USA/USA_CSV0000000000031962.csv has 26264 rows and 20 columns
2025-12-18 20:00:00 - exhaustive_index - INFO - Processed table 2516 - datasets_USA/USA_CSV0000000000031962.csv
2025-12-18 20:00:01 - exhaustive_index - INFO - Processing table 2517 - datasets_USA/USA_CSV0000000000031978.csv
2025-12-18 20:00:01 - exhaustive_index - INFO - Table datasets_USA/USA_CSV0000000000031978.csv has 10891 rows and 13 columns
2025-12-18 20:00:01 - exhaustive_index - INFO - Processed table 2517 - datasets_USA/USA_CSV0000000000031978.csv
2025-12-18 20:00:04 - exhaustive_index - INFO - Processing table 2518 - datasets_USA/USA_CSV0000000000031982.csv
2025-12-18 20:00:04 - exhaustive_index - INFO - Table datasets_USA/USA_CSV0000000000031982.csv has 8784 rows and 21 columns
2025-12-18 20:00:04 - exhaustive_index - INFO - Processed table 2518 - datasets_USA/USA_CSV0000000000031982.csv
2025-12-18 20:00:06 - exhaustive_index - INFO - Processing table 2519 - datasets_USA/USA_CSV0000000000031984.csv
2025-12-18 20:00:06 - exhaustive_index - INFO - Table datasets_USA/USA_CSV0000000000031984.csv has 8760 rows and 21 columns
2025-12-18 20:00:06 - exhaustive_index - INFO - Processed table 2519 - datasets_USA/USA_CSV0000000000031984.csv
2025-12-18 20:00:09 - exhaustive_index - INFO - Processing table 2520 - datasets_USA/USA_CSV0000000000031992.csv
2025-12-18 20:00:09 - exhaustive_index - INFO - Table datasets_USA/USA_CSV0000000000031992.csv has 8760 rows and 21 columns
2025-12-18 20:00:09 - exhaustive_index - INFO - Processed table 2520 - datasets_USA/USA_CSV0000000000031992.csv
2025-12-18 20:00:20 - exhaustive_index - INFO - Processing table 2521 - datasets_USA/USA_CSV0000000000031994.csv
2025-12-18 20:00:20 - exhaustive_index - INFO - Table datasets_USA/USA_CSV0000000000031994.csv has 170331 rows and 12 columns
2025-12-18 20:00:20 - exhaustive_index - INFO - Processed table 2521 - datasets_USA/USA_CSV0000000000031994.csv
2025-12-18 20:00:26 - exhaustive_index - INFO - Processing table 2522 - datasets_USA/USA_CSV0000000000032000.csv
2025-12-18 20:00:26 - exhaustive_index - INFO - Table datasets_USA/USA_CSV0000000000032000.csv has 31628 rows and 10 columns
2025-12-18 20:00:26 - exhaustive_index - INFO - Processed table 2522 - datasets_USA/USA_CSV0000000000032000.csv
2025-12-18 20:00:32 - exhaustive_index - INFO - Processing table 2523 - datasets_USA/USA_CSV0000000000032008.csv
2025-12-18 20:00:32 - exhaustive_index - INFO - Table datasets_USA/USA_CSV0000000000032008.csv has 15007 rows and 41 columns
2025-12-18 20:00:32 - exhaustive_index - INFO - Processed table 2523 - datasets_USA/USA_CSV0000000000032008.csv
2025-12-18 20:00:35 - exhaustive_index - INFO - Processing table 2524 - datasets_USA/USA_CSV0000000000032032.csv
2025-12-18 20:00:35 - exhaustive_index - INFO - Table datasets_USA/USA_CSV0000000000032032.csv has 8760 rows and 21 columns
2025-12-18 20:00:35 - exhaustive_index - INFO - Processed table 2524 - datasets_USA/USA_CSV0000000000032032.csv
2025-12-18 20:00:38 - exhaustive_index - INFO - Processing table 2525 - datasets_USA/USA_CSV0000000000032037.csv
2025-12-18 20:00:38 - exhaustive_index - INFO - Table datasets_USA/USA_CSV0000000000032037.csv has 23010 rows and 13 columns
2025-12-18 20:00:38 - exhaustive_index - INFO - Processed table 2525 - datasets_USA/USA_CSV0000000000032037.csv
2025-12-18 20:00:38 - exhaustive_index - INFO - Processing table 2526 - datasets_USA/USA_CSV0000000000032050.csv
2025-12-18 20:00:38 - exhaustive_index - INFO - Table datasets_USA/USA_CSV0000000000032050.csv has 9914 rows and 7 columns
2025-12-18 20:00:38 - exhaustive_index - INFO - Processed table 2526 - datasets_USA/USA_CSV0000000000032050.csv
2025-12-18 20:00:39 - exhaustive_index - INFO - Processing table 2527 - datasets_USA/USA_CSV0000000000032058.csv
2025-12-18 20:00:39 - exhaustive_index - INFO - Table datasets_USA/USA_CSV0000000000032058.csv has 64020 rows and 3 columns
2025-12-18 20:00:39 - exhaustive_index - INFO - Processed table 2527 - datasets_USA/USA_CSV0000000000032058.csv
2025-12-18 20:00:40 - exhaustive_index - INFO - Processing table 2528 - datasets_USA/USA_CSV0000000000032073.csv
2025-12-18 20:00:40 - exhaustive_index - INFO - Table datasets_USA/USA_CSV0000000000032073.csv has 17393 rows and 10 columns
2025-12-18 20:00:40 - exhaustive_index - INFO - Processed table 2528 - datasets_USA/USA_CSV0000000000032073.csv
2025-12-18 20:00:43 - exhaustive_index - INFO - Processing table 2529 - datasets_USA/USA_CSV0000000000032074.csv
2025-12-18 20:00:43 - exhaustive_index - INFO - Table datasets_USA/USA_CSV0000000000032074.csv has 81002 rows and 3 columns
2025-12-18 20:00:43 - exhaustive_index - INFO - Processed table 2529 - datasets_USA/USA_CSV0000000000032074.csv
2025-12-18 20:00:47 - exhaustive_index - INFO - Processing table 2530 - datasets_USA/USA_CSV0000000000032086.csv
2025-12-18 20:00:47 - exhaustive_index - INFO - Table datasets_USA/USA_CSV0000000000032086.csv has 27312 rows and 18 columns
2025-12-18 20:00:47 - exhaustive_index - INFO - Processed table 2530 - datasets_USA/USA_CSV0000000000032086.csv
2025-12-18 20:00:48 - exhaustive_index - INFO - Processing table 2531 - datasets_USA/USA_CSV0000000000032093.csv
2025-12-18 20:00:48 - exhaustive_index - INFO - Table datasets_USA/USA_CSV0000000000032093.csv has 8760 rows and 21 columns
2025-12-18 20:00:48 - exhaustive_index - INFO - Processed table 2531 - datasets_USA/USA_CSV0000000000032093.csv
2025-12-18 20:00:50 - exhaustive_index - INFO - Processing table 2532 - datasets_USA/USA_CSV0000000000032094.csv
2025-12-18 20:00:50 - exhaustive_index - INFO - Table datasets_USA/USA_CSV0000000000032094.csv has 78601 rows and 5 columns
2025-12-18 20:00:50 - exhaustive_index - INFO - Processed table 2532 - datasets_USA/USA_CSV0000000000032094.csv
2025-12-18 20:00:52 - exhaustive_index - INFO - Processing table 2533 - datasets_USA/USA_CSV0000000000032100.csv
2025-12-18 20:00:52 - exhaustive_index - INFO - Table datasets_USA/USA_CSV0000000000032100.csv has 14843 rows and 21 columns
2025-12-18 20:00:52 - exhaustive_index - INFO - Processed table 2533 - datasets_USA/USA_CSV0000000000032100.csv
2025-12-18 20:01:06 - exhaustive_index - INFO - Processing table 2534 - datasets_USA/USA_CSV0000000000032101.csv
2025-12-18 20:01:06 - exhaustive_index - INFO - Table datasets_USA/USA_CSV0000000000032101.csv has 26278 rows and 27 columns
2025-12-18 20:01:06 - exhaustive_index - INFO - Processed table 2534 - datasets_USA/USA_CSV0000000000032101.csv
2025-12-18 20:01:07 - exhaustive_index - INFO - Processing table 2535 - datasets_USA/USA_CSV0000000000032106.csv
2025-12-18 20:01:07 - exhaustive_index - INFO - Table datasets_USA/USA_CSV0000000000032106.csv has 854 rows and 6 columns
2025-12-18 20:01:07 - exhaustive_index - INFO - Processed table 2535 - datasets_USA/USA_CSV0000000000032106.csv
2025-12-18 20:01:08 - exhaustive_index - INFO - Processing table 2536 - datasets_USA/USA_CSV0000000000032107.csv
2025-12-18 20:01:08 - exhaustive_index - INFO - Table datasets_USA/USA_CSV0000000000032107.csv has 34389 rows and 4 columns
2025-12-18 20:01:08 - exhaustive_index - INFO - Processed table 2536 - datasets_USA/USA_CSV0000000000032107.csv
2025-12-18 20:02:03 - exhaustive_index - INFO - Processing table 2537 - datasets_USA/USA_CSV0000000000032108.csv
2025-12-18 20:02:03 - exhaustive_index - INFO - Table datasets_USA/USA_CSV0000000000032108.csv has 22761 rows and 28 columns
2025-12-18 20:02:03 - exhaustive_index - INFO - Processed table 2537 - datasets_USA/USA_CSV0000000000032108.csv
2025-12-18 20:02:06 - exhaustive_index - INFO - Processing table 2538 - datasets_USA/USA_CSV0000000000032112.csv
2025-12-18 20:02:06 - exhaustive_index - INFO - Table datasets_USA/USA_CSV0000000000032112.csv has 88185 rows and 19 columns
2025-12-18 20:02:06 - exhaustive_index - INFO - Processed table 2538 - datasets_USA/USA_CSV0000000000032112.csv
2025-12-18 20:02:12 - exhaustive_index - INFO - Processing table 2539 - datasets_USA/USA_CSV0000000000032119.csv
2025-12-18 20:02:12 - exhaustive_index - INFO - Table datasets_USA/USA_CSV0000000000032119.csv has 95022 rows and 10 columns
2025-12-18 20:02:12 - exhaustive_index - INFO - Processed table 2539 - datasets_USA/USA_CSV0000000000032119.csv
2025-12-18 20:02:19 - exhaustive_index - INFO - Processing table 2540 - datasets_USA/USA_CSV0000000000032123.csv
2025-12-18 20:02:19 - exhaustive_index - INFO - Table datasets_USA/USA_CSV0000000000032123.csv has 38211 rows and 13 columns
2025-12-18 20:02:19 - exhaustive_index - INFO - Processed table 2540 - datasets_USA/USA_CSV0000000000032123.csv
2025-12-18 20:02:27 - exhaustive_index - INFO - Processing table 2541 - datasets_USA/USA_CSV0000000000032139.csv
2025-12-18 20:02:27 - exhaustive_index - INFO - Table datasets_USA/USA_CSV0000000000032139.csv has 163123 rows and 13 columns
2025-12-18 20:02:27 - exhaustive_index - INFO - Processed table 2541 - datasets_USA/USA_CSV0000000000032139.csv
2025-12-18 20:02:30 - exhaustive_index - INFO - Processing table 2542 - datasets_USA/USA_CSV0000000000032157.csv
2025-12-18 20:02:30 - exhaustive_index - INFO - Table datasets_USA/USA_CSV0000000000032157.csv has 9173 rows and 22 columns
2025-12-18 20:02:30 - exhaustive_index - INFO - Processed table 2542 - datasets_USA/USA_CSV0000000000032157.csv
2025-12-18 20:02:31 - exhaustive_index - INFO - Processing table 2543 - datasets_USA/USA_CSV0000000000032160.csv
2025-12-18 20:02:31 - exhaustive_index - INFO - Table datasets_USA/USA_CSV0000000000032160.csv has 208 rows and 8 columns
2025-12-18 20:02:31 - exhaustive_index - INFO - Processed table 2543 - datasets_USA/USA_CSV0000000000032160.csv
2025-12-18 20:02:31 - exhaustive_index - INFO - Processing table 2544 - datasets_USA/USA_CSV0000000000032165.csv
2025-12-18 20:02:31 - exhaustive_index - INFO - Table datasets_USA/USA_CSV0000000000032165.csv has 67221 rows and 3 columns
2025-12-18 20:02:31 - exhaustive_index - INFO - Processed table 2544 - datasets_USA/USA_CSV0000000000032165.csv
2025-12-18 20:02:34 - exhaustive_index - INFO - Processing table 2545 - datasets_USA/USA_CSV0000000000032183.csv
2025-12-18 20:02:34 - exhaustive_index - INFO - Table datasets_USA/USA_CSV0000000000032183.csv has 26193 rows and 6 columns
2025-12-18 20:02:34 - exhaustive_index - INFO - Processed table 2545 - datasets_USA/USA_CSV0000000000032183.csv
2025-12-18 20:02:35 - exhaustive_index - INFO - Processing table 2546 - datasets_USA/USA_CSV0000000000032193.csv
2025-12-18 20:02:35 - exhaustive_index - INFO - Table datasets_USA/USA_CSV0000000000032193.csv has 53318 rows and 12 columns
2025-12-18 20:02:35 - exhaustive_index - INFO - Processed table 2546 - datasets_USA/USA_CSV0000000000032193.csv
2025-12-18 20:02:40 - exhaustive_index - INFO - Processing table 2547 - datasets_USA/USA_CSV0000000000032194.csv
2025-12-18 20:02:40 - exhaustive_index - INFO - Table datasets_USA/USA_CSV0000000000032194.csv has 31074 rows and 18 columns
2025-12-18 20:02:40 - exhaustive_index - INFO - Processed table 2547 - datasets_USA/USA_CSV0000000000032194.csv
2025-12-18 20:02:41 - exhaustive_index - INFO - Processing table 2548 - datasets_USA/USA_CSV0000000000032200.csv
2025-12-18 20:02:41 - exhaustive_index - INFO - Table datasets_USA/USA_CSV0000000000032200.csv has 7225 rows and 16 columns
2025-12-18 20:02:41 - exhaustive_index - INFO - Processed table 2548 - datasets_USA/USA_CSV0000000000032200.csv
2025-12-18 20:02:45 - exhaustive_index - INFO - Processing table 2549 - datasets_USA/USA_CSV0000000000032209.csv
2025-12-18 20:02:45 - exhaustive_index - INFO - Table datasets_USA/USA_CSV0000000000032209.csv has 2837 rows and 28 columns
2025-12-18 20:02:45 - exhaustive_index - INFO - Processed table 2549 - datasets_USA/USA_CSV0000000000032209.csv
2025-12-18 20:02:47 - exhaustive_index - INFO - Processing table 2550 - datasets_USA/USA_CSV0000000000032214.csv
2025-12-18 20:02:47 - exhaustive_index - INFO - Table datasets_USA/USA_CSV0000000000032214.csv has 8760 rows and 21 columns
2025-12-18 20:02:47 - exhaustive_index - INFO - Processed table 2550 - datasets_USA/USA_CSV0000000000032214.csv
2025-12-18 20:02:50 - exhaustive_index - INFO - Processing table 2551 - datasets_USA/USA_CSV0000000000032216.csv
2025-12-18 20:02:50 - exhaustive_index - INFO - Table datasets_USA/USA_CSV0000000000032216.csv has 8784 rows and 21 columns
2025-12-18 20:02:50 - exhaustive_index - INFO - Processed table 2551 - datasets_USA/USA_CSV0000000000032216.csv
2025-12-18 20:02:52 - exhaustive_index - INFO - Processing table 2552 - datasets_USA/USA_CSV0000000000032221.csv
2025-12-18 20:02:52 - exhaustive_index - INFO - Table datasets_USA/USA_CSV0000000000032221.csv has 77295 rows and 6 columns
2025-12-18 20:02:52 - exhaustive_index - INFO - Processed table 2552 - datasets_USA/USA_CSV0000000000032221.csv
2025-12-18 20:02:58 - exhaustive_index - INFO - Processing table 2553 - datasets_USA/USA_CSV0000000000032225.csv
2025-12-18 20:02:58 - exhaustive_index - INFO - Table datasets_USA/USA_CSV0000000000032225.csv has 8760 rows and 21 columns
2025-12-18 20:02:58 - exhaustive_index - INFO - Processed table 2553 - datasets_USA/USA_CSV0000000000032225.csv
2025-12-18 20:04:42 - exhaustive_index - INFO - Processing table 2554 - datasets_USA/USA_CSV0000000000032237.csv
2025-12-18 20:04:42 - exhaustive_index - INFO - Table datasets_USA/USA_CSV0000000000032237.csv has 20160 rows and 62 columns
2025-12-18 20:04:42 - exhaustive_index - INFO - Processed table 2554 - datasets_USA/USA_CSV0000000000032237.csv
2025-12-18 20:04:52 - exhaustive_index - INFO - Processing table 2555 - datasets_USA/USA_CSV0000000000032244.csv
2025-12-18 20:04:52 - exhaustive_index - INFO - Table datasets_USA/USA_CSV0000000000032244.csv has 39927 rows and 11 columns
2025-12-18 20:04:52 - exhaustive_index - INFO - Processed table 2555 - datasets_USA/USA_CSV0000000000032244.csv
2025-12-18 20:04:57 - exhaustive_index - INFO - Processing table 2556 - datasets_USA/USA_CSV0000000000032246.csv
2025-12-18 20:04:57 - exhaustive_index - INFO - Table datasets_USA/USA_CSV0000000000032246.csv has 32622 rows and 13 columns
2025-12-18 20:04:57 - exhaustive_index - INFO - Processed table 2556 - datasets_USA/USA_CSV0000000000032246.csv
2025-12-18 20:05:04 - exhaustive_index - INFO - Processing table 2557 - datasets_USA/USA_CSV0000000000032252.csv
2025-12-18 20:05:04 - exhaustive_index - INFO - Table datasets_USA/USA_CSV0000000000032252.csv has 8760 rows and 21 columns
2025-12-18 20:05:04 - exhaustive_index - INFO - Processed table 2557 - datasets_USA/USA_CSV0000000000032252.csv
2025-12-18 20:05:05 - exhaustive_index - INFO - Processing table 2558 - datasets_USA/USA_CSV0000000000032253.csv
2025-12-18 20:05:05 - exhaustive_index - INFO - Table datasets_USA/USA_CSV0000000000032253.csv has 53245 rows and 11 columns
2025-12-18 20:05:05 - exhaustive_index - INFO - Processed table 2558 - datasets_USA/USA_CSV0000000000032253.csv
2025-12-18 20:05:05 - exhaustive_index - INFO - Processing table 2559 - datasets_USA/USA_CSV0000000000032265.csv
2025-12-18 20:05:05 - exhaustive_index - INFO - Table datasets_USA/USA_CSV0000000000032265.csv has 399 rows and 10 columns
2025-12-18 20:05:05 - exhaustive_index - INFO - Processed table 2559 - datasets_USA/USA_CSV0000000000032265.csv
2025-12-18 20:05:08 - exhaustive_index - INFO - Processing table 2560 - datasets_USA/USA_CSV0000000000032270.csv
2025-12-18 20:05:08 - exhaustive_index - INFO - Table datasets_USA/USA_CSV0000000000032270.csv has 8760 rows and 21 columns
2025-12-18 20:05:08 - exhaustive_index - INFO - Processed table 2560 - datasets_USA/USA_CSV0000000000032270.csv
2025-12-18 20:05:08 - exhaustive_index - INFO - Processing table 2561 - datasets_USA/USA_CSV0000000000032273.csv
2025-12-18 20:05:10 - exhaustive_index - INFO - Processing table 2562 - datasets_USA/USA_CSV0000000000032280.csv
2025-12-18 20:05:10 - exhaustive_index - INFO - Table datasets_USA/USA_CSV0000000000032280.csv has 3872 rows and 11 columns
2025-12-18 20:05:10 - exhaustive_index - INFO - Processed table 2562 - datasets_USA/USA_CSV0000000000032280.csv
2025-12-18 20:05:12 - exhaustive_index - INFO - Processing table 2563 - datasets_USA/USA_CSV0000000000032283.csv
2025-12-18 20:05:12 - exhaustive_index - INFO - Table datasets_USA/USA_CSV0000000000032283.csv has 52178 rows and 9 columns
2025-12-18 20:05:12 - exhaustive_index - INFO - Processed table 2563 - datasets_USA/USA_CSV0000000000032283.csv
2025-12-18 20:05:16 - exhaustive_index - INFO - Processing table 2564 - datasets_USA/USA_CSV0000000000032284.csv
2025-12-18 20:05:16 - exhaustive_index - INFO - Table datasets_USA/USA_CSV0000000000032284.csv has 8760 rows and 21 columns
2025-12-18 20:05:16 - exhaustive_index - INFO - Processed table 2564 - datasets_USA/USA_CSV0000000000032284.csv
2025-12-18 20:05:28 - exhaustive_index - INFO - Processing table 2565 - datasets_USA/USA_CSV0000000000032287.csv
2025-12-18 20:05:28 - exhaustive_index - INFO - Table datasets_USA/USA_CSV0000000000032287.csv has 15813 rows and 25 columns
2025-12-18 20:05:28 - exhaustive_index - INFO - Processed table 2565 - datasets_USA/USA_CSV0000000000032287.csv
2025-12-18 20:05:28 - exhaustive_index - INFO - Processing table 2566 - datasets_USA/USA_CSV0000000000032295.csv
2025-12-18 20:05:28 - exhaustive_index - INFO - Table datasets_USA/USA_CSV0000000000032295.csv has 888 rows and 8 columns
2025-12-18 20:05:28 - exhaustive_index - INFO - Processed table 2566 - datasets_USA/USA_CSV0000000000032295.csv
2025-12-18 20:05:33 - exhaustive_index - INFO - Processing table 2567 - datasets_USA/USA_CSV0000000000032297.csv
2025-12-18 20:05:33 - exhaustive_index - INFO - Table datasets_USA/USA_CSV0000000000032297.csv has 35479 rows and 10 columns
2025-12-18 20:05:33 - exhaustive_index - INFO - Processed table 2567 - datasets_USA/USA_CSV0000000000032297.csv
2025-12-18 20:11:16 - exhaustive_index - INFO - Processing table 2568 - datasets_USA/USA_CSV0000000000032298.csv
2025-12-18 20:11:16 - exhaustive_index - INFO - Table datasets_USA/USA_CSV0000000000032298.csv has 22127 rows and 45 columns
2025-12-18 20:11:16 - exhaustive_index - INFO - Processed table 2568 - datasets_USA/USA_CSV0000000000032298.csv
2025-12-18 20:11:28 - exhaustive_index - INFO - Processing table 2569 - datasets_USA/USA_CSV0000000000032301.csv
2025-12-18 20:11:28 - exhaustive_index - INFO - Table datasets_USA/USA_CSV0000000000032301.csv has 47843 rows and 50 columns
2025-12-18 20:11:28 - exhaustive_index - INFO - Processed table 2569 - datasets_USA/USA_CSV0000000000032301.csv
2025-12-18 20:11:30 - exhaustive_index - INFO - Processing table 2570 - datasets_USA/USA_CSV0000000000032304.csv
2025-12-18 20:11:30 - exhaustive_index - INFO - Table datasets_USA/USA_CSV0000000000032304.csv has 40263 rows and 10 columns
2025-12-18 20:11:30 - exhaustive_index - INFO - Processed table 2570 - datasets_USA/USA_CSV0000000000032304.csv
2025-12-18 20:11:35 - exhaustive_index - INFO - Processing table 2571 - datasets_USA/USA_CSV0000000000032305.csv
2025-12-18 20:11:35 - exhaustive_index - INFO - Table datasets_USA/USA_CSV0000000000032305.csv has 20329 rows and 20 columns
2025-12-18 20:11:35 - exhaustive_index - INFO - Processed table 2571 - datasets_USA/USA_CSV0000000000032305.csv
2025-12-18 20:15:04 - exhaustive_index - INFO - Processing table 2572 - datasets_USA/USA_CSV0000000000032315.csv
2025-12-18 20:15:04 - exhaustive_index - INFO - Table datasets_USA/USA_CSV0000000000032315.csv has 19810 rows and 43 columns
2025-12-18 20:15:04 - exhaustive_index - INFO - Processed table 2572 - datasets_USA/USA_CSV0000000000032315.csv
2025-12-18 20:15:08 - exhaustive_index - INFO - Processing table 2573 - datasets_USA/USA_CSV0000000000032324.csv
2025-12-18 20:15:08 - exhaustive_index - INFO - Table datasets_USA/USA_CSV0000000000032324.csv has 15666 rows and 25 columns
2025-12-18 20:15:08 - exhaustive_index - INFO - Processed table 2573 - datasets_USA/USA_CSV0000000000032324.csv
2025-12-18 20:15:10 - exhaustive_index - INFO - Processing table 2574 - datasets_USA/USA_CSV0000000000032325.csv
2025-12-18 20:15:10 - exhaustive_index - INFO - Table datasets_USA/USA_CSV0000000000032325.csv has 81002 rows and 3 columns
2025-12-18 20:15:10 - exhaustive_index - INFO - Processed table 2574 - datasets_USA/USA_CSV0000000000032325.csv
2025-12-18 20:15:26 - exhaustive_index - INFO - Processing table 2575 - datasets_USA/USA_CSV0000000000032331.csv
2025-12-18 20:15:26 - exhaustive_index - INFO - Table datasets_USA/USA_CSV0000000000032331.csv has 55697 rows and 26 columns
2025-12-18 20:15:26 - exhaustive_index - INFO - Processed table 2575 - datasets_USA/USA_CSV0000000000032331.csv
2025-12-18 20:15:30 - exhaustive_index - INFO - Processing table 2576 - datasets_USA/USA_CSV0000000000032335.csv
2025-12-18 20:15:30 - exhaustive_index - INFO - Table datasets_USA/USA_CSV0000000000032335.csv has 12852 rows and 24 columns
2025-12-18 20:15:30 - exhaustive_index - INFO - Processed table 2576 - datasets_USA/USA_CSV0000000000032335.csv
2025-12-18 20:15:33 - exhaustive_index - INFO - Processing table 2577 - datasets_USA/USA_CSV0000000000032344.csv
2025-12-18 20:15:33 - exhaustive_index - INFO - Table datasets_USA/USA_CSV0000000000032344.csv has 4809 rows and 14 columns
2025-12-18 20:15:33 - exhaustive_index - INFO - Processed table 2577 - datasets_USA/USA_CSV0000000000032344.csv
2025-12-18 20:15:37 - exhaustive_index - INFO - Processing table 2578 - datasets_USA/USA_CSV0000000000032348.csv
2025-12-18 20:15:37 - exhaustive_index - INFO - Table datasets_USA/USA_CSV0000000000032348.csv has 115357 rows and 7 columns
2025-12-18 20:15:37 - exhaustive_index - INFO - Processed table 2578 - datasets_USA/USA_CSV0000000000032348.csv
2025-12-18 20:15:43 - exhaustive_index - INFO - Processing table 2579 - datasets_USA/USA_CSV0000000000032350.csv
2025-12-18 20:15:43 - exhaustive_index - INFO - Table datasets_USA/USA_CSV0000000000032350.csv has 53216 rows and 11 columns
2025-12-18 20:15:43 - exhaustive_index - INFO - Processed table 2579 - datasets_USA/USA_CSV0000000000032350.csv
2025-12-18 20:15:43 - exhaustive_index - INFO - Processing table 2580 - datasets_USA/USA_CSV0000000000032353.csv
2025-12-18 20:15:43 - exhaustive_index - INFO - Table datasets_USA/USA_CSV0000000000032353.csv has 13292 rows and 18 columns
2025-12-18 20:15:43 - exhaustive_index - INFO - Processed table 2580 - datasets_USA/USA_CSV0000000000032353.csv
2025-12-18 20:15:55 - exhaustive_index - INFO - Processing table 2581 - datasets_USA/USA_CSV0000000000032358.csv
2025-12-18 20:15:55 - exhaustive_index - INFO - Table datasets_USA/USA_CSV0000000000032358.csv has 56650 rows and 23 columns
2025-12-18 20:15:55 - exhaustive_index - INFO - Processed table 2581 - datasets_USA/USA_CSV0000000000032358.csv
2025-12-18 20:16:57 - exhaustive_index - INFO - Processing table 2582 - datasets_USA/USA_CSV0000000000032359.csv
2025-12-18 20:16:57 - exhaustive_index - INFO - Table datasets_USA/USA_CSV0000000000032359.csv has 10329 rows and 52 columns
2025-12-18 20:16:57 - exhaustive_index - INFO - Processed table 2582 - datasets_USA/USA_CSV0000000000032359.csv
2025-12-18 20:16:57 - exhaustive_index - INFO - Processing table 2583 - datasets_USA/USA_CSV0000000000032365.csv
2025-12-18 20:16:57 - exhaustive_index - INFO - Table datasets_USA/USA_CSV0000000000032365.csv has 45 rows and 7 columns
2025-12-18 20:16:57 - exhaustive_index - INFO - Processed table 2583 - datasets_USA/USA_CSV0000000000032365.csv
2025-12-18 20:16:59 - exhaustive_index - INFO - Processing table 2584 - datasets_USA/USA_CSV0000000000032377.csv
2025-12-18 20:16:59 - exhaustive_index - INFO - Table datasets_USA/USA_CSV0000000000032377.csv has 461 rows and 18 columns
2025-12-18 20:16:59 - exhaustive_index - INFO - Processed table 2584 - datasets_USA/USA_CSV0000000000032377.csv
2025-12-18 20:17:29 - exhaustive_index - INFO - Processing table 2585 - datasets_USA/USA_CSV0000000000032378.csv
2025-12-18 20:17:29 - exhaustive_index - INFO - Table datasets_USA/USA_CSV0000000000032378.csv has 437275 rows and 13 columns
2025-12-18 20:17:29 - exhaustive_index - INFO - Processed table 2585 - datasets_USA/USA_CSV0000000000032378.csv
2025-12-18 20:17:47 - exhaustive_index - INFO - Processing table 2586 - datasets_USA/USA_CSV0000000000032384.csv
2025-12-18 20:17:47 - exhaustive_index - INFO - Table datasets_USA/USA_CSV0000000000032384.csv has 17728 rows and 26 columns
2025-12-18 20:17:47 - exhaustive_index - INFO - Processed table 2586 - datasets_USA/USA_CSV0000000000032384.csv
2025-12-18 20:17:49 - exhaustive_index - INFO - Processing table 2587 - datasets_USA/USA_CSV0000000000032386.csv
2025-12-18 20:17:49 - exhaustive_index - INFO - Table datasets_USA/USA_CSV0000000000032386.csv has 8760 rows and 21 columns
2025-12-18 20:17:49 - exhaustive_index - INFO - Processed table 2587 - datasets_USA/USA_CSV0000000000032386.csv
2025-12-18 20:17:57 - exhaustive_index - INFO - Processing table 2588 - datasets_USA/USA_CSV0000000000032387.csv
2025-12-18 20:17:57 - exhaustive_index - INFO - Table datasets_USA/USA_CSV0000000000032387.csv has 78049 rows and 13 columns
2025-12-18 20:17:57 - exhaustive_index - INFO - Processed table 2588 - datasets_USA/USA_CSV0000000000032387.csv
2025-12-18 20:17:59 - exhaustive_index - INFO - Processing table 2589 - datasets_USA/USA_CSV0000000000032400.csv
2025-12-18 20:17:59 - exhaustive_index - INFO - Table datasets_USA/USA_CSV0000000000032400.csv has 50553 rows and 8 columns
2025-12-18 20:17:59 - exhaustive_index - INFO - Processed table 2589 - datasets_USA/USA_CSV0000000000032400.csv
2025-12-18 20:18:01 - exhaustive_index - INFO - Processing table 2590 - datasets_USA/USA_CSV0000000000032407.csv
2025-12-18 20:18:01 - exhaustive_index - INFO - Table datasets_USA/USA_CSV0000000000032407.csv has 1652 rows and 16 columns
2025-12-18 20:18:01 - exhaustive_index - INFO - Processed table 2590 - datasets_USA/USA_CSV0000000000032407.csv
2025-12-18 20:18:19 - exhaustive_index - INFO - Processing table 2591 - datasets_USA/USA_CSV0000000000032430.csv
2025-12-18 20:18:19 - exhaustive_index - INFO - Table datasets_USA/USA_CSV0000000000032430.csv has 125271 rows and 26 columns
2025-12-18 20:18:19 - exhaustive_index - INFO - Processed table 2591 - datasets_USA/USA_CSV0000000000032430.csv
2025-12-18 20:18:22 - exhaustive_index - INFO - Processing table 2592 - datasets_USA/USA_CSV0000000000032435.csv
2025-12-18 20:18:22 - exhaustive_index - INFO - Table datasets_USA/USA_CSV0000000000032435.csv has 8760 rows and 21 columns
2025-12-18 20:18:22 - exhaustive_index - INFO - Processed table 2592 - datasets_USA/USA_CSV0000000000032435.csv
2025-12-18 20:18:24 - exhaustive_index - INFO - Processing table 2593 - datasets_USA/USA_CSV0000000000032441.csv
2025-12-18 20:18:24 - exhaustive_index - INFO - Table datasets_USA/USA_CSV0000000000032441.csv has 18968 rows and 16 columns
2025-12-18 20:18:24 - exhaustive_index - INFO - Processed table 2593 - datasets_USA/USA_CSV0000000000032441.csv
2025-12-18 20:18:26 - exhaustive_index - INFO - Processing table 2594 - datasets_USA/USA_CSV0000000000032447.csv
2025-12-18 20:18:26 - exhaustive_index - INFO - Table datasets_USA/USA_CSV0000000000032447.csv has 45400 rows and 6 columns
2025-12-18 20:18:26 - exhaustive_index - INFO - Processed table 2594 - datasets_USA/USA_CSV0000000000032447.csv
2025-12-18 20:18:28 - exhaustive_index - INFO - Processing table 2595 - datasets_USA/USA_CSV0000000000032448.csv
2025-12-18 20:18:28 - exhaustive_index - INFO - Table datasets_USA/USA_CSV0000000000032448.csv has 8624 rows and 10 columns
2025-12-18 20:18:28 - exhaustive_index - INFO - Processed table 2595 - datasets_USA/USA_CSV0000000000032448.csv
2025-12-18 20:18:30 - exhaustive_index - INFO - Processing table 2596 - datasets_USA/USA_CSV0000000000032451.csv
2025-12-18 20:18:30 - exhaustive_index - INFO - Table datasets_USA/USA_CSV0000000000032451.csv has 66032 rows and 6 columns
2025-12-18 20:18:30 - exhaustive_index - INFO - Processed table 2596 - datasets_USA/USA_CSV0000000000032451.csv
2025-12-18 20:18:31 - exhaustive_index - INFO - Processing table 2597 - datasets_USA/USA_CSV0000000000032457.csv
2025-12-18 20:18:31 - exhaustive_index - INFO - Table datasets_USA/USA_CSV0000000000032457.csv has 2325 rows and 13 columns
2025-12-18 20:18:31 - exhaustive_index - INFO - Processed table 2597 - datasets_USA/USA_CSV0000000000032457.csv
2025-12-18 20:18:33 - exhaustive_index - INFO - Processing table 2598 - datasets_USA/USA_CSV0000000000032465.csv
2025-12-18 20:18:33 - exhaustive_index - INFO - Table datasets_USA/USA_CSV0000000000032465.csv has 70104 rows and 6 columns
2025-12-18 20:18:33 - exhaustive_index - INFO - Processed table 2598 - datasets_USA/USA_CSV0000000000032465.csv
2025-12-18 20:18:33 - exhaustive_index - INFO - Processing table 2599 - datasets_USA/USA_CSV0000000000032466.csv
2025-12-18 20:18:33 - exhaustive_index - INFO - Table datasets_USA/USA_CSV0000000000032466.csv has 489 rows and 6 columns
2025-12-18 20:18:33 - exhaustive_index - INFO - Processed table 2599 - datasets_USA/USA_CSV0000000000032466.csv
2025-12-18 20:18:36 - exhaustive_index - INFO - Processing table 2600 - datasets_USA/USA_CSV0000000000032470.csv
2025-12-18 20:18:36 - exhaustive_index - INFO - Table datasets_USA/USA_CSV0000000000032470.csv has 8760 rows and 21 columns
2025-12-18 20:18:36 - exhaustive_index - INFO - Processed table 2600 - datasets_USA/USA_CSV0000000000032470.csv
2025-12-18 20:18:37 - exhaustive_index - INFO - Processing table 2601 - datasets_USA/USA_CSV0000000000032471.csv
2025-12-18 20:18:37 - exhaustive_index - INFO - Table datasets_USA/USA_CSV0000000000032471.csv has 37338 rows and 10 columns
2025-12-18 20:18:37 - exhaustive_index - INFO - Processed table 2601 - datasets_USA/USA_CSV0000000000032471.csv
2025-12-18 20:18:38 - exhaustive_index - INFO - Processing table 2602 - datasets_USA/USA_CSV0000000000032485.csv
2025-12-18 20:18:38 - exhaustive_index - INFO - Table datasets_USA/USA_CSV0000000000032485.csv has 8784 rows and 21 columns
2025-12-18 20:18:38 - exhaustive_index - INFO - Processed table 2602 - datasets_USA/USA_CSV0000000000032485.csv
2025-12-18 20:18:42 - exhaustive_index - INFO - Processing table 2603 - datasets_USA/USA_CSV0000000000032490.csv
2025-12-18 20:18:42 - exhaustive_index - INFO - Table datasets_USA/USA_CSV0000000000032490.csv has 8784 rows and 21 columns
2025-12-18 20:18:42 - exhaustive_index - INFO - Processed table 2603 - datasets_USA/USA_CSV0000000000032490.csv
2025-12-18 20:18:47 - exhaustive_index - INFO - Processing table 2604 - datasets_USA/USA_CSV0000000000032492.csv
2025-12-18 20:18:47 - exhaustive_index - INFO - Table datasets_USA/USA_CSV0000000000032492.csv has 88343 rows and 6 columns
2025-12-18 20:18:47 - exhaustive_index - INFO - Processed table 2604 - datasets_USA/USA_CSV0000000000032492.csv
2025-12-18 20:19:11 - exhaustive_index - INFO - Processing table 2605 - datasets_USA/USA_CSV0000000000032493.csv
2025-12-18 20:19:11 - exhaustive_index - INFO - Table datasets_USA/USA_CSV0000000000032493.csv has 32765 rows and 17 columns
2025-12-18 20:19:11 - exhaustive_index - INFO - Processed table 2605 - datasets_USA/USA_CSV0000000000032493.csv
2025-12-18 20:19:11 - exhaustive_index - INFO - Processing table 2606 - datasets_USA/USA_CSV0000000000032498.csv
2025-12-18 20:19:11 - exhaustive_index - INFO - Table datasets_USA/USA_CSV0000000000032498.csv has 100623 rows and 9 columns
2025-12-18 20:19:11 - exhaustive_index - INFO - Processed table 2606 - datasets_USA/USA_CSV0000000000032498.csv
2025-12-18 20:19:13 - exhaustive_index - INFO - Processing table 2607 - datasets_USA/USA_CSV0000000000032504.csv
2025-12-18 20:19:13 - exhaustive_index - INFO - Table datasets_USA/USA_CSV0000000000032504.csv has 22897 rows and 15 columns
2025-12-18 20:19:13 - exhaustive_index - INFO - Processed table 2607 - datasets_USA/USA_CSV0000000000032504.csv
2025-12-18 20:19:14 - exhaustive_index - INFO - Processing table 2608 - datasets_USA/USA_CSV0000000000032506.csv
2025-12-18 20:19:14 - exhaustive_index - INFO - Table datasets_USA/USA_CSV0000000000032506.csv has 54170 rows and 11 columns
2025-12-18 20:19:14 - exhaustive_index - INFO - Processed table 2608 - datasets_USA/USA_CSV0000000000032506.csv
2025-12-18 20:19:16 - exhaustive_index - INFO - Processing table 2609 - datasets_USA/USA_CSV0000000000032516.csv
2025-12-18 20:19:16 - exhaustive_index - INFO - Table datasets_USA/USA_CSV0000000000032516.csv has 75234 rows and 5 columns
2025-12-18 20:19:16 - exhaustive_index - INFO - Processed table 2609 - datasets_USA/USA_CSV0000000000032516.csv
2025-12-18 20:19:18 - exhaustive_index - INFO - Processing table 2610 - datasets_USA/USA_CSV0000000000032517.csv
2025-12-18 20:19:18 - exhaustive_index - INFO - Table datasets_USA/USA_CSV0000000000032517.csv has 8760 rows and 21 columns
2025-12-18 20:19:18 - exhaustive_index - INFO - Processed table 2610 - datasets_USA/USA_CSV0000000000032517.csv
2025-12-18 20:19:21 - exhaustive_index - INFO - Processing table 2611 - datasets_USA/USA_CSV0000000000032518.csv
2025-12-18 20:19:21 - exhaustive_index - INFO - Table datasets_USA/USA_CSV0000000000032518.csv has 59756 rows and 8 columns
2025-12-18 20:19:21 - exhaustive_index - INFO - Processed table 2611 - datasets_USA/USA_CSV0000000000032518.csv
2025-12-18 20:19:24 - exhaustive_index - INFO - Processing table 2612 - datasets_USA/USA_CSV0000000000032520.csv
2025-12-18 20:19:24 - exhaustive_index - INFO - Table datasets_USA/USA_CSV0000000000032520.csv has 8784 rows and 21 columns
2025-12-18 20:19:24 - exhaustive_index - INFO - Processed table 2612 - datasets_USA/USA_CSV0000000000032520.csv
2025-12-18 20:19:24 - exhaustive_index - INFO - Processing table 2613 - datasets_USA/USA_CSV0000000000032533.csv
2025-12-18 20:19:24 - exhaustive_index - INFO - Table datasets_USA/USA_CSV0000000000032533.csv has 98441 rows and 3 columns
2025-12-18 20:19:24 - exhaustive_index - INFO - Processed table 2613 - datasets_USA/USA_CSV0000000000032533.csv
2025-12-18 20:20:33 - exhaustive_index - INFO - Processing table 2614 - datasets_USA/USA_CSV0000000000032540.csv
2025-12-18 20:20:33 - exhaustive_index - INFO - Table datasets_USA/USA_CSV0000000000032540.csv has 19840 rows and 39 columns
2025-12-18 20:20:33 - exhaustive_index - INFO - Processed table 2614 - datasets_USA/USA_CSV0000000000032540.csv
2025-12-18 20:21:21 - exhaustive_index - INFO - Processing table 2615 - datasets_USA/USA_CSV0000000000032545.csv
2025-12-18 20:21:21 - exhaustive_index - INFO - Table datasets_USA/USA_CSV0000000000032545.csv has 2246 rows and 63 columns
2025-12-18 20:21:21 - exhaustive_index - INFO - Processed table 2615 - datasets_USA/USA_CSV0000000000032545.csv
2025-12-18 20:21:36 - exhaustive_index - INFO - Processing table 2616 - datasets_USA/USA_CSV0000000000032547.csv
2025-12-18 20:21:36 - exhaustive_index - INFO - Table datasets_USA/USA_CSV0000000000032547.csv has 68028 rows and 16 columns
2025-12-18 20:21:36 - exhaustive_index - INFO - Processed table 2616 - datasets_USA/USA_CSV0000000000032547.csv
2025-12-18 20:21:40 - exhaustive_index - INFO - Processing table 2617 - datasets_USA/USA_CSV0000000000032552.csv
2025-12-18 20:21:40 - exhaustive_index - INFO - Table datasets_USA/USA_CSV0000000000032552.csv has 14686 rows and 11 columns
2025-12-18 20:21:40 - exhaustive_index - INFO - Processed table 2617 - datasets_USA/USA_CSV0000000000032552.csv
2025-12-18 20:21:54 - exhaustive_index - INFO - Processing table 2618 - datasets_USA/USA_CSV0000000000032554.csv
2025-12-18 20:21:54 - exhaustive_index - INFO - Table datasets_USA/USA_CSV0000000000032554.csv has 42335 rows and 18 columns
2025-12-18 20:21:54 - exhaustive_index - INFO - Processed table 2618 - datasets_USA/USA_CSV0000000000032554.csv
2025-12-18 20:21:55 - exhaustive_index - INFO - Processing table 2619 - datasets_USA/USA_CSV0000000000032556.csv
2025-12-18 20:21:55 - exhaustive_index - INFO - Table datasets_USA/USA_CSV0000000000032556.csv has 49865 rows and 11 columns
2025-12-18 20:21:55 - exhaustive_index - INFO - Processed table 2619 - datasets_USA/USA_CSV0000000000032556.csv
2025-12-18 20:21:55 - exhaustive_index - INFO - Processing table 2620 - datasets_USA/USA_CSV0000000000032560.csv
2025-12-18 20:21:55 - exhaustive_index - INFO - Table datasets_USA/USA_CSV0000000000032560.csv has 2572 rows and 3 columns
2025-12-18 20:21:55 - exhaustive_index - INFO - Processed table 2620 - datasets_USA/USA_CSV0000000000032560.csv
2025-12-18 20:21:56 - exhaustive_index - INFO - Processing table 2621 - datasets_USA/USA_CSV0000000000032566.csv
2025-12-18 20:21:56 - exhaustive_index - INFO - Table datasets_USA/USA_CSV0000000000032566.csv has 8784 rows and 21 columns
2025-12-18 20:21:56 - exhaustive_index - INFO - Processed table 2621 - datasets_USA/USA_CSV0000000000032566.csv
2025-12-18 20:22:01 - exhaustive_index - INFO - Processing table 2622 - datasets_USA/USA_CSV0000000000032576.csv
2025-12-18 20:22:01 - exhaustive_index - INFO - Table datasets_USA/USA_CSV0000000000032576.csv has 13669 rows and 19 columns
2025-12-18 20:22:01 - exhaustive_index - INFO - Processed table 2622 - datasets_USA/USA_CSV0000000000032576.csv
2025-12-18 20:22:13 - exhaustive_index - INFO - Processing table 2623 - datasets_USA/USA_CSV0000000000032579.csv
2025-12-18 20:22:13 - exhaustive_index - INFO - Table datasets_USA/USA_CSV0000000000032579.csv has 17386 rows and 25 columns
2025-12-18 20:22:13 - exhaustive_index - INFO - Processed table 2623 - datasets_USA/USA_CSV0000000000032579.csv
2025-12-18 20:22:13 - exhaustive_index - INFO - Processing table 2624 - datasets_USA/USA_CSV0000000000032580.csv
2025-12-18 20:22:13 - exhaustive_index - INFO - Table datasets_USA/USA_CSV0000000000032580.csv has 86860 rows and 9 columns
2025-12-18 20:22:13 - exhaustive_index - INFO - Processed table 2624 - datasets_USA/USA_CSV0000000000032580.csv
2025-12-18 20:22:28 - exhaustive_index - INFO - Processing table 2625 - datasets_USA/USA_CSV0000000000032581.csv
2025-12-18 20:22:28 - exhaustive_index - INFO - Table datasets_USA/USA_CSV0000000000032581.csv has 64786 rows and 16 columns
2025-12-18 20:22:28 - exhaustive_index - INFO - Processed table 2625 - datasets_USA/USA_CSV0000000000032581.csv
2025-12-18 20:22:31 - exhaustive_index - INFO - Processing table 2626 - datasets_USA/USA_CSV0000000000032583.csv
2025-12-18 20:22:31 - exhaustive_index - INFO - Table datasets_USA/USA_CSV0000000000032583.csv has 8760 rows and 21 columns
2025-12-18 20:22:31 - exhaustive_index - INFO - Processed table 2626 - datasets_USA/USA_CSV0000000000032583.csv
2025-12-18 20:22:34 - exhaustive_index - INFO - Processing table 2627 - datasets_USA/USA_CSV0000000000032588.csv
2025-12-18 20:22:34 - exhaustive_index - INFO - Table datasets_USA/USA_CSV0000000000032588.csv has 27865 rows and 18 columns
2025-12-18 20:22:34 - exhaustive_index - INFO - Processed table 2627 - datasets_USA/USA_CSV0000000000032588.csv
2025-12-18 20:22:35 - exhaustive_index - INFO - Processing table 2628 - datasets_USA/USA_CSV0000000000032604.csv
2025-12-18 20:22:35 - exhaustive_index - INFO - Table datasets_USA/USA_CSV0000000000032604.csv has 35244 rows and 4 columns
2025-12-18 20:22:35 - exhaustive_index - INFO - Processed table 2628 - datasets_USA/USA_CSV0000000000032604.csv
2025-12-18 20:22:41 - exhaustive_index - INFO - Processing table 2629 - datasets_USA/USA_CSV0000000000032606.csv
2025-12-18 20:22:41 - exhaustive_index - INFO - Table datasets_USA/USA_CSV0000000000032606.csv has 82454 rows and 8 columns
2025-12-18 20:22:41 - exhaustive_index - INFO - Processed table 2629 - datasets_USA/USA_CSV0000000000032606.csv
2025-12-18 20:22:41 - exhaustive_index - INFO - Processing table 2630 - datasets_USA/USA_CSV0000000000032612.csv
2025-12-18 20:22:43 - exhaustive_index - INFO - Processing table 2631 - datasets_USA/USA_CSV0000000000032616.csv
2025-12-18 20:22:43 - exhaustive_index - INFO - Table datasets_USA/USA_CSV0000000000032616.csv has 51758 rows and 6 columns
2025-12-18 20:22:43 - exhaustive_index - INFO - Processed table 2631 - datasets_USA/USA_CSV0000000000032616.csv
2025-12-18 20:22:44 - exhaustive_index - INFO - Processing table 2632 - datasets_USA/USA_CSV0000000000032622.csv
2025-12-18 20:22:44 - exhaustive_index - INFO - Table datasets_USA/USA_CSV0000000000032622.csv has 84284 rows and 8 columns
2025-12-18 20:22:44 - exhaustive_index - INFO - Processed table 2632 - datasets_USA/USA_CSV0000000000032622.csv
2025-12-18 20:22:47 - exhaustive_index - INFO - Processing table 2633 - datasets_USA/USA_CSV0000000000032623.csv
2025-12-18 20:22:47 - exhaustive_index - INFO - Table datasets_USA/USA_CSV0000000000032623.csv has 33462 rows and 13 columns
2025-12-18 20:22:47 - exhaustive_index - INFO - Processed table 2633 - datasets_USA/USA_CSV0000000000032623.csv
2025-12-18 20:22:48 - exhaustive_index - INFO - Processing table 2634 - datasets_USA/USA_CSV0000000000032628.csv
2025-12-18 20:22:48 - exhaustive_index - INFO - Table datasets_USA/USA_CSV0000000000032628.csv has 83162 rows and 9 columns
2025-12-18 20:22:48 - exhaustive_index - INFO - Processed table 2634 - datasets_USA/USA_CSV0000000000032628.csv
2025-12-18 20:22:48 - exhaustive_index - INFO - Processing table 2635 - datasets_USA/USA_CSV0000000000032630.csv
2025-12-18 20:22:48 - exhaustive_index - INFO - Table datasets_USA/USA_CSV0000000000032630.csv has 61 rows and 9 columns
2025-12-18 20:22:48 - exhaustive_index - INFO - Processed table 2635 - datasets_USA/USA_CSV0000000000032630.csv
2025-12-18 20:22:52 - exhaustive_index - INFO - Processing table 2636 - datasets_USA/USA_CSV0000000000032631.csv
2025-12-18 20:22:52 - exhaustive_index - INFO - Table datasets_USA/USA_CSV0000000000032631.csv has 34287 rows and 32 columns
2025-12-18 20:22:52 - exhaustive_index - INFO - Processed table 2636 - datasets_USA/USA_CSV0000000000032631.csv
2025-12-18 20:23:01 - exhaustive_index - INFO - Processing table 2637 - datasets_USA/USA_CSV0000000000032632.csv
2025-12-18 20:23:01 - exhaustive_index - INFO - Table datasets_USA/USA_CSV0000000000032632.csv has 117639 rows and 29 columns
2025-12-18 20:23:01 - exhaustive_index - INFO - Processed table 2637 - datasets_USA/USA_CSV0000000000032632.csv
2025-12-18 20:23:02 - exhaustive_index - INFO - Processing table 2638 - datasets_USA/USA_CSV0000000000032639.csv
2025-12-18 20:23:02 - exhaustive_index - INFO - Table datasets_USA/USA_CSV0000000000032639.csv has 16434 rows and 11 columns
2025-12-18 20:23:02 - exhaustive_index - INFO - Processed table 2638 - datasets_USA/USA_CSV0000000000032639.csv
2025-12-18 20:23:04 - exhaustive_index - INFO - Processing table 2639 - datasets_USA/USA_CSV0000000000032641.csv
2025-12-18 20:23:04 - exhaustive_index - INFO - Table datasets_USA/USA_CSV0000000000032641.csv has 44976 rows and 12 columns
2025-12-18 20:23:04 - exhaustive_index - INFO - Processed table 2639 - datasets_USA/USA_CSV0000000000032641.csv
2025-12-18 20:23:04 - exhaustive_index - INFO - Processing table 2640 - datasets_USA/USA_CSV0000000000032644.csv
2025-12-18 20:23:04 - exhaustive_index - INFO - Table datasets_USA/USA_CSV0000000000032644.csv has 358 rows and 9 columns
2025-12-18 20:23:04 - exhaustive_index - INFO - Processed table 2640 - datasets_USA/USA_CSV0000000000032644.csv
2025-12-18 20:23:05 - exhaustive_index - INFO - Processing table 2641 - datasets_USA/USA_CSV0000000000032651.csv
2025-12-18 20:23:05 - exhaustive_index - INFO - Table datasets_USA/USA_CSV0000000000032651.csv has 348 rows and 7 columns
2025-12-18 20:23:05 - exhaustive_index - INFO - Processed table 2641 - datasets_USA/USA_CSV0000000000032651.csv
2025-12-18 20:24:08 - exhaustive_index - INFO - Processing table 2642 - datasets_USA/USA_CSV0000000000032653.csv
2025-12-18 20:24:08 - exhaustive_index - INFO - Table datasets_USA/USA_CSV0000000000032653.csv has 567922 rows and 21 columns
2025-12-18 20:24:08 - exhaustive_index - INFO - Processed table 2642 - datasets_USA/USA_CSV0000000000032653.csv
2025-12-18 20:24:11 - exhaustive_index - INFO - Processing table 2643 - datasets_USA/USA_CSV0000000000032653__0.csv
2025-12-18 20:24:11 - exhaustive_index - INFO - Table datasets_USA/USA_CSV0000000000032653__0.csv has 192845 rows and 3 columns
2025-12-18 20:24:11 - exhaustive_index - INFO - Processed table 2643 - datasets_USA/USA_CSV0000000000032653__0.csv
2025-12-18 20:24:17 - exhaustive_index - INFO - Processing table 2644 - datasets_USA/USA_CSV0000000000032653__1.csv
2025-12-18 20:24:17 - exhaustive_index - INFO - Table datasets_USA/USA_CSV0000000000032653__1.csv has 285369 rows and 3 columns
2025-12-18 20:24:17 - exhaustive_index - INFO - Processed table 2644 - datasets_USA/USA_CSV0000000000032653__1.csv
2025-12-18 20:24:22 - exhaustive_index - INFO - Processing table 2645 - datasets_USA/USA_CSV0000000000032653__2.csv
2025-12-18 20:24:22 - exhaustive_index - INFO - Table datasets_USA/USA_CSV0000000000032653__2.csv has 226163 rows and 3 columns
2025-12-18 20:24:22 - exhaustive_index - INFO - Processed table 2645 - datasets_USA/USA_CSV0000000000032653__2.csv
2025-12-18 20:24:26 - exhaustive_index - INFO - Processing table 2646 - datasets_USA/USA_CSV0000000000032653__3.csv
2025-12-18 20:24:26 - exhaustive_index - INFO - Table datasets_USA/USA_CSV0000000000032653__3.csv has 262715 rows and 4 columns
2025-12-18 20:24:26 - exhaustive_index - INFO - Processed table 2646 - datasets_USA/USA_CSV0000000000032653__3.csv
2025-12-18 20:24:30 - exhaustive_index - INFO - Processing table 2647 - datasets_USA/USA_CSV0000000000032653__4.csv
2025-12-18 20:24:30 - exhaustive_index - INFO - Table datasets_USA/USA_CSV0000000000032653__4.csv has 305631 rows and 4 columns
2025-12-18 20:24:30 - exhaustive_index - INFO - Processed table 2647 - datasets_USA/USA_CSV0000000000032653__4.csv
2025-12-18 20:24:33 - exhaustive_index - INFO - Processing table 2648 - datasets_USA/USA_CSV0000000000032653__5.csv
2025-12-18 20:24:33 - exhaustive_index - INFO - Table datasets_USA/USA_CSV0000000000032653__5.csv has 181539 rows and 4 columns
2025-12-18 20:24:33 - exhaustive_index - INFO - Processed table 2648 - datasets_USA/USA_CSV0000000000032653__5.csv
2025-12-18 20:24:44 - exhaustive_index - INFO - Processing table 2649 - datasets_USA/USA_CSV0000000000032653__6.csv
2025-12-18 20:24:44 - exhaustive_index - INFO - Table datasets_USA/USA_CSV0000000000032653__6.csv has 305797 rows and 6 columns
2025-12-18 20:24:44 - exhaustive_index - INFO - Processed table 2649 - datasets_USA/USA_CSV0000000000032653__6.csv
2025-12-18 20:24:52 - exhaustive_index - INFO - Processing table 2650 - datasets_USA/USA_CSV0000000000032653__7.csv
2025-12-18 20:24:52 - exhaustive_index - INFO - Table datasets_USA/USA_CSV0000000000032653__7.csv has 154402 rows and 6 columns
2025-12-18 20:24:52 - exhaustive_index - INFO - Processed table 2650 - datasets_USA/USA_CSV0000000000032653__7.csv
2025-12-18 20:25:01 - exhaustive_index - INFO - Processing table 2651 - datasets_USA/USA_CSV0000000000032653__8.csv
2025-12-18 20:25:01 - exhaustive_index - INFO - Table datasets_USA/USA_CSV0000000000032653__8.csv has 205862 rows and 6 columns
2025-12-18 20:25:01 - exhaustive_index - INFO - Processed table 2651 - datasets_USA/USA_CSV0000000000032653__8.csv
2025-12-18 20:25:03 - exhaustive_index - INFO - Processing table 2652 - datasets_USA/USA_CSV0000000000032655.csv
2025-12-18 20:25:03 - exhaustive_index - INFO - Table datasets_USA/USA_CSV0000000000032655.csv has 67720 rows and 6 columns
2025-12-18 20:25:03 - exhaustive_index - INFO - Processed table 2652 - datasets_USA/USA_CSV0000000000032655.csv
2025-12-18 20:25:04 - exhaustive_index - INFO - Processing table 2653 - datasets_USA/USA_CSV0000000000032656.csv
2025-12-18 20:25:04 - exhaustive_index - INFO - Table datasets_USA/USA_CSV0000000000032656.csv has 47069 rows and 6 columns
2025-12-18 20:25:04 - exhaustive_index - INFO - Processed table 2653 - datasets_USA/USA_CSV0000000000032656.csv
2025-12-18 20:25:06 - exhaustive_index - INFO - Processing table 2654 - datasets_USA/USA_CSV0000000000032663.csv
2025-12-18 20:25:06 - exhaustive_index - INFO - Table datasets_USA/USA_CSV0000000000032663.csv has 45229 rows and 7 columns
2025-12-18 20:25:06 - exhaustive_index - INFO - Processed table 2654 - datasets_USA/USA_CSV0000000000032663.csv
2025-12-18 20:25:06 - exhaustive_index - INFO - Processing table 2655 - datasets_USA/USA_CSV0000000000032667.csv
2025-12-18 20:25:06 - exhaustive_index - INFO - Table datasets_USA/USA_CSV0000000000032667.csv has 134536 rows and 4 columns
2025-12-18 20:25:06 - exhaustive_index - INFO - Processed table 2655 - datasets_USA/USA_CSV0000000000032667.csv
2025-12-18 20:25:08 - exhaustive_index - INFO - Processing table 2656 - datasets_USA/USA_CSV0000000000032668.csv
2025-12-18 20:25:08 - exhaustive_index - INFO - Table datasets_USA/USA_CSV0000000000032668.csv has 117801 rows and 7 columns
2025-12-18 20:25:08 - exhaustive_index - INFO - Processed table 2656 - datasets_USA/USA_CSV0000000000032668.csv
2025-12-18 20:25:11 - exhaustive_index - INFO - Processing table 2657 - datasets_USA/USA_CSV0000000000032674.csv
2025-12-18 20:25:11 - exhaustive_index - INFO - Table datasets_USA/USA_CSV0000000000032674.csv has 17955 rows and 22 columns
2025-12-18 20:25:11 - exhaustive_index - INFO - Processed table 2657 - datasets_USA/USA_CSV0000000000032674.csv
2025-12-18 20:25:11 - exhaustive_index - INFO - Processing table 2658 - datasets_USA/USA_CSV0000000000032683.csv
2025-12-18 20:25:11 - exhaustive_index - INFO - Table datasets_USA/USA_CSV0000000000032683.csv has 34433 rows and 4 columns
2025-12-18 20:25:11 - exhaustive_index - INFO - Processed table 2658 - datasets_USA/USA_CSV0000000000032683.csv
2025-12-18 20:25:15 - exhaustive_index - INFO - Processing table 2659 - datasets_USA/USA_CSV0000000000032689.csv
2025-12-18 20:25:15 - exhaustive_index - INFO - Table datasets_USA/USA_CSV0000000000032689.csv has 14741 rows and 40 columns
2025-12-18 20:25:15 - exhaustive_index - INFO - Processed table 2659 - datasets_USA/USA_CSV0000000000032689.csv
2025-12-18 20:25:17 - exhaustive_index - INFO - Processing table 2660 - datasets_USA/USA_CSV0000000000032695.csv
2025-12-18 20:25:17 - exhaustive_index - INFO - Table datasets_USA/USA_CSV0000000000032695.csv has 52598 rows and 9 columns
2025-12-18 20:25:17 - exhaustive_index - INFO - Processed table 2660 - datasets_USA/USA_CSV0000000000032695.csv
2025-12-18 20:25:18 - exhaustive_index - INFO - Processing table 2661 - datasets_USA/USA_CSV0000000000032705.csv
2025-12-18 20:25:18 - exhaustive_index - INFO - Table datasets_USA/USA_CSV0000000000032705.csv has 268 rows and 19 columns
2025-12-18 20:25:18 - exhaustive_index - INFO - Processed table 2661 - datasets_USA/USA_CSV0000000000032705.csv
2025-12-18 20:25:28 - exhaustive_index - INFO - Processing table 2662 - datasets_USA/USA_CSV0000000000032723.csv
2025-12-18 20:25:28 - exhaustive_index - INFO - Table datasets_USA/USA_CSV0000000000032723.csv has 10863 rows and 30 columns
2025-12-18 20:25:28 - exhaustive_index - INFO - Processed table 2662 - datasets_USA/USA_CSV0000000000032723.csv
2025-12-18 20:25:29 - exhaustive_index - INFO - Processing table 2663 - datasets_USA/USA_CSV0000000000032724.csv
2025-12-18 20:25:29 - exhaustive_index - INFO - Table datasets_USA/USA_CSV0000000000032724.csv has 41964 rows and 5 columns
2025-12-18 20:25:29 - exhaustive_index - INFO - Processed table 2663 - datasets_USA/USA_CSV0000000000032724.csv
2025-12-18 20:25:30 - exhaustive_index - INFO - Processing table 2664 - datasets_USA/USA_CSV0000000000032738.csv
2025-12-18 20:25:30 - exhaustive_index - INFO - Table datasets_USA/USA_CSV0000000000032738.csv has 9044 rows and 11 columns
2025-12-18 20:25:30 - exhaustive_index - INFO - Processed table 2664 - datasets_USA/USA_CSV0000000000032738.csv
2025-12-18 20:25:31 - exhaustive_index - INFO - Processing table 2665 - datasets_USA/USA_CSV0000000000032741.csv
2025-12-18 20:25:31 - exhaustive_index - INFO - Table datasets_USA/USA_CSV0000000000032741.csv has 8760 rows and 21 columns
2025-12-18 20:25:31 - exhaustive_index - INFO - Processed table 2665 - datasets_USA/USA_CSV0000000000032741.csv
2025-12-18 20:25:33 - exhaustive_index - INFO - Processing table 2666 - datasets_USA/USA_CSV0000000000032743.csv
2025-12-18 20:25:33 - exhaustive_index - INFO - Table datasets_USA/USA_CSV0000000000032743.csv has 10843 rows and 12 columns
2025-12-18 20:25:33 - exhaustive_index - INFO - Processed table 2666 - datasets_USA/USA_CSV0000000000032743.csv
2025-12-18 20:25:36 - exhaustive_index - INFO - Processing table 2667 - datasets_USA/USA_CSV0000000000032748.csv
2025-12-18 20:25:36 - exhaustive_index - INFO - Table datasets_USA/USA_CSV0000000000032748.csv has 81002 rows and 3 columns
2025-12-18 20:25:36 - exhaustive_index - INFO - Processed table 2667 - datasets_USA/USA_CSV0000000000032748.csv
2025-12-18 20:25:40 - exhaustive_index - INFO - Processing table 2668 - datasets_USA/USA_CSV0000000000032752.csv
2025-12-18 20:25:40 - exhaustive_index - INFO - Table datasets_USA/USA_CSV0000000000032752.csv has 72030 rows and 9 columns
2025-12-18 20:25:40 - exhaustive_index - INFO - Processed table 2668 - datasets_USA/USA_CSV0000000000032752.csv
2025-12-18 20:25:51 - exhaustive_index - INFO - Processing table 2669 - datasets_USA/USA_CSV0000000000032754.csv
2025-12-18 20:25:51 - exhaustive_index - INFO - Table datasets_USA/USA_CSV0000000000032754.csv has 17328 rows and 25 columns
2025-12-18 20:25:51 - exhaustive_index - INFO - Processed table 2669 - datasets_USA/USA_CSV0000000000032754.csv
2025-12-18 20:25:52 - exhaustive_index - INFO - Processing table 2670 - datasets_USA/USA_CSV0000000000032781.csv
2025-12-18 20:25:52 - exhaustive_index - INFO - Table datasets_USA/USA_CSV0000000000032781.csv has 8760 rows and 21 columns
2025-12-18 20:25:52 - exhaustive_index - INFO - Processed table 2670 - datasets_USA/USA_CSV0000000000032781.csv
2025-12-18 20:27:00 - exhaustive_index - INFO - Processing table 2671 - datasets_USA/USA_CSV0000000000032785.csv
2025-12-18 20:27:00 - exhaustive_index - INFO - Table datasets_USA/USA_CSV0000000000032785.csv has 19828 rows and 39 columns
2025-12-18 20:27:00 - exhaustive_index - INFO - Processed table 2671 - datasets_USA/USA_CSV0000000000032785.csv
2025-12-18 20:27:06 - exhaustive_index - INFO - Processing table 2672 - datasets_USA/USA_CSV0000000000032803.csv
2025-12-18 20:27:06 - exhaustive_index - INFO - Table datasets_USA/USA_CSV0000000000032803.csv has 36179 rows and 11 columns
2025-12-18 20:27:06 - exhaustive_index - INFO - Processed table 2672 - datasets_USA/USA_CSV0000000000032803.csv
2025-12-18 20:27:10 - exhaustive_index - INFO - Processing table 2673 - datasets_USA/USA_CSV0000000000032812.csv
2025-12-18 20:27:10 - exhaustive_index - INFO - Table datasets_USA/USA_CSV0000000000032812.csv has 19749 rows and 25 columns
2025-12-18 20:27:10 - exhaustive_index - INFO - Processed table 2673 - datasets_USA/USA_CSV0000000000032812.csv
2025-12-18 20:27:13 - exhaustive_index - INFO - Processing table 2674 - datasets_USA/USA_CSV0000000000032824.csv
2025-12-18 20:27:13 - exhaustive_index - INFO - Table datasets_USA/USA_CSV0000000000032824.csv has 8760 rows and 21 columns
2025-12-18 20:27:13 - exhaustive_index - INFO - Processed table 2674 - datasets_USA/USA_CSV0000000000032824.csv
2025-12-18 20:27:16 - exhaustive_index - INFO - Processing table 2675 - datasets_USA/USA_CSV0000000000032833.csv
2025-12-18 20:27:16 - exhaustive_index - INFO - Table datasets_USA/USA_CSV0000000000032833.csv has 8784 rows and 21 columns
2025-12-18 20:27:16 - exhaustive_index - INFO - Processed table 2675 - datasets_USA/USA_CSV0000000000032833.csv
2025-12-18 20:27:30 - exhaustive_index - INFO - Processing table 2676 - datasets_USA/USA_CSV0000000000032836.csv
2025-12-18 20:27:30 - exhaustive_index - INFO - Table datasets_USA/USA_CSV0000000000032836.csv has 41721 rows and 14 columns
2025-12-18 20:27:30 - exhaustive_index - INFO - Processed table 2676 - datasets_USA/USA_CSV0000000000032836.csv
2025-12-18 20:27:31 - exhaustive_index - INFO - Processing table 2677 - datasets_USA/USA_CSV0000000000032839.csv
2025-12-18 20:27:31 - exhaustive_index - INFO - Table datasets_USA/USA_CSV0000000000032839.csv has 19723 rows and 11 columns
2025-12-18 20:27:31 - exhaustive_index - INFO - Processed table 2677 - datasets_USA/USA_CSV0000000000032839.csv
2025-12-18 20:27:36 - exhaustive_index - INFO - Processing table 2678 - datasets_USA/USA_CSV0000000000032867.csv
2025-12-18 20:27:36 - exhaustive_index - INFO - Table datasets_USA/USA_CSV0000000000032867.csv has 19753 rows and 12 columns
2025-12-18 20:27:36 - exhaustive_index - INFO - Processed table 2678 - datasets_USA/USA_CSV0000000000032867.csv
2025-12-18 20:27:38 - exhaustive_index - INFO - Processing table 2679 - datasets_USA/USA_CSV0000000000032874.csv
2025-12-18 20:27:38 - exhaustive_index - INFO - Table datasets_USA/USA_CSV0000000000032874.csv has 75128 rows and 15 columns
2025-12-18 20:27:38 - exhaustive_index - INFO - Processed table 2679 - datasets_USA/USA_CSV0000000000032874.csv
2025-12-18 20:27:46 - exhaustive_index - INFO - Processing table 2680 - datasets_USA/USA_CSV0000000000032887.csv
2025-12-18 20:27:46 - exhaustive_index - INFO - Table datasets_USA/USA_CSV0000000000032887.csv has 21633 rows and 13 columns
2025-12-18 20:27:46 - exhaustive_index - INFO - Processed table 2680 - datasets_USA/USA_CSV0000000000032887.csv
2025-12-18 20:27:46 - exhaustive_index - INFO - Processing table 2681 - datasets_USA/USA_CSV0000000000032896.csv
2025-12-18 20:27:46 - exhaustive_index - INFO - Table datasets_USA/USA_CSV0000000000032896.csv has 3217 rows and 3 columns
2025-12-18 20:27:46 - exhaustive_index - INFO - Processed table 2681 - datasets_USA/USA_CSV0000000000032896.csv
2025-12-18 20:27:48 - exhaustive_index - INFO - Processing table 2682 - datasets_USA/USA_CSV0000000000032913.csv
2025-12-18 20:27:48 - exhaustive_index - INFO - Table datasets_USA/USA_CSV0000000000032913.csv has 8784 rows and 21 columns
2025-12-18 20:27:48 - exhaustive_index - INFO - Processed table 2682 - datasets_USA/USA_CSV0000000000032913.csv
2025-12-18 20:27:50 - exhaustive_index - INFO - Processing table 2683 - datasets_USA/USA_CSV0000000000032917.csv
2025-12-18 20:27:50 - exhaustive_index - INFO - Table datasets_USA/USA_CSV0000000000032917.csv has 66391 rows and 6 columns
2025-12-18 20:27:50 - exhaustive_index - INFO - Processed table 2683 - datasets_USA/USA_CSV0000000000032917.csv
2025-12-18 20:27:53 - exhaustive_index - INFO - Processing table 2684 - datasets_USA/USA_CSV0000000000032953.csv
2025-12-18 20:27:53 - exhaustive_index - INFO - Table datasets_USA/USA_CSV0000000000032953.csv has 95127 rows and 8 columns
2025-12-18 20:27:53 - exhaustive_index - INFO - Processed table 2684 - datasets_USA/USA_CSV0000000000032953.csv
2025-12-18 20:27:59 - exhaustive_index - INFO - Processing table 2685 - datasets_USA/USA_CSV0000000000032960.csv
2025-12-18 20:27:59 - exhaustive_index - INFO - Table datasets_USA/USA_CSV0000000000032960.csv has 52473 rows and 11 columns
2025-12-18 20:27:59 - exhaustive_index - INFO - Processed table 2685 - datasets_USA/USA_CSV0000000000032960.csv
2025-12-18 20:28:00 - exhaustive_index - INFO - Processing table 2686 - datasets_USA/USA_CSV0000000000032973.csv
2025-12-18 20:28:00 - exhaustive_index - INFO - Table datasets_USA/USA_CSV0000000000032973.csv has 1244 rows and 19 columns
2025-12-18 20:28:00 - exhaustive_index - INFO - Processed table 2686 - datasets_USA/USA_CSV0000000000032973.csv
2025-12-18 20:28:03 - exhaustive_index - INFO - Processing table 2687 - datasets_USA/USA_CSV0000000000032974.csv
2025-12-18 20:28:03 - exhaustive_index - INFO - Table datasets_USA/USA_CSV0000000000032974.csv has 8760 rows and 21 columns
2025-12-18 20:28:03 - exhaustive_index - INFO - Processed table 2687 - datasets_USA/USA_CSV0000000000032974.csv
2025-12-18 20:28:07 - exhaustive_index - INFO - Processing table 2688 - datasets_USA/USA_CSV0000000000032987.csv
2025-12-18 20:28:07 - exhaustive_index - INFO - Table datasets_USA/USA_CSV0000000000032987.csv has 8784 rows and 21 columns
2025-12-18 20:28:07 - exhaustive_index - INFO - Processed table 2688 - datasets_USA/USA_CSV0000000000032987.csv
2025-12-18 20:28:09 - exhaustive_index - INFO - Processing table 2689 - datasets_USA/USA_CSV0000000000032997.csv
2025-12-18 20:28:09 - exhaustive_index - INFO - Table datasets_USA/USA_CSV0000000000032997.csv has 8760 rows and 21 columns
2025-12-18 20:28:09 - exhaustive_index - INFO - Processed table 2689 - datasets_USA/USA_CSV0000000000032997.csv
2025-12-18 20:28:15 - exhaustive_index - INFO - Processing table 2690 - datasets_USA/USA_CSV0000000000033002.csv
2025-12-18 20:28:15 - exhaustive_index - INFO - Table datasets_USA/USA_CSV0000000000033002.csv has 102057 rows and 7 columns
2025-12-18 20:28:15 - exhaustive_index - INFO - Processed table 2690 - datasets_USA/USA_CSV0000000000033002.csv
2025-12-18 20:28:15 - exhaustive_index - INFO - Processing table 2691 - datasets_USA/USA_CSV0000000000033006.csv
2025-12-18 20:28:15 - exhaustive_index - INFO - Table datasets_USA/USA_CSV0000000000033006.csv has 98441 rows and 3 columns
2025-12-18 20:28:15 - exhaustive_index - INFO - Processed table 2691 - datasets_USA/USA_CSV0000000000033006.csv
2025-12-18 20:28:37 - exhaustive_index - INFO - Processing table 2692 - datasets_USA/USA_CSV0000000000033015.csv
2025-12-18 20:28:37 - exhaustive_index - INFO - Table datasets_USA/USA_CSV0000000000033015.csv has 273957 rows and 25 columns
2025-12-18 20:28:37 - exhaustive_index - INFO - Processed table 2692 - datasets_USA/USA_CSV0000000000033015.csv
2025-12-18 20:28:40 - exhaustive_index - INFO - Processing table 2693 - datasets_USA/USA_CSV0000000000033016.csv
2025-12-18 20:28:40 - exhaustive_index - INFO - Table datasets_USA/USA_CSV0000000000033016.csv has 8760 rows and 21 columns
2025-12-18 20:28:40 - exhaustive_index - INFO - Processed table 2693 - datasets_USA/USA_CSV0000000000033016.csv
2025-12-18 20:28:40 - exhaustive_index - INFO - Processing table 2694 - datasets_USA/USA_CSV0000000000033020.csv
2025-12-18 20:29:03 - exhaustive_index - INFO - Processing table 2695 - datasets_USA/USA_CSV0000000000033021.csv
2025-12-18 20:29:03 - exhaustive_index - INFO - Table datasets_USA/USA_CSV0000000000033021.csv has 278238 rows and 28 columns
2025-12-18 20:29:03 - exhaustive_index - INFO - Processed table 2695 - datasets_USA/USA_CSV0000000000033021.csv
2025-12-18 20:29:08 - exhaustive_index - INFO - Processing table 2696 - datasets_USA/USA_CSV0000000000033022.csv
2025-12-18 20:29:08 - exhaustive_index - INFO - Table datasets_USA/USA_CSV0000000000033022.csv has 30849 rows and 13 columns
2025-12-18 20:29:08 - exhaustive_index - INFO - Processed table 2696 - datasets_USA/USA_CSV0000000000033022.csv
2025-12-18 20:29:08 - exhaustive_index - INFO - Processing table 2697 - datasets_USA/USA_CSV0000000000033023.csv
2025-12-18 20:29:08 - exhaustive_index - INFO - Table datasets_USA/USA_CSV0000000000033023.csv has 43925 rows and 11 columns
2025-12-18 20:29:08 - exhaustive_index - INFO - Processed table 2697 - datasets_USA/USA_CSV0000000000033023.csv
2025-12-18 20:29:10 - exhaustive_index - INFO - Processing table 2698 - datasets_USA/USA_CSV0000000000033024.csv
2025-12-18 20:29:10 - exhaustive_index - INFO - Table datasets_USA/USA_CSV0000000000033024.csv has 98828 rows and 8 columns
2025-12-18 20:29:10 - exhaustive_index - INFO - Processed table 2698 - datasets_USA/USA_CSV0000000000033024.csv
2025-12-18 20:29:12 - exhaustive_index - INFO - Processing table 2699 - datasets_USA/USA_CSV0000000000033025.csv
2025-12-18 20:29:12 - exhaustive_index - INFO - Table datasets_USA/USA_CSV0000000000033025.csv has 74596 rows and 5 columns
2025-12-18 20:29:12 - exhaustive_index - INFO - Processed table 2699 - datasets_USA/USA_CSV0000000000033025.csv
2025-12-18 20:29:17 - exhaustive_index - INFO - Processing table 2700 - datasets_USA/USA_CSV0000000000033026.csv
2025-12-18 20:29:17 - exhaustive_index - INFO - Table datasets_USA/USA_CSV0000000000033026.csv has 52473 rows and 10 columns
2025-12-18 20:29:17 - exhaustive_index - INFO - Processed table 2700 - datasets_USA/USA_CSV0000000000033026.csv
2025-12-18 20:29:37 - exhaustive_index - INFO - Processing table 2701 - datasets_USA/USA_CSV0000000000033028.csv
2025-12-18 20:29:37 - exhaustive_index - INFO - Table datasets_USA/USA_CSV0000000000033028.csv has 17011 rows and 24 columns
2025-12-18 20:29:37 - exhaustive_index - INFO - Processed table 2701 - datasets_USA/USA_CSV0000000000033028.csv
2025-12-18 20:29:41 - exhaustive_index - INFO - Processing table 2702 - datasets_USA/USA_CSV0000000000033029.csv
2025-12-18 20:29:41 - exhaustive_index - INFO - Table datasets_USA/USA_CSV0000000000033029.csv has 53418 rows and 7 columns
2025-12-18 20:29:41 - exhaustive_index - INFO - Processed table 2702 - datasets_USA/USA_CSV0000000000033029.csv
2025-12-18 20:30:43 - exhaustive_index - INFO - Processing table 2703 - datasets_USA/USA_CSV0000000000033033.csv
2025-12-18 20:30:43 - exhaustive_index - INFO - Table datasets_USA/USA_CSV0000000000033033.csv has 732589 rows and 22 columns
2025-12-18 20:30:43 - exhaustive_index - INFO - Processed table 2703 - datasets_USA/USA_CSV0000000000033033.csv
2025-12-18 20:30:53 - exhaustive_index - INFO - Processing table 2704 - datasets_USA/USA_CSV0000000000033033__0.csv
2025-12-18 20:30:53 - exhaustive_index - INFO - Table datasets_USA/USA_CSV0000000000033033__0.csv has 454447 rows and 3 columns
2025-12-18 20:30:53 - exhaustive_index - INFO - Processed table 2704 - datasets_USA/USA_CSV0000000000033033__0.csv
2025-12-18 20:31:02 - exhaustive_index - INFO - Processing table 2705 - datasets_USA/USA_CSV0000000000033033__1.csv
2025-12-18 20:31:02 - exhaustive_index - INFO - Table datasets_USA/USA_CSV0000000000033033__1.csv has 369793 rows and 3 columns
2025-12-18 20:31:02 - exhaustive_index - INFO - Processed table 2705 - datasets_USA/USA_CSV0000000000033033__1.csv
2025-12-18 20:31:08 - exhaustive_index - INFO - Processing table 2706 - datasets_USA/USA_CSV0000000000033033__2.csv
2025-12-18 20:31:08 - exhaustive_index - INFO - Table datasets_USA/USA_CSV0000000000033033__2.csv has 246307 rows and 3 columns
2025-12-18 20:31:08 - exhaustive_index - INFO - Processed table 2706 - datasets_USA/USA_CSV0000000000033033__2.csv
2025-12-18 20:31:13 - exhaustive_index - INFO - Processing table 2707 - datasets_USA/USA_CSV0000000000033033__3.csv
2025-12-18 20:31:13 - exhaustive_index - INFO - Table datasets_USA/USA_CSV0000000000033033__3.csv has 218393 rows and 6 columns
2025-12-18 20:31:13 - exhaustive_index - INFO - Processed table 2707 - datasets_USA/USA_CSV0000000000033033__3.csv
2025-12-18 20:31:21 - exhaustive_index - INFO - Processing table 2708 - datasets_USA/USA_CSV0000000000033033__4.csv
2025-12-18 20:31:21 - exhaustive_index - INFO - Table datasets_USA/USA_CSV0000000000033033__4.csv has 421277 rows and 6 columns
2025-12-18 20:31:21 - exhaustive_index - INFO - Processed table 2708 - datasets_USA/USA_CSV0000000000033033__4.csv
2025-12-18 20:31:26 - exhaustive_index - INFO - Processing table 2709 - datasets_USA/USA_CSV0000000000033033__5.csv
2025-12-18 20:31:26 - exhaustive_index - INFO - Table datasets_USA/USA_CSV0000000000033033__5.csv has 216108 rows and 6 columns
2025-12-18 20:31:26 - exhaustive_index - INFO - Processed table 2709 - datasets_USA/USA_CSV0000000000033033__5.csv
2025-12-18 20:31:37 - exhaustive_index - INFO - Processing table 2710 - datasets_USA/USA_CSV0000000000033033__6.csv
2025-12-18 20:31:37 - exhaustive_index - INFO - Table datasets_USA/USA_CSV0000000000033033__6.csv has 336005 rows and 7 columns
2025-12-18 20:31:37 - exhaustive_index - INFO - Processed table 2710 - datasets_USA/USA_CSV0000000000033033__6.csv
2025-12-18 20:31:49 - exhaustive_index - INFO - Processing table 2711 - datasets_USA/USA_CSV0000000000033033__7.csv
2025-12-18 20:31:49 - exhaustive_index - INFO - Table datasets_USA/USA_CSV0000000000033033__7.csv has 356982 rows and 7 columns
2025-12-18 20:31:49 - exhaustive_index - INFO - Processed table 2711 - datasets_USA/USA_CSV0000000000033033__7.csv
2025-12-18 20:32:02 - exhaustive_index - INFO - Processing table 2712 - datasets_USA/USA_CSV0000000000033033__8.csv
2025-12-18 20:32:02 - exhaustive_index - INFO - Table datasets_USA/USA_CSV0000000000033033__8.csv has 412161 rows and 7 columns
2025-12-18 20:32:02 - exhaustive_index - INFO - Processed table 2712 - datasets_USA/USA_CSV0000000000033033__8.csv
2025-12-18 20:32:06 - exhaustive_index - INFO - Processing table 2713 - datasets_USA/USA_CSV0000000000033036.csv
2025-12-18 20:32:06 - exhaustive_index - INFO - Table datasets_USA/USA_CSV0000000000033036.csv has 21200 rows and 29 columns
2025-12-18 20:32:06 - exhaustive_index - INFO - Processed table 2713 - datasets_USA/USA_CSV0000000000033036.csv
2025-12-18 20:32:27 - exhaustive_index - INFO - Processing table 2714 - datasets_USA/USA_CSV0000000000033038.csv
2025-12-18 20:32:27 - exhaustive_index - INFO - Table datasets_USA/USA_CSV0000000000033038.csv has 311824 rows and 9 columns
2025-12-18 20:32:27 - exhaustive_index - INFO - Processed table 2714 - datasets_USA/USA_CSV0000000000033038.csv
2025-12-18 20:32:52 - exhaustive_index - INFO - Processing table 2715 - datasets_USA/USA_CSV0000000000033040.csv
2025-12-18 20:32:52 - exhaustive_index - INFO - Table datasets_USA/USA_CSV0000000000033040.csv has 13553 rows and 32 columns
2025-12-18 20:32:52 - exhaustive_index - INFO - Processed table 2715 - datasets_USA/USA_CSV0000000000033040.csv
2025-12-18 20:33:12 - exhaustive_index - INFO - Processing table 2716 - datasets_USA/USA_CSV0000000000033041.csv
2025-12-18 20:33:12 - exhaustive_index - INFO - Table datasets_USA/USA_CSV0000000000033041.csv has 7437 rows and 24 columns
2025-12-18 20:33:12 - exhaustive_index - INFO - Processed table 2716 - datasets_USA/USA_CSV0000000000033041.csv
2025-12-18 20:33:17 - exhaustive_index - INFO - Processing table 2717 - datasets_USA/USA_CSV0000000000033042.csv
2025-12-18 20:33:17 - exhaustive_index - INFO - Table datasets_USA/USA_CSV0000000000033042.csv has 37028 rows and 22 columns
2025-12-18 20:33:17 - exhaustive_index - INFO - Processed table 2717 - datasets_USA/USA_CSV0000000000033042.csv
2025-12-18 20:33:20 - exhaustive_index - INFO - Processing table 2718 - datasets_USA/USA_CSV0000000000033048.csv
2025-12-18 20:33:20 - exhaustive_index - INFO - Table datasets_USA/USA_CSV0000000000033048.csv has 102039 rows and 12 columns
2025-12-18 20:33:20 - exhaustive_index - INFO - Processed table 2718 - datasets_USA/USA_CSV0000000000033048.csv
2025-12-18 20:33:54 - exhaustive_index - INFO - Processing table 2719 - datasets_USA/USA_CSV0000000000033052.csv
2025-12-18 20:33:54 - exhaustive_index - INFO - Table datasets_USA/USA_CSV0000000000033052.csv has 109640 rows and 20 columns
2025-12-18 20:33:54 - exhaustive_index - INFO - Processed table 2719 - datasets_USA/USA_CSV0000000000033052.csv
2025-12-18 20:34:01 - exhaustive_index - INFO - Processing table 2720 - datasets_USA/USA_CSV0000000000033057.csv
2025-12-18 20:34:01 - exhaustive_index - INFO - Table datasets_USA/USA_CSV0000000000033057.csv has 236124 rows and 10 columns
2025-12-18 20:34:01 - exhaustive_index - INFO - Processed table 2720 - datasets_USA/USA_CSV0000000000033057.csv
2025-12-18 20:34:09 - exhaustive_index - INFO - Processing table 2721 - datasets_USA/USA_CSV0000000000033061.csv
2025-12-18 20:34:09 - exhaustive_index - INFO - Table datasets_USA/USA_CSV0000000000033061.csv has 40096 rows and 24 columns
2025-12-18 20:34:09 - exhaustive_index - INFO - Processed table 2721 - datasets_USA/USA_CSV0000000000033061.csv
2025-12-18 20:34:09 - exhaustive_index - INFO - Processing table 2722 - datasets_USA/USA_CSV0000000000033062.csv
2025-12-18 20:34:09 - exhaustive_index - INFO - Table datasets_USA/USA_CSV0000000000033062.csv has 65 rows and 4 columns
2025-12-18 20:34:09 - exhaustive_index - INFO - Processed table 2722 - datasets_USA/USA_CSV0000000000033062.csv
2025-12-18 20:34:11 - exhaustive_index - INFO - Processing table 2723 - datasets_USA/USA_CSV0000000000033064.csv
2025-12-18 20:34:11 - exhaustive_index - INFO - Table datasets_USA/USA_CSV0000000000033064.csv has 87805 rows and 5 columns
2025-12-18 20:34:11 - exhaustive_index - INFO - Processed table 2723 - datasets_USA/USA_CSV0000000000033064.csv
2025-12-18 20:34:43 - exhaustive_index - INFO - Processing table 2724 - datasets_USA/USA_CSV0000000000033066.csv
2025-12-18 20:34:43 - exhaustive_index - INFO - Table datasets_USA/USA_CSV0000000000033066.csv has 273995 rows and 25 columns
2025-12-18 20:34:43 - exhaustive_index - INFO - Processed table 2724 - datasets_USA/USA_CSV0000000000033066.csv
2025-12-18 20:34:43 - exhaustive_index - INFO - Processing table 2725 - datasets_USA/USA_CSV0000000000033073.csv
2025-12-18 20:34:49 - exhaustive_index - INFO - Processing table 2726 - datasets_USA/USA_CSV0000000000033075.csv
2025-12-18 20:34:49 - exhaustive_index - INFO - Table datasets_USA/USA_CSV0000000000033075.csv has 48020 rows and 13 columns
2025-12-18 20:34:49 - exhaustive_index - INFO - Processed table 2726 - datasets_USA/USA_CSV0000000000033075.csv
2025-12-18 20:34:54 - exhaustive_index - INFO - Processing table 2727 - datasets_USA/USA_CSV0000000000033077.csv
2025-12-18 20:34:54 - exhaustive_index - INFO - Table datasets_USA/USA_CSV0000000000033077.csv has 117450 rows and 19 columns
2025-12-18 20:34:54 - exhaustive_index - INFO - Processed table 2727 - datasets_USA/USA_CSV0000000000033077.csv
2025-12-18 20:34:55 - exhaustive_index - INFO - Processing table 2728 - datasets_USA/USA_CSV0000000000033080.csv
2025-12-18 20:34:55 - exhaustive_index - INFO - Table datasets_USA/USA_CSV0000000000033080.csv has 76658 rows and 7 columns
2025-12-18 20:34:55 - exhaustive_index - INFO - Processed table 2728 - datasets_USA/USA_CSV0000000000033080.csv
2025-12-18 20:35:02 - exhaustive_index - INFO - Processing table 2729 - datasets_USA/USA_CSV0000000000033082.csv
2025-12-18 20:35:02 - exhaustive_index - INFO - Table datasets_USA/USA_CSV0000000000033082.csv has 50524 rows and 17 columns
2025-12-18 20:35:02 - exhaustive_index - INFO - Processed table 2729 - datasets_USA/USA_CSV0000000000033082.csv
2025-12-18 20:35:04 - exhaustive_index - INFO - Processing table 2730 - datasets_USA/USA_CSV0000000000033083.csv
2025-12-18 20:35:04 - exhaustive_index - INFO - Table datasets_USA/USA_CSV0000000000033083.csv has 52493 rows and 9 columns
2025-12-18 20:35:04 - exhaustive_index - INFO - Processed table 2730 - datasets_USA/USA_CSV0000000000033083.csv
2025-12-18 20:35:16 - exhaustive_index - INFO - Processing table 2731 - datasets_USA/USA_CSV0000000000033090.csv
2025-12-18 20:35:16 - exhaustive_index - INFO - Table datasets_USA/USA_CSV0000000000033090.csv has 86168 rows and 13 columns
2025-12-18 20:35:16 - exhaustive_index - INFO - Processed table 2731 - datasets_USA/USA_CSV0000000000033090.csv
2025-12-18 20:35:19 - exhaustive_index - INFO - Processing table 2732 - datasets_USA/USA_CSV0000000000033092.csv
2025-12-18 20:35:19 - exhaustive_index - INFO - Table datasets_USA/USA_CSV0000000000033092.csv has 35244 rows and 11 columns
2025-12-18 20:35:19 - exhaustive_index - INFO - Processed table 2732 - datasets_USA/USA_CSV0000000000033092.csv
2025-12-18 20:35:44 - exhaustive_index - INFO - Processing table 2733 - datasets_USA/USA_CSV0000000000033095.csv
2025-12-18 20:35:44 - exhaustive_index - INFO - Table datasets_USA/USA_CSV0000000000033095.csv has 32513 rows and 17 columns
2025-12-18 20:35:44 - exhaustive_index - INFO - Processed table 2733 - datasets_USA/USA_CSV0000000000033095.csv
2025-12-18 20:35:45 - exhaustive_index - INFO - Processing table 2734 - datasets_USA/USA_CSV0000000000033099.csv
2025-12-18 20:35:45 - exhaustive_index - INFO - Table datasets_USA/USA_CSV0000000000033099.csv has 4177 rows and 10 columns
2025-12-18 20:35:45 - exhaustive_index - INFO - Processed table 2734 - datasets_USA/USA_CSV0000000000033099.csv
2025-12-18 20:35:54 - exhaustive_index - INFO - Processing table 2735 - datasets_USA/USA_CSV0000000000033100.csv
2025-12-18 20:35:54 - exhaustive_index - INFO - Table datasets_USA/USA_CSV0000000000033100.csv has 31542 rows and 21 columns
2025-12-18 20:35:54 - exhaustive_index - INFO - Processed table 2735 - datasets_USA/USA_CSV0000000000033100.csv
2025-12-18 20:36:01 - exhaustive_index - INFO - Processing table 2736 - datasets_USA/USA_CSV0000000000033101.csv
2025-12-18 20:36:01 - exhaustive_index - INFO - Table datasets_USA/USA_CSV0000000000033101.csv has 18281 rows and 13 columns
2025-12-18 20:36:01 - exhaustive_index - INFO - Processed table 2736 - datasets_USA/USA_CSV0000000000033101.csv
2025-12-18 20:36:02 - exhaustive_index - INFO - Processing table 2737 - datasets_USA/USA_CSV0000000000033106.csv
2025-12-18 20:36:02 - exhaustive_index - INFO - Table datasets_USA/USA_CSV0000000000033106.csv has 1472714 rows, sampling 1_000_000 rows
2025-12-18 20:36:02 - exhaustive_index - INFO - Table datasets_USA/USA_CSV0000000000033106.csv has 1472714 rows and 6 columns
2025-12-18 20:36:02 - exhaustive_index - INFO - Processed table 2737 - datasets_USA/USA_CSV0000000000033106.csv
2025-12-18 20:36:06 - exhaustive_index - INFO - Processing table 2738 - datasets_USA/USA_CSV0000000000033109.csv
2025-12-18 20:36:06 - exhaustive_index - INFO - Table datasets_USA/USA_CSV0000000000033109.csv has 109517 rows and 9 columns
2025-12-18 20:36:06 - exhaustive_index - INFO - Processed table 2738 - datasets_USA/USA_CSV0000000000033109.csv
2025-12-18 20:36:08 - exhaustive_index - INFO - Processing table 2739 - datasets_USA/USA_CSV0000000000033110.csv
2025-12-18 20:36:08 - exhaustive_index - INFO - Table datasets_USA/USA_CSV0000000000033110.csv has 52246 rows and 9 columns
2025-12-18 20:36:08 - exhaustive_index - INFO - Processed table 2739 - datasets_USA/USA_CSV0000000000033110.csv
2025-12-18 20:36:26 - exhaustive_index - INFO - Processing table 2740 - datasets_USA/USA_CSV0000000000033114.csv
2025-12-18 20:36:26 - exhaustive_index - INFO - Table datasets_USA/USA_CSV0000000000033114.csv has 116215 rows and 16 columns
2025-12-18 20:36:26 - exhaustive_index - INFO - Processed table 2740 - datasets_USA/USA_CSV0000000000033114.csv
2025-12-18 20:36:28 - exhaustive_index - INFO - Processing table 2741 - datasets_USA/USA_CSV0000000000033116.csv
2025-12-18 20:36:28 - exhaustive_index - INFO - Table datasets_USA/USA_CSV0000000000033116.csv has 87080 rows and 5 columns
2025-12-18 20:36:28 - exhaustive_index - INFO - Processed table 2741 - datasets_USA/USA_CSV0000000000033116.csv
2025-12-18 20:39:19 - exhaustive_index - INFO - Processing table 2742 - datasets_USA/USA_CSV0000000000033117.csv
2025-12-18 20:39:19 - exhaustive_index - INFO - Table datasets_USA/USA_CSV0000000000033117.csv has 14610 rows and 32 columns
2025-12-18 20:39:19 - exhaustive_index - INFO - Processed table 2742 - datasets_USA/USA_CSV0000000000033117.csv
